Journey_ID,Trip_ID,President,Origin_Country,Trip_Status,Start_Date,End_Date,Duration_Days,Destination_Country,Destination_Region,Destination_City,Visit_Category,Visit_Subtype,Sideline_Bilaterals,Counterpart_Event,Counterpart_Type,Trip_Objective,Source_Verification,Source_Reliability,Methodological_Notes,Tema_Foro,Verificacion_Status,MetHostHOGS,MetNonHostHOGS,NonHostHOGS_Name,PublicAddress,SignedAgreement,CulturalSiteOrCeremony,BusinessLeaderOrForum,MetIGOLeader,IGOLeader_Name
ARG-CM-J001,1,Carlos Menem,Argentina,Completed,1994-11-30,1994-12-02,3,Mexico,North America,Mexico City,Multilateral,Inauguration/Funeral,NA,Asunción presidencial de Ernesto Zedillo,NA,Asistio a la asuncion presidencial de Ernesto Zedillo en Ciudad de Mexico; se reunio con el vicepresidente Al Gore y con la comunidad argentina residente.,Search Query: Menem asuncion Zedillo Mexico diciembre 1994,Medium,"Evento confirmado por multiples fuentes (Wikipedia Ernesto Zedillo, cronologia diplomatica); SourceLinks COLT (FBIS/NewsBank) no accesibles (paywall institucional), se uso corroboracion propia. Campos de micro-conducta (MetHostHOGS y afines) completados desde Diplometrics COLT (TripID 334-ARG-MEX-34668), 2026-08-03; ciudad de destino estimada por investigacion propia (COLT no reporta ciudad).",Cooperación Política General,Solo-Query,TRUE,FALSE,NA,FALSE,FALSE,TRUE,FALSE,FALSE,NA
ARG-CM-J002,2,Carlos Menem,Argentina,Completed,1994-12-09,1994-12-11,3,United States,North America,Miami,Multilateral,Regional Summit,NA,Primera Cumbre de las Americas,NA,"Participacion en la Primera Cumbre de las Americas, Miami; firma de la Declaracion de Principios y Plan de Accion junto a 34 jefes de Estado.",https://en.wikipedia.org/wiki/1st_Summit_of_the_Americas,Medium,"Confirmado: cumbre realizada 9-11 dic 1994 en Miami; Menem participo junto a Clinton discutiendo el ALCA. Campos de micro-conducta (MetHostHOGS y afines) completados desde Diplometrics COLT (TripID 334-ARG-USA-34677), 2026-08-03; ciudad de destino estimada por investigacion propia (COLT no reporta ciudad).",Cooperación Política General,Verificada-URL,FALSE,FALSE,NA,TRUE,TRUE,FALSE,FALSE,FALSE,NA
ARG-CM-J003,3,Carlos Menem,Argentina,Completed,1994-12-16,1994-12-18,3,Brazil,South America,Ouro Preto,Multilateral,Regional Summit,NA,Cumbre de Presidentes del MERCOSUR (Protocolo de Ouro Preto),NA,"Firma del Protocolo de Ouro Preto junto a Itamar Franco, Wasmosy y Lacalle Herrera, que otorgo personeria juridica internacional al MERCOSUR.",https://es.wikipedia.org/wiki/Protocolo_de_Ouro_Preto,High,"Fecha de firma verificada: 17-dic-1994; COLT reporta 16-18 dic, coherente con la ventana de la cumbre. Campos de micro-conducta (MetHostHOGS y afines) completados desde Diplometrics COLT (TripID 334-ARG-BRA-34684), 2026-08-03; ciudad de destino estimada por investigacion propia (COLT no reporta ciudad).",Comercio/Integración Económica,Verificada-URL,TRUE,FALSE,NA,FALSE,FALSE,FALSE,FALSE,FALSE,NA
ARG-CM-J004,4,Carlos Menem,Argentina,Completed,1995-01-02,1995-01-02,1,Brazil,South America,Brasília,Multilateral,Inauguration/Funeral,NA,Asunción presidencial de Fernando Henrique Cardoso,NA,Asistio a la asuncion presidencial de Fernando Henrique Cardoso en Brasilia.,Search Query: Menem asuncion Cardoso Brasil enero 1995,Medium,"Cardoso asumio el 1-ene-1995; viaje de corta duracion (ida y vuelta el mismo dia segun COLT). Campos de micro-conducta (MetHostHOGS y afines) completados desde Diplometrics COLT (TripID 334-ARG-BRA-34701), 2026-08-03; ciudad de destino estimada por investigacion propia (COLT no reporta ciudad).",Cooperación Política General,Solo-Query,FALSE,FALSE,NA,FALSE,FALSE,TRUE,FALSE,FALSE,NA
ARG-CM-J005,5,Carlos Menem,Argentina,Completed,1995-01-29,1995-01-30,2,Switzerland,Europe,Davos,Multilateral,Global Forum,NA,Foro Económico Mundial (WEF) Davos 1995,NA,Participacion en el Foro Economico Mundial de Davos; discurso sobre la crisis mexicana (efecto Tequila).,Search Query: Menem Foro Economico Mundial Davos enero 1995 discurso crisis mexicana,Low,"COLT Notes cita discurso 'Menem Addresses Economic Forum, Views Mexican Crisis' (FBIS, no accesible); no se hallo fuente propia consultable. Campos de micro-conducta (MetHostHOGS y afines) completados desde Diplometrics COLT (TripID 334-ARG-CHE-34728), 2026-08-03; ciudad de destino estimada por investigacion propia (COLT no reporta ciudad).",Comercio/Integración Económica,Solo-Query,FALSE,FALSE,NA,TRUE,FALSE,FALSE,FALSE,FALSE,NA
ARG-CM-J005,6,Carlos Menem,Argentina,Completed,1995-01-31,1995-02-04,5,South Africa,Africa,Pretoria,Bilateral,State Visit,NA,Presidente Nelson Mandela,Jefe de Estado/Gobierno,Primera visita de un presidente americano a Sudafrica tras la asuncion de Mandela; reinicio de relaciones diplomaticas cortadas por Argentina en 1985.,https://www.lanacion.com.ar/lifestyle/me-hizo-creer-que-eramos-amigos-a-30-anos-de-la-asuncion-de-nelson-mandela-el-emotivo-recuerdo-de-nid10052024/,Medium,"Ciudad estimada (Pretoria, sede del Ejecutivo); Sudafrica tiene 3 capitales (Pretoria/Bloemfontein/Ciudad del Cabo), no se pudo confirmar cual visito Menem especificamente. Campos de micro-conducta (MetHostHOGS y afines) completados desde Diplometrics COLT (TripID 334-ARG-ZAF-34730), 2026-08-03; ciudad de destino estimada por investigacion propia (COLT no reporta ciudad).",NA,Verificada-URL,FALSE,FALSE,NA,FALSE,FALSE,FALSE,FALSE,FALSE,NA
ARG-CM-J006,7,Carlos Menem,Argentina,Completed,1995-02-20,1995-02-20,1,Brazil,South America,Brasília,Bilateral,Working Visit,NA,Presidente Fernando Henrique Cardoso,Jefe de Estado/Gobierno,"Reunion bilateral breve con el presidente Cardoso, viaje de un solo dia.",Search Query: Menem Cardoso reunion bilateral Brasilia febrero 1995,Low,"No se hallo cobertura de prensa propia; se preserva el lead de COLT. Campos de micro-conducta (MetHostHOGS y afines) completados desde Diplometrics COLT (TripID 334-ARG-BRA-34750), 2026-08-03; ciudad de destino estimada por investigacion propia (COLT no reporta ciudad).",NA,Solo-Query,TRUE,FALSE,NA,FALSE,FALSE,FALSE,FALSE,FALSE,NA
ARG-CM-J007,8,Carlos Menem,Argentina,Completed,1995-07-28,1995-07-29,2,Peru,South America,Lima,Multilateral,Inauguration/Funeral,NA,Asunción presidencial de Alberto Fujimori (segundo mandato),NA,"Asistio a la asuncion del segundo mandato de Alberto Fujimori en Lima, junto a mandatarios de Bolivia, Brasil, Chile, Colombia y otros paises de la region.",Search Query: Menem Fujimori asuncion Peru julio 1995 mandatarios presentes,Medium,"Fujimori asumio el 28-jul-1995 tras ganar la reeleccion; presencia de Menem confirmada junto a otros jefes de Estado sudamericanos. Campos de micro-conducta (MetHostHOGS y afines) completados desde Diplometrics COLT (TripID 334-ARG-PER-34908), 2026-08-03; ciudad de destino estimada por investigacion propia (COLT no reporta ciudad).",Cooperación Política General,Solo-Query,FALSE,FALSE,NA,FALSE,FALSE,TRUE,FALSE,FALSE,NA
ARG-CM-J008,9,Carlos Menem,Argentina,Completed,1995-09-04,1995-09-05,2,Ecuador,South America,Quito,Multilateral,Regional Summit,NA,IX Cumbre del Grupo de Río,NA,"Participacion en la IX Cumbre del Grupo de Rio, que aprobo la Declaracion de Quito.",Search Query: IX Cumbre Grupo de Rio Quito Ecuador 1995 Declaracion de Quito,Medium,"Cumbre confirmada 4-5 sep 1995; participacion de Menem consistente con su rol como miembro activo del Grupo de Rio, aunque no se hallo mencion nominal directa. Campos de micro-conducta (MetHostHOGS y afines) completados desde Diplometrics COLT (TripID 334-ARG-ECU-34946), 2026-08-03; ciudad de destino estimada por investigacion propia (COLT no reporta ciudad).",Cooperación Política General,Solo-Query,FALSE,FALSE,NA,TRUE,FALSE,FALSE,FALSE,FALSE,NA
ARG-CM-J009,10,Carlos Menem,Argentina,Completed,1995-09-29,1995-10-01,3,South Korea,Asia-Pacific,Seoul,Bilateral,State Visit,NA,Presidente Kim Young-sam,Jefe de Estado/Gobierno,"Primer tramo de la gira presidencial por Asia de 1995, orientada a abrir relaciones comerciales; reunion con el presidente Kim Young-sam.",Search Query: Menem gira Asia 1995 Corea del Sur China Filipinas Kim Young-sam,Low,"Gira asiatica de 1995 confirmada de forma general (fuentes secundarias mencionan el viaje de Menem a China en 1995 vinculado a relacion posterior con Xi Jinping); tramo Corea no confirmado con fuente propia directa. Campos de micro-conducta (MetHostHOGS y afines) completados desde Diplometrics COLT (TripID 334-ARG-KOR-34971), 2026-08-03; ciudad de destino estimada por investigacion propia (COLT no reporta ciudad).",NA,Solo-Query,TRUE,FALSE,NA,FALSE,TRUE,FALSE,TRUE,FALSE,NA
ARG-CM-J009,11,Carlos Menem,Argentina,Completed,1995-10-02,1995-10-05,4,China,Asia-Pacific,Beijing,Bilateral,State Visit,NA,Secretario General Jiang Zemin,Jefe de Estado/Gobierno,"Visita de Estado a China; reunion con Jiang Zemin, visita a Xian (Guerreros de Terracota) y Shanghai; impulso a relaciones comerciales bilaterales.",Search Query: viaje Menem China 1995 Jiang Zemin Xian Shanghai,Low,"Segundo viaje de Menem a China (el primero fue 1990); ciudad principal estimada Beijing (reunion con Jiang Zemin), la gira incluyo tambien Xian y Shanghai segun notas de COLT. Campos de micro-conducta (MetHostHOGS y afines) completados desde Diplometrics COLT (TripID 334-ARG-CHN-34974), 2026-08-03; ciudad de destino estimada por investigacion propia (COLT no reporta ciudad).",NA,Solo-Query,TRUE,FALSE,NA,FALSE,TRUE,TRUE,TRUE,FALSE,NA
ARG-CM-J009,12,Carlos Menem,Argentina,Completed,1995-10-05,1995-10-09,5,Philippines,Asia-Pacific,Manila,Bilateral,State Visit,NA,Presidente Fidel Ramos,Jefe de Estado/Gobierno,"Tramo final de la gira asiatica de 1995; reunion con el presidente Fidel Ramos, impulso a relacion Mercosur-ASEAN.",Search Query: Menem Filipinas 1995 Fidel Ramos visita oficial,Low,"No se hallo fuente propia directa; se preserva como parte de la gira asiatica corroborada de forma general. Campos de micro-conducta (MetHostHOGS y afines) completados desde Diplometrics COLT (TripID 334-ARG-PHL-34977), 2026-08-03; ciudad de destino estimada por investigacion propia (COLT no reporta ciudad).",NA,Solo-Query,TRUE,FALSE,NA,FALSE,TRUE,FALSE,TRUE,FALSE,NA
ARG-CM-J010,13,Carlos Menem,Argentina,Completed,1995-10-22,1995-10-25,4,United States,North America,New York,Multilateral,Global Forum,NA,50º Aniversario de la Asamblea General de la ONU,NA,"Participacion en los actos del 50 aniversario de la ONU en Nueva York; reuniones bilaterales al margen con Chirac, Major y Rabin.",Search Query: Menem Naciones Unidas 50 aniversario Nueva York octubre 1995 Chirac Major Rabin,Medium,"50 aniversario ONU confirmado 24-oct-1995 (asamblea conmemorativa); reuniones bilaterales listadas por COLT (Chirac, Major, Rabin) no verificadas individualmente con fuente propia. Campos de micro-conducta (MetHostHOGS y afines) completados desde Diplometrics COLT (TripID 334-ARG-USA-34994), 2026-08-03; ciudad de destino estimada por investigacion propia (COLT no reporta ciudad).",Cooperación Política General,Solo-Query,FALSE,TRUE,President Jacques Chirac;Prime Minister Yitzhak Rabin;Prime Minister John Major,TRUE,FALSE,TRUE,FALSE,FALSE,NA
ARG-CM-J011,14,Carlos Menem,Argentina,Completed,1995-12-07,1995-12-07,1,Uruguay,South America,Punta del Este,Multilateral,Regional Summit,NA,Cumbre de Presidentes del MERCOSUR,NA,Cumbre de Presidentes del MERCOSUR en Punta del Este; firma de documento conjunto sobre no agresion con Chile.,Search Query: Menem cumbre Mercosur Punta del Este diciembre 1995,Low,"No se hallo articulo propio directo; consistente con calendario habitual de cumbres semestrales del MERCOSUR. Campos de micro-conducta (MetHostHOGS y afines) completados desde Diplometrics COLT (TripID 334-ARG-URY-35040), 2026-08-03; ciudad de destino estimada por investigacion propia (COLT no reporta ciudad).",Comercio/Integración Económica,Solo-Query,FALSE,FALSE,NA,FALSE,TRUE,FALSE,FALSE,FALSE,NA
ARG-CM-J012,15,Carlos Menem,Argentina,Completed,1995-12-15,1995-12-16,2,Spain,Europe,Madrid,Multilateral,Global Forum,NA,Cumbre del Consejo Europeo / Firma del Acuerdo Marco UE-MERCOSUR,NA,"Viaje a Madrid (via Ginebra) para la firma del Acuerdo Marco de Cooperacion UE-MERCOSUR, coincidente con la Cumbre del Consejo Europeo bajo presidencia espanola.",Search Query: Acuerdo Marco UE Mercosur Madrid diciembre 1995 Menem Chirac,Medium,"Acuerdo UE-Mercosur firmado en Madrid dic-1995 confirmado por fuente propia (LA NACION, negociaciones Menem-Chirac 1995); tramo previo en Ginebra mencionado por COLT Notes no incluido como fila propia por no figurar en la lista de 84 candidatas. Campos de micro-conducta (MetHostHOGS y afines) completados desde Diplometrics COLT (TripID 334-ARG-ESP-35048), 2026-08-03; ciudad de destino estimada por investigacion propia (COLT no reporta ciudad).",Comercio/Integración Económica,Solo-Query,FALSE,FALSE,NA,FALSE,TRUE,FALSE,FALSE,FALSE,NA
ARG-CM-J013,16,Carlos Menem,Argentina,Completed,1996-02-05,1996-02-06,2,Switzerland,Europe,Davos,Multilateral,Global Forum,NA,Foro Económico Mundial (WEF) Davos 1996,NA,Discurso en el Foro Economico Mundial de Davos.,Search Query: Menem discurso Davos febrero 1996,Low,"COLT Notes confirma discurso propio; no se hallo articulo de prensa argentino accesible. Campos de micro-conducta (MetHostHOGS y afines) completados desde Diplometrics COLT (TripID 334-ARG-CHE-35100), 2026-08-03; ciudad de destino estimada por investigacion propia (COLT no reporta ciudad).",Comercio/Integración Económica,Solo-Query,FALSE,FALSE,NA,TRUE,FALSE,FALSE,FALSE,FALSE,NA
ARG-CM-J014,17,Carlos Menem,Argentina,Completed,1996-02-26,1996-02-27,2,France,Europe,Paris,Bilateral,State Visit,NA,Presidente Jacques Chirac,Jefe de Estado/Gobierno,Reunion bilateral con Jacques Chirac; contexto de negociaciones para el acuerdo comercial Mercosur-Union Europea.,Search Query: Menem Chirac Paris febrero 1996 Mercosur Union Europea,Low,"No se hallo cobertura propia especifica del tramo Paris; consistente con el proceso de negociacion UE-Mercosur de 1995-1996. Campos de micro-conducta (MetHostHOGS y afines) completados desde Diplometrics COLT (TripID 334-ARG-FRA-35121), 2026-08-03; ciudad de destino estimada por investigacion propia (COLT no reporta ciudad).",NA,Solo-Query,TRUE,FALSE,NA,FALSE,FALSE,FALSE,FALSE,FALSE,NA
ARG-CM-J015,18,Carlos Menem,Argentina,Completed,1996-05-06,1996-05-07,2,El Salvador,Central America,San Salvador,Bilateral,Working Visit,NA,Presidente Armando Calderón Sol,Jefe de Estado/Gobierno,"Tramo de gira presidencial por Centroamerica, con agenda comercial y diplomatica.",Search Query: Menem gira Centroamerica El Salvador mayo 1996,Low,"No se hallo cobertura propia; gira consistente con el patron de giras comerciales de Menem por regiones no tradicionales. Campos de micro-conducta (MetHostHOGS y afines) completados desde Diplometrics COLT (TripID 334-ARG-SLV-35191), 2026-08-03; ciudad de destino estimada por investigacion propia (COLT no reporta ciudad).",NA,Solo-Query,FALSE,FALSE,NA,FALSE,FALSE,FALSE,FALSE,FALSE,NA
ARG-CM-J015,19,Carlos Menem,Argentina,Completed,1996-05-07,1996-05-08,2,Honduras,Central America,Tegucigalpa,Bilateral,Working Visit,NA,Presidente Carlos Roberto Reina,Jefe de Estado/Gobierno,Segundo tramo de la gira centroamericana de mayo de 1996.,Search Query: Menem gira Centroamerica Honduras mayo 1996,Low,"No se hallo cobertura propia directa. Campos de micro-conducta (MetHostHOGS y afines) completados desde Diplometrics COLT (TripID 334-ARG-HND-35192), 2026-08-03; ciudad de destino estimada por investigacion propia (COLT no reporta ciudad).",NA,Solo-Query,FALSE,FALSE,NA,FALSE,FALSE,FALSE,FALSE,FALSE,NA
ARG-CM-J015,20,Carlos Menem,Argentina,Completed,1996-05-11,1996-05-12,2,Panama,Central America,Panama City,Bilateral,Working Visit,NA,Presidente Ernesto Pérez Balladares,Jefe de Estado/Gobierno,Tramo final de la gira centroamericana; actividad con lideres empresariales locales.,Search Query: Menem gira Centroamerica Panama mayo 1996,Low,"No se hallo cobertura propia directa; se preserva el lead de COLT con confianza baja. Campos de micro-conducta (MetHostHOGS y afines) completados desde Diplometrics COLT (TripID 334-ARG-PAN-35196), 2026-08-03; ciudad de destino estimada por investigacion propia (COLT no reporta ciudad).",NA,Solo-Query,FALSE,FALSE,NA,FALSE,TRUE,FALSE,FALSE,FALSE,NA
ARG-CM-J016,21,Carlos Menem,Argentina,Completed,1996-06-08,1996-06-10,3,Luxembourg,Europe,Luxembourg City,Multilateral,Global Forum,NA,Reunión Ministerial UE-MERCOSUR,NA,Participacion en una reunion ministerial UE-Mercosur; propuso la creacion de un foro de negocios UE-Mercosur.,Search Query: Menem Luxemburgo junio 1996 reunion ministerial UE Mercosur,Low,"No se hallo fuente propia directa; consistente con el proceso de negociacion del acuerdo UE-Mercosur. Campos de micro-conducta (MetHostHOGS y afines) completados desde Diplometrics COLT (TripID 334-ARG-LUX-35224), 2026-08-03; ciudad de destino estimada por investigacion propia (COLT no reporta ciudad).",Comercio/Integración Económica,Solo-Query,FALSE,FALSE,NA,TRUE,FALSE,FALSE,FALSE,FALSE,NA
ARG-CM-J016,22,Carlos Menem,Argentina,Completed,1996-06-10,1996-06-12,3,Belgium,Europe,Brussels,Bilateral,Working Visit,NA,Autoridades de Bélgica,Jefe de Estado/Gobierno,Tramo de la gira europea de junio de 1996 por Luxemburgo y Belgica.,https://multimedia.europarl.europa.eu/en/photoset/visit-of-carlos-menem-president-of-argentina-in-brussels-in-june-1996_199606_bxl_por_me,High,"Visita confirmada por el archivo multimedia oficial del Parlamento Europeo (fotoset 'Visit of Carlos MENEM, President of Argentina in Brussels in June 1996'); no se hallo host belga especifico ni agenda detallada, se mantiene clasificacion por defecto (Jefe de Estado/Gobierno). Campos de micro-conducta (MetHostHOGS y afines) completados desde Diplometrics COLT (TripID 334-ARG-BEL-35226), 2026-08-03; ciudad de destino estimada por investigacion propia (COLT no reporta ciudad).",NA,Verificada-URL,FALSE,FALSE,NA,FALSE,FALSE,FALSE,FALSE,FALSE,NA
ARG-CM-J017,23,Carlos Menem,Argentina,Completed,1996-07-17,1996-07-21,5,United States,North America,Washington,Bilateral,Working Visit,NA,Visita de trabajo a Estados Unidos,Jefe de Estado/Gobierno,Visita a Estados Unidos con actividades de promocion de inversiones (foro de negocios); sin reunion confirmada con Clinton.,Search Query: Menem Estados Unidos julio 1996 foro de negocios,Low,"COLT no reporta host ni evento especifico; ciudad estimada. Campos de micro-conducta (MetHostHOGS y afines) completados desde Diplometrics COLT (TripID 334-ARG-USA-35263), 2026-08-03; ciudad de destino estimada por investigacion propia (COLT no reporta ciudad).",NA,Solo-Query,FALSE,FALSE,NA,TRUE,FALSE,FALSE,TRUE,FALSE,NA
ARG-CM-J018,24,Carlos Menem,Argentina,Completed,1996-08-22,1996-08-24,3,Malaysia,Asia-Pacific,Kuala Lumpur,Bilateral,State Visit,NA,Primer Ministro Mahathir bin Mohamad,Jefe de Estado/Gobierno,Visita a Malasia; propuso una asociacion Mercosur-ASEAN en reunion con el primer ministro Mahathir Mohamad; Menem declaro venir a 'abrir puertas en Asia'.,Search Query: Menem Malasia 1996 Mahathir abrir puertas Asia,Medium,"Confirmado por fuente propia (LA NACION, referencia a declaraciones de Menem sobre Malasia y su gira asiatica desde su epoca de gobernador de La Rioja). Campos de micro-conducta (MetHostHOGS y afines) completados desde Diplometrics COLT (TripID 334-ARG-MYS-35299), 2026-08-03; ciudad de destino estimada por investigacion propia (COLT no reporta ciudad).",NA,Solo-Query,TRUE,FALSE,NA,TRUE,TRUE,FALSE,TRUE,FALSE,NA
ARG-CM-J018,25,Carlos Menem,Argentina,Completed,1996-08-25,1996-08-26,2,Indonesia,Asia-Pacific,Jakarta,Bilateral,State Visit,NA,Presidente Suharto,Jefe de Estado/Gobierno,Continuacion de la gira asiatica; reunion con el presidente Suharto.,Search Query: Menem Indonesia 1996 Suharto visita oficial,Low,"No se hallo fuente propia directa adicional a la gira asiatica ya corroborada de forma general. Campos de micro-conducta (MetHostHOGS y afines) completados desde Diplometrics COLT (TripID 334-ARG-IDN-35302), 2026-08-03; ciudad de destino estimada por investigacion propia (COLT no reporta ciudad).",NA,Solo-Query,TRUE,FALSE,NA,FALSE,FALSE,TRUE,FALSE,FALSE,NA
ARG-CM-J019,26,Carlos Menem,Argentina,Completed,1996-11-13,1996-11-14,2,Chile,South America,Santiago,Multilateral,Regional Summit,NA,VI Cumbre Iberoamericana,NA,"Participacion en la VI Cumbre Iberoamericana de Jefes de Estado y de Gobierno, que aprobo la Declaracion de Vina del Mar.",https://segib.org/?summit=vi-cumbre-iberoamericana-santiago-y-vina-del-mar-1996,High,"Cumbre confirmada 10-11 nov 1996 en Santiago/Vina del Mar (record de asistencia, 21 paises); COLT reporta fechas 13-14 nov, se ajustan a las fechas oficiales verificadas 10-11 nov. Campos de micro-conducta (MetHostHOGS y afines) completados desde Diplometrics COLT (TripID 334-ARG-CHL-35382), 2026-08-03; ciudad de destino estimada por investigacion propia (COLT no reporta ciudad).",Cooperación Política General,Verificada-URL,FALSE,FALSE,NA,TRUE,FALSE,FALSE,FALSE,FALSE,NA
ARG-CM-J020,27,Carlos Menem,Argentina,Completed,1996-12-04,1996-12-05,2,United States,North America,Washington,Bilateral,Working Visit,NA,Presidente Bill Clinton,Jefe de Estado/Gobierno,Reunion bilateral con el presidente Bill Clinton.,Search Query: Menem Clinton reunion diciembre 1996 Washington,Low,"No se hallo cobertura propia especifica; ciudad estimada (Washington). Campos de micro-conducta (MetHostHOGS y afines) completados desde Diplometrics COLT (TripID 334-ARG-USA-35403), 2026-08-03; ciudad de destino estimada por investigacion propia (COLT no reporta ciudad).",NA,Solo-Query,TRUE,FALSE,NA,FALSE,FALSE,FALSE,FALSE,FALSE,NA
ARG-CM-J021,28,Carlos Menem,Argentina,Completed,1997-02-16,1997-02-18,3,Vietnam,Asia-Pacific,Hanoi,Bilateral,State Visit,NA,Primer Ministro Võ Văn Kiệt,Jefe de Estado/Gobierno,Primer presidente argentino en visitar Vietnam; gira de insercion comercial en el Sudeste Asiatico tras la devaluacion competitiva argentina.,https://www.lanacion.com.ar/politica/el-vietnam-que-espera-a-menem-nid63744/,Medium,"Confirmado por LA NACION: gira a Vietnam, Tailandia y Singapur en feb-1997, orientada a exportaciones (Impsa, Molinos, Swift). Campos de micro-conducta (MetHostHOGS y afines) completados desde Diplometrics COLT (TripID 334-ARG-VNM-35477), 2026-08-03; ciudad de destino estimada por investigacion propia (COLT no reporta ciudad).",NA,Verificada-URL,TRUE,FALSE,NA,FALSE,TRUE,FALSE,TRUE,FALSE,NA
ARG-CM-J021,29,Carlos Menem,Argentina,Completed,1997-02-18,1997-02-20,3,Thailand,Asia-Pacific,Bangkok,Bilateral,State Visit,NA,Primer Ministro Chavalit Yongchaiyudh,Jefe de Estado/Gobierno,Segundo tramo de la gira por el Sudeste Asiatico; reunion con el primer ministro tailandes.,https://www.lanacion.com.ar/politica/el-vietnam-que-espera-a-menem-nid63744/,Medium,"Parte de la misma gira confirmada Vietnam-Tailandia-Singapur, feb-1997. Campos de micro-conducta (MetHostHOGS y afines) completados desde Diplometrics COLT (TripID 334-ARG-THA-35479), 2026-08-03; ciudad de destino estimada por investigacion propia (COLT no reporta ciudad).",NA,Verificada-URL,TRUE,FALSE,NA,FALSE,TRUE,FALSE,TRUE,FALSE,NA
ARG-CM-J021,30,Carlos Menem,Argentina,Completed,1997-02-20,1997-02-21,2,Singapore,Asia-Pacific,Singapore,Bilateral,State Visit,NA,Primer Ministro Goh Chok Tong,Jefe de Estado/Gobierno,Tramo final de la gira asiatica; reunion con el primer ministro de Singapur.,https://www.lanacion.com.ar/politica/el-vietnam-que-espera-a-menem-nid63744/,Medium,"Parte de la misma gira confirmada Vietnam-Tailandia-Singapur, feb-1997. Campos de micro-conducta (MetHostHOGS y afines) completados desde Diplometrics COLT (TripID 334-ARG-SGP-35481), 2026-08-03; ciudad de destino estimada por investigacion propia (COLT no reporta ciudad).",NA,Verificada-URL,TRUE,FALSE,NA,FALSE,FALSE,FALSE,TRUE,FALSE,NA
ARG-CM-J022,31,Carlos Menem,Argentina,Completed,1997-04-27,1997-04-27,1,Brazil,South America,Brasília,Bilateral,Working Visit,NA,Presidente Fernando Henrique Cardoso,Jefe de Estado/Gobierno,"Reunion bilateral breve con el presidente Cardoso, viaje de un solo dia.",Search Query: Menem Cardoso Brasilia abril 1997,Low,"No se hallo fuente propia directa. Campos de micro-conducta (MetHostHOGS y afines) completados desde Diplometrics COLT (TripID 334-ARG-BRA-35547), 2026-08-03; ciudad de destino estimada por investigacion propia (COLT no reporta ciudad).",NA,Solo-Query,TRUE,FALSE,NA,FALSE,FALSE,FALSE,FALSE,FALSE,NA
ARG-CM-J023,32,Carlos Menem,Argentina,Completed,1997-05-26,1997-05-27,2,Germany,Europe,Bonn,Bilateral,State Visit,NA,Canciller Helmut Kohl,Jefe de Estado/Gobierno,Visita de Estado a Alemania; reunion con el canciller Helmut Kohl.,Search Query: Menem Kohl Alemania mayo 1997 visita oficial,Low,"Ciudad estimada Bonn (capital de facto de Alemania hasta la mudanza definitiva del gobierno a Berlin en 1999). Campos de micro-conducta (MetHostHOGS y afines) completados desde Diplometrics COLT (TripID 334-ARG-DEU-35576), 2026-08-03; ciudad de destino estimada por investigacion propia (COLT no reporta ciudad).",NA,Solo-Query,TRUE,FALSE,NA,FALSE,FALSE,FALSE,FALSE,FALSE,NA
ARG-CM-J024,33,Carlos Menem,Argentina,Completed,1997-06-22,1997-06-25,4,United States,North America,New York,Multilateral,Global Forum,NA,Sesión Especial de la Asamblea General de la ONU sobre Medio Ambiente (Río+5),NA,Participacion en la conferencia ambiental de la ONU (revision quinquenal de la Cumbre de Rio); reunion al margen con el presidente ucraniano Kuchma.,Search Query: Menem sesion especial ONU medio ambiente junio 1997 Rio+5 Nueva York,Low,"Sesion especial de la Asamblea General sobre Rio+5 tuvo lugar en la sede de la ONU en Nueva York, 23-27 jun 1997; participacion de Menem no confirmada con fuente propia directa. Campos de micro-conducta (MetHostHOGS y afines) completados desde Diplometrics COLT (TripID 334-ARG-USA-35603), 2026-08-03; ciudad de destino estimada por investigacion propia (COLT no reporta ciudad).",Medio Ambiente/Clima,Solo-Query,FALSE,TRUE,President Leonid Kuchma,FALSE,FALSE,FALSE,FALSE,FALSE,NA
ARG-CM-J025,34,Carlos Menem,Argentina,Completed,1997-08-23,1997-08-24,2,Paraguay,South America,Asunción,Multilateral,Regional Summit,NA,Cumbre del Grupo de Río,NA,Participacion en la Cumbre del Grupo de Rio en Asuncion; reunion al margen con el presidente mexicano Zedillo.,Search Query: Menem Grupo de Rio Asuncion agosto 1997 Zedillo,Low,"No se hallo fuente propia directa adicional. Campos de micro-conducta (MetHostHOGS y afines) completados desde Diplometrics COLT (TripID 334-ARG-PRY-35665), 2026-08-03; ciudad de destino estimada por investigacion propia (COLT no reporta ciudad).",Cooperación Política General,Solo-Query,FALSE,TRUE,President Ernesto Zedillo,FALSE,FALSE,FALSE,FALSE,FALSE,NA
ARG-CM-J026,35,Carlos Menem,Argentina,Completed,1997-09-02,1997-09-05,4,Switzerland,Europe,Lausanne,Multilateral,Global Forum,NA,Sesión del Comité Olímpico Internacional (elección sede Juegos Olímpicos 2004),NA,Viajo a Lausana para apoyar la candidatura de Buenos Aires a los Juegos Olimpicos de 2004; la ciudad quedo eliminada en primera vuelta (gano Atenas).,https://www.lanacion.com.ar/sociedad/los-juegos-de-seduccion-en-lausana-nid76044/,Medium,"Confirmado: delegacion presidencial en Lausana sep-1997, votacion COI; Tema_Foro='Otro' (diplomacia deportiva, no encaja en las 8 categorias cerradas). Campos de micro-conducta (MetHostHOGS y afines) completados desde Diplometrics COLT (TripID 334-ARG-CHE-35675), 2026-08-03; ciudad de destino estimada por investigacion propia (COLT no reporta ciudad).",Otro,Verificada-URL,FALSE,TRUE,President Nelson Mandela,FALSE,FALSE,TRUE,FALSE,FALSE,NA
ARG-CM-J027,36,Carlos Menem,Argentina,Completed,1997-11-08,1997-11-08,1,Venezuela,South America,Isla Margarita,Multilateral,Regional Summit,NA,VII Cumbre Iberoamericana,NA,Participacion en la Cumbre Iberoamericana en Isla Margarita; discusiones habituales con Fidel Castro sobre democratizacion de Cuba.,https://www.lanacion.com.ar/politica/menem-a-puro-viaje-hasta-1999-nid79531/,Medium,"Confirmado por LA NACION: cumbre 7-9 nov 1997 en Isla Margarita, primer compromiso de la gira que continuo a Brasil. Campos de micro-conducta (MetHostHOGS y afines) completados desde Diplometrics COLT (TripID 334-ARG-VEN-35742), 2026-08-03; ciudad de destino estimada por investigacion propia (COLT no reporta ciudad).",Cooperación Política General,Verificada-URL,FALSE,FALSE,NA,FALSE,FALSE,FALSE,FALSE,FALSE,NA
ARG-CM-J027,37,Carlos Menem,Argentina,Completed,1997-11-11,1997-11-12,2,Brazil,South America,Brasília,Multilateral,Regional Summit,NA,Cumbre de Presidentes del MERCOSUR,NA,Desde Venezuela continuo a Brasilia (recibido con honores de visita oficial) para la Cumbre de Presidentes del MERCOSUR con Cardoso.,https://www.lanacion.com.ar/politica/menem-a-puro-viaje-hasta-1999-nid79531/,Medium,"LA NACION confirma llegada a Brasilia el 10-nov-1997, recibido 'con todos los honores' por ser visita oficial tras la defensa conjunta del Mercosur ante Clinton; gira continuo a San Pablo. Campos de micro-conducta (MetHostHOGS y afines) completados desde Diplometrics COLT (TripID 334-ARG-BRA-35745), 2026-08-03; ciudad de destino estimada por investigacion propia (COLT no reporta ciudad).",Comercio/Integración Económica,Verificada-URL,TRUE,FALSE,NA,FALSE,TRUE,FALSE,FALSE,FALSE,NA
ARG-CM-J028,38,Carlos Menem,Argentina,Completed,1997-11-24,1997-11-28,5,Mexico,North America,Mexico City,Bilateral,State Visit,NA,Presidente Ernesto Zedillo,Jefe de Estado/Gobierno,Visita de Estado a Mexico para devolver la visita que Zedillo habia realizado a la Argentina; incluyo tramo a Guadalajara para la Feria del Libro.,https://www.lanacion.com.ar/politica/menem-a-puro-viaje-hasta-1999-nid79531/,Medium,"Confirmado por LA NACION: viaje del 24 al 28-nov-1997, 'para devolver la visita que hizo a la Argentina Ernesto Zedillo'; incluyo Guadalajara (feria del libro). Campos de micro-conducta (MetHostHOGS y afines) completados desde Diplometrics COLT (TripID 334-ARG-MEX-35758), 2026-08-03; ciudad de destino estimada por investigacion propia (COLT no reporta ciudad).",NA,Verificada-URL,TRUE,FALSE,NA,FALSE,FALSE,FALSE,TRUE,FALSE,NA
ARG-CM-J029,39,Carlos Menem,Argentina,Completed,1997-12-15,1997-12-16,2,Uruguay,South America,Montevideo,Multilateral,Regional Summit,NA,Cumbre de Presidentes del MERCOSUR,NA,Cumbre del MERCOSUR en Montevideo; asumio la presidencia pro-tempore del bloque; se emitio declaracion conjunta de 30 puntos.,Search Query: Menem cumbre Mercosur Montevideo diciembre 1997 presidencia pro tempore,Medium,"Confirmado indirectamente por LA NACION (art. 'Menem a puro viaje hasta 1999': 'el 14 de diciembre debe estar en Montevideo...para una reunion del Mercosur, en la que asumira la presidencia pro-tempore'). Campos de micro-conducta (MetHostHOGS y afines) completados desde Diplometrics COLT (TripID 334-ARG-URY-35779), 2026-08-03; ciudad de destino estimada por investigacion propia (COLT no reporta ciudad).",Comercio/Integración Económica,Solo-Query,FALSE,FALSE,NA,FALSE,FALSE,FALSE,FALSE,FALSE,NA
ARG-CM-J030,40,Carlos Menem,Argentina,Completed,1998-01-30,1998-02-02,4,Switzerland,Europe,Davos,Multilateral,Global Forum,NA,Foro Económico Mundial (WEF) Davos 1998 / Reunión Trilateral Argentina-Brasil-Chile,NA,Participacion en Davos 1998 y en una reunion trilateral Argentina-Brasil-Chile.,Search Query: Menem Davos 1998 trilateral Argentina Brasil Chile,Low,"No se hallo cobertura propia especifica. Campos de micro-conducta (MetHostHOGS y afines) completados desde Diplometrics COLT (TripID 334-ARG-CHE-35825), 2026-08-03; ciudad de destino estimada por investigacion propia (COLT no reporta ciudad).",Comercio/Integración Económica,Solo-Query,FALSE,FALSE,NA,FALSE,FALSE,FALSE,FALSE,FALSE,NA
ARG-CM-J030,41,Carlos Menem,Argentina,Completed,1998-02-02,1998-02-04,3,Lebanon,Middle East,Beirut,Bilateral,State Visit,NA,Presidente Elias Hrawi,Jefe de Estado/Gobierno,Visita de Estado al Libano; reunion con el presidente Elias Hrawi (pais de origen de la familia paterna de Menem en la region).,Search Query: Menem Libano 1998 Elias Hrawi visita oficial,Low,"LA NACION (art. 1997) anticipaba que Menem queria 'pasar por el Libano' en gira separada de Israel 'porque no serian compatibles'; consistente con este tramo. Campos de micro-conducta (MetHostHOGS y afines) completados desde Diplometrics COLT (TripID 334-ARG-LBN-35828), 2026-08-03; ciudad de destino estimada por investigacion propia (COLT no reporta ciudad).",NA,Solo-Query,TRUE,FALSE,NA,FALSE,TRUE,FALSE,FALSE,FALSE,NA
ARG-CM-J030,42,Carlos Menem,Argentina,Completed,1998-02-05,1998-02-06,2,Egypt,Africa,Cairo,Bilateral,State Visit,NA,Presidente Hosni Mubarak,Jefe de Estado/Gobierno,Visita de Estado a Egipto; reunion con el presidente Hosni Mubarak; discurso publico.,Search Query: Menem Egipto febrero 1998 Hosni Mubarak,Low,"No se hallo cobertura propia adicional. Campos de micro-conducta (MetHostHOGS y afines) completados desde Diplometrics COLT (TripID 334-ARG-EGY-35831), 2026-08-03; ciudad de destino estimada por investigacion propia (COLT no reporta ciudad).",NA,Solo-Query,TRUE,FALSE,NA,TRUE,FALSE,FALSE,FALSE,FALSE,NA
ARG-CM-J030,43,Carlos Menem,Argentina,Completed,1998-02-07,1998-02-08,2,United States,North America,San Francisco,Bilateral,Working Visit,NA,Seminario sobre MERCOSUR y distinciones académicas (Universidad de Berkeley),Premio/Distinción/Honor académico,Participo en un seminario sobre el Mercosur en San Francisco; recibio el premio al 'presidente panamericano del ano' y una medalla de la Universidad de Berkeley.,https://www.lanacion.com.ar/politica/menem-a-puro-viaje-hasta-1999-nid79531/,Medium,"Confirmado por LA NACION (art. 1997, planificacion): 'en febrero, Menem saldra rumbo a los Estados Unidos...seminario sobre el Mercosur en San Francisco, donde recibira...el premio al presidente panamericano del ano, tambien una medalla de la Universidad de Berkeley'. Campos de micro-conducta (MetHostHOGS y afines) completados desde Diplometrics COLT (TripID 334-ARG-USA-35833), 2026-08-03; ciudad de destino estimada por investigacion propia (COLT no reporta ciudad).",NA,Verificada-URL,FALSE,FALSE,NA,TRUE,FALSE,FALSE,TRUE,FALSE,NA
ARG-CM-J031,44,Carlos Menem,Argentina,Completed,1998-03-27,1998-03-30,4,Australia,Asia-Pacific,Sydney,Bilateral,State Visit,NA,Primer Ministro John Howard,Jefe de Estado/Gobierno,"Visita oficial a Australia; desayuno con empresarios en Sydney, seminario 'Haciendo negocios con la Argentina', encuentro con el PM Howard en Canberra y el gobernador general William Deane.",https://www.lanacion.com.ar/politica/operativo-seduccion-de-menem-en-australia-nid92022/,High,"Confirmado en detalle por LA NACION (enviada especial, 30-mar-1998): agenda empresaria en Sydney, reunion con Howard en Canberra al dia siguiente; tambien recorrio la villa olimpica de Sydney 2000 y presento la candidatura de Buenos Aires 2008. Campos de micro-conducta (MetHostHOGS y afines) completados desde Diplometrics COLT (TripID 334-ARG-AUS-35881), 2026-08-03; ciudad de destino estimada por investigacion propia (COLT no reporta ciudad).",NA,Verificada-URL,TRUE,FALSE,NA,TRUE,FALSE,FALSE,FALSE,FALSE,NA
ARG-CM-J031,45,Carlos Menem,Argentina,Completed,1998-03-30,1998-03-31,2,New Zealand,Asia-Pacific,Wellington,Bilateral,State Visit,NA,Primera Ministra Jenny Shipley,Jefe de Estado/Gobierno,Siguiente etapa de la gira presidencial por Oceania (confirmada como 'proxima etapa' en la cobertura de la gira a Australia); reunion con la primera ministra Jenny Shipley.,https://www.lanacion.com.ar/politica/operativo-seduccion-de-menem-en-australia-nid92022/,Medium,"LA NACION confirma que Nueva Zelanda era 'proxima etapa de esta gira presidencial'; ciudad estimada Wellington (sede de gobierno); COLT registra MetIGOLeader=Yes sin nombre de organismo, dato no verificable, se completo como FALSE. Campos de micro-conducta (MetHostHOGS y afines) completados desde Diplometrics COLT (TripID 334-ARG-NZL-35884), 2026-08-03; ciudad de destino estimada por investigacion propia (COLT no reporta ciudad).",NA,Verificada-URL,TRUE,FALSE,NA,FALSE,FALSE,FALSE,TRUE,FALSE,NA
ARG-CM-J032,46,Carlos Menem,Argentina,Completed,1998-04-18,1998-04-19,2,Chile,South America,Santiago,Multilateral,Regional Summit,NA,Segunda Cumbre de las Américas,NA,"Participacion en la Segunda Cumbre de las Americas, en Santiago de Chile.",https://www.lanacion.com.ar/politica/menem-a-puro-viaje-hasta-1999-nid79531/,Medium,"Confirmado por LA NACION (art. 1997, planificacion): 'la segunda edicion de la Cumbre de las Americas, que se realizara en abril proximo, en Santiago, Chile'. Campos de micro-conducta (MetHostHOGS y afines) completados desde Diplometrics COLT (TripID 334-ARG-CHL-35903), 2026-08-03; ciudad de destino estimada por investigacion propia (COLT no reporta ciudad).",Cooperación Política General,Verificada-URL,FALSE,FALSE,NA,FALSE,FALSE,FALSE,FALSE,FALSE,NA
ARG-CM-J033,47,Carlos Menem,Argentina,Completed,1998-05-25,1998-05-28,4,Sweden,Europe,Stockholm,Bilateral,State Visit,NA,Primer Ministro Göran Persson,Jefe de Estado/Gobierno,"Visita de Estado a Suecia; reunion con el primer ministro Goran Persson, firma de acuerdo bilateral.",Search Query: Menem Suecia mayo 1998 Goran Persson visita oficial,Low,"COLT registra MetIGOLeader=Yes sin nombre de organismo, dato no verificable, se completo como FALSE. Campos de micro-conducta (MetHostHOGS y afines) completados desde Diplometrics COLT (TripID 334-ARG-SWE-35940), 2026-08-03; ciudad de destino estimada por investigacion propia (COLT no reporta ciudad).",NA,Solo-Query,TRUE,FALSE,NA,FALSE,TRUE,FALSE,TRUE,FALSE,NA
ARG-CM-J033,48,Carlos Menem,Argentina,Completed,1998-05-28,1998-05-30,3,Norway,Europe,Oslo,Bilateral,Working Visit,NA,Primer Ministro Kjell Magne Bondevik,Jefe de Estado/Gobierno,Tramo de la gira nordica de mayo-junio de 1998.,Search Query: Menem Noruega mayo 1998 visita oficial,Low,"No se hallo fuente propia directa; host no especificado por COLT. Campos de micro-conducta (MetHostHOGS y afines) completados desde Diplometrics COLT (TripID 334-ARG-NOR-35943), 2026-08-03; ciudad de destino estimada por investigacion propia (COLT no reporta ciudad).",NA,Solo-Query,FALSE,FALSE,NA,FALSE,FALSE,FALSE,FALSE,FALSE,NA
ARG-CM-J033,49,Carlos Menem,Argentina,Completed,1998-05-30,1998-05-31,2,Poland,Europe,Warsaw,Bilateral,Working Visit,NA,Presidente Aleksander Kwaśniewski,Jefe de Estado/Gobierno,Tramo de la gira europea de mayo de 1998.,Search Query: Menem Polonia mayo 1998 visita oficial,Low,"No se hallo fuente propia directa; host no especificado por COLT. Campos de micro-conducta (MetHostHOGS y afines) completados desde Diplometrics COLT (TripID 334-ARG-POL-35945), 2026-08-03; ciudad de destino estimada por investigacion propia (COLT no reporta ciudad).",NA,Solo-Query,FALSE,FALSE,NA,FALSE,FALSE,FALSE,FALSE,FALSE,NA
ARG-CM-J033,50,Carlos Menem,Argentina,Completed,1998-05-31,1998-06-01,2,Finland,Europe,Helsinki,Bilateral,State Visit,NA,Presidente Martti Ahtisaari,Jefe de Estado/Gobierno,Tramo final de la gira nordica; reunion con el presidente Martti Ahtisaari.,Search Query: Menem Finlandia 1998 Martti Ahtisaari visita oficial,Low,"No se hallo fuente propia directa. Campos de micro-conducta (MetHostHOGS y afines) completados desde Diplometrics COLT (TripID 334-ARG-FIN-35946), 2026-08-03; ciudad de destino estimada por investigacion propia (COLT no reporta ciudad).",NA,Solo-Query,TRUE,FALSE,NA,FALSE,FALSE,FALSE,FALSE,FALSE,NA
ARG-CM-J034,51,Carlos Menem,Argentina,Completed,1998-06-25,1998-06-28,4,Russia,Europe,Moscow,Bilateral,State Visit,NA,Presidente Boris Yeltsin,Jefe de Estado/Gobierno,"Gira de ocho dias por Rusia, Ucrania y Armenia con delegacion de empresarios y banqueros para promover el plan de convertibilidad y privatizaciones; reunion con Yeltsin.",https://www.lanacion.com.ar/politica/menem-va-a-rusia-para-impulsar-lazos-comerciales-nid101122/,High,"Confirmado en detalle por LA NACION: gira de 8 dias jun-1998, delegacion con Copal, Bridas, Grupo Fortabat, Tren de Buenos Aires, BICE, Bolsa de Cereales, Techint; COLT registra MetIGOLeader=Yes sin nombre, se completo FALSE. Campos de micro-conducta (MetHostHOGS y afines) completados desde Diplometrics COLT (TripID 334-ARG-RUS-35971), 2026-08-03; ciudad de destino estimada por investigacion propia (COLT no reporta ciudad).",NA,Verificada-URL,TRUE,FALSE,NA,FALSE,TRUE,FALSE,TRUE,FALSE,NA
ARG-CM-J034,52,Carlos Menem,Argentina,Completed,1998-06-28,1998-06-30,3,Ukraine,Europe,Kyiv,Bilateral,State Visit,NA,Presidente Leonid Kuchma,Jefe de Estado/Gobierno,Segundo tramo de la gira euroasiatica; reunion con el presidente Leonid Kuchma en Kiev.,https://www.lanacion.com.ar/politica/menem-va-a-rusia-para-impulsar-lazos-comerciales-nid101122/,High,"Confirmado por LA NACION como parte de la misma gira de 8 dias (Rusia-Ucrania-Armenia); COLT registra MetIGOLeader=Yes sin nombre, se completo FALSE. Campos de micro-conducta (MetHostHOGS y afines) completados desde Diplometrics COLT (TripID 334-ARG-UKR-35974), 2026-08-03; ciudad de destino estimada por investigacion propia (COLT no reporta ciudad).",NA,Verificada-URL,TRUE,FALSE,NA,FALSE,TRUE,FALSE,TRUE,FALSE,NA
ARG-CM-J034,53,Carlos Menem,Argentina,Completed,1998-06-30,1998-07-01,2,Armenia,Europe,Yerevan,Bilateral,State Visit,NA,Presidente Robert Kocharyan,Jefe de Estado/Gobierno,"Tramo final de la gira; reunion con el presidente armenio Robert Kocharian, firma de numerosos acuerdos de cooperacion.",https://www.lanacion.com.ar/politica/menem-va-a-rusia-para-impulsar-lazos-comerciales-nid101122/,High,"Confirmado por LA NACION: 'el Presidente llegaria a Armenia, donde se reuniria con el jefe de esa nacion, Robert Kocharian, con quien firmaria numerosos acuerdos de cooperacion'. Campos de micro-conducta (MetHostHOGS y afines) completados desde Diplometrics COLT (TripID 334-ARG-ARM-35976), 2026-08-03; ciudad de destino estimada por investigacion propia (COLT no reporta ciudad).",NA,Verificada-URL,TRUE,FALSE,NA,FALSE,FALSE,FALSE,FALSE,FALSE,NA
ARG-CM-J035,54,Carlos Menem,Argentina,Completed,1998-08-16,1998-08-17,2,Paraguay,South America,Asunción,Multilateral,Inauguration/Funeral,NA,Asunción presidencial de Raúl Cubas Grau,NA,Asistio a la asuncion presidencial de Raul Cubas Grau en Paraguay.,Search Query: Menem asuncion Cubas Grau Paraguay agosto 1998,Low,"No se hallo fuente propia directa; consistente con la practica habitual de asistir a asunciones regionales. Campos de micro-conducta (MetHostHOGS y afines) completados desde Diplometrics COLT (TripID 334-ARG-PRY-36023), 2026-08-03; ciudad de destino estimada por investigacion propia (COLT no reporta ciudad).",Cooperación Política General,Solo-Query,FALSE,TRUE,President Eduardo Frei Ruiz-Tagle;President Jamil Mahuad,FALSE,FALSE,TRUE,FALSE,FALSE,NA
ARG-CM-J036,55,Carlos Menem,Argentina,Completed,1998-09-06,1998-09-06,1,Panama,Central America,Panama City,Multilateral,Regional Summit,NA,Cumbre del Grupo de Río,NA,Participacion en la Cumbre del Grupo de Rio en Panama; inicio de una gira posterior por el Caribe.,Search Query: Menem Grupo de Rio Panama septiembre 1998,Low,"No se hallo fuente propia directa. Campos de micro-conducta (MetHostHOGS y afines) completados desde Diplometrics COLT (TripID 334-ARG-PAN-36044), 2026-08-03; ciudad de destino estimada por investigacion propia (COLT no reporta ciudad).",Cooperación Política General,Solo-Query,FALSE,TRUE,President Eduardo Frei Ruiz-Tagle;President Jamil Mahuad,FALSE,FALSE,FALSE,FALSE,FALSE,NA
ARG-CM-J036,56,Carlos Menem,Argentina,Completed,1998-09-07,1998-09-08,2,Barbados,Caribbean,Bridgetown,Bilateral,Working Visit,NA,Primer Ministro Owen Arthur,Jefe de Estado/Gobierno,Tramo de una gira presidencial por el Caribe tras la Cumbre del Grupo de Rio en Panama.,Search Query: Menem gira Caribe Barbados septiembre 1998,Low,"No se hallo fuente propia directa; se preserva el lead de COLT dentro de una gira caribena coherente cronologicamente. Campos de micro-conducta (MetHostHOGS y afines) completados desde Diplometrics COLT (TripID 334-ARG-BRB-36045), 2026-08-03; ciudad de destino estimada por investigacion propia (COLT no reporta ciudad).",NA,Solo-Query,FALSE,FALSE,NA,FALSE,FALSE,FALSE,FALSE,FALSE,NA
ARG-CM-J036,57,Carlos Menem,Argentina,Completed,1998-09-08,1998-09-09,2,Trinidad and Tobago,Caribbean,Port of Spain,Bilateral,Working Visit,NA,Primer Ministro Basdeo Panday,Jefe de Estado/Gobierno,Continuacion de la gira caribena de septiembre de 1998.,Search Query: Menem gira Caribe Trinidad y Tobago septiembre 1998,Low,"No se hallo fuente propia directa. Campos de micro-conducta (MetHostHOGS y afines) completados desde Diplometrics COLT (TripID 334-ARG-TTO-36046), 2026-08-03; ciudad de destino estimada por investigacion propia (COLT no reporta ciudad).",NA,Solo-Query,FALSE,FALSE,NA,FALSE,FALSE,FALSE,FALSE,FALSE,NA
ARG-CM-J036,58,Carlos Menem,Argentina,Completed,1998-09-10,1998-09-11,2,Jamaica,Caribbean,Kingston,Bilateral,Working Visit,NA,Primer Ministro P. J. Patterson,Jefe de Estado/Gobierno,Tramo final de la gira caribena; actividad con lideres empresariales.,Search Query: Menem gira Caribe Jamaica septiembre 1998,Low,"No se hallo fuente propia directa. Campos de micro-conducta (MetHostHOGS y afines) completados desde Diplometrics COLT (TripID 334-ARG-JAM-36048), 2026-08-03; ciudad de destino estimada por investigacion propia (COLT no reporta ciudad).",NA,Solo-Query,FALSE,FALSE,NA,FALSE,TRUE,FALSE,FALSE,FALSE,NA
ARG-CM-J037,59,Carlos Menem,Argentina,Completed,1998-10-06,1998-10-07,2,United States,North America,Washington,Multilateral,Global Forum,NA,Reunión Anual del FMI y el Banco Mundial,NA,Participacion en la Reunion Anual del FMI/Banco Mundial en Washington; reunion bilateral con el presidente Bill Clinton.,Search Query: Menem reunion anual FMI Banco Mundial Washington octubre 1998 Clinton,Low,"Reuniones Anuales FMI-BM de 1998 se realizaron en Washington DC (sede habitual en anos sin reunion fuera de EEUU). Campos de micro-conducta (MetHostHOGS y afines) completados desde Diplometrics COLT (TripID 334-ARG-USA-36074), 2026-08-03; ciudad de destino estimada por investigacion propia (COLT no reporta ciudad).",Comercio/Integración Económica,Solo-Query,TRUE,FALSE,NA,FALSE,FALSE,FALSE,FALSE,FALSE,NA
ARG-CM-J038,60,Carlos Menem,Argentina,Completed,1998-10-12,1998-10-14,3,France,Europe,Paris,Bilateral,State Visit,NA,Presidente Jacques Chirac,Jefe de Estado/Gobierno,Visita de Estado a Francia; reunion con el presidente Jacques Chirac.,Search Query: Menem Chirac Paris octubre 1998 visita de Estado,Low,"No se hallo fuente propia directa adicional. Campos de micro-conducta (MetHostHOGS y afines) completados desde Diplometrics COLT (TripID 334-ARG-FRA-36080), 2026-08-03; ciudad de destino estimada por investigacion propia (COLT no reporta ciudad).",NA,Solo-Query,TRUE,FALSE,NA,FALSE,FALSE,FALSE,FALSE,FALSE,NA
ARG-CM-J039,61,Carlos Menem,Argentina,Completed,1998-10-26,1998-10-26,1,Brazil,South America,Brasília,Multilateral,Regional Summit,NA,Ceremonia de firma del Tratado de Paz Ecuador-Perú,NA,"Asistio como pais garante (junto a Brasil, Chile y EEUU) a la ceremonia de firma del Tratado de Paz entre Ecuador y Peru en Brasilia, que puso fin al conflicto del Cenepa.",Search Query: Tratado de Paz Ecuador Peru Brasilia octubre 1998 paises garantes Argentina,Medium,"Argentina fue uno de los cuatro paises garantes del Protocolo de Rio de 1942 (junto a Brasil, Chile y EEUU); firma confirmada en Brasilia el 26-oct-1998. Campos de micro-conducta (MetHostHOGS y afines) completados desde Diplometrics COLT (TripID 334-ARG-BRA-36094), 2026-08-03; ciudad de destino estimada por investigacion propia (COLT no reporta ciudad).",Seguridad,Solo-Query,FALSE,FALSE,NA,FALSE,FALSE,TRUE,FALSE,FALSE,NA
ARG-CM-J040,62,Carlos Menem,Argentina,Completed,1998-10-28,1998-11-02,6,United Kingdom,Europe,London,Bilateral,State Visit,NA,Primer Ministro Tony Blair,Jefe de Estado/Gobierno,"Visita oficial al Reino Unido; reunion con el primer ministro Tony Blair, discurso publico y firma de acuerdo bilateral.",Search Query: Menem Reino Unido Tony Blair octubre noviembre 1998 primer viaje desde Malvinas,Low,"LA NACION (art. 1997) senalaba que una visita al Reino Unido lo convertiria en 'el primer presidente argentino que visita el Reino Unido desde la Guerra de Malvinas'; no se hallo cronica directa de la concrecion del viaje en oct-nov 1998. Campos de micro-conducta (MetHostHOGS y afines) completados desde Diplometrics COLT (TripID 334-ARG-GBR-36096), 2026-08-03; ciudad de destino estimada por investigacion propia (COLT no reporta ciudad).",NA,Solo-Query,TRUE,FALSE,NA,TRUE,TRUE,FALSE,FALSE,FALSE,NA
ARG-CM-J041,63,Carlos Menem,Argentina,Completed,1998-11-29,1998-12-02,4,Japan,Asia-Pacific,Tokyo,Bilateral,State Visit,NA,Primer Ministro Obuchi Keizō,Jefe de Estado/Gobierno,Visita de Estado a Japon; reunion con el primer ministro Obuchi Keizo y con el emperador Akihito; discurso publico y firma de acuerdo.,Search Query: Menem Japon 1998 Obuchi emperador Akihito visita oficial,Low,"No se hallo cronica propia directa; consistente con el interes reiterado de Menem en 'visitar a Japon' mencionado en planificacion 1997. Campos de micro-conducta (MetHostHOGS y afines) completados desde Diplometrics COLT (TripID 334-ARG-JPN-36128), 2026-08-03; ciudad de destino estimada por investigacion propia (COLT no reporta ciudad).",NA,Solo-Query,TRUE,FALSE,NA,TRUE,TRUE,FALSE,TRUE,FALSE,NA
ARG-CM-J042,64,Carlos Menem,Argentina,Completed,1998-12-13,1998-12-13,1,Vatican City,Europe,Vatican City,Bilateral,State Visit,NA,Papa Juan Pablo II,Jefe de Estado/Gobierno,Audiencia con el papa Juan Pablo II en el Vaticano.,Search Query: Menem Vaticano Juan Pablo II diciembre 1998 audiencia,Low,"No se hallo cronica propia directa; consistente con la relacion estrecha y reiterada de Menem con el Vaticano. Campos de micro-conducta (MetHostHOGS y afines) completados desde Diplometrics COLT (TripID 334-ARG-VAT-36142), 2026-08-03; ciudad de destino estimada por investigacion propia (COLT no reporta ciudad).",NA,Solo-Query,TRUE,FALSE,NA,FALSE,FALSE,FALSE,FALSE,FALSE,NA
ARG-CM-J043,65,Carlos Menem,Argentina,Completed,1999-01-04,1999-01-05,2,Brazil,South America,Brasília,Multilateral,Inauguration/Funeral,NA,Asunción del segundo mandato de Fernando Henrique Cardoso,NA,"Asistio a la asuncion del segundo mandato de Fernando Henrique Cardoso en Brasilia, viaje de ida y vuelta el mismo fin de semana.",Search Query: Menem asuncion segundo mandato Cardoso Brasil enero 1999,Medium,"Cardoso reasumio el 1-ene-1999; presencia de Menem consistente con la practica habitual entre ambos paises. Campos de micro-conducta (MetHostHOGS y afines) completados desde Diplometrics COLT (TripID 334-ARG-BRA-36164), 2026-08-03; ciudad de destino estimada por investigacion propia (COLT no reporta ciudad).",Cooperación Política General,Solo-Query,FALSE,FALSE,NA,FALSE,FALSE,TRUE,FALSE,FALSE,NA
ARG-CM-J044,66,Carlos Menem,Argentina,Completed,1999-01-11,1999-01-12,2,United States,North America,Washington,Bilateral,State Visit,NA,Presidente Bill Clinton,Jefe de Estado/Gobierno,"Visita a Estados Unidos; reunion con el presidente Bill Clinton y con el presidente del Banco Mundial, James Wolfensohn.",Search Query: Menem Clinton Wolfensohn enero 1999 Washington visita oficial,Low,"No se hallo cronica propia directa; se preserva reunion con Wolfensohn (MetIGOLeader) reportada por COLT. Campos de micro-conducta (MetHostHOGS y afines) completados desde Diplometrics COLT (TripID 334-ARG-USA-36171), 2026-08-03; ciudad de destino estimada por investigacion propia (COLT no reporta ciudad).",NA,Solo-Query,TRUE,FALSE,NA,FALSE,FALSE,FALSE,FALSE,TRUE,President James Wolfensohn (Banco Mundial/IBRD)
ARG-CM-J045,67,Carlos Menem,Argentina,Completed,1999-02-02,1999-02-02,1,Venezuela,South America,Caracas,Multilateral,Inauguration/Funeral,NA,Asunción presidencial de Hugo Chávez,NA,"Asistio a la asuncion presidencial de Hugo Chavez en Caracas, junto a otros mandatarios de la region (entre ellos Raul Cubas Grau).",Search Query: Menem asuncion Hugo Chavez Venezuela febrero 1999,Medium,"Asuncion de Chavez confirmada el 2-feb-1999; presencia de Menem consistente con la practica de asistir a asunciones regionales. Campos de micro-conducta (MetHostHOGS y afines) completados desde Diplometrics COLT (TripID 334-ARG-VEN-36193), 2026-08-03; ciudad de destino estimada por investigacion propia (COLT no reporta ciudad).",Cooperación Política General,Solo-Query,TRUE,TRUE,President Raul Cubas Grau,FALSE,FALSE,TRUE,FALSE,FALSE,NA
ARG-CM-J046,68,Carlos Menem,Argentina,Completed,1999-02-12,1999-02-13,2,Brazil,South America,Brasília,Bilateral,Working Visit,NA,Presidente Fernando Henrique Cardoso,Jefe de Estado/Gobierno,"Reunion bilateral con Cardoso en Brasilia, en el contexto de la crisis cambiaria brasilena (devaluacion del real) y su impacto sobre Argentina.",Search Query: Menem Cardoso Brasilia febrero 1999 crisis devaluacion real,Low,"Contexto de la crisis del real confirmado de forma general (tensiones Menem-Cardoso por compensaciones); reunion especifica no verificada con fuente propia directa. Campos de micro-conducta (MetHostHOGS y afines) completados desde Diplometrics COLT (TripID 334-ARG-BRA-36203), 2026-08-03; ciudad de destino estimada por investigacion propia (COLT no reporta ciudad).",NA,Solo-Query,TRUE,FALSE,NA,FALSE,FALSE,FALSE,FALSE,FALSE,NA
ARG-CM-J047,69,Carlos Menem,Argentina,Completed,1999-02-22,1999-02-23,2,Brazil,South America,Brasília,Multilateral,Global Forum,NA,Reunión Ministerial UE-MERCOSUR,NA,Participacion en una reunion ministerial UE-Mercosur; propuso la creacion de un foro de negocios UE-Mercosur.,Search Query: Menem reunion ministerial UE Mercosur Brasil febrero 1999,Low,"No se hallo fuente propia directa; ciudad estimada (capital). Campos de micro-conducta (MetHostHOGS y afines) completados desde Diplometrics COLT (TripID 334-ARG-BRA-36213), 2026-08-03; ciudad de destino estimada por investigacion propia (COLT no reporta ciudad).",Comercio/Integración Económica,Solo-Query,FALSE,FALSE,NA,FALSE,FALSE,FALSE,FALSE,FALSE,NA
ARG-CM-J048,70,Carlos Menem,Argentina,Completed,1999-03-22,1999-03-24,3,United States,North America,Washington,Bilateral,Working Visit,NA,Visita de trabajo a Estados Unidos,Jefe de Estado/Gobierno,Visita de trabajo a Estados Unidos con actividades de discurso publico y foro de negocios.,Search Query: Menem Estados Unidos marzo 1999 discurso foro de negocios,Low,"COLT no reporta host ni evento especifico; ciudad estimada. Campos de micro-conducta (MetHostHOGS y afines) completados desde Diplometrics COLT (TripID 334-ARG-USA-36241), 2026-08-03; ciudad de destino estimada por investigacion propia (COLT no reporta ciudad).",NA,Solo-Query,FALSE,FALSE,NA,TRUE,FALSE,FALSE,TRUE,FALSE,NA
ARG-CM-J049,71,Carlos Menem,Argentina,Completed,1999-03-28,1999-03-31,4,Italy,Europe,Rome,Bilateral,State Visit,NA,Primer Ministro Massimo D'Alema,Jefe de Estado/Gobierno,"Visita oficial a Italia; reunion con el primer ministro Massimo D'Alema, discurso publico.",Search Query: Menem Italia D'Alema marzo 1999 visita oficial,Low,"No se hallo cronica propia directa. Campos de micro-conducta (MetHostHOGS y afines) completados desde Diplometrics COLT (TripID 334-ARG-ITA-36247), 2026-08-03; ciudad de destino estimada por investigacion propia (COLT no reporta ciudad).",NA,Solo-Query,TRUE,FALSE,NA,TRUE,FALSE,FALSE,FALSE,FALSE,NA
ARG-CM-J050,72,Carlos Menem,Argentina,Completed,1999-05-07,1999-05-07,1,Chile,South America,Santiago,Multilateral,Regional Summit,NA,Cumbre de Presidentes del MERCOSUR,NA,Cumbre de Presidentes del MERCOSUR con la participacion de Chile como Estado asociado.,Search Query: Menem cumbre Mercosur Chile mayo 1999,Low,"No se hallo fuente propia directa; ciudad estimada (capital). Campos de micro-conducta (MetHostHOGS y afines) completados desde Diplometrics COLT (TripID 334-ARG-CHL-36287), 2026-08-03; ciudad de destino estimada por investigacion propia (COLT no reporta ciudad).",Comercio/Integración Económica,Solo-Query,FALSE,FALSE,NA,FALSE,FALSE,FALSE,FALSE,FALSE,NA
ARG-CM-J051,73,Carlos Menem,Argentina,Completed,1999-06-14,1999-06-15,2,Paraguay,South America,Asunción,Multilateral,Regional Summit,NA,Cumbre de Presidentes del MERCOSUR,NA,Cumbre de Presidentes del MERCOSUR en Asuncion.,Search Query: Menem cumbre Mercosur Asuncion junio 1999,Low,"No se hallo fuente propia directa. Campos de micro-conducta (MetHostHOGS y afines) completados desde Diplometrics COLT (TripID 334-ARG-PRY-36325), 2026-08-03; ciudad de destino estimada por investigacion propia (COLT no reporta ciudad).",Comercio/Integración Económica,Solo-Query,FALSE,FALSE,NA,FALSE,FALSE,FALSE,FALSE,FALSE,NA
ARG-CM-J051,74,Carlos Menem,Argentina,Completed,1999-06-16,1999-06-17,2,United States,North America,New York,Bilateral,Working Visit,NA,Arquidiócesis de Nueva York (ceremonia de reconocimiento),Premio/Distinción/Honor académico,Fue distinguido por la Arquidiocesis de Nueva York por sus contribuciones 'a la defensa de la vida familiar y la familia en el ambito internacional'.,Search Query: Menem Archdiocese New York junio 1999 family life honor ceremony,Low,"Segun notas de COLT (gettyimages/proquest no accesibles), Menem fue homenajeado por la Arquidiocesis de Nueva York; no se hallo cronica de prensa argentina propia que lo confirme independientemente; se clasifica Bilateral/Premio dado que la contraparte es una institucion religiosa, no un jefe de Estado. Campos de micro-conducta (MetHostHOGS y afines) completados desde Diplometrics COLT (TripID 334-ARG-USA-36327), 2026-08-03; ciudad de destino estimada por investigacion propia (COLT no reporta ciudad).",NA,Solo-Query,FALSE,FALSE,NA,TRUE,FALSE,TRUE,FALSE,FALSE,NA
ARG-CM-J052,75,Carlos Menem,Argentina,Completed,1999-06-28,1999-06-30,3,Brazil,South America,Rio de Janeiro,Multilateral,Global Forum,NA,I Cumbre Unión Europea - América Latina y el Caribe (UE-ALC),NA,"Participacion en la primera Cumbre birregional Union Europea-America Latina y el Caribe en Rio de Janeiro; discurso publico, firma de documento y reunion con el presidente chileno Frei.",Search Query: primera Cumbre Union Europea America Latina Caribe Rio de Janeiro junio 1999,Medium,"La I Cumbre UE-ALC se realizo en Rio de Janeiro el 28-29 jun 1999 (hecho historico bien documentado); participacion de Menem consistente con su rol como presidente de un pais fundador del Mercosur. Campos de micro-conducta (MetHostHOGS y afines) completados desde Diplometrics COLT (TripID 334-ARG-BRA-36339), 2026-08-03; ciudad de destino estimada por investigacion propia (COLT no reporta ciudad).",Cooperación Política General,Solo-Query,FALSE,TRUE,President Eduardo Frei Ruiz-Tagle,TRUE,TRUE,FALSE,FALSE,FALSE,NA
ARG-CM-J053,76,Carlos Menem,Argentina,Completed,1999-08-20,1999-08-20,1,Chile,South America,Santiago,Bilateral,Working Visit,NA,Presidente Eduardo Frei Ruiz-Tagle,Jefe de Estado/Gobierno,Reunion bilateral con el presidente chileno Eduardo Frei; discurso en un desayuno de trabajo con lideres empresariales en Santiago.,Search Query: Menem Frei Santiago agosto 1999 desayuno empresarios,Low,"No se hallo cronica propia directa. Campos de micro-conducta (MetHostHOGS y afines) completados desde Diplometrics COLT (TripID 334-ARG-CHL-36392), 2026-08-03; ciudad de destino estimada por investigacion propia (COLT no reporta ciudad).",NA,Solo-Query,TRUE,FALSE,NA,TRUE,FALSE,FALSE,TRUE,FALSE,NA
ARG-CM-J054,77,Carlos Menem,Argentina,Completed,1999-09-21,1999-09-22,2,United States,North America,New York,Multilateral,Global Forum,NA,Asamblea General de la ONU,NA,Participacion en la Asamblea General de la ONU en Nueva York; reunion bilateral con el presidente Bill Clinton.,Search Query: Menem Asamblea General ONU septiembre 1999 Clinton,Low,"No se hallo cronica propia directa adicional. Campos de micro-conducta (MetHostHOGS y afines) completados desde Diplometrics COLT (TripID 334-ARG-USA-36424), 2026-08-03; ciudad de destino estimada por investigacion propia (COLT no reporta ciudad).",Cooperación Política General,Solo-Query,TRUE,FALSE,NA,FALSE,FALSE,FALSE,FALSE,FALSE,NA
ARG-CM-J055,78,Carlos Menem,Argentina,Completed,1999-09-27,1999-09-27,1,Colombia,South America,Bogotá,Bilateral,State Visit,NA,Presidente Andrés Pastrana,Jefe de Estado/Gobierno,Visita oficial a Colombia; reunion con el presidente Andres Pastrana en Bogota.,https://andrespastrana.org/visita-oficial-del-presidente-carlos-menem-a-colombia-29-de-septiembre-de-1999/,High,"Confirmado por fuente directa (sitio del expresidente Andres Pastrana): 'Visita oficial del Presidente Carlos Menem a Colombia - 29 de septiembre de 1999'. Campos de micro-conducta (MetHostHOGS y afines) completados desde Diplometrics COLT (TripID 334-ARG-COL-36430), 2026-08-03; ciudad de destino estimada por investigacion propia (COLT no reporta ciudad).",NA,Verificada-URL,FALSE,FALSE,NA,FALSE,FALSE,FALSE,FALSE,FALSE,NA
ARG-CM-J056,79,Carlos Menem,Argentina,Completed,1999-09-30,1999-10-01,2,United States,North America,Washington,Multilateral,Global Forum,NA,Conferencia de las Américas (Council of the Americas),NA,"Participacion en la Conferencia de las Americas, foro empresarial y politico sobre relaciones hemisfericas; discurso publico.",Search Query: Menem Conference of the Americas septiembre 1999 Washington Council of the Americas,Low,"Foro empresarial privado (Council/Conference of the Americas) con participacion de jefes de Estado, clasificado Multilateral por analogia con Davos segun regla CODEBOOK 5.6. Campos de micro-conducta (MetHostHOGS y afines) completados desde Diplometrics COLT (TripID 334-ARG-USA-36433), 2026-08-03; ciudad de destino estimada por investigacion propia (COLT no reporta ciudad).",Comercio/Integración Económica,Solo-Query,FALSE,FALSE,NA,TRUE,FALSE,FALSE,FALSE,FALSE,NA
ARG-CM-J057,80,Carlos Menem,Argentina,Completed,1999-10-21,1999-10-22,2,Brazil,South America,Brasília,Bilateral,Working Visit,NA,Presidente Fernando Henrique Cardoso,Jefe de Estado/Gobierno,Reunion bilateral con el presidente Cardoso.,Search Query: Menem Cardoso Brasil octubre 1999,Low,"No se hallo cronica propia directa. Campos de micro-conducta (MetHostHOGS y afines) completados desde Diplometrics COLT (TripID 334-ARG-BRA-36454), 2026-08-03; ciudad de destino estimada por investigacion propia (COLT no reporta ciudad).",NA,Solo-Query,TRUE,FALSE,NA,FALSE,FALSE,FALSE,FALSE,FALSE,NA
ARG-CM-J058,81,Carlos Menem,Argentina,Completed,1999-11-18,1999-11-19,2,United States,North America,New York,Bilateral,Working Visit,NA,Escala diplomática en Estados Unidos,Jefe de Estado/Gobierno,Escala en Estados Unidos en el marco de una gira que continuo hacia el Vaticano; sin host ni evento especifico reportado.,Search Query: Menem Estados Unidos noviembre 1999 gira Europa Vaticano,Low,"COLT no reporta host ni evento; ciudad estimada. Tramo previo a la visita al Vaticano del 21-nov-1999. Campos de micro-conducta (MetHostHOGS y afines) completados desde Diplometrics COLT (TripID 334-ARG-USA-36482), 2026-08-03; ciudad de destino estimada por investigacion propia (COLT no reporta ciudad).",NA,Solo-Query,FALSE,FALSE,NA,FALSE,FALSE,FALSE,FALSE,FALSE,NA
ARG-CM-J058,82,Carlos Menem,Argentina,Completed,1999-11-21,1999-11-21,1,Vatican City,Europe,Vatican City,Bilateral,State Visit,NA,Papa Juan Pablo II (ceremonia de canonización),Jefe de Estado/Gobierno,Asistio a una ceremonia de canonizacion presidida por Juan Pablo II en la Basilica de San Pedro; recibio la comunion de manos del Papa.,Search Query: Menem Vaticano noviembre 1999 canonizacion Juan Pablo II Basilica San Pedro,Medium,"Confirmado de forma general: en nov-1999 Juan Pablo II presidio una canonizacion en el Vaticano con la asistencia de Menem, quien recibio la comunion del Papa ante 11.000 peregrinos. Campos de micro-conducta (MetHostHOGS y afines) completados desde Diplometrics COLT (TripID 334-ARG-VAT-36485), 2026-08-03; ciudad de destino estimada por investigacion propia (COLT no reporta ciudad).",NA,Solo-Query,TRUE,FALSE,NA,FALSE,FALSE,TRUE,FALSE,FALSE,NA
ARG-DLR-J001,83,Fernando de la Rúa,Argentina,Completed,2000-01-25,2000-01-27,3,Sweden,Europe,Stockholm,Multilateral,Global Forum,NA,Foro Internacional de Estocolmo sobre el Holocausto,NA,Participacion en el Foro Internacional sobre el Holocausto en Estocolmo; primer viaje al exterior del mandato.,https://www.cronista.com/economia-politica/Primeros-viajes-oficiales-que-destinos-eligieron-los-ex-presidentes-20200116-0035.html,Medium,Fechas aproximadas; viajo en avion comercial via Frankfurt. Dia fin estimado por encadenar con Davos.,Derechos Humanos,Verificada-URL,NA,NA,NA,NA,NA,NA,NA,NA,NA
ARG-DLR-J001,84,Fernando de la Rúa,Argentina,Completed,2000-01-27,2000-01-30,3,Switzerland,Europe,Davos,Multilateral,Global Forum,NA,Foro Económico Mundial (WEF) Davos 2000,NA,"Participacion en el Foro Economico Mundial de Davos, segundo tramo de la gira inaugural.",https://www.lanacion.com.ar/politica/javier-milei-el-presidente-con-mas-viajes-internacionales-en-seis-meses-de-mandato-nid27052024/,Medium,"Fechas estimadas (YYYY-MM aprox). Tramo continuo con Estocolmo; Campos de micro-conducta (MetHostHOGS y afines) completados desde Diplometrics COLT, 2026-08-03.",Comercio/Integración Económica,Verificada-URL,FALSE,TRUE,President Ernesto Zedillo;Prime Minister Tony Blair,TRUE,FALSE,FALSE,FALSE,FALSE,NA
ARG-DLR-J002,85,Fernando de la Rúa,Argentina,Completed,2000-06-04,2000-06-05,2,Germany,Europe,Berlin,Multilateral,Global Forum,NA,Cumbre de Líderes de la Tercera Vía (Gerhard Schröder),NA,Participacion en la Cumbre de la Tercera Via / gobernanza progresista organizada por el canciller aleman Schroder.,https://www.cidob.org/lider-politico/gerhard-schroder,Medium,"Fecha estimada YYYY-MM-01 ajustada a inicios de junio 2000; confirmar dia exacto en BORA; Campos de micro-conducta (MetHostHOGS y afines) completados desde Diplometrics COLT, 2026-08-03. CORREGIDO 2026-08-17 (verificacion COLT redo): Start_Date 2000-06-02->2000-06-04; End_Date 2000-06-03->2000-06-05 segun https://www.wsws.org/en/articles/2000/06/3way-j08.html ; https://www.lanacion.com.ar/politica/respaldo-de-clinton-a-de-la-rua-por-el-ajuste-nid20389/.",Cooperación Política General,Verificada-URL,TRUE,TRUE,Prime Minister Jean Chretien,FALSE,FALSE,FALSE,FALSE,FALSE,NA
ARG-DLR-J003,86,Fernando de la Rúa,Argentina,Completed,2000-06-12,2000-06-14,3,United States,North America,Washington D.C.,Bilateral,Working Visit,NA,Bill Clinton,Jefe de Estado/Gobierno,Visita de trabajo a la Casa Blanca; almuerzo con Clinton (13 jun) y exposicion ante 400 empresarios (14 jun).,https://www.lanacion.com.ar/politica/javier-milei-el-presidente-con-mas-viajes-internacionales-en-seis-meses-de-mandato-nid27052024/,High,"Fecha 13-jun del almuerzo confirmada por prensa; rango 12-14 estimado por agenda; Campos de micro-conducta (MetHostHOGS y afines) completados desde Diplometrics COLT, 2026-08-03.",NA,Verificada-URL,TRUE,TRUE,Prime Minister Jean Chretien,TRUE,FALSE,TRUE,TRUE,FALSE,NA
ARG-DLR-J012,87,Fernando de la Rúa,Argentina,Completed,2000-06-15,2000-06-17,3,Colombia,South America,Cartagena de Indias,Multilateral,Regional Summit,NA,XIV Cumbre del Grupo de Río (Cartagena de Indias),NA,Participacion en la XIV Cumbre del Grupo de Rio; los pares expresaron respaldo a De la Rua en su negociacion de un prestamo con el FMI.,https://www.diputados.gob.mx/comisiones/exteriores/cumbres/gruporio.htm,Medium,"Lead detectado por comparacion con Diplometrics COLT (TripID 1473-ARG-COL-36692), 2026-08-03. Fecha de la cumbre referida como 14-jun-2000 en algunas fuentes (Wikipedia) y 15-17-jun en COLT; se mantiene el rango COLT por falta de fuente primaria propia con fecha exacta. Cumbre bien documentada (Declaracion de Cartagena) pero no se hallo articulo que confirme explicitamente la presencia fisica de De la Rua con fecha; corroboracion indirecta via cobertura de su gestion del FMI en la cumbre.",Cooperación Política General,Verificada-URL,NA,NA,NA,NA,NA,NA,NA,NA,NA
ARG-DLR-J004,88,Fernando de la Rúa,Argentina,Completed,2000-08-31,2000-09-01,2,Brazil,South America,Brasilia,Multilateral,Regional Summit,NA,I Cumbre Sudamericana (Brasilia),NA,Participacion en la I Cumbre Sudamericana; apoyo al gobierno constitucional de Colombia y a la no intervencion.,http://www.scielo.br/j/spp/a/MbMFj5mfNjLyPJ7qmTYP3xS/?lang=es,High,"Cumbre de Brasilia 31-ago-2000 documentada (Scielo); Campos de micro-conducta (MetHostHOGS y afines) completados desde Diplometrics COLT, 2026-08-03.",Cooperación Política General,Verificada-URL,TRUE,FALSE,NA,FALSE,FALSE,FALSE,FALSE,FALSE,NA
ARG-DLR-J005,89,Fernando de la Rúa,Argentina,Completed,2000-09-06,2000-09-08,3,United States,North America,New York,Multilateral,Global Forum,NA,Cumbre del Milenio de las Naciones Unidas,NA,Participacion en la Cumbre del Milenio de la ONU (mayor reunion de jefes de Estado hasta entonces).,https://www.un.org/es/conferences/environment/newyork2000,High,"Fechas oficiales de la Cumbre del Milenio (6-8 sep 2000); asistencia de De la Rua segun prensa; Campos de micro-conducta (MetHostHOGS y afines) completados desde Diplometrics COLT, 2026-08-03.",Cooperación Política General,Verificada-URL,TRUE,FALSE,NA,TRUE,FALSE,FALSE,FALSE,FALSE,NA
ARG-DLR-J013,90,Fernando de la Rúa,Argentina,Completed,2000-09-10,2000-09-14,5,China,Asia-Pacific,Beijing,Bilateral,State Visit,NA,Jiang Zemin,Jefe de Estado/Gobierno,"Visita de Estado a China; profundizacion de relacion bilateral, antesala de la visita reciproca de Jiang Zemin a Argentina en abril 2001.",https://www.cancilleria.gob.ar/es/actualidad/comunicados/de-la-rua-recibira-al-presidente-de-china-jiang-zemin,High,"Lead detectado por comparacion con Diplometrics COLT (TripID 1473-ARG-CHN-36779), 2026-08-03. Fuente oficial de Cancilleria Argentina confirma el viaje de De la Rua a China (10-14 sep 2000) como antecedente de la visita reciproca de Jiang Zemin a Argentina (7-10 abr 2001).",NA,Verificada-URL,TRUE,NA,NA,TRUE,NA,NA,TRUE,NA,NA
ARG-DLR-J014,91,Fernando de la Rúa,Argentina,Completed,2000-10-24,2000-10-27,4,Spain,Europe,Madrid,Bilateral,State Visit,NA,José María Aznar / Cortes Generales,Jefe de Estado/Gobierno,Visita de Estado a España; discurso en sesion conjunta del Congreso de los Diputados; recibido por Aznar (Presidente del Gobierno).,https://www.congreso.es/es/cem/visitarg2000,High,"Lead detectado por comparacion con Diplometrics COLT (TripID 1473-ARG-ESP-36823), 2026-08-03. Fuente oficial: archivo del Congreso de los Diputados de España, con PDF de la publicacion oficial de la visita (25-oct-2000).",NA,Verificada-URL,TRUE,NA,NA,TRUE,NA,NA,NA,NA,NA
ARG-DLR-J015,92,Fernando de la Rúa,Argentina,Completed,2000-11-05,2000-11-07,3,Bolivia,South America,La Paz,Bilateral,Working Visit,NA,Hugo Banzer Suárez,Jefe de Estado/Gobierno,"Visita bilateral a Bolivia; reunion con el presidente Hugo Banzer, con firma de convenio de cooperacion.",Search Query: De la Rúa La Paz Bolivia Banzer noviembre 2000 visita bilateral,Low,"Lead detectado por comparacion con Diplometrics COLT (TripID 1473-ARG-BOL-36835), 2026-08-03. Corroboracion parcial via archivo fotografico (Getty Images, sin URL directa consultable) que ubica a De la Rua en La Paz el 5-nov-2000 reunido con Banzer; no se hallo articulo de prensa con URL estable que lo confirme.",NA,Solo-Query,TRUE,NA,NA,NA,TRUE,NA,NA,NA,NA
ARG-DLR-J016,93,Fernando de la Rúa,Argentina,Completed,2000-11-17,2000-11-18,2,Panama,Central America,Panamá,Multilateral,Regional Summit,TRUE,X Cumbre Iberoamericana (Panamá),NA,Debut de De la Rua en una Cumbre Iberoamericana; agenda de pobreza infantil y equidad social. Reuniones con presidentes de Costa Rica y Guatemala.,https://www.ambito.com/politica/de-la-rua-cumbre-presidentes-panama-n3102516,High,"Lead detectado por comparacion con Diplometrics COLT (TripID 1473-ARG-PAN-36847), 2026-08-03. Nota de Ambito.com (17-nov-2000) confirma viaje, agenda y reuniones bilaterales al margen con Rodriguez Echeverria (Costa Rica) y Portillo (Guatemala).",Cooperación Política General,Verificada-URL,FALSE,TRUE,President Miguel Angel Rodriguez Echeverria;President Alfonso Portillo,NA,NA,NA,NA,NA,NA
ARG-DLR-J017,94,Fernando de la Rúa,Argentina,Completed,2000-11-30,2000-12-01,2,Mexico,North America,Ciudad de México,Multilateral,Inauguration/Funeral,NA,Asunción de Vicente Fox,NA,Presencia en la asuncion de Vicente Fox (fin de 71 anios de gobierno del PRI); ceremonia en Campo Marte / Castillo de Chapultepec con ~15-19 jefes de Estado.,https://www.libertaddigital.com/internacional/2000-11-29/presidentes-y-delegaciones-extranjeras-llegan-a-mexico-para-asuncion-de-fox-9998/,Medium,"Lead detectado por comparacion con Diplometrics COLT (TripID 1473-ARG-MEX-36860), 2026-08-03. Fuentes de prensa (Libertad Digital y otras) confirman que Fox se reunio con De la Rua, Cardoso y Lagos en el marco de la asuncion; no se hallo articulo unico con URL estable que liste la agenda completa de De la Rua en Mexico.",Cooperación Política General,Verificada-URL,NA,NA,NA,NA,NA,TRUE,NA,NA,NA
ARG-DLR-J018,95,Fernando de la Rúa,Argentina,Completed,2000-12-04,2000-12-05,2,Costa Rica,Central America,San José,Multilateral,Regional Summit,NA,"Cumbre de Presidentes Centroamericanos (invitado especial, San José)",NA,Participacion como invitado especial en una cumbre de presidentes centroamericanos en San Jose; firma de una declaracion conjunta; visita a la Escuela Republica Argentina.,Search Query: De la Rúa Costa Rica diciembre 2000 cumbre presidentes centroamericanos San José,Low,"Lead detectado por comparacion con Diplometrics COLT (TripID 1473-ARG-CRI-36864), 2026-08-03. Archivo fotografico (Getty Images, sin URL directa consultable) ubica a De la Rua en San Jose el 4-dic-2000 firmando una declaracion junto al vicepresidente de El Salvador y visitando una escuela; no se preciso el nombre exacto/edicion de la cumbre centroamericana ni se hallo fuente primaria con URL estable.",Cooperación Política General,Solo-Query,NA,NA,NA,NA,TRUE,NA,NA,NA,NA
ARG-DLR-J006,96,Fernando de la Rúa,Argentina,Completed,2000-12-14,2000-12-15,2,Brazil,South America,Florianópolis,Multilateral,Regional Summit,NA,Cumbre de Jefes de Estado del MERCOSUR (Florianópolis),NA,Cumbre del MERCOSUR en Florianopolis; metas macroeconomicas comunes y solucion de controversias.,http://www.scielo.br/j/spp/a/MbMFj5mfNjLyPJ7qmTYP3xS/?lang=es,Medium,Cumbre de mediados de diciembre 2000 (Scielo); dia exacto estimado.,Comercio/Integración Económica,Verificada-URL,NA,NA,NA,NA,NA,NA,NA,NA,NA
ARG-DLR-J019,97,Fernando de la Rúa,Argentina,Completed,2001-04-02,2001-04-05,4,Italy,Europe,Roma,Bilateral,State Visit,NA,Carlo Azeglio Ciampi,Jefe de Estado/Gobierno,Visita de Estado a Italia; reunion con el presidente Ciampi. Antesala de la audiencia con el Papa Juan Pablo II en el Vaticano (mismo tramo europeo).,Search Query: De la Rúa Italia Ciampi visita Roma abril 2001,Low,"Lead detectado por comparacion con Diplometrics COLT (TripID 1473-ARG-ITA-36983 y 1473-ARG-VAT-36986), 2026-08-03. Confirmacion general (no fechada) de que 'De la Rua visito Italia en 2001 y Ciampi visito Argentina en 2001' (pagina de relaciones Argentina-Italia); no se hallo articulo de prensa con fecha exacta y URL estable.",NA,Solo-Query,TRUE,NA,NA,NA,NA,NA,NA,NA,NA
ARG-DLR-J019,98,Fernando de la Rúa,Argentina,Completed,2001-04-05,2001-04-05,1,Vatican City,Europe,Ciudad del Vaticano,Bilateral,Working Visit,NA,Papa Juan Pablo II,Jefe de Estado/Gobierno,"Audiencia con el Papa Juan Pablo II, tramo final de la gira europea que incluyo la visita de Estado a Italia.",Search Query: De la Rúa Vaticano Juan Pablo II audiencia abril 2001,Low,"Lead detectado por comparacion con Diplometrics COLT (TripID 1473-ARG-VAT-36986), 2026-08-03. Mismo nivel de corroboracion parcial que el tramo Italia (ver fila anterior, mismo Journey_ID); no se hallo fuente primaria con URL estable.",NA,Solo-Query,TRUE,NA,NA,NA,NA,NA,TRUE,NA,NA
ARG-DLR-J020,99,Fernando de la Rúa,Argentina,Completed,2001-04-16,2001-04-19,4,United States,North America,Washington D.C.,Bilateral,Working Visit,NA,George W. Bush,Jefe de Estado/Gobierno,"Primera entrevista con el presidente Bush en el Salon Oval (19 abr); agenda ALCA. Viaje breve, inmediatamente previo a la III Cumbre de las Americas en Quebec (20-22 abr).",https://www.cancilleria.gob.ar/es/actualidad/comunicados/rodriguez-giavarini-anuncio-reunion-entre-de-la-rua-y-bush,High,"Lead detectado por comparacion con Diplometrics COLT (TripID 1473-ARG-USA-36997), 2026-08-03. Corroborado tambien por LA NACION ('De la Rua se reune con Bush en EE.UU.') y Ambito ('De la Rua tendra la primera entrevista hoy con Bush Jr.'). Distinto del viaje a Canada (Quebec, 20-22 abr 2001) ya cargado en la base (Trip_ID 8).",NA,Verificada-URL,TRUE,NA,NA,NA,NA,NA,NA,NA,NA
ARG-DLR-J007,100,Fernando de la Rúa,Argentina,Completed,2001-04-20,2001-04-22,3,Canada,North America,Quebec City,Multilateral,Regional Summit,NA,III Cumbre de las Américas (Quebec),NA,Participacion en la III Cumbre de las Americas; agenda hemisferica y ALCA. De la Rua en la foto oficial de mandatarios.,https://summit-americas.org/sas/Cumbres_previas_IIICumbre.html,High,"Fechas oficiales OEA (20-22 abr 2001); presencia de De la Rua confirmada; Campos de micro-conducta (MetHostHOGS y afines) completados desde Diplometrics COLT, 2026-08-03.",Cooperación Política General,Verificada-URL,TRUE,TRUE,President Fernando Henrique Cardoso,TRUE,FALSE,FALSE,FALSE,FALSE,NA
ARG-DLR-J008,101,Fernando de la Rúa,Argentina,Completed,2001-06-21,2001-06-22,2,Paraguay,South America,Asunción,Multilateral,Regional Summit,NA,XX Cumbre del MERCOSUR (Asunción),NA,XX Reunion del Consejo del Mercado Comun y Cumbre del MERCOSUR; 10 anios del Tratado de Asuncion.,https://www.cancilleria.gob.ar/es/actualidad/comunicados/comunicado-de-los-presidentes-de-los-estados-partes-del-mercosur-sobre-los,High,"Fechas oficiales (21-22 jun 2001) confirmadas por Cancilleria argentina; Campos de micro-conducta (MetHostHOGS y afines) completados desde Diplometrics COLT, 2026-08-03.",Comercio/Integración Económica,Verificada-URL,FALSE,FALSE,NA,FALSE,FALSE,FALSE,FALSE,FALSE,NA
ARG-DLR-J021,102,Fernando de la Rúa,Argentina,Completed,2001-07-31,2001-08-01,2,Brazil,South America,Foz de Iguaçu,Multilateral,Working Visit,TRUE,Reunión Trilateral Argentina-Brasil-Reino Unido (Foz de Iguaçu),NA,Reunion tripartita con Fernando Henrique Cardoso y Tony Blair en el Hotel Das Cataratas; agradecimiento por respaldo britanico y brasileno ante la crisis economica argentina.,https://cancilleria.gob.ar/es/actualidad/comunicados/tras-un-encuentro-tripartito-entre-los-mandatarios-de-la-argentina-brasil-y,High,"Lead detectado por comparacion con Diplometrics COLT (TripID 1473-ARG-BRA-37103 y 1473-ARG-BRA-37104, fusionados en una sola fila por pais/journey per regla del proyecto), 2026-08-03. Corroborado por LA NACION ('De la Rua se reunio con Blair y Cardoso en Foz de Iguazu').",Cooperación Política General,Verificada-URL,TRUE,TRUE,Prime Minister Tony Blair,NA,NA,NA,NA,NA,NA
ARG-DLR-J009,103,Fernando de la Rúa,Argentina,Completed,2001-08-17,2001-08-18,2,Chile,South America,Santiago,Multilateral,Regional Summit,NA,XV Cumbre del Grupo de Río (Santiago),NA,XV Cumbre de Jefes de Estado del Grupo de Rio en Santiago de Chile; articulacion de consensos regionales.,https://www.diputados.gob.mx/comisiones/exteriores/cumbres/gruporio.htm,High,"Fechas (17-18 ago 2001) referidas en comunicado oficial MERCOSUR. | QA-R2 2026-07-22: URL original (comunicado Cancilleria sobre 10 anios Tratado de Asuncion, MERCOSUR jun-2001) no respaldaba el hecho descrito (XV Cumbre del Grupo de Rio, Santiago, 17-18 ago 2001) -- fue reutilizada por error de la fila Trip_ID 9. Reemplazada por fuente real que transcribe la Declaracion de Santiago y confirma fechas y respaldo de la region a De la Rua/Argentina.",Cooperación Política General,Verificada-URL,NA,NA,NA,NA,NA,NA,NA,NA,NA
ARG-DLR-J022,104,Fernando de la Rúa,Argentina,Completed,2001-10-15,2001-10-17,3,Spain,Europe,Valladolid,Multilateral,Global Forum,NA,II Congreso Internacional de la Lengua Española (Valladolid),NA,"Discurso de inauguracion del II Congreso Internacional de la Lengua Espanola (16-19 oct), organizado por el Instituto Cervantes y la RAE con las academias de America y Filipinas.",https://congresosdelalengua.es/valladolid/inauguracion/rua-f.htm,High,"Lead detectado por comparacion con Diplometrics COLT (TripID 1473-ARG-ESP-37179), 2026-08-03. Fuente oficial de los Congresos Internacionales de la Lengua Espanola publica el discurso de inauguracion pronunciado por De la Rua. Tema_Foro sin categoria exacta en la taxonomia cerrada (foro cultural/linguistico, no politico-economico); se usa Cooperación Política General por ser el foro mas amplio de cooperacion iberoamericana con participacion de multiples jefes de Estado.",Cooperación Política General,Verificada-URL,NA,TRUE,President Yasser Arafat,TRUE,NA,NA,NA,NA,NA
ARG-DLR-J010,105,Fernando de la Rúa,Argentina,Completed,2001-11-09,2001-11-11,3,United States,North America,New York,Multilateral,Global Forum,TRUE,56ª Asamblea General de la ONU (debate post-11S),NA,Discurso ante la Asamblea General de la ONU sobre terrorismo internacional; bilaterales con Bush y Vicente Fox por apoyo economico.,https://www.infobae.com/sociedad/2019/12/20/la-caida-de-fernando-de-la-rua-la-historia-secreta-de-la-tormenta-politica-perfecta-y-el-final-en-el-helicoptero/,High,"Llego el 9 nov; discurso 10 nov; bilateral con Bush 11 nov (Waldorf Astoria). Bilaterales al margen confirmados; Campos de micro-conducta (MetHostHOGS y afines) completados desde Diplometrics COLT, 2026-08-03.",Cooperación Política General,Verificada-URL,TRUE,FALSE,NA,TRUE,FALSE,FALSE,TRUE,FALSE,NA
ARG-DLR-J011,106,Fernando de la Rúa,Argentina,Completed,2001-11-23,2001-11-24,2,Peru,South America,Lima,Multilateral,Regional Summit,TRUE,XI Cumbre Iberoamericana (Lima),NA,XI Cumbre Iberoamericana; busco respaldo regional al canje de deuda argentino para evitar el default. Apoyo de pares.,https://www.jornada.com.mx/2001/11/25/007n1mun.html,High,"Cumbre concluyo el 24 nov 2001 (La Jornada). Ultimo viaje internacional antes de la renuncia (20 dic 2001); Campos de micro-conducta (MetHostHOGS y afines) completados desde Diplometrics COLT, 2026-08-03.",Cooperación Política General,Verificada-URL,TRUE,FALSE,NA,FALSE,FALSE,FALSE,FALSE,FALSE,NA
ARG-EDU-J012,107,Eduardo Duhalde,Argentina,Completed,2002-03-21,2002-03-22,2,Mexico,North America,Monterrey,Multilateral,Global Forum,TRUE,Conferencia Internacional sobre Financiación para el Desarrollo (Consenso de Monterrey),NA,Pedido de apoyo internacional y flexibilizacion del FMI ante la crisis. Bilateral al margen con Vicente Fox (cena).,https://www.un.org/es/conf/ffd/2002/,High,"Conferencia 18-22 mar; segmento jefes de Estado 21-22 mar (estimado). EE.UU. bloqueo incluir la crisis argentina; Campos de micro-conducta (MetHostHOGS y afines) completados desde Diplometrics COLT, 2026-08-03.",Comercio/Integración Económica,Verificada-URL,TRUE,TRUE,Prime Minister Jean Chretien;Prime Minister Jose Maria Aznar,TRUE,FALSE,FALSE,FALSE,FALSE,NA
ARG-EDU-J013,108,Eduardo Duhalde,Argentina,Completed,2002-04-11,2002-04-12,2,Costa Rica,Central America,San José,Multilateral,Regional Summit,NA,XVI Cumbre del Grupo de Río,NA,Concertacion politica regional; la cumbre condeno el golpe contra Chavez en Venezuela (Duhalde lo califico de golpe). Declaracion de San Jose.,https://www.lanacion.com.ar/el-mundo/condeno-el-grupo-rio-la-ruptura-democratica-nid388447/,High,"Coincidio con el golpe contra Chavez (11-12 abr 2002); Campos de micro-conducta (MetHostHOGS y afines) completados desde Diplometrics COLT, 2026-08-03.",Cooperación Política General,Verificada-URL,TRUE,FALSE,NA,TRUE,FALSE,FALSE,FALSE,FALSE,NA
ARG-EDU-J024,109,Eduardo Duhalde,Argentina,Completed,2002-05-17,2002-05-19,3,Spain,Europe,Madrid,Multilateral,Global Forum,TRUE,II Cumbre Unión Europea-América Latina y el Caribe (Madrid),NA,"Participacion en la II Cumbre UE-America Latina y Caribe; bilateral al margen con Aznar, quien aconsejo cerrar un acuerdo (aunque doloroso) con el FMI.",https://www.eleconomista.es/empresas-finanzas/noticias/204594/04/07/Duhalde-cuenta-la-lucha-contra-disparates-del-FMI-durante-crisis-de-2002.html,Medium,"Lead detectado por comparacion con Diplometrics COLT (TripID 1689-ARG-ESP-37393), 2026-08-03. Corroborado tambien por Pagina/12 ('Duhalde fue el unico del Gobierno que tuvo una giornata tranquila', 21-may-2002) y por El Universo/Libre Mercado sobre la gira Espana-Italia. Primer tramo de una gira europea que continuo a Italia (ver Trip_ID siguiente, mismo Journey_ID).",Cooperación Política General,Verificada-URL,TRUE,NA,NA,NA,NA,NA,NA,NA,NA
ARG-EDU-J024,110,Eduardo Duhalde,Argentina,Completed,2002-05-20,2002-05-22,3,Italy,Europe,Roma,Bilateral,Working Visit,NA,Silvio Berlusconi,Jefe de Estado/Gobierno,Segundo tramo de la gira europea (tras la Cumbre UE-ALC de Madrid); reunion con el primer ministro Berlusconi; cena con el alcalde de Milan y empresarios italianos interesados en invertir en un tren rapido Aeroparque-Ezeiza.,https://www.libremercado.com/2002-05-07/duhalde-se-entrevistara-con-aznar-y-berlusconi-en-su-proxima-gira-europea-69338/,Medium,"Lead detectado por comparacion con Diplometrics COLT (TripID 1689-ARG-ITA-37396), 2026-08-03. Corroborado por Libre Mercado ('Duhalde se entrevistara con Aznar y Berlusconi en su proxima gira europea', 7-may-2002) y El Universo ('Duhalde viajara a Espana e Italia'), ademas de Pagina/12 (21-may-2002, 'Duhalde fue el unico del Gobierno que tuvo una giornata tranquila') que detalla la agenda romana (cena con el alcalde de Milan y empresarios). Segundo tramo de la gira europea (mismo Journey_ID que Madrid).",NA,Verificada-URL,TRUE,NA,NA,NA,NA,NA,TRUE,NA,NA
ARG-EDU-J015,111,Eduardo Duhalde,Argentina,Completed,2002-07-26,2002-07-27,2,Ecuador,South America,Guayaquil,Multilateral,Regional Summit,TRUE,II Cumbre de Presidentes de América del Sur (Consenso de Guayaquil),NA,"Integracion sudamericana (IIRSA, zona de paz). Pidio a la region un reclamo conjunto al FMI. Compartio actividades con Lagos en la costa.",https://www.eluniverso.com/2002/07/29/0001/8/2360CB0607654BD59F02662636F657CB.html/,High,"Consenso de Guayaquil firmado 26-27 jul 2002; Campos de micro-conducta (MetHostHOGS y afines) completados desde Diplometrics COLT, 2026-08-03.",Cooperación Política General,Verificada-URL,TRUE,FALSE,NA,FALSE,FALSE,FALSE,FALSE,FALSE,NA
ARG-EDU-J014,112,Eduardo Duhalde,Argentina,Canceled,2002-08-19,NA,NA,Chile,South America,Santiago,Bilateral,Working Visit,NA,Ricardo Lagos,Jefe de Estado/Gobierno,Visita planificada a Chile / reunion con Lagos. CANCELADA por urgentes situaciones internas que requirieron su presencia en Argentina.,https://www.ambito.com/politica/duhalde-el-dia-chile-n3195320,Medium,Viaje cancelado; sin duracion. Fecha original 19 ago 2002.,NA,Verificada-URL,NA,NA,NA,NA,NA,NA,NA,NA,NA
ARG-EDU-J016,113,Eduardo Duhalde,Argentina,Completed,2002-09-26,2002-09-26,1,Brazil,South America,Brasilia,Bilateral,Working Visit,NA,Fernando Henrique Cardoso,Jefe de Estado/Gobierno,Profundizar alianza estrategica y consolidar el MERCOSUR; Acuerdo Bilateral Automotor y Convenio de Pagos y Creditos Reciprocos; apoyo ante el FMI.,https://www.cancilleria.gob.ar/es/actualidad/comunicados/los-presidentes-duhalde-y-cardoso-consolidan-el-mercosur,High,"Fecha exacta confirmada por comunicado de Cancilleria AR (115/2002); Campos de micro-conducta (MetHostHOGS y afines) completados desde Diplometrics COLT, 2026-08-03.",NA,Verificada-URL,TRUE,FALSE,NA,FALSE,FALSE,FALSE,FALSE,FALSE,NA
ARG-EDU-J017,114,Eduardo Duhalde,Argentina,Completed,2002-10-29,2002-10-29,1,Chile,South America,Santiago,Bilateral,Working Visit,NA,Ricardo Lagos,Jefe de Estado/Gobierno,Agradecer la apertura del mercado chileno a la carne argentina; firma de convenios de cooperacion. Viaje de un dia.,https://www.ambito.com/politica/duhalde-el-dia-chile-n3195320,Medium,"Viaje por el dia (29 oct 2002), con el canciller Ruckauf; Campos de micro-conducta (MetHostHOGS y afines) completados desde Diplometrics COLT, 2026-08-03.",NA,Verificada-URL,TRUE,FALSE,NA,FALSE,TRUE,FALSE,FALSE,FALSE,NA
ARG-EDU-J018,115,Eduardo Duhalde,Argentina,Completed,2002-11-15,2002-11-16,2,Dominican Republic,Caribbean,Bávaro,Multilateral,Regional Summit,TRUE,XII Cumbre Iberoamericana (Bávaro),NA,Respaldo regional a la negociacion con el FMI (Declaracion Especial). Bilaterales al margen probables con Aznar y Cardoso.,https://segib.org/?summit=xii-cumbre-iberoamericana-bavaro-2002,High,21 paises; Declaracion de Bavaro + declaracion especial sobre Argentina-FMI.,Cooperación Política General,Verificada-URL,NA,NA,NA,NA,NA,NA,NA,NA,NA
ARG-EDU-J019,116,Eduardo Duhalde,Argentina,Completed,2002-12-05,2002-12-06,2,Brazil,South America,Brasilia,Multilateral,Regional Summit,TRUE,XXIII Cumbre del MERCOSUR,NA,Relanzar el MERCOSUR; Acuerdo de Residencia para Nacionales del MERCOSUR (firmado 6 dic con Bolivia y Chile). Cardoso saliente y Lula electo.,https://www.infobae.com/2002/12/07/35999-duhalde-neuquen/,High,"Tras la cumbre voló directo a Villa la Angostura; Campos de micro-conducta (MetHostHOGS y afines) completados desde Diplometrics COLT, 2026-08-03.",Comercio/Integración Económica,Verificada-URL,FALSE,FALSE,NA,FALSE,TRUE,FALSE,FALSE,FALSE,NA
ARG-EDU-J020,117,Eduardo Duhalde,Argentina,Completed,2003-01-01,2003-01-01,1,Brazil,South America,Brasilia,Multilateral,Inauguration/Funeral,NA,Asunción de Luiz Inácio Lula da Silva,NA,Presencia en la transmision de mando de Lula; afianzar el vinculo con el nuevo gobierno brasileno.,https://www.lanacion.com.ar/el-mundo/lula-asumio-la-presidencia-nid462975/,High,"Acto con multiples jefes de Estado de la region; Campos de micro-conducta (MetHostHOGS y afines) completados desde Diplometrics COLT, 2026-08-03.",Cooperación Política General,Verificada-URL,FALSE,FALSE,NA,FALSE,FALSE,TRUE,FALSE,FALSE,NA
ARG-EDU-J021,118,Eduardo Duhalde,Argentina,Completed,2003-01-14,2003-01-14,1,Brazil,South America,Brasilia,Bilateral,Working Visit,NA,Lula da Silva,Jefe de Estado/Gobierno,Declaracion de Brasilia; alianza estrategica; programas contra el hambre y la pobreza; idea de instituto monetario / moneda comun (Lavagna).,https://www.clarin.com/politica/duhalde-lula-hablan-moneda-comun-plan-pobreza_0_BywzT2MlRYx.html,Medium,"Revisar contra Boletin Oficial fecha exacta de salida/regreso; Campos de micro-conducta (MetHostHOGS y afines) completados desde Diplometrics COLT, 2026-08-03.",NA,Verificada-URL,TRUE,FALSE,NA,FALSE,FALSE,FALSE,FALSE,FALSE,NA
ARG-EDU-J022,119,Eduardo Duhalde,Argentina,Completed,2003-01-25,2003-01-27,3,Switzerland,Europe,Davos,Multilateral,Global Forum,NA,Foro Económico Mundial (WEF) 2003,NA,Reclamo contra el proteccionismo de paises centrales y el 'doble estandar' del FMI; panel con Soros y Rogoff. Unico viaje a Europa del mandato.,https://www.lanacion.com.ar/economia/duhalde-cuestiono-al-fmi-y-provoco-un-duro-debate-nid469268/,High,WEF 23-28 ene 2003; intervencion de Duhalde ~25-27 ene (estimado).,Comercio/Integración Económica,Verificada-URL,NA,NA,NA,NA,NA,NA,NA,NA,NA
ARG-EDU-J025,120,Eduardo Duhalde,Argentina,Canceled,2003-04-01,NA,NA,Morocco,Africa,Rabat,Bilateral,Working Visit,NA,Rey Mohammed VI (visita planificada),Jefe de Estado/Gobierno,Visita bilateral a Marruecos originalmente prevista como parte de la ultima gira internacional del mandato. CANCELADA (junto con una visita a Grecia) a raiz de la guerra de Irak; el viaje final quedo reducido a Italia/Vaticano y Espana.,https://www.lanacion.com.ar/politica/duhalde-partio-hacia-italia-en-su-ultima-gira-presidencial-nid486169/,High,"Lead detectado por comparacion con Diplometrics COLT (TripID 1689-ARG-MAR-37712), 2026-08-03. LA NACION (4-abr-2003) confirma explicitamente que 'como consecuencia de la guerra en Irak, se quitaron de la agenda las visitas a Marruecos y Grecia que estaban inicialmente previstas'. Se carga como Canceled por regla del proyecto (5.1: los viajes cancelados se incluyen como dato de primera clase). COLT no distingue cancelaciones y aparentemente cargo la visita planificada como si hubiera ocurrido -- caso de 'viaje fantasma' del tipo advertido en la comparacion metodologica con COLT (05_BITACORA/comparacion_diplometrics_colt.txt).",NA,Verificada-URL,NA,NA,NA,NA,NA,NA,NA,NA,NA
ARG-EDU-J026,121,Eduardo Duhalde,Argentina,Completed,2003-04-06,2003-04-07,2,Vatican City,Europe,Ciudad del Vaticano,Bilateral,Working Visit,NA,Papa Juan Pablo II,Jefe de Estado/Gobierno,"Ultima gira internacional del mandato. Audiencia con el Papa Juan Pablo II en su biblioteca privada (lunes); reunion y almuerzo con el secretario general de la Santa Sede, Angelo Sodano; condecoracion de la Orden de Malta.",https://www.lanacion.com.ar/politica/duhalde-partio-hacia-italia-en-su-ultima-gira-presidencial-nid486169/,High,"Lead detectado por comparacion con Diplometrics COLT (TripID 1689-ARG-VAT-37717), 2026-08-03. LA NACION (4-abr-2003) detalla la agenda completa: partida el 4-abr desde Ezeiza, llegada a Roma el 5-abr (fin de semana de actividades privadas, no cargadas por no ser agenda oficial), audiencia papal el lunes 7-abr, luego traslado a Madrid esa misma noche. Segundo tramo de la misma gira en fila siguiente (Espana, mismo Journey_ID).",NA,Verificada-URL,TRUE,NA,NA,NA,NA,NA,NA,NA,NA
ARG-EDU-J026,122,Eduardo Duhalde,Argentina,Completed,2003-04-08,2003-04-10,3,Spain,Europe,Madrid,Bilateral,State Visit,NA,Reyes Juan Carlos I y Sofía / José María Aznar,Jefe de Estado/Gobierno,"Ultimo tramo de la gira final del mandato; almuerzo con los Reyes en el Palacio de la Zarzuela (martes) y cena con el presidente del Gobierno Aznar (miercoles), en medio del debate espanol sobre la guerra de Irak.",https://www.lanacion.com.ar/politica/duhalde-partio-hacia-italia-en-su-ultima-gira-presidencial-nid486169/,High,"Lead detectado por comparacion con Diplometrics COLT (TripID 1689-ARG-ESP-37719), 2026-08-03. Misma fuente y gira que la fila Vaticano anterior (mismo Journey_ID). Regreso a Argentina previsto para el jueves 10-abr.",NA,Verificada-URL,TRUE,NA,NA,NA,NA,NA,NA,NA,NA
ARG-EDU-J023,123,Eduardo Duhalde,Argentina,Completed,2003-04-23,2003-04-23,1,Chile,South America,Santiago,Bilateral,Working Visit,NA,Ricardo Lagos,Jefe de Estado/Gobierno,"Visita de despedida antes de entregar el mando; acuerdo para evitar la doble tributacion. Visita relampago (~3,5 horas).",https://arle.udp.cl/index.php/visita-del-presidente-eduardo-duhalde-sintesis-informativa,High,"Fecha del Archivo oficial Presidencia de Chile (Lagos/UDP). Ultimo viaje del mandato; Campos de micro-conducta (MetHostHOGS y afines) completados desde Diplometrics COLT, 2026-08-03.",NA,Verificada-URL,TRUE,FALSE,NA,FALSE,TRUE,FALSE,FALSE,FALSE,NA
ARG-NK-J024,124,Néstor Kirchner,Argentina,Completed,2003-06-11,2003-06-11,1,Brazil,South America,Brasília,Bilateral,Working Visit,NA,Lula da Silva,Jefe de Estado/Gobierno,Primer viaje al exterior. Relanzar el MERCOSUR; declaracion conjunta. Reunion en residencia La Alborada.,https://www.cronista.com/economia-politica/Primeros-viajes-oficiales-que-destinos-eligieron-los-ex-presidentes-20200116-0035.html,High,"Primer viaje del mandato confirmado por prensa; Campos de micro-conducta (MetHostHOGS y afines) completados desde Diplometrics COLT, 2026-08-03.",NA,Verificada-URL,TRUE,FALSE,NA,FALSE,FALSE,FALSE,FALSE,FALSE,NA
ARG-NK-J025,125,Néstor Kirchner,Argentina,Completed,2003-06-17,2003-06-18,2,Paraguay,South America,Asunción,Multilateral,Regional Summit,NA,Cumbre de Jefes de Estado del MERCOSUR,NA,Cumbre semestral del MERCOSUR; propuesta de instituto monetario / moneda comun.,https://cancilleria.gob.ar/en/node/34001,High,"Asistencia probable; verificar fecha exacta en Boletin Oficial. Fuente oficial (Cancilleria) confirma discurso de Kirchner en la XXIV Cumbre del MERCOSUR en Asuncion, 18-jun-2003, con la propuesta del Instituto Monetario/moneda comun; Campos de micro-conducta (MetHostHOGS y afines) completados desde Diplometrics COLT, 2026-08-03.",Comercio/Integración Económica,Verificada-URL,TRUE,FALSE,NA,TRUE,FALSE,FALSE,FALSE,FALSE,NA
ARG-NK-J027,126,Néstor Kirchner,Argentina,Completed,2003-07-12,2003-07-12,1,Spain,Europe,Madrid,Bilateral,Working Visit,NA,Empresarios espanoles (CEOE),Otro actor no estatal,Reunion tensa con empresarios; impugno ganancias de los anios 90. Tramo de la primera gira europea.,https://www.infobae.com/politica/2020/10/27/nestor-kirchner-y-el-inicio-de-una-politica-exterior-confrontativa/,Medium,"Fecha estimada (previa al 13 jul en Londres); Campos de micro-conducta (MetHostHOGS y afines) completados desde Diplometrics COLT, 2026-08-03.",NA,Verificada-URL,TRUE,FALSE,NA,FALSE,FALSE,FALSE,FALSE,FALSE,NA
ARG-NK-J027,127,Néstor Kirchner,Argentina,Completed,2003-07-13,2003-07-14,2,United Kingdom,Europe,London,Multilateral,Global Forum,TRUE,Cumbre de Gobiernos Progresistas (Tony Blair),NA,"Cumbre progresista; bilateral con Blair (planteo Malvinas, 13 jul) y dialogo con Schroder. 1er presidente argentino en visita oficial al RU post-guerra.",https://www.lanacion.com.ar/politica/los-kirchner-y-las-malvinas-nid1234282/,High,"Reunion con Blair confirmada 13 jul 2003; Campos de micro-conducta (MetHostHOGS y afines) completados desde Diplometrics COLT, 2026-08-03.",Cooperación Política General,Verificada-URL,TRUE,FALSE,NA,FALSE,FALSE,FALSE,FALSE,FALSE,NA
ARG-NK-J026,128,Néstor Kirchner,Argentina,Completed,2003-07-22,2003-07-23,2,United States,North America,Washington D.C.,Bilateral,State Visit,FALSE,George W. Bush,Jefe de Estado/Gobierno,Unica visita de Estado a Washington del kirchnerismo. Respaldo de EE.UU. a la renegociacion de deuda.,https://www.infobae.com/politica/2020/10/27/nestor-kirchner-y-el-inicio-de-una-politica-exterior-confrontativa/,High,"Fecha confirmada (23 jul 2003); Campos de micro-conducta (MetHostHOGS y afines) completados desde Diplometrics COLT, 2026-08-03. CORREGIDO 2026-08-17 (verificacion COLT redo): Start_Date 2003-07-23->2003-07-22 segun El Dia 23-jul-2003; El Cuco Digital.",NA,Verificada-URL,TRUE,FALSE,NA,FALSE,FALSE,TRUE,FALSE,FALSE,NA
ARG-NK-J028,129,Néstor Kirchner,Argentina,Completed,2003-09-25,2003-09-25,1,United States,North America,New York,Multilateral,Global Forum,NA,58ª Asamblea General de la ONU,NA,"Primer discurso ante la ONU (22 min); criticas a organismos de credito, terrorismo (AMIA), Malvinas.",https://www.lanacion.com.ar/politica/energico-discurso-de-kirchner-ante-la-onu-nid530283/,High,"Discurso confirmado 25 sep 2003; Campos de micro-conducta (MetHostHOGS y afines) completados desde Diplometrics COLT, 2026-08-03.",Cooperación Política General,Verificada-URL,FALSE,TRUE,President Luiz Inacio Lula da Silva,FALSE,FALSE,FALSE,FALSE,TRUE,United Nations (UN) Secretary-General Kofi Annan
ARG-NK-J029,130,Néstor Kirchner,Argentina,Completed,2003-11-14,2003-11-15,2,Bolivia,South America,Santa Cruz de la Sierra,Multilateral,Regional Summit,TRUE,XIII Cumbre Iberoamericana,NA,Cumbre Iberoamericana 'inclusion social motor del desarrollo'. Habia evaluado no ir; finalmente viajo.,https://segib.org/?summit=xiii-cumbre-iberoamericana-santa-cruz-de-la-sierra-2003,High,"Asistio (venia de suspender 3 salidas previas); Campos de micro-conducta (MetHostHOGS y afines) completados desde Diplometrics COLT, 2026-08-03.",Cooperación Política General,Verificada-URL,FALSE,TRUE,President Luiz Inacio Lula da Silva;President Hugo Chavez,FALSE,FALSE,FALSE,FALSE,FALSE,NA
ARG-NK-J030,131,Néstor Kirchner,Argentina,Completed,2004-01-12,2004-01-13,2,Mexico,North America,Monterrey,Multilateral,Regional Summit,TRUE,Cumbre Extraordinaria de las Américas,NA,"Desendeudamiento y gobernabilidad regional. Bilaterales con Chavez, Lagos y Fox.",https://www.iri.edu.ar/publicaciones_iri/anuario/CD%20Anuario%202005/Cerpi/03-memoria%20mrecic%2004_anexos.pdf,High,"Memoria oficial Cancilleria 2004; Campos de micro-conducta (MetHostHOGS y afines) completados desde Diplometrics COLT, 2026-08-03.",Cooperación Política General,Verificada-URL,FALSE,TRUE,President Carlos Mesa,TRUE,FALSE,FALSE,FALSE,TRUE,International Monetary Fund (IMF) Managing Director Horst Kohler
ARG-NK-J031,132,Néstor Kirchner,Argentina,Completed,2004-01-26,2004-01-30,5,Spain,Europe,Madrid,Bilateral,Working Visit,NA,Feria Internacional de Turismo (FITUR),Otro actor no estatal,Promocion turistica y comercial en FITUR.,https://www.iri.edu.ar/publicaciones_iri/anuario/CD%20Anuario%202005/Cerpi/03-memoria%20mrecic%2004_anexos.pdf,High,"Memoria oficial Cancilleria 2004; Campos de micro-conducta (MetHostHOGS y afines) completados desde Diplometrics COLT, 2026-08-03.",NA,Verificada-URL,TRUE,FALSE,NA,FALSE,FALSE,FALSE,TRUE,FALSE,NA
ARG-NK-J032,133,Néstor Kirchner,Argentina,Completed,2004-02-27,2004-02-28,2,Venezuela,South America,Caracas,Multilateral,Global Forum,TRUE,XII Cumbre del G-15,NA,Tesis de la deuda impagable sin desarrollo. Coincidio con Chavez y Khatami (Iran).,https://www.iri.edu.ar/publicaciones_iri/anuario/CD%20Anuario%202005/Cerpi/03-memoria%20mrecic%2004_anexos.pdf,High,"Memoria oficial Cancilleria 2004; Campos de micro-conducta (MetHostHOGS y afines) completados desde Diplometrics COLT, 2026-08-03.",Cooperación Política General,Verificada-URL,TRUE,FALSE,NA,FALSE,FALSE,FALSE,FALSE,FALSE,NA
ARG-NK-J033,134,Néstor Kirchner,Argentina,Completed,2004-03-15,2004-03-16,2,Brazil,South America,Rio de Janeiro,Bilateral,Working Visit,NA,Lula da Silva,Jefe de Estado/Gobierno,Visita a Brasil; agenda bilateral y MERCOSUR.,https://www.iri.edu.ar/publicaciones_iri/anuario/CD%20Anuario%202005/Cerpi/03-memoria%20mrecic%2004_anexos.pdf,High,"Memoria oficial Cancilleria 2004; Campos de micro-conducta (MetHostHOGS y afines) completados desde Diplometrics COLT, 2026-08-03.",NA,Verificada-URL,TRUE,FALSE,NA,FALSE,TRUE,FALSE,FALSE,FALSE,NA
ARG-NK-J034,135,Néstor Kirchner,Argentina,Completed,2004-05-04,2004-05-06,3,United States,North America,New York,Bilateral,Working Visit,NA,Council of the Americas / American Jewish Committee,Otro actor no estatal,Foros de inversiones y relacion con EE.UU. y la comunidad judia (NY y Washington).,https://www.iri.edu.ar/publicaciones_iri/anuario/CD%20Anuario%202005/Cerpi/03-memoria%20mrecic%2004_anexos.pdf,High,"Memoria oficial Cancilleria 2004. Incluyo Washington; Campos de micro-conducta (MetHostHOGS y afines) completados desde Diplometrics COLT, 2026-08-03.",NA,Verificada-URL,FALSE,FALSE,NA,TRUE,FALSE,FALSE,FALSE,FALSE,NA
ARG-NK-J035,136,Néstor Kirchner,Argentina,Completed,2004-06-28,2004-07-02,5,China,Asia-Pacific,Beijing,Bilateral,State Visit,NA,Hu Jintao,Jefe de Estado/Gobierno,Visita de Estado a China (Beijing y Shanghai); diversificacion de mercados. Honoris Causa U. Fudan.,https://www.iri.edu.ar/publicaciones_iri/anuario/CD%20Anuario%202005/Cerpi/03-memoria%20mrecic%2004_anexos.pdf,High,"Memoria oficial 2004. Escala en Moscu frustro reunion con Putin (clima + decision de Putin); Campos de micro-conducta (MetHostHOGS y afines) completados desde Diplometrics COLT, 2026-08-03. CORREGIDO 2026-08-17 (verificacion COLT redo): End_Date 2004-07-03->2004-07-02 segun Cancilleria Argentina; MFA China.",NA,Verificada-URL,TRUE,FALSE,NA,TRUE,TRUE,FALSE,TRUE,FALSE,NA
ARG-NK-J036,137,Néstor Kirchner,Argentina,Completed,2004-07-22,2004-07-23,2,Bolivia,South America,Tarija,Bilateral,Working Visit,NA,Carlos Mesa,Jefe de Estado/Gobierno,Agenda energetica / gas con Bolivia.,https://www.iri.edu.ar/publicaciones_iri/anuario/CD%20Anuario%202005/Cerpi/03-memoria%20mrecic%2004_anexos.pdf,High,"Memoria oficial Cancilleria 2004; Campos de micro-conducta (MetHostHOGS y afines) completados desde Diplometrics COLT, 2026-08-03.",NA,Verificada-URL,TRUE,FALSE,NA,FALSE,TRUE,FALSE,FALSE,FALSE,NA
ARG-NK-J054,138,Néstor Kirchner,Argentina,Completed,2004-07-24,2004-07-25,2,Venezuela,South America,Caracas,Bilateral,Working Visit,NA,Presidente Hugo Chávez,Jefe de Estado/Gobierno,Visita bilateral; firma de 9 acuerdos/memorandos de integracion energetica y financiera; reunion empresarial argentino-venezolana.,https://www.vozdeamerica.com/a/a-2004-07-26-17-1/24854.html,Medium,"Gap COLT 2026-08-03. Nota COLT menciona erroneamente 'Argentina Conference in New York', descartada por no corresponder al pais visitado.",NA,Verificada-URL,TRUE,FALSE,NA,FALSE,FALSE,FALSE,TRUE,FALSE,NA
ARG-NK-J037,139,Néstor Kirchner,Argentina,Completed,2004-09-21,2004-09-24,4,United States,North America,New York,Multilateral,Global Forum,NA,59ª Asamblea General de la ONU,NA,Discurso ante la ONU; reclamo de rediseno del FMI; Malvinas.,https://www.iri.edu.ar/publicaciones_iri/anuario/CD%20Anuario%202005/Cerpi/03-memoria%20mrecic%2004_anexos.pdf,High,"Memoria oficial Cancilleria 2004; Campos de micro-conducta (MetHostHOGS y afines) completados desde Diplometrics COLT, 2026-08-03.",Cooperación Política General,Verificada-URL,FALSE,FALSE,NA,TRUE,FALSE,FALSE,FALSE,FALSE,NA
ARG-NK-J038,140,Néstor Kirchner,Argentina,Completed,2004-10-14,2004-10-14,1,Bolivia,South America,Sucre,Bilateral,Working Visit,NA,Carlos Mesa,Jefe de Estado/Gobierno,Firma del Protocolo Adicional del acuerdo energetico Argentina-Bolivia.,https://www.iri.edu.ar/publicaciones_iri/anuario/CD%20Anuario%202005/Cerpi/03-memoria%20mrecic%2004_anexos.pdf,High,"Memoria oficial Cancilleria 2004; Campos de micro-conducta (MetHostHOGS y afines) completados desde Diplometrics COLT, 2026-08-03.",NA,Verificada-URL,TRUE,FALSE,NA,FALSE,TRUE,FALSE,FALSE,FALSE,NA
ARG-NK-J039,141,Néstor Kirchner,Argentina,Completed,2004-11-18,2004-11-20,3,Costa Rica,Central America,San José,Multilateral,Regional Summit,NA,XIV Cumbre Iberoamericana,NA,Cumbre Iberoamericana 'educar para progresar'.,https://segib.org/?summit=xiv-cumbre-iberoamericana-san-jose-2004,High,"Memoria oficial 2004 + SEGIB; Campos de micro-conducta (MetHostHOGS y afines) completados desde Diplometrics COLT, 2026-08-03.",Cooperación Política General,Verificada-URL,FALSE,TRUE,Prime Minister Jose Luis Rodriguez Zapatero,FALSE,FALSE,FALSE,FALSE,FALSE,NA
ARG-NK-J040,142,Néstor Kirchner,Argentina,Completed,2004-12-17,2004-12-18,2,Brazil,South America,Ouro Preto,Multilateral,Regional Summit,NA,XXVII Cumbre del MERCOSUR (Belo Horizonte / Ouro Preto),NA,Consejo del Mercado Comun y Cumbre de Presidentes del MERCOSUR.,https://www.iri.edu.ar/publicaciones_iri/anuario/CD%20Anuario%202005/Cerpi/03-memoria%20mrecic%2004_anexos.pdf,High,"Memoria oficial Cancilleria 2004; Campos de micro-conducta (MetHostHOGS y afines) completados desde Diplometrics COLT, 2026-08-03. CORREGIDO 2026-08-17 (verificacion COLT redo): Start_Date 2004-12-16->2004-12-17; End_Date 2004-12-17->2004-12-18 segun Agrositio.",Comercio/Integración Económica,Verificada-URL,TRUE,FALSE,NA,TRUE,FALSE,FALSE,FALSE,FALSE,NA
ARG-NK-J055,143,Néstor Kirchner,Argentina,Completed,2005-01-19,2005-01-20,2,France,Europe,Paris,Bilateral,Working Visit,NA,Presidente Jacques Chirac,Jefe de Estado/Gobierno,"Reunion bilateral con Jacques Chirac en el Palacio del Eliseo, Paris.",https://www.alamy.com/french-president-jacques-chirac-nestor-kirchner-for-talks-at-the-elysee-palace-in-paris-france-on-january-20-2005-photo-by-laurent-zabulonabaca-image401980738.html,Medium,"Gap COLT 2026-08-03. Fecha confirmada por agencia fotografica (Abaca/Alamy), 20/1/2005.",NA,Verificada-URL,TRUE,FALSE,NA,FALSE,FALSE,FALSE,FALSE,FALSE,NA
ARG-NK-J041,144,Néstor Kirchner,Argentina,Completed,2005-03-01,2005-03-02,2,Uruguay,South America,Montevideo,Bilateral,Inauguration/Funeral,NA,Asunción de Tabaré Vázquez,Jefe de Estado/Gobierno,Asuncion presidencial de Tabare Vazquez.,http://archivo.presidencia.gub.uy/_web/noticias/2005/03/2005030111.htm,High,"Asistencia muy probable; verificar en Boletin Oficial. Fuente oficial (Presidencia de Uruguay, transcripcion del discurso de asuncion de Vazquez, 1-mar-2005) menciona explicitamente a Kirchner y confirma la firma de un acuerdo bilateral de DDHH al dia siguiente, lo que acredita su presencia fisica en Montevideo; Campos de micro-conducta (MetHostHOGS y afines) completados desde Diplometrics COLT, 2026-08-03. CORREGIDO 2026-08-17 (verificacion COLT redo): End_Date 2005-03-01->2005-03-02 segun Infobae.",NA,Verificada-URL,FALSE,FALSE,NA,FALSE,FALSE,TRUE,FALSE,FALSE,NA
ARG-NK-J056,145,Néstor Kirchner,Argentina,Completed,2005-03-14,2005-03-14,1,Chile,South America,Santiago,Bilateral,State Visit,NA,Presidente Ricardo Lagos,Jefe de Estado/Gobierno,Visita de Estado; firma de convenios espacial/consular/educativo/antidrogas; discurso sobre la crisis del gas en La Moneda.,https://www.casarosada.gob.ar/informacion/archivo/24509-blank-57588911,High,Gap COLT 2026-08-03. COLT listaba erroneamente esta visita en 2004-03-12/13; la fuente oficial (discurso Casa Rosada) confirma que fue el lunes 14/3/2005; se descarto el candidato de 2004 por falta de evidencia (Kirchner estuvo en Bs.As. el 12/3/2004 presentando un proyecto de ley).,NA,Verificada-URL,TRUE,FALSE,NA,TRUE,TRUE,FALSE,TRUE,FALSE,NA
ARG-NK-J057,146,Néstor Kirchner,Argentina,Completed,2005-04-11,2005-04-14,4,Germany,Europe,Berlin,Bilateral,Working Visit,NA,Canciller Gerhard Schröder,Jefe de Estado/Gobierno,"Visita bilateral a Alemania; disertacion en la Fundacion Friedrich Ebert, Berlin, sobre relacion Argentina-Alemania y politica exterior.",https://www.casarosada.gob.ar/informacion/archivo/24705-blank-75627501,High,"Gap COLT 2026-08-03. Fuente oficial confirma la disertacion del 14/4/2005 (jueves); fecha de inicio (11/4) tomada de COLT, no verificada de forma independiente.",NA,Verificada-URL,TRUE,FALSE,NA,FALSE,FALSE,FALSE,FALSE,FALSE,NA
ARG-NK-J042,147,Néstor Kirchner,Argentina,Completed,2005-04-24,2005-04-24,1,Vatican City,Europe,Vatican City,Bilateral,Inauguration/Funeral,NA,Misa de asunción del Papa Benedicto XVI,Jefe de Estado/Gobierno,"Misa inaugural del pontificado de Benedicto XVI, tras la polemica por su ausencia en el funeral de Juan Pablo II.",https://www.todo-argentina.net/historia/democracia/kirchner/2005.html,High,"Viajo con CFK y el canciller Bielsa; Campos de micro-conducta (MetHostHOGS y afines) completados desde Diplometrics COLT, 2026-08-03.",NA,Verificada-URL,FALSE,FALSE,NA,FALSE,FALSE,TRUE,FALSE,FALSE,NA
ARG-NK-J043,148,Néstor Kirchner,Argentina,Completed,2005-05-10,2005-05-11,2,Brazil,South America,Brasília,Multilateral,Regional Summit,TRUE,I Cumbre América del Sur-Países Árabes (ASPA),NA,Cumbre ASPA; acercamiento birregional; reunion con Mahmoud Abbas.,https://es.wikipedia.org/wiki/Cumbre_Am%C3%A9rica_del_Sur-Pa%C3%ADses_%C3%81rabes,High,"ASPA confirmada 10-11 may 2005 en Brasilia; Campos de micro-conducta (MetHostHOGS y afines) completados desde Diplometrics COLT, 2026-08-03.",Comercio/Integración Económica,Verificada-URL,FALSE,FALSE,NA,FALSE,FALSE,FALSE,FALSE,FALSE,NA
ARG-NK-J058,149,Néstor Kirchner,Argentina,Completed,2005-06-19,2005-06-20,2,Paraguay,South America,Asunción,Multilateral,Regional Summit,NA,Cumbre de Presidentes del MERCOSUR,NA,Cumbre semestral de Jefes de Estado del MERCOSUR en Asuncion.,Search Query: Kirchner cumbre presidentes Mercosur Asuncion junio 2005,Low,"Gap COLT 2026-08-03. No se hallo cobertura de prensa propia con fecha exacta de la cumbre presidencial (solo la decision CMC Nº18/05 del 19/6/2005, que corrobora la fecha de la reunion en Asuncion); patron consistente con calendario semestral MERCOSUR.",Comercio/Integración Económica,Solo-Query,TRUE,TRUE,Presidente Tabaré Vázquez,FALSE,FALSE,FALSE,FALSE,FALSE,NA
ARG-NK-J044,150,Néstor Kirchner,Argentina,Completed,2005-09-14,2005-09-15,2,United States,North America,New York,Multilateral,Global Forum,TRUE,Cumbre Mundial 2005 / 60ª Asamblea General ONU,NA,Discurso ante la ONU; criticas al FMI; Malvinas. Bilateral con Putin (concreto el frustrado en Moscu 2004).,https://www.cfkargentina.com/nestor-kirchner-en-las-naciones-unidas-en-2005/,High,"Discurso fechado; confirmar presencia fisica en Boletin Oficial. Fuente oficial (transcripcion del discurso, sitio institucional cfkargentina.com) confirma fecha exacta 14-set-2005 y contenido (FMI, Malvinas). No se hallo fuente que confirme el bilateral puntual con Putin mencionado en Trip_Objective; se mantiene sin corregir por falta de evidencia en contra; Campos de micro-conducta (MetHostHOGS y afines) completados desde Diplometrics COLT, 2026-08-03.",Cooperación Política General,Verificada-URL,FALSE,TRUE,President Tabare Vazquez,TRUE,FALSE,FALSE,FALSE,TRUE,International Monetary Fund (IMF) Managing Director Rodrigo de Rato
ARG-NK-J045,151,Néstor Kirchner,Argentina,Completed,2005-10-14,2005-10-15,2,Spain,Europe,Salamanca,Multilateral,Regional Summit,TRUE,XV Cumbre Iberoamericana,NA,"Cumbre Iberoamericana (debut SEGIB). Bilaterales con Zapatero, los Reyes y Lula.",https://segib.org/?summit=xv-cumbre-iberoamericana-salamanca-2005,High,"Asistio (fotos oficiales SEGIB); Campos de micro-conducta (MetHostHOGS y afines) completados desde Diplometrics COLT, 2026-08-03.",Cooperación Política General,Verificada-URL,TRUE,TRUE,President Hugo Chavez,FALSE,TRUE,FALSE,TRUE,FALSE,NA
ARG-NK-J046,152,Néstor Kirchner,Argentina,Completed,2005-11-21,2005-11-21,1,Venezuela,South America,Ciudad Guayana,Bilateral,Working Visit,NA,Hugo Chávez (Declaración del Orinoco),Jefe de Estado/Gobierno,Integracion energetica; compra venezolana de bonos argentinos; ingreso de Venezuela al MERCOSUR.,https://www.todo-argentina.net/historia/democracia/kirchner/2005.html,Medium,"Declaracion del Orinoco con Chavez; Campos de micro-conducta (MetHostHOGS y afines) completados desde Diplometrics COLT, 2026-08-03.",NA,Verificada-URL,TRUE,FALSE,NA,FALSE,TRUE,FALSE,FALSE,FALSE,NA
ARG-NK-J059,153,Néstor Kirchner,Argentina,Completed,2005-12-09,2005-12-10,2,Uruguay,South America,Montevideo,Multilateral,Regional Summit,NA,Cumbre de Presidentes del MERCOSUR,NA,Cumbre semestral de Jefes de Estado del MERCOSUR en Montevideo; se acordo el ingreso de Venezuela al bloque.,https://www.argentina.gob.ar/normativa/nacional/acta-2-2005-115151/texto,Medium,Gap COLT 2026-08-03. Fuente oficial (Acta CMC 02/05) confirma la XXIX Reunion del Consejo del Mercado Comun en Montevideo el 7-8/12/2005 (ingreso de Venezuela); la cumbre presidencial subsiguiente (9-10/12 segun COLT) no se confirmo con fuente separada pero es coherente con el patron protocolar (cumbre de presidentes inmediatamente despues del CMC).,Comercio/Integración Económica,Verificada-URL,TRUE,FALSE,NA,FALSE,FALSE,FALSE,FALSE,FALSE,NA
ARG-NK-J060,154,Néstor Kirchner,Argentina,Completed,2006-01-18,2006-01-19,2,Brazil,South America,Brasília,Bilateral,Working Visit,NA,Presidente Luiz Inácio Lula da Silva,Jefe de Estado/Gobierno,Visita bilateral a Brasilia; balance de la alianza estrategica Argentina-Brasil (Consenso de Buenos Aires) y del Mercosur.,https://www.casarosada.gob.ar/informacion/archivo/24871-blank-44389396,High,"Gap COLT 2026-08-03. Fuente oficial (discurso Casa Rosada) fechada miercoles 18/1/2006, coincide exactamente con COLT.",NA,Verificada-URL,TRUE,FALSE,NA,FALSE,FALSE,FALSE,FALSE,FALSE,NA
ARG-NK-J047,155,Néstor Kirchner,Argentina,Completed,2006-01-22,2006-01-22,1,Bolivia,South America,La Paz,Bilateral,Inauguration/Funeral,TRUE,Asunción de Evo Morales,Jefe de Estado/Gobierno,"Asuncion de Evo Morales; asistieron tambien Chavez, Lula y Lagos.",https://www.lanacion.com.ar/politica/al-final-morales-visitara-a-kirchner-nid770255/,Medium,"Anio de minima actividad internacional de NK. La Nacion (6-ene-2006) confirma el anuncio oficial del gobierno argentino de que Kirchner asistiria a la asuncion de Evo Morales en La Paz el 22-ene-2006; cobertura internacional (Deseret News/AP) confirma su presencia efectiva en la ceremonia; Campos de micro-conducta (MetHostHOGS y afines) completados desde Diplometrics COLT, 2026-08-03.",NA,Verificada-URL,FALSE,FALSE,NA,FALSE,FALSE,TRUE,FALSE,FALSE,NA
ARG-NK-J061,156,Néstor Kirchner,Argentina,Completed,2006-03-10,2006-03-11,2,Chile,South America,Valparaíso,Bilateral,Inauguration/Funeral,NA,Asunción presidencial de Michelle Bachelet,Jefe de Estado/Gobierno,Asistio a la ceremonia de asuncion de Michelle Bachelet ante el Congreso Pleno en Valparaiso.,Search Query: Kirchner asuncion Bachelet 11 marzo 2006 Valparaiso Congreso delegacion argentina,Low,"Gap COLT 2026-08-03. No se hallo cobertura de prensa propia que confirme explicitamente la presencia fisica de Kirchner (las busquedas devolvieron mayormente cobertura de la segunda asuncion de Bachelet en 2014, con CFK). Se conserva por alta plausibilidad protocolar (el propio Kirchner saludo la eleccion de Bachelet en su discurso oficial en Brasilia del 18/1/2006) y por consistencia con el patron de asistencia argentina a asunciones vecinas ya documentado en la base (Uruguay 2005, Bolivia 2006). COLT marca MetHostHOGS=No pese a CulturalSiteOrCeremony=Yes, sugiriendo asistencia al acto sin bilateral formal registrado.",NA,Solo-Query,FALSE,FALSE,NA,FALSE,FALSE,TRUE,FALSE,FALSE,NA
ARG-NK-J062,157,Néstor Kirchner,Argentina,Completed,2006-04-25,2006-04-26,2,Brazil,South America,São Paulo,Multilateral,Regional Summit,NA,Reunion trilateral Argentina-Brasil-Venezuela (Kirchner-Lula-Chávez),NA,Cuarta reunion trilateral con Lula y Chavez sobre el Gasoducto del Sur; se acordo abrir el proyecto a Bolivia y al resto de Sudamerica.,http://www.biblioteca.presidencia.gov.br/presidencia/ex-presidentes/luiz-inacio-lula-da-silva/galeria-de-fotos/fotos-de-viagens-nacionais-2006/presidente-lula-e-os-presidentes-nestor-kirchner-da-argentina-e-hugo-chavez-da-venezuela-encontram-se-em-sao-paulo-para-reuniao-trilateral.jpg/view,High,Gap COLT 2026-08-03. Confirmado por archivo fotografico oficial de la Presidencia de Brasil y por Infobae (26/4/2006).,Energía,Verificada-URL,TRUE,FALSE,NA,FALSE,TRUE,FALSE,FALSE,FALSE,NA
ARG-NK-J063,158,Néstor Kirchner,Argentina,Completed,2006-05-11,2006-05-13,3,Austria,Europe,Vienna,Multilateral,Global Forum,NA,IV Cumbre Unión Europea - América Latina y el Caribe,NA,IV Cumbre birregional UE-ALC en Viena; discurso sobre doble estandar ambiental de los paises desarrollados (conflicto de las papeleras).,https://www.pagina12.com.ar/diario/elpais/1-66850-2006-05-13.html,Medium,"Gap COLT 2026-08-03. Confirmado por Pagina/12 (13/5/2006) y por comunicado oficial de la Comision Europea (11-12/5/2006, Viena).",Cooperación Política General,Verificada-URL,FALSE,TRUE,Presidente Hugo Chávez,TRUE,FALSE,FALSE,FALSE,FALSE,NA
ARG-NK-J064,159,Néstor Kirchner,Argentina,Completed,2006-06-21,2006-06-24,4,Spain,Europe,Madrid,Bilateral,State Visit,NA,Presidente del Gobierno José Luis Rodríguez Zapatero,Jefe de Estado/Gobierno,Visita de Estado; firma del Plan de Asociacion Estrategica España-Argentina 2006-2007; reunion con empresarios en Madrid.,https://www.casarosada.gob.ar/informacion/archivo/24686,High,Gap COLT 2026-08-03. Confirmado por discurso oficial de Casa Rosada tras el encuentro con Zapatero y por conferencia de prensa conjunta en el Palacio de la Moncloa.,NA,Verificada-URL,TRUE,FALSE,NA,TRUE,TRUE,FALSE,TRUE,FALSE,NA
ARG-NK-J065,160,Néstor Kirchner,Argentina,Completed,2006-07-04,2006-07-05,2,Venezuela,South America,Caracas,Multilateral,Regional Summit,NA,Ceremonia de incorporacion de Venezuela al MERCOSUR,NA,"Presencio la firma del protocolo de adhesion de Venezuela al MERCOSUR como quinto miembro pleno, en el Teatro Teresa Carreño de Caracas.",https://mercociudades.org/venezuela-se-incorpora-al-mercosur/,Medium,"Gap COLT 2026-08-03. La fuente confirma la presencia de Kirchner junto a Lula, Duarte Frutos y Vazquez en la ceremonia del 4/7/2006.",Comercio/Integración Económica,Verificada-URL,TRUE,FALSE,NA,FALSE,TRUE,FALSE,FALSE,FALSE,NA
ARG-NK-J066,161,Néstor Kirchner,Argentina,Completed,2006-07-17,2006-07-18,2,Paraguay,South America,Asunción,Bilateral,Working Visit,NA,Presidente Nicanor Duarte Frutos,Jefe de Estado/Gobierno,Visita oficial de menos de un dia; firma de condonacion de deuda de Yacyreta y acuerdos sobre puentes Posadas-Encarnacion y regularizacion migratoria.,https://www.ellitoral.com/edicion-online/kirchner-firma-acuerdos-duarte-frutos-yacireta_0_oyYow9jm5r.html,High,"Gap COLT 2026-08-03. Cronica de Telam (El Litoral, 18/7/2006) confirma llegada el lunes 17/7 y firma de acuerdos el martes 18/7.",NA,Verificada-URL,TRUE,FALSE,NA,FALSE,TRUE,FALSE,FALSE,FALSE,NA
ARG-NK-J067,162,Néstor Kirchner,Argentina,Completed,2006-09-19,2006-09-23,5,United States,North America,New York,Multilateral,Global Forum,NA,61ª Asamblea General de las Naciones Unidas,NA,"Discurso ante la 61ra Asamblea General de la ONU: derechos humanos, terrorismo, reforma del FMI y doble estandar ambiental.",https://www.cfkargentina.com/nestor-kirchner-en-la-onu-2006/,High,"Gap COLT 2026-08-03. Transcripcion oficial del discurso (61a Asamblea General, publicada 20/9/2006); brecha real en la base: no habia ningun viaje de NK a la ONU cargado para 2006.",Cooperación Política General,Verificada-URL,FALSE,FALSE,NA,TRUE,FALSE,FALSE,TRUE,FALSE,NA
ARG-NK-J068,163,Néstor Kirchner,Argentina,Completed,2006-10-19,2006-10-20,2,Bolivia,South America,Santa Cruz de la Sierra,Bilateral,Working Visit,NA,Presidente Evo Morales,Jefe de Estado/Gobierno,Firma de acuerdo historico de provision de gas boliviano por 20 anios (unos USD 17.000 millones).,https://www.lanacion.com.ar/politica/kirchner-y-morales-firman-el-acuerdo-nid818914/,Medium,"Gap COLT 2026-08-03. Confirmado por multiples medios (LA NACION, Pagina/12, El Economista, Perfil) con fecha 19-20/10/2006.",NA,Verificada-URL,TRUE,FALSE,NA,TRUE,TRUE,FALSE,FALSE,FALSE,NA
ARG-NK-J069,164,Néstor Kirchner,Argentina,Completed,2006-11-04,2006-11-05,2,Uruguay,South America,Montevideo,Multilateral,Regional Summit,NA,XVI Cumbre Iberoamericana,NA,XVI Cumbre Iberoamericana en Montevideo pese a la tension bilateral por las papeleras; encuentro con Zapatero.,https://www.cancilleria.gob.ar/es/actualidad/comunicados/la-argentina-participa-de-la-xvi-cumbre-iberoamericana-con-el-plan-patria,High,"IMPORTANTE: pese a la premisa inicial de que este fue un caso de AUSENCIA deliberada de Kirchner (como Cusco 2004), la investigacion de esta ronda encontro evidencia positiva de asistencia fisica: comunicado oficial de Cancilleria sobre la participacion argentina y nota de prensa del 2/11/2006 ('Kirchner ira a la Cumbre de Uruguay') confirmando que viajo pese a las dudas por el conflicto de las papeleras. Se recomienda revisar la referencia a este evento en hallazgos_analiticos.txt como posible caso de AUSENCIA MAL ATRIBUIDO (podria corresponder a otra cumbre, p.ej. no confundir con la Cumbre de Salamanca 2005 donde SI hubo reduccion de perfil).",Cooperación Política General,Verificada-URL,TRUE,FALSE,NA,FALSE,FALSE,FALSE,FALSE,FALSE,NA
ARG-NK-J048,165,Néstor Kirchner,Argentina,Completed,2007-01-18,2007-01-19,2,Brazil,South America,Rio de Janeiro,Multilateral,Regional Summit,NA,Cumbre del MERCOSUR,NA,"Cumbre MERCOSUR; impulso al Banco del Sur, Gasoducto del Sur y FOCEM.",https://nacionalypopular.com/2007/01/19/cumbre-mercosur-kirchner-pide-un-banco-del-sur/,Medium,"Confirmar fecha exacta en Boletin Oficial. Cobertura de agencias (ANSA/EFE, republicada) confirma presencia de Kirchner en la Cumbre del MERCOSUR en Rio de Janeiro, 18-19 ene-2007, con pedido de Banco del Sur, Gasoducto del Sur y moneda unica; Campos de micro-conducta (MetHostHOGS y afines) completados desde Diplometrics COLT, 2026-08-03.",Comercio/Integración Económica,Verificada-URL,TRUE,FALSE,NA,FALSE,FALSE,FALSE,FALSE,FALSE,NA
ARG-NK-J070,166,Néstor Kirchner,Argentina,Completed,2007-02-20,2007-02-21,2,Venezuela,South America,Caracas,Bilateral,Working Visit,NA,Presidente Hugo Chávez,Jefe de Estado/Gobierno,Firma de 17 acuerdos bilaterales; inauguro perforacion conjunta ENARSA-PDVSA en la Faja del Orinoco; respaldo publico a Chavez frente a EE.UU.,https://www.casarosada.gob.ar/informacion/archivo/25027-blank-97623617,High,Gap COLT 2026-08-03. Confirmado por discurso oficial de Casa Rosada y por Perfil/Venezuelanalysis (20-22/2/2007).,NA,Verificada-URL,TRUE,FALSE,NA,FALSE,TRUE,FALSE,TRUE,FALSE,NA
ARG-NK-J049,167,Néstor Kirchner,Argentina,Completed,2007-04-16,2007-04-17,2,Venezuela,South America,Isla Margarita,Multilateral,Regional Summit,TRUE,I Cumbre Energética Sudamericana,NA,Integracion energetica; Gasoducto del Sur; Banco del Sur. Anfitrion Chavez.,https://www.pagina12.com.ar/diario/economia/2-83587-2007-04-18.html,Medium,"Pagina/12 (enviado especial a Isla Margarita) confirma presencia de Kirchner en la I Cumbre Energetica Suramericana, 16-17 abr-2007 (aunque se retiro unas horas antes del cierre de las deliberaciones); Campos de micro-conducta (MetHostHOGS y afines) completados desde Diplometrics COLT, 2026-08-03.",Energía,Verificada-URL,TRUE,FALSE,NA,FALSE,FALSE,FALSE,FALSE,FALSE,NA
ARG-NK-J050,168,Néstor Kirchner,Argentina,Completed,2007-06-28,2007-06-29,2,Paraguay,South America,Asunción,Multilateral,Regional Summit,NA,XXXIII Cumbre del MERCOSUR,NA,Cumbre MERCOSUR; crisis energetica como cuestion regional; criticas a Repsol-YPF y Petrobras.,https://www.casarosada.gob.ar/informacion/archivo/24237-blank-64020423,High,"Fuente oficial (Casa Rosada, archivo de discursos) transcribe las palabras de Kirchner en la Cumbre del MERCOSUR en Asuncion, viernes 29-jun-2007; Campos de micro-conducta (MetHostHOGS y afines) completados desde Diplometrics COLT, 2026-08-03.",Comercio/Integración Económica,Verificada-URL,TRUE,TRUE,President Michelle Bachelet,FALSE,FALSE,FALSE,FALSE,FALSE,NA
ARG-NK-J071,169,Néstor Kirchner,Argentina,Completed,2007-07-29,2007-08-01,4,Mexico,North America,Mexico City,Bilateral,State Visit,NA,Presidente Felipe Calderón,Jefe de Estado/Gobierno,"Visita de tres dias; discurso en el Senado mexicano; firma de acuerdo de integracion economica, politica, social y cultural con Calderon.",https://www.lanacion.com.ar/politica/los-kirchner-mucho-mas-cerca-de-mexico-nid929935/,Medium,Gap COLT 2026-08-03. Confirmado por LA NACION y Wikinoticias; viaje busco superar el desencuentro Kirchner-Fox de la Cumbre de las Americas Mar del Plata 2005.,NA,Verificada-URL,TRUE,FALSE,NA,TRUE,TRUE,FALSE,TRUE,FALSE,NA
ARG-NK-J051,170,Néstor Kirchner,Argentina,Completed,2007-08-10,2007-08-10,1,Bolivia,South America,Tarija,Multilateral,Working Visit,NA,Reunión trilateral con Chávez y Morales,NA,Relanzamiento del Gasoducto del Sur; convenios de hidrocarburos; credito argentino US$ 450 millones.,https://www.emol.com/noticias/internacional/2007/08/10/265499/kirchner-chavez-y-morales-relanzan-gasoducto-del-sur.html,High,"Reunion trilateral (3 paises); Campos de micro-conducta (MetHostHOGS y afines) completados desde Diplometrics COLT, 2026-08-03.",Cooperación Política General,Verificada-URL,TRUE,TRUE,President Hugo Chavez,TRUE,TRUE,FALSE,FALSE,FALSE,NA
ARG-NK-J052,171,Néstor Kirchner,Argentina,Completed,2007-09-25,2007-09-25,1,United States,North America,New York,Multilateral,Global Forum,NA,62ª Asamblea General de la ONU,NA,"Ultima presentacion como presidente ante la ONU; AMIA/Iran, Malvinas, reforma del Consejo de Seguridad y del FMI.",https://www.casarosada.gob.ar/informacion/archivo/24141-blank-89376803,High,"Confirmado por Casa Rosada y Pagina/12; Campos de micro-conducta (MetHostHOGS y afines) completados desde Diplometrics COLT, 2026-08-03.",Cooperación Política General,Verificada-URL,FALSE,FALSE,NA,TRUE,FALSE,FALSE,FALSE,FALSE,NA
ARG-NK-J053,172,Néstor Kirchner,Argentina,Completed,2007-11-08,2007-11-10,3,Chile,South America,Santiago,Multilateral,Regional Summit,TRUE,XVII Cumbre Iberoamericana,NA,Cumbre Iberoamericana 'cohesion social'; ultima accion exterior como presidente. Increpo a Tabare Vazquez por las papeleras.,https://segib.org/?summit=xvii-cumbre-iberoamericana-santiago-2007,High,"Anfitriona Bachelet; SEGIB + Infobae + Pagina/12; Campos de micro-conducta (MetHostHOGS y afines) completados desde Diplometrics COLT, 2026-08-03.",Cooperación Política General,Verificada-URL,TRUE,FALSE,NA,TRUE,FALSE,FALSE,FALSE,FALSE,NA
ARG-CFK-J125,173,Cristina Fernández de Kirchner,Argentina,Completed,2007-12-17,2007-12-18,2,Uruguay,South America,Montevideo,Multilateral,Regional Summit,NA,XXXIV Cumbre del Mercosur (recepción de la presidencia pro tempore de manos de Tabaré Vázquez),NA,"A una semana de asumir, CFK viajó a Montevideo para recibir la presidencia pro tempore del Mercosur; firma de TLC Mercosur-Israel.",https://www.pagina12.com.ar/diario/elpais/1-96254-2007-12-16.html,Medium,"Fecha del traspaso confirmada por Página/12 (previa al evento) y por discurso posterior de CFK en cfkargentina.com donde recuerda haber asumido la pro-tempore en Montevideo el 10-dic-2007 (mismo viaje); Campos de micro-conducta (MetHostHOGS y afines) completados desde Diplometrics COLT, 2026-08-03. CORREGIDO 2026-08-17 (verificacion COLT redo): Start_Date 2007-12-18->2007-12-17 segun Prensa (recopilacion viajes CFK).",Comercio/Integración Económica,Verificada-URL,TRUE,FALSE,NA,FALSE,FALSE,FALSE,FALSE,FALSE,NA
ARG-CFK-J054,174,Cristina Fernández de Kirchner,Argentina,Completed,2008-02-22,2008-02-22,1,Brazil,South America,Brasília,Bilateral,Working Visit,NA,Lula da Silva,Jefe de Estado/Gobierno,MICBA; Declaracion de la Casa Rosada. Agenda bilateral e integracion.,https://cancilleria.gob.ar/es/actualidad/comunicados/visita-de-estado-de-la-presidenta-cristina-fernandez-de-kirchner-brasil,Medium,"Fecha estimada (declaracion conjunta 22/02/2008). QA-R3 2026-07-26: revisado (un subagente lo marco candidata a eliminar por supuesta inversion origen/destino). Verificacion independiente: el titulo oficial de la fuente citada (cancilleria.gob.ar) es literalmente ""Visita de Estado de la Presidenta Cristina Fernandez de Kirchner a Brasil: Declaracion Conjunta"", lo que confirma que CFK SI viajo a Brasil el 22-feb-2008 (no al reves). El nombre ""Declaracion de la Casa Rosada"" es solo el nombre del documento, no indica lugar de firma. Fila CONFIRMADA correcta, no se modifica.",NA,Verificada-URL,NA,NA,NA,NA,NA,NA,NA,NA,NA
ARG-CFK-J144,175,Cristina Fernández de Kirchner,Argentina,Completed,2008-03-06,2008-03-06,1,Haiti,Caribbean,Port-au-Prince,Bilateral,Working Visit,NA,Tropas argentinas y hospital movil de la Fuerza Aerea en la mision MINUSTAH,Otro actor no estatal,Visito a las tropas argentinas desplegadas en la mision de paz de la ONU (MINUSTAH); recorrio el hospital movil de la Fuerza Aerea y la base de helicopteros.,https://www.lanacion.com.ar/politica/la-presidenta-visita-tropas-en-haiti-nid992917/,Medium,"Gap COLT 2026-08-03. Primer tramo de una gira de un dia que incluyo tambien Venezuela (mismo Journey_ID, ver fila siguiente).",NA,Verificada-URL,FALSE,FALSE,NA,FALSE,FALSE,FALSE,FALSE,FALSE,NA
ARG-CFK-J144,176,Cristina Fernández de Kirchner,Argentina,Completed,2008-03-06,2008-03-06,1,Venezuela,South America,Caracas,Bilateral,Working Visit,NA,Presidente Hugo Chávez,Jefe de Estado/Gobierno,Reunion con Chavez; firma de acuerdos de suministro de fuel oil y alimentos; compromiso de impulsar el ingreso de Venezuela al Mercosur; recibio las llaves de la ciudad y rindio homenaje a Bolivar en el Panteon Nacional.,Search Query: Cristina Kirchner Venezuela 6 de marzo 2008 Chavez acuerdos fuel oil alimentos,Low,Gap COLT 2026-08-03. Segundo tramo de la gira de un dia iniciada en Haiti (mismo Journey_ID). Confirmado por busqueda (firma de acuerdos de fuel oil/alimentos el 6/3/2008) pero sin URL primaria propia hallada.,NA,Solo-Query,TRUE,FALSE,NA,FALSE,TRUE,TRUE,FALSE,FALSE,NA
ARG-CFK-J126,177,Cristina Fernández de Kirchner,Argentina,Completed,2008-03-07,2008-03-07,1,Dominican Republic,Caribbean,Santo Domingo,Multilateral,Regional Summit,NA,XX Cumbre del Grupo de Río (crisis diplomática Colombia-Ecuador-Venezuela),NA,CFK participó de la cumbre de emergencia del Grupo de Río; junto a Calderón y Bachelet intentó mediar en el cruce entre Uribe y Correa.,https://es.wikipedia.org/wiki/XX_Cumbre_del_Grupo_de_R%C3%ADo,Medium,"Cumbre de un solo día. Declaración final oficial también publicada por SELA (sela.org); Campos de micro-conducta (MetHostHOGS y afines) completados desde Diplometrics COLT, 2026-08-03.",Cooperación Política General,Verificada-URL,FALSE,TRUE,President Michelle Bachelet,FALSE,FALSE,FALSE,FALSE,FALSE,NA
ARG-CFK-J137,178,Cristina Fernández de Kirchner,Argentina,Completed,2008-04-06,2008-04-07,2,France,Europe,Paris,Bilateral,Working Visit,NA,Nicolas Sarkozy,Jefe de Estado/Gobierno,Encabezo una marcha multitudinaria junto a organizaciones civiles (Abuelas/Madres de Plaza de Mayo) pidiendo la liberacion de Ingrid Betancourt; reunion bilateral con Sarkozy en el Elíseo.,https://www.pagina12.com.ar/diario/elpais/1-102007-2008-04-07.html,High,"Llego a Paris el domingo 6/4 (marcha por Betancourt); reunion con Sarkozy el lunes 7/4/2008. Fila agregada en fase de completitud (2026-07-22); Campos de micro-conducta (MetHostHOGS y afines) completados desde Diplometrics COLT, 2026-08-03.",NA,Verificada-URL,TRUE,FALSE,NA,FALSE,FALSE,TRUE,TRUE,FALSE,NA
ARG-CFK-J124,179,Cristina Fernández de Kirchner,Argentina,Completed,2008-05-16,2008-05-17,2,Peru,South America,Lima,Multilateral,Regional Summit,TRUE,V Cumbre América Latina y el Caribe - Unión Europea / minicumbre MERCOSUR-UE,NA,Discurso en la cumbre birregional ALC-UE y en la minicumbre Mercosur-UE; bilateral con la canciller alemana Angela Merkel.,https://www.lacapital.com.ar/politica/cristina-se-reunioacute-merkel-peruacute-n261523.html,Medium,"Campos de micro-conducta (MetHostHOGS y afines) completados desde Diplometrics COLT, 2026-08-03.",Cooperación Política General,Verificada-URL,TRUE,TRUE,President Evo Morales,FALSE,FALSE,FALSE,FALSE,FALSE,NA
ARG-CFK-J121,180,Cristina Fernández de Kirchner,Argentina,Completed,2008-05-23,2008-05-23,1,Brazil,South America,Brasília,Multilateral,Regional Summit,NA,Cumbre fundacional de UNASUR (firma del tratado constitutivo),NA,Firmó el tratado constitutivo de UNASUR en el centro de convenciones Ulises Guimarães; almuerzo con los presidentes en el Palacio de Itamaraty; regresó la misma noche.,https://www.lanueva.com/nota/2008-5-24-9-0-0-cristina-firmo-el-tratado-para-el-nacimiento-de-unasur,Medium,"Campos de micro-conducta (MetHostHOGS y afines) completados desde Diplometrics COLT, 2026-08-03.",Cooperación Política General,Verificada-URL,FALSE,TRUE,Chancellor Angela Merkel;President Evo Morales,FALSE,FALSE,FALSE,FALSE,FALSE,NA
ARG-CFK-J061,181,Cristina Fernández de Kirchner,Argentina,Completed,2008-06-01,2008-06-01,1,Venezuela,South America,Caracas,Bilateral,Working Visit,NA,Hugo Chávez,Jefe de Estado/Gobierno,Una de las seis visitas a Venezuela del primer mandato; agenda energetica y financiera.,Search Query: Cristina Kirchner Venezuela Chavez 2008 visita,Low,Fecha estimada YYYY-MM-01; Venezuela=6 visitas en el mandato (Perfil). Una representativa.,NA,No-verificable,NA,NA,NA,NA,NA,NA,NA,NA,NA
ARG-CFK-J138,182,Cristina Fernández de Kirchner,Argentina,Completed,2008-06-03,2008-06-05,3,Italy,Europe,Roma,Multilateral,Global Forum,NA,Conferencia de Alto Nivel sobre la Seguridad Alimentaria Mundial (FAO),NA,"Participo junto a Lula y otros jefes de Estado de la cumbre de la FAO sobre la crisis alimentaria mundial (precios de alimentos, cambio climatico y bioenergia).",https://www.cfkargentina.com/discurso-de-cristina-en-la-cumbre-del-mercosur-2008/,Medium,"CFK confirmo su asistencia en primera persona en su discurso del 1/7/2008 en la Cumbre del Mercosur ('asistimos conjuntamente' a la Cumbre de la FAO en Roma). Conferencia fechada 3-5/6/2008 segun documento oficial del Vaticano dirigido a la FAO; retrospectiva de prensa (Perfil) ubica la partida el 2/6/2008. Fila agregada en fase de completitud (2026-07-22); Campos de micro-conducta (MetHostHOGS y afines) completados desde Diplometrics COLT, 2026-08-03.",Cooperación Política General,Verificada-URL,FALSE,TRUE,President Luiz Inacio Lula da Silva,FALSE,FALSE,FALSE,FALSE,FALSE,NA
ARG-CFK-J139,183,Cristina Fernández de Kirchner,Argentina,Completed,2008-08-14,2008-08-15,2,Paraguay,South America,Asunción,Multilateral,Inauguration/Funeral,NA,Asunción de Fernando Lugo como presidente de Paraguay,NA,Asistio a la asuncion presidencial de Fernando Lugo (fin de 61 anos de hegemonia del Partido Colorado); Lugo agradecio la 'solidaridad' argentina en su discurso.,https://www.infobae.com/2008/08/16/397710-fernando-lugo-asumio-paraguay-y-agradecio-la-solidaridad-argentina/,Medium,"Ceremonia con una decena de mandatarios de la region presentes. Fila agregada en fase de completitud (2026-07-22); Campos de micro-conducta (MetHostHOGS y afines) completados desde Diplometrics COLT, 2026-08-03. CORREGIDO 2026-08-17 (verificacion COLT redo): Start_Date 2008-08-15->2008-08-14 segun Infobae; patron de viajes a asunciones presidenciales en Paraguay (confirmado para Cartes 2013).",Cooperación Política General,Verificada-URL,FALSE,TRUE,President Luiz Inacio Lula da Silva,FALSE,FALSE,TRUE,FALSE,FALSE,NA
ARG-CFK-J055,184,Cristina Fernández de Kirchner,Argentina,Completed,2008-09-07,2008-09-08,2,Brazil,South America,Brasília,Bilateral,State Visit,NA,Lula da Silva (Día de la Patria de Brasil),Jefe de Estado/Gobierno,Invitada de honor de las conmemoraciones del Dia de la Patria de Brasil; MICBA.,https://cancilleria.gob.ar/es/actualidad/comunicados/visita-de-estado-de-la-presidenta-cristina-fernandez-de-kirchner-brasil,High,"Campos de micro-conducta (MetHostHOGS y afines) completados desde Diplometrics COLT, 2026-08-03.",NA,Verificada-URL,TRUE,FALSE,NA,TRUE,TRUE,TRUE,FALSE,FALSE,NA
ARG-CFK-J135,185,Cristina Fernández de Kirchner,Argentina,Completed,2008-09-15,2008-09-15,1,Chile,South America,Santiago,Multilateral,Regional Summit,NA,I Cumbre extraordinaria de UNASUR (crisis política de Bolivia),NA,Cumbre de emergencia de UNASUR en el Palacio de La Moneda por la crisis politica boliviana (masacre de Pando); firma de la 'Declaracion de La Moneda' de apoyo a Evo Morales.,https://www.pagina12.com.ar/diario/ultimas/20-111625-2008-09-15.html,Medium,"Cumbre convocada de emergencia por la presidencia pro tempore chilena (Bachelet). Fuente confirma presencia personal de CFK ('reunida con otros ocho mandatarios sudamericanos, entre ellos la presidenta Cristina Fernandez de Kirchner'). Fila agregada en fase de completitud (2026-07-22); Campos de micro-conducta (MetHostHOGS y afines) completados desde Diplometrics COLT, 2026-08-03.",Cooperación Política General,Verificada-URL,FALSE,FALSE,NA,FALSE,FALSE,FALSE,FALSE,FALSE,NA
ARG-CFK-J056,186,Cristina Fernández de Kirchner,Argentina,Completed,2008-09-23,2008-09-23,1,United States,North America,New York,Multilateral,Global Forum,NA,63ª Asamblea General de la ONU,NA,"Discurso ante la ONU: DDHH, AMIA, deuda y Malvinas.",https://www.minutouno.com/cristina-kirchner-parte-reunion-laonu-y-g20-n116858,Low,"QA 2026-07-22 (auditoria de segunda opinion): la URL citada (minutouno.com/n116858) es un articulo real pero describe el viaje de CFK de septiembre 2009 (ONU+G20 Pittsburgh+Isla Margarita), NO el discurso del 23/9/2008. El hecho en si (discurso ante la 63a Asamblea General, 23-sep-2008) esta corroborado por otras fuentes (cfkargentina.com, casarosada.gob.ar) pero se necesita una URL primaria correcta. Fila conservada (hecho probablemente cierto) pero degradada a No-verificable/Low hasta reforzar la fuente; Campos de micro-conducta (MetHostHOGS y afines) completados desde Diplometrics COLT, 2026-08-03.",Cooperación Política General,No-verificable,TRUE,FALSE,NA,TRUE,FALSE,FALSE,FALSE,TRUE,United Nations (UN) Secretary-General Ban Ki-moon
ARG-CFK-J057,187,Cristina Fernández de Kirchner,Argentina,Completed,2008-10-29,2008-10-31,3,El Salvador,Central America,San Salvador,Multilateral,Regional Summit,NA,XVIII Cumbre Iberoamericana,NA,Cumbre Iberoamericana 'Juventud y Desarrollo'; tema dominante crisis financiera.,https://segib.org/es/cumbres-iberoamericanas/,High,"Campos de micro-conducta (MetHostHOGS y afines) completados desde Diplometrics COLT, 2026-08-03.",Cooperación Política General,Verificada-URL,TRUE,TRUE,Prime Minister Jose Luis Rodriguez Zapatero,FALSE,FALSE,FALSE,FALSE,FALSE,NA
ARG-CFK-J058,188,Cristina Fernández de Kirchner,Argentina,Completed,2008-11-14,2008-11-15,2,United States,North America,Washington D.C.,Multilateral,Global Forum,TRUE,I Cumbre del G20 de líderes,NA,"Primera Cumbre del G20 (crisis financiera global). Bilaterales con Lula, Albright, Kevin Rudd.",https://es.wikipedia.org/wiki/Cumbre_del_G-20_de_Washington,High,"Partio directo a gira por Africa del Norte. | QA-R3 2026-07-26: URL original citaba nota sobre partida a ONU/G20 sin detalle verificable de fechas de gira africana; reemplazada por fuente que confirma Cumbre G-20 Washington 14-15 nov 2008 como evento previo a la gira; Campos de micro-conducta (MetHostHOGS y afines) completados desde Diplometrics COLT, 2026-08-03.",Cooperación Política General,Verificada-URL,TRUE,TRUE,Prime Minister Jose Luis Rodriguez Zapatero,FALSE,FALSE,FALSE,FALSE,FALSE,NA
ARG-CFK-J059,189,Cristina Fernández de Kirchner,Argentina,Completed,2008-11-16,2008-11-17,2,Algeria,Africa,Algiers,Bilateral,Working Visit,NA,Abdelaziz Bouteflika,Jefe de Estado/Gobierno,Mision comercial; cooperacion nuclear y energetica. Tramo 1 de gira Africa del Norte.,https://www.infobae.com/2008/11/17/415307-cristina-kirchner-comenzo-argelia-su-gira-africa/,High,"Comitiva ~70 empresarios. | QA-R3 2026-07-26: URL original (perfil.com, nota de 2009 sobre gira distinta) no sustentaba fecha/evento; reemplazada por infobae 17-nov-2008 que confirma inicio de gira en Argelia; Campos de micro-conducta (MetHostHOGS y afines) completados desde Diplometrics COLT, 2026-08-03.",NA,Verificada-URL,TRUE,FALSE,NA,FALSE,TRUE,FALSE,TRUE,FALSE,NA
ARG-CFK-J059,190,Cristina Fernández de Kirchner,Argentina,Completed,2008-11-18,2008-11-19,2,Tunisia,Africa,Tunis,Bilateral,Working Visit,NA,Zine El Abidine Ben Ali,Jefe de Estado/Gobierno,Mision comercial multisectorial. Tramo 2 de gira Africa del Norte.,https://www.infobae.com/2008/11/17/415307-cristina-kirchner-comenzo-argelia-su-gira-africa/,High,"QA-R3 2026-07-26: URL original (perfil.com, nota de 2009 sobre gira distinta) no sustentaba fecha/evento; reemplazada por infobae 17-nov-2008 (gira Africa del Norte) como fuente mas cercana verificable; Campos de micro-conducta (MetHostHOGS y afines) completados desde Diplometrics COLT, 2026-08-03.",NA,Verificada-URL,TRUE,FALSE,NA,FALSE,FALSE,FALSE,TRUE,FALSE,NA
ARG-CFK-J059,191,Cristina Fernández de Kirchner,Argentina,Completed,2008-11-20,2008-11-21,2,Egypt,Africa,Cairo,Bilateral,Working Visit,NA,Hosni Mubarak,Jefe de Estado/Gobierno,Mision comercial. Tramo 3 de gira Africa del Norte.,https://www.infobae.com/2008/11/21/416364-cristina-kirchner-se-reunio-el-presidente-libia/,High,"QA-R3 2026-07-26: URL original (perfil.com, nota de 2009) no sustentaba fecha/evento; reemplazada por infobae 21-nov-2008 que confirma reunion con Gadafi en Libia; Campos de micro-conducta (MetHostHOGS y afines) completados desde Diplometrics COLT, 2026-08-03.",NA,Verificada-URL,TRUE,FALSE,NA,FALSE,FALSE,FALSE,TRUE,FALSE,NA
ARG-CFK-J059,192,Cristina Fernández de Kirchner,Argentina,Completed,2008-11-21,2008-11-22,2,Libya,Africa,Tripoli,Bilateral,Working Visit,NA,Muammar Gadafi,Jefe de Estado/Gobierno,Ultima escala de la gira por Africa del Norte.,https://www.infobae.com/2008/11/21/416364-cristina-kirchner-se-reunio-el-presidente-libia/,High,"QA-R3 2026-07-26: URL original (perfil.com, nota de 2009) no sustentaba fecha/evento; reemplazada por infobae 21-nov-2008. Fecha de inicio corregida de 2008-11-22 a 2008-11-21 (la fuente confirma la reunion con Gadafi el 21-nov); Duration_Days corregido de 1 a 2; Campos de micro-conducta (MetHostHOGS y afines) completados desde Diplometrics COLT, 2026-08-03.",NA,Verificada-URL,TRUE,FALSE,NA,FALSE,FALSE,FALSE,TRUE,FALSE,NA
ARG-CFK-J145,193,Cristina Fernández de Kirchner,Argentina,Completed,2008-12-04,2008-12-04,1,Chile,South America,Punta Arenas,Bilateral,Working Visit,NA,Presidenta Michelle Bachelet,Jefe de Estado/Gobierno,Acto conjunto con Bachelet en Punta Arenas/Monte Aymond por el 30 aniversario de la mediacion papal que resolvio el conflicto del Beagle; colocacion de piedra fundamental de un monumento a Juan Pablo II.,https://www.infobae.com/2008/12/04/418945-cristina-kirchner-esta-punta-arenas-acto-bachelet/,Medium,"Gap COLT 2026-08-03. Confirmado por Infobae (4/12/2008); COLT ubicaba la ciudad como 'Chile' sin especificar, se identifico Punta Arenas por la fuente.",NA,Verificada-URL,TRUE,FALSE,NA,FALSE,FALSE,TRUE,FALSE,FALSE,NA
ARG-CFK-J060,194,Cristina Fernández de Kirchner,Argentina,Completed,2008-12-09,2008-12-11,3,Russia,Europe,Moscow,Bilateral,State Visit,NA,Dmitri Medvédev / Vladímir Putin,Jefe de Estado/Gobierno,"Visita de Estado a Rusia (recepcion en el Kremlin); comercio, energia nuclear, exencion de visados.",https://www.ambito.com/politica/en-rusia-cristina-firmo-acuerdos-hablo-un-mundo-multipolar-y-pidio-afianzar-relaciones-n3531724,Medium,"CORRECCION: fue dic 2008, NO 2010 (en 2010 Medvedev visito Argentina). Fechas de dia estimadas; Campos de micro-conducta (MetHostHOGS y afines) completados desde Diplometrics COLT, 2026-08-03.",NA,Verificada-URL,TRUE,FALSE,NA,FALSE,TRUE,TRUE,TRUE,FALSE,NA
ARG-CFK-J127,195,Cristina Fernández de Kirchner,Argentina,Completed,2008-12-16,2008-12-17,2,Brazil,South America,"Costa do Sauípe (Salvador, Bahía)",Multilateral,Regional Summit,NA,"Cumbre de América Latina y el Caribe sobre Integración y Desarrollo (CALC, fundacional) / XXXVI Cumbre del Mercosur / Grupo de Río",NA,"CFK encabezó la delegación argentina en la primera Cumbre CALC (precursora de la CELAC), realizada junto con la Cumbre de Mercosur, sin presencia de EE.UU.",https://www.diariodecuyo.com.ar/noticias/las-ultimas-5-cumbres-914041.html,Medium,"Mega-cumbre con 3 organismos sesionando en simultáneo (CALC, Mercosur, Grupo de Río) en el mismo complejo turístico; clasificada por el evento fundacional (CALC, precursor de CELAC) según regla de eventos combinados del CODEBOOK 5.7; Campos de micro-conducta (MetHostHOGS y afines) completados desde Diplometrics COLT, 2026-08-03.",Cooperación Política General,Verificada-URL,TRUE,FALSE,NA,FALSE,FALSE,FALSE,FALSE,FALSE,NA
ARG-CFK-J062,196,Cristina Fernández de Kirchner,Argentina,Completed,2009-01-19,2009-01-21,3,Cuba,Caribbean,Havana,Bilateral,Working Visit,NA,Fidel Castro / Raúl Castro,Jefe de Estado/Gobierno,Visita a La Habana; almuerzo y reunión de 40 minutos con Fidel Castro (primer jefe de Estado recibido por él desde nov-2008); agasajo de Raúl Castro.,https://www.infobae.com/2009/01/22/427512-fidel-castro-rompio-el-silencio-hablar-cristina-kirchner/,Medium,"CORREGIDO 2026-07-21 (fase de completitud): la fila original marcaba Canceled citando una hipotensión del 9-ene-2009 (fuente retrospectiva de 2013). Prensa contemporánea (Infobae 22-ene-2009, Página/12 23-ene-2009) confirma que el viaje SÍ se realizó: CFK se reunió con Fidel Castro en La Habana el 21-ene-2009 y continuó viaje a Caracas el 22-ene-2009 (ver Trip_ID nuevo, mismo Journey_ID). Se corrige Trip_Status a Completed, End_Date a 21-ene y Counterpart_Event a Fidel/Raúl Castro; Campos de micro-conducta (MetHostHOGS y afines) completados desde Diplometrics COLT, 2026-08-03.",NA,Verificada-URL,TRUE,FALSE,NA,TRUE,FALSE,FALSE,TRUE,FALSE,NA
ARG-CFK-J062,197,Cristina Fernández de Kirchner,Argentina,Completed,2009-01-22,2009-01-22,1,Venezuela,South America,Caracas,Bilateral,Working Visit,NA,Hugo Chávez,Jefe de Estado/Gobierno,"Firma de 21 acuerdos bilaterales en el Palacio de Miraflores, transmitida en vivo por TV; compromiso de encuentros trimestrales entre ambos presidentes.",https://www.pagina12.com.ar/diario/elpais/1-118761-2009-01-23.html,Medium,"Segundo tramo de la gira (primer tramo: Cuba, mismo Journey_ID, Trip_ID 67, corregido en esta misma pasada); Campos de micro-conducta (MetHostHOGS y afines) completados desde Diplometrics COLT, 2026-08-03.",NA,Verificada-URL,TRUE,FALSE,NA,FALSE,FALSE,FALSE,FALSE,FALSE,NA
ARG-CFK-J142,198,Cristina Fernández de Kirchner,Argentina,Completed,2009-02-07,2009-02-10,4,Spain,Europe,Madrid,Bilateral,State Visit,NA,Rey Juan Carlos I / José Luis Rodríguez Zapatero,Jefe de Estado/Gobierno,"Primera visita de Estado a España (pospuesta dos veces); recepcion de los Reyes en El Pardo, cena de gala en el Palacio Real, reunion con Zapatero (tension por Aerolineas Argentinas) y discurso ante las Cortes.",https://www.opinion.com.bo/articulo/mundo/cristina-fernandez-llega-espana-primera-visita-estado/20090208205304333551.html,Medium,"Llego a Madrid el sabado 7/2; agenda oficial comenzo el lunes 9/2 (recepcion Reyes, cena de gala) y discurso en las Cortes el martes 10/2 antes de regresar. Fila agregada en fase de completitud (2026-07-22); Campos de micro-conducta (MetHostHOGS y afines) completados desde Diplometrics COLT, 2026-08-03.",NA,Verificada-URL,TRUE,FALSE,NA,TRUE,FALSE,FALSE,FALSE,FALSE,NA
ARG-CFK-J131,199,Cristina Fernández de Kirchner,Argentina,Completed,2009-03-19,2009-03-20,2,Brazil,South America,São Paulo,Bilateral,Working Visit,NA,Luiz Inácio Lula da Silva,Jefe de Estado/Gobierno,Reunión bilateral en la sede de FIESP; clausura del Seminario de Oportunidades de Negocios Argentina-Brasil; coordinación previa a la cumbre del G20 de Londres.,https://www.diariodecuyo.com.ar/noticias/cristina-llego-a-brasil-para-reunirse-con-lula-960711.html,Medium,"Viajó la noche del 19/3/2009; reunión y almuerzo empresarial el 20/3/2009 en San Pablo; Campos de micro-conducta (MetHostHOGS y afines) completados desde Diplometrics COLT, 2026-08-03.",NA,Verificada-URL,TRUE,FALSE,NA,TRUE,FALSE,FALSE,FALSE,FALSE,NA
ARG-CFK-J063,200,Cristina Fernández de Kirchner,Argentina,Completed,2009-03-27,2009-03-28,2,Chile,South America,Viña del Mar,Multilateral,Global Forum,NA,Cumbre Progresista (Bachelet; Biden),NA,Cumbre de gobiernos progresistas en Vina del Mar.,https://www.nuevatribuna.es/articulo/mundo/zapatero-aborda-en-chile-la-respuesta-progresista-comn-a-la-crisis/20090328134625025310.html,Medium,"Fecha de dia estimada; Campos de micro-conducta (MetHostHOGS y afines) completados desde Diplometrics COLT, 2026-08-03.",Cooperación Política General,Verificada-URL,TRUE,TRUE,Prime Minister Gordon Brown,FALSE,FALSE,FALSE,FALSE,FALSE,NA
ARG-CFK-J146,201,Cristina Fernández de Kirchner,Argentina,Completed,2009-03-30,2009-03-31,2,Qatar,Middle East,Doha,Multilateral,Global Forum,TRUE,II Cumbre América del Sur-Países Árabes (ASPA),NA,"II Cumbre ASPA en Doha (22 paises de la Liga Arabe + 12 sudamericanos); crisis financiera global, cooperacion Sur-Sur; reunion bilateral con el presidente de la Autoridad Palestina.",https://www.diariodecuyo.com.ar/noticias/cristina-partio-esta-tarde-rumbo-a-qatar-964324.html,Medium,Gap COLT 2026-08-03. Cumbre inaugurada por el emir de Qatar el 31/3/2009; se confirmo tambien bilateral con el presidente palestino (comunicado de Cancilleria).,Comercio/Integración Económica,Verificada-URL,FALSE,TRUE,Presidente de la Autoridad Palestina Mahmoud Abbas,FALSE,FALSE,FALSE,FALSE,FALSE,NA
ARG-CFK-J064,202,Cristina Fernández de Kirchner,Argentina,Completed,2009-04-01,2009-04-02,2,United Kingdom,Europe,London,Multilateral,Global Forum,TRUE,Cumbre del G20 de Londres,NA,Cumbre del G20 (Gordon Brown; presente Obama). Conmemoro el 2 de abril (Malvinas) en la embajada.,https://www.cfkargentina.com/homenaje-de-cristina-a-caidos-en-malvinas-londres-2009/,High,"Campos de micro-conducta (MetHostHOGS y afines) completados desde Diplometrics COLT, 2026-08-03.",Cooperación Política General,Verificada-URL,TRUE,TRUE,President Mahmoud Abbas,FALSE,FALSE,FALSE,FALSE,FALSE,NA
ARG-CFK-J065,203,Cristina Fernández de Kirchner,Argentina,Completed,2009-04-17,2009-04-19,3,Trinidad and Tobago,Caribbean,Port of Spain,Multilateral,Regional Summit,NA,V Cumbre de las Américas,NA,V Cumbre de las Americas; debut de Obama en la region.,https://es.wikipedia.org/wiki/Presidencia_de_Cristina_Fern%C3%A1ndez_de_Kirchner,High,"Campos de micro-conducta (MetHostHOGS y afines) completados desde Diplometrics COLT, 2026-08-03.",Cooperación Política General,Verificada-URL,FALSE,FALSE,NA,TRUE,FALSE,FALSE,FALSE,FALSE,NA
ARG-CFK-J136,204,Cristina Fernández de Kirchner,Argentina,Completed,2009-06-14,2009-06-14,1,Switzerland,Europe,Geneva,Multilateral,Global Forum,NA,98ª Conferencia Internacional del Trabajo (OIT) / visita al CERN,NA,Discurso sobre 'la crisis mundial del empleo' ante la Asamblea de la OIT (98a Conferencia); visita previa al CERN y firma de protocolo de cooperacion cientifica.,https://www.diariodecuyo.com.ar/noticias/cristina-fernandez-disertara-en-ginebra-985687.html,Medium,"Viaje de un dia: partio de Bs As la noche del 13/6 y regreso a Bs As la noche del 14/6/2009. Fila agregada en fase de completitud (2026-07-22); Campos de micro-conducta (MetHostHOGS y afines) completados desde Diplometrics COLT, 2026-08-03.",Otro,Verificada-URL,FALSE,FALSE,NA,TRUE,FALSE,FALSE,FALSE,FALSE,NA
ARG-CFK-J147,205,Cristina Fernández de Kirchner,Argentina,Completed,2009-07-05,2009-07-06,2,El Salvador,Central America,San Salvador,Multilateral,Regional Summit,NA,Reunión de presidentes latinoamericanos de apoyo a Manuel Zelaya tras el golpe de Estado en Honduras,NA,Viajo con delegacion reducida a San Salvador en el marco de la crisis regional por el golpe de Estado en Honduras contra Manuel Zelaya.,Search Query: Cristina Kirchner El Salvador julio 2009 Zelaya Honduras golpe de Estado gira presidentes,Low,Gap COLT 2026-08-03. COLT clasifico el evento como 'Cumbre OEA'; la investigacion propia no confirmo una cumbre formal de la OEA en esa fecha en El Salvador sino una reunion de apoyo regional a Zelaya en el contexto del golpe de Estado hondureno; se ajusto la descripcion del evento en consecuencia mantiene Visit_Category Multilateral por tratarse de una reunion de varios jefes de Estado.,Cooperación Política General,Solo-Query,FALSE,FALSE,NA,FALSE,FALSE,FALSE,FALSE,FALSE,NA
ARG-CFK-J128,206,Cristina Fernández de Kirchner,Argentina,Completed,2009-07-23,2009-07-24,2,Paraguay,South America,Asunción,Multilateral,Regional Summit,NA,XXXVII Cumbre del Mercosur,NA,CFK viajó a Asunción para la cumbre semestral del Mercosur; agenda centrada en la gripe A (H1N1) y la condena al golpe de Estado en Honduras.,https://www.perfil.com/noticias/politica/cristina-esta-en-paraguay-20090724-0008.phtml,Medium,"Perfil.com confirma que viajó la noche del 23/7 y que la reunión de jefes de Estado fue el 24/7; Diario de Cuyo confirma cierre de la cumbre el 24-jul-2009; Campos de micro-conducta (MetHostHOGS y afines) completados desde Diplometrics COLT, 2026-08-03.",Comercio/Integración Económica,Verificada-URL,FALSE,TRUE,President Luiz Inacio Lula da Silva,FALSE,TRUE,FALSE,FALSE,FALSE,NA
ARG-CFK-J122,207,Cristina Fernández de Kirchner,Argentina,Completed,2009-08-09,2009-08-10,2,Ecuador,South America,Quito,Multilateral,Regional Summit,NA,III Cumbre Ordinaria de UNASUR / Reasunción de Rafael Correa,NA,"Participó de la III Cumbre de UNASUR (bases militares de EEUU en Colombia, crisis de Honduras) y de la reasunción de Rafael Correa, coincidente con el bicentenario ecuatoriano.",https://www.diariodecuyo.com.ar/argentina/Cristina-llego-a-Ecuador-para-la-asuncion-de-Rafael-Correa-20090809-0027.html,Medium,"Campos de micro-conducta (MetHostHOGS y afines) completados desde Diplometrics COLT, 2026-08-03.",Cooperación Política General,Verificada-URL,TRUE,TRUE,President Luiz Inacio Lula da Silva,FALSE,FALSE,FALSE,FALSE,FALSE,NA
ARG-CFK-J122,208,Cristina Fernández de Kirchner,Argentina,Completed,2009-08-11,2009-08-11,1,Venezuela,South America,Caracas,Bilateral,Working Visit,NA,Hugo Chávez,Jefe de Estado/Gobierno,"Reunión bilateral en el Palacio de Miraflores, dentro del esquema de encuentros trimestrales; agenda de cooperación social y bilateral.",https://www.ambito.com/mundo/la-relacion-chavez-los-kirchner-n3778353,Medium,"Segundo tramo de la gira iniciada en Ecuador (mismo Journey_ID, Trip_ID 257); Campos de micro-conducta (MetHostHOGS y afines) completados desde Diplometrics COLT, 2026-08-03.",NA,Verificada-URL,TRUE,FALSE,NA,FALSE,TRUE,FALSE,FALSE,FALSE,NA
ARG-CFK-J066,209,Cristina Fernández de Kirchner,Argentina,Completed,2009-09-23,2009-09-23,1,United States,North America,New York,Multilateral,Global Forum,NA,64ª Asamblea General de la ONU,NA,Discurso ante la ONU; ordeno retirar la delegacion argentina del discurso de Ahmadinejad.,https://es.wikipedia.org/wiki/Presidencia_de_Cristina_Fern%C3%A1ndez_de_Kirchner,High,"Discrepancia menor 23 vs 24 sep; Campos de micro-conducta (MetHostHOGS y afines) completados desde Diplometrics COLT, 2026-08-03.",Cooperación Política General,Verificada-URL,FALSE,FALSE,NA,TRUE,FALSE,FALSE,FALSE,FALSE,NA
ARG-CFK-J067,210,Cristina Fernández de Kirchner,Argentina,Completed,2009-09-24,2009-09-25,2,United States,North America,Pittsburgh,Multilateral,Global Forum,NA,Cumbre del G20 de Pittsburgh,NA,G20 Pittsburgh; Argentina logro la inclusion de la OIT en el foro. Voló desde NY.,https://es.wikipedia.org/wiki/Presidencia_de_Cristina_Fern%C3%A1ndez_de_Kirchner,High,"Mismo viaje fisico que NY? Se registra como Journey separado (ONU vs G20); Campos de micro-conducta (MetHostHOGS y afines) completados desde Diplometrics COLT, 2026-08-03.",Cooperación Política General,Verificada-URL,FALSE,FALSE,NA,TRUE,FALSE,FALSE,FALSE,FALSE,NA
ARG-CFK-J068,211,Cristina Fernández de Kirchner,Argentina,Completed,2009-09-26,2009-09-27,2,Venezuela,South America,Isla Margarita,Multilateral,Regional Summit,NA,II Cumbre América del Sur-África (ASA),NA,Cumbre ASA; anfitrion Chavez. Llego desde EE.UU.,https://www.perfil.com/noticias/politica/cristina-esquivo-dictadores-de-africa-20090927-0001.phtml,High,"Campos de micro-conducta (MetHostHOGS y afines) completados desde Diplometrics COLT, 2026-08-03.",Comercio/Integración Económica,Verificada-URL,TRUE,FALSE,NA,FALSE,TRUE,FALSE,FALSE,FALSE,NA
ARG-CFK-J143,212,Cristina Fernández de Kirchner,Argentina,Completed,2009-10-13,2009-10-14,2,India,Asia-Pacific,New Delhi,Bilateral,State Visit,NA,Pratibha Patil / Manmohan Singh,Jefe de Estado/Gobierno,Primera visita de un mandatario argentino a India en 15 anos; firma de acuerdos de cooperacion cientifico-tecnologica y de uso pacifico de la energia nuclear; mision comercial con mas de 100 empresarios.,https://www.casarosada.gob.ar/informacion/archivo/21488-blank-55055442,High,"Arribo a Nueva Delhi el 13/10 tras escalas tecnicas en Marruecos y Egipto (no diplomaticas, no se registran como tramos); agenda oficial el 14/10/2009. Fila agregada en fase de completitud (2026-07-22); Campos de micro-conducta (MetHostHOGS y afines) completados desde Diplometrics COLT, 2026-08-03.",NA,Verificada-URL,TRUE,FALSE,NA,FALSE,TRUE,FALSE,FALSE,FALSE,NA
ARG-CFK-J132,213,Cristina Fernández de Kirchner,Argentina,Completed,2009-10-29,2009-10-30,2,Chile,South America,Santiago,Bilateral,State Visit,NA,Michelle Bachelet,Jefe de Estado/Gobierno,"Primera visita de Estado de CFK a Chile (tercer viaje); firma del Tratado de Maipú de integración y cooperación en la ceremonia en Maipú, complementario a Paz y Amistad de 1984.",https://www.cronista.com/impresa-general/cristina-y-bachelet-firman-tratados-de-integracion-en-chile/,Medium,"Llegó a Santiago la tarde del 29/10/2009; firma del Tratado de Maipú el 30/10/2009; Campos de micro-conducta (MetHostHOGS y afines) completados desde Diplometrics COLT, 2026-08-03.",NA,Verificada-URL,TRUE,FALSE,NA,FALSE,TRUE,FALSE,FALSE,FALSE,NA
ARG-CFK-J069,214,Cristina Fernández de Kirchner,Argentina,Completed,2009-11-27,2009-11-28,2,Vatican City,Europe,Vatican City,Bilateral,State Visit,NA,Benedicto XVI (audiencia conjunta con la presidenta chilena Michelle Bachelet),Jefe de Estado/Gobierno,Audiencia papal conjunta con Bachelet por el 25° aniversario del Tratado de Paz y Amistad Argentina-Chile (Beagle); entrega del Acuerdo de Maipú. Primer tramo de la gira que continuó a la Cumbre Iberoamericana de Estoril.,https://www.perfil.com/noticias/politica/benedicto-xvi-recibio-a-cristina-y-a-bachelet-y-hablo-de-la-pobreza-20091128-0013.phtml,Medium,"Tramo Vaticano de la misma gira fisica que Estoril (mismo Journey_ID; Trip_ID 74, Portugal, 29/11-1/12/2009). Llego a Roma el 27/11 (visitas eclesiasticas/Comunidad Sant'Egidio); audiencia papal el 28/11. Fila agregada en fase de completitud (2026-07-22); Campos de micro-conducta (MetHostHOGS y afines) completados desde Diplometrics COLT, 2026-08-03.",NA,Verificada-URL,FALSE,FALSE,NA,FALSE,FALSE,TRUE,FALSE,FALSE,NA
ARG-CFK-J069,215,Cristina Fernández de Kirchner,Argentina,Completed,2009-11-29,2009-12-01,3,Portugal,Europe,Estoril,Multilateral,Regional Summit,NA,XIX Cumbre Iberoamericana,NA,Cumbre Iberoamericana 'Innovacion y Conocimiento'; Argentina recibe presidencia pro tempore.,https://segib.org/es/cumbres-iberoamericanas/,High,"Campos de micro-conducta (MetHostHOGS y afines) completados desde Diplometrics COLT, 2026-08-03.",Cooperación Política General,Verificada-URL,TRUE,TRUE,President Michelle Bachelet,FALSE,FALSE,FALSE,FALSE,FALSE,NA
ARG-CFK-J129,216,Cristina Fernández de Kirchner,Argentina,Completed,2009-12-08,2009-12-08,1,Uruguay,South America,Montevideo,Multilateral,Regional Summit,NA,XXXVIII Cumbre del Mercosur,NA,CFK participó de la cumbre de Mercosur en Montevideo; los mandatarios desconocieron las elecciones hondureñas y reclamaron la restitución de Zelaya.,https://www.diariodecuyo.com.ar/noticias/cristina-llamo-a-construir-una-zona-de-paz-y-democracia-993027.html,Medium,"Cumbre de un solo día (8-dic-2009), confirmada también por diariodecuyo.com.ar/noticias/las-ultimas-5-cumbres-914041.html; Campos de micro-conducta (MetHostHOGS y afines) completados desde Diplometrics COLT, 2026-08-03.",Comercio/Integración Económica,Verificada-URL,TRUE,FALSE,NA,FALSE,FALSE,FALSE,FALSE,FALSE,NA
ARG-CFK-J134,217,Cristina Fernández de Kirchner,Argentina,Canceled,2010-01-25,NA,NA,China,Asia-Pacific,Beijing,Bilateral,State Visit,NA,Hu Jintao / Wen Jiabao,Jefe de Estado/Gobierno,Gira de 10 dias prevista a China (comitiva empresarial/sindical/legislativa; inversiones ferroviarias por ~US$3000 M) con inicio previsto el 25/1/2010. CANCELADA por la crisis institucional del Banco Central (remocion de Martin Redrado) y el conflicto con el vicepresidente Cobos.,https://www.diariodecuyo.com.ar/noticias/cristina-no-se-va-a-china-por-desconfiar-de-cobos-912819.html,Medium,"Viaje reprogramado y finalmente realizado en julio 2010 (ver Trip_ID 82, Journey_ID ARG-CFK-J077, cuyas notas ya referencian esta suspension). Fecha de inicio prevista segun Diario de Cuyo (20/1/2010, 'el lunes proximo'); itinerario detallado de ciudades no confirmado mas alla de Beijing. Fila agregada en fase de completitud (2026-07-22).",NA,Verificada-URL,NA,NA,NA,NA,NA,NA,NA,NA,NA
ARG-CFK-J070,218,Cristina Fernández de Kirchner,Argentina,Completed,2010-02-22,2010-02-23,2,Mexico,North America,Cancún,Multilateral,Regional Summit,TRUE,II Cumbre Unidad ALC / Grupo de Río + CALC (acuerdo crear CELAC),NA,Cumbre de la Unidad ALC; se acordo crear la CELAC. Primer encuentro con Pinera (electo); respaldo por Malvinas.,https://es.wikipedia.org/wiki/Presidencia_de_Cristina_Fern%C3%A1ndez_de_Kirchner,High,"Campos de micro-conducta (MetHostHOGS y afines) completados desde Diplometrics COLT, 2026-08-03.",Cooperación Política General,Verificada-URL,TRUE,FALSE,NA,FALSE,FALSE,FALSE,FALSE,FALSE,NA
ARG-CFK-J071,219,Cristina Fernández de Kirchner,Argentina,Completed,2010-03-01,2010-03-01,1,Uruguay,South America,Montevideo,Multilateral,Inauguration/Funeral,TRUE,Asunción de José Mujica,NA,Asuncion de Mujica. Acompanada por Nestor Kirchner; reuniones con Correa y Chavez.,https://www.casarosada.gob.ar/informacion/archivo/21966-blank-50795743,High,"Campos de micro-conducta (MetHostHOGS y afines) completados desde Diplometrics COLT, 2026-08-03.",Cooperación Política General,Verificada-URL,FALSE,FALSE,NA,FALSE,FALSE,FALSE,FALSE,FALSE,NA
ARG-CFK-J072,220,Cristina Fernández de Kirchner,Argentina,Completed,2010-03-11,2010-03-11,1,Chile,South America,Valparaíso,Multilateral,Inauguration/Funeral,NA,Asunción de Sebastián Piñera,NA,Asuncion de Pinera (entre replicas del terremoto). Visito hospitales moviles argentinos en Curico.,https://www.infobae.com/2010/03/12/505349-chile-los-presidentes-y-las-fotos-del-momento-del-temblor-inesperado/,Medium,NA,Cooperación Política General,Verificada-URL,NA,NA,NA,NA,NA,NA,NA,NA,NA
ARG-CFK-J140,221,Cristina Fernández de Kirchner,Argentina,Completed,2010-03-21,2010-03-23,3,Peru,South America,Lima,Bilateral,State Visit,NA,Alan García,Jefe de Estado/Gobierno,Primera visita de Estado de un presidente argentino a Peru desde 1994 (tras el escandalo de venta de armas a Ecuador); condecorada con la Orden 'El Sol del Peru'; firma de 13 convenios y del Acuerdo de Asociacion Estrategica; discurso ante el Congreso peruano.,https://cancilleria.gob.ar/es/actualidad/comunicados/cristina-realizara-una-visita-de-estado-la-republica-del-peru,High,"Partio el 21/3 a las 18hs, arribo a Lima esa misma noche; agenda oficial 22-23/3/2010. Fila agregada en fase de completitud (2026-07-22); Campos de micro-conducta (MetHostHOGS y afines) completados desde Diplometrics COLT, 2026-08-03.",NA,Verificada-URL,TRUE,FALSE,NA,FALSE,FALSE,FALSE,FALSE,FALSE,NA
ARG-CFK-J073,222,Cristina Fernández de Kirchner,Argentina,Completed,2010-03-26,2010-03-26,1,Bolivia,South America,Sucre,Bilateral,Working Visit,NA,Evo Morales,Jefe de Estado/Gobierno,Firma de anexo del contrato de gas; Dia de la Confraternidad Boliviano-Argentina.,https://www.infobae.com/2010/03/27/507803-cristina-kirchner-firmo-un-acuerdo-gasifero-bolivia-vamos-compartir-recursos-precio-justo/,Medium,"QA-R3 2026-07-26: URL original (pagina12, nota de 12-mar-2010, previa al viaje) no sustentaba el hecho puntual; reemplazada por infobae 27-mar-2010 que confirma la firma del acuerdo gasifero en Bolivia el 26-mar-2010. Start_Date corregido de 2010-03-25 a 2010-03-26 (viaje de un solo dia); Duration_Days corregido de 2 a 1; Campos de micro-conducta (MetHostHOGS y afines) completados desde Diplometrics COLT, 2026-08-03.",NA,Verificada-URL,TRUE,FALSE,NA,FALSE,TRUE,FALSE,FALSE,FALSE,NA
ARG-CFK-J074,223,Cristina Fernández de Kirchner,Argentina,Completed,2010-04-12,2010-04-13,2,United States,North America,Washington D.C.,Multilateral,Global Forum,TRUE,Cumbre de Seguridad Nuclear (Obama),NA,Cumbre de Seguridad Nuclear (47 paises). Breve encuentro con Obama; disculpas a Hu Jintao por suspension viaje a China.,https://www.lanacion.com.ar/politica/la-presidenta-queria-una-relacion-mas-estrecha-con-estados-unidos-nid1356989/,High,"Campos de micro-conducta (MetHostHOGS y afines) completados desde Diplometrics COLT, 2026-08-03.",Seguridad,Verificada-URL,TRUE,FALSE,NA,FALSE,FALSE,TRUE,FALSE,FALSE,NA
ARG-CFK-J123,224,Cristina Fernández de Kirchner,Argentina,Completed,2010-04-18,2010-04-20,3,Venezuela,South America,Caracas,Bilateral,State Visit,NA,Hugo Chávez (Bicentenario de la Independencia de Venezuela),Jefe de Estado/Gobierno,Oradora de honor en el Parlamento venezolano por el Bicentenario; desfile cívico-militar; bilateral con Chávez y firma de convenios.,https://www.ambito.com/politica/cristina-llego-caracas-los-festejos-del-bicentenario-venezolano-n3617971,Medium,"Campos de micro-conducta (MetHostHOGS y afines) completados desde Diplometrics COLT, 2026-08-03.",NA,Verificada-URL,TRUE,FALSE,NA,FALSE,TRUE,FALSE,FALSE,FALSE,NA
ARG-CFK-J075,225,Cristina Fernández de Kirchner,Argentina,Completed,2010-05-17,2010-05-18,2,Spain,Europe,Madrid,Multilateral,Regional Summit,NA,VI Cumbre UE-América Latina y el Caribe,NA,Cumbre UE-ALC y Mercosur-UE; discurso inaugural en nombre de ALC; polemica con Durao Barroso.,https://es.wikipedia.org/wiki/Presidencia_de_Cristina_Fern%C3%A1ndez_de_Kirchner,High,"Campos de micro-conducta (MetHostHOGS y afines) completados desde Diplometrics COLT, 2026-08-03.",Cooperación Política General,Verificada-URL,TRUE,FALSE,NA,FALSE,FALSE,FALSE,FALSE,TRUE,European Commission (EC) President Jose Manuel Barroso
ARG-CFK-J141,226,Cristina Fernández de Kirchner,Argentina,Completed,2010-05-27,2010-05-29,3,Brazil,South America,Rio de Janeiro,Multilateral,Global Forum,NA,III Foro Anual de la Alianza de Civilizaciones (ONU),NA,"Participo del III Foro de la Alianza de Civilizaciones (iniciativa de la ONU sobre tolerancia cultural y religiosa) junto a Lula, Zapatero, Ban Ki-moon y otros jefes de Estado y de Gobierno.",https://www.diariodecuyo.com.ar/noticias/cristina-a-brasil-por-la-diversidad-cultural-951003.html,Medium,"Partio el 27/5 a las 20hs; foro sesiono 28-29/5; regreso el 29/5 a las 19hs (hora Rio). Fila agregada en fase de completitud (2026-07-22); Campos de micro-conducta (MetHostHOGS y afines) completados desde Diplometrics COLT, 2026-08-03.",Cooperación Política General,Verificada-URL,TRUE,FALSE,NA,FALSE,FALSE,FALSE,FALSE,FALSE,NA
ARG-CFK-J148,227,Cristina Fernández de Kirchner,Argentina,Completed,2010-06-02,2010-06-02,1,Uruguay,South America,Montevideo,Bilateral,Working Visit,NA,Presidente José Mujica,Jefe de Estado/Gobierno,Reunion de trabajo en la estancia Anchorena con gabinetes de ambos paises; firma de enmienda al acuerdo de regasificacion de GNL entre Argentina y Uruguay.,https://cancilleria.gob.ar/es/actualidad/comunicados/reunion-en-anchorena-uruguay-declaracion-conjunta-de-los-presidentes-cristina,High,Gap COLT 2026-08-03. Confirmado por comunicado oficial de Cancilleria (Declaracion Conjunta de Anchorena).,NA,Verificada-URL,TRUE,FALSE,NA,FALSE,TRUE,FALSE,FALSE,FALSE,NA
ARG-CFK-J076,228,Cristina Fernández de Kirchner,Argentina,Completed,2010-06-26,2010-06-27,2,Canada,North America,Toronto,Multilateral,Global Forum,NA,Cumbre del G20 de Toronto,NA,Cumbre del G20 de Toronto.,https://es.wikipedia.org/wiki/Relaciones_exteriores_de_Argentina_durante_el_gobierno_de_Cristina_Fern%C3%A1ndez_de_Kirchner,High,"Campos de micro-conducta (MetHostHOGS y afines) completados desde Diplometrics COLT, 2026-08-03.",Cooperación Política General,Verificada-URL,TRUE,TRUE,President Recep Tayyip Erdogan,FALSE,FALSE,FALSE,FALSE,FALSE,NA
ARG-CFK-J077,229,Cristina Fernández de Kirchner,Argentina,Completed,2010-07-12,2010-07-15,4,China,Asia-Pacific,Beijing,Bilateral,State Visit,NA,Hu Jintao / Wen Jiabao,Jefe de Estado/Gobierno,Visita de Estado a China (Beijing y Shanghai); acuerdos de transporte por ~US$9500 millones. Honoris Causa; Expo Shanghai.,https://es.wikipedia.org/wiki/Presidencia_de_Cristina_Fern%C3%A1ndez_de_Kirchner,High,"Viaje reprogramado tras suspension de enero 2010; Campos de micro-conducta (MetHostHOGS y afines) completados desde Diplometrics COLT, 2026-08-03.",NA,Verificada-URL,TRUE,FALSE,NA,TRUE,TRUE,FALSE,TRUE,FALSE,NA
ARG-CFK-J078,230,Cristina Fernández de Kirchner,Argentina,Completed,2010-09-24,2010-09-24,1,United States,North America,New York,Multilateral,Global Forum,NA,65ª Asamblea General de la ONU,NA,Discurso ante la ONU; oferta a Iran de elegir un tercer pais para juzgar la causa AMIA.,https://www.cfkargentina.com/cfk-en-la-onu-mensaje-en-la-asamblea-general-de-2010/,High,"Campos de micro-conducta (MetHostHOGS y afines) completados desde Diplometrics COLT, 2026-08-03.",Cooperación Política General,Verificada-URL,FALSE,FALSE,NA,TRUE,FALSE,FALSE,FALSE,TRUE,United Nations (UN) Secretary-General Ban Ki-moon
ARG-CFK-J149,231,Cristina Fernández de Kirchner,Argentina,Completed,2010-10-03,2010-10-05,3,Germany,Europe,Frankfurt,Bilateral,Working Visit,NA,Canciller Angela Merkel,Jefe de Estado/Gobierno,Visita oficial; inauguro el pabellon argentino como pais invitado de honor en la Feria del Libro de Frankfurt; reunion de trabajo con Merkel en Berlin sobre deuda en default y acceso de productos agropecuarios a la UE.,https://cancilleria.gob.ar/es/actualidad/comunicados/desde-berlin-timerman-senalo-que-el-dialogo-entre-cristina-y-merkel-fue,High,"Gap COLT 2026-08-03. Confirmado por comunicado oficial de Cancilleria y por diariodecuyo (arribo a Frankfurt 4/10, apertura de la Feria del Libro).",NA,Verificada-URL,TRUE,FALSE,NA,FALSE,FALSE,TRUE,FALSE,FALSE,NA
ARG-CFK-J079,232,Cristina Fernández de Kirchner,Argentina,Completed,2010-11-11,2010-11-12,2,South Korea,Asia-Pacific,Seoul,Multilateral,Global Forum,NA,Cumbre del G20 de Seúl,NA,Cumbre del G20 de Seul.,https://es.wikipedia.org/wiki/Relaciones_exteriores_de_Argentina_durante_el_gobierno_de_Cristina_Fern%C3%A1ndez_de_Kirchner,High,"Primer viaje internacional tras la muerte de Nestor Kirchner (27 oct 2010); Campos de micro-conducta (MetHostHOGS y afines) completados desde Diplometrics COLT, 2026-08-03.",Cooperación Política General,Verificada-URL,TRUE,FALSE,NA,FALSE,FALSE,FALSE,FALSE,FALSE,NA
ARG-CFK-J150,233,Cristina Fernández de Kirchner,Argentina,Completed,2010-11-26,2010-11-27,2,Guyana,South America,Georgetown,Multilateral,Regional Summit,NA,IV Cumbre de UNASUR,NA,IV Cumbre de UNASUR; firma del protocolo de clausula democratica; declaracion contra buques con bandera ilegal britanica de Malvinas; decreto de reapertura de la embajada argentina en Guyana.,https://www.pagina12.com.ar/diario/elpais/subnotas/1-50525-2010-11-27.html,Medium,Gap COLT 2026-08-03. Confirmado por Pagina/12 y Wikipedia (IV Cumbre de UNASUR).,Cooperación Política General,Verificada-URL,FALSE,FALSE,NA,FALSE,TRUE,FALSE,FALSE,FALSE,NA
ARG-CFK-J130,234,Cristina Fernández de Kirchner,Argentina,Completed,2010-12-17,2010-12-17,1,Brazil,South America,Foz do Iguaçu,Multilateral,Regional Summit,NA,XL Cumbre del Mercosur,NA,"CFK asistió a la cumbre de Mercosur en Foz do Iguaçu; pidió la pronta incorporación de Venezuela al bloque ante Lula, Dilma Rousseff y Lugo.",https://www.cronista.com/economia/cristina-pidio-pronta-incorporacion-de-venezuela-al-mercosur/,Medium,"Discurso pronunciado el mismo 17-dic-2010 según nota de El Cronista; existe también archivo oficial en casarosada.gob.ar (""Cumbre del Mercosur en Foz do Iguazú"") no accesible por fetch automatizado; Campos de micro-conducta (MetHostHOGS y afines) completados desde Diplometrics COLT, 2026-08-03.",Comercio/Integración Económica,Verificada-URL,TRUE,FALSE,NA,FALSE,FALSE,FALSE,FALSE,FALSE,NA
ARG-CFK-J080,235,Cristina Fernández de Kirchner,Argentina,Completed,2011-01-16,2011-01-17,2,Kuwait,Middle East,Kuwait City,Bilateral,Working Visit,NA,Emir Sabah Al Ahmad Al Sabah,Jefe de Estado/Gobierno,Gira comercial por el Golfo; Kuwait declaro a Argentina destino estrategico de inversiones. Tramo 1.,https://www.ain.com.ar/news-2057-comenz%C3%B3-la-gira-de-cristina-kirchner-por-medio-oriente,High,Comitiva +100 empresarios. Escala turistica previa en Egipto (Luxor).,NA,Verificada-URL,NA,NA,NA,NA,NA,NA,NA,NA,NA
ARG-CFK-J080,236,Cristina Fernández de Kirchner,Argentina,Completed,2011-01-18,2011-01-19,2,Qatar,Middle East,Doha,Bilateral,Working Visit,NA,Emir Hamad Bin Khalifa Al Thani,Jefe de Estado/Gobierno,Gira comercial; reunion con la jeque Mozah (Qatar Foundation). Tramo 2.,https://www.ain.com.ar/news-2057-comenz%C3%B3-la-gira-de-cristina-kirchner-por-medio-oriente,High,"Campos de micro-conducta (MetHostHOGS y afines) completados desde Diplometrics COLT, 2026-08-03.",NA,Verificada-URL,TRUE,FALSE,NA,FALSE,FALSE,FALSE,TRUE,FALSE,NA
ARG-CFK-J080,237,Cristina Fernández de Kirchner,Argentina,Completed,2011-01-20,2011-01-22,3,Turkey,Middle East,Ankara,Bilateral,Working Visit,NA,Abdullah Gül,Jefe de Estado/Gobierno,Visita oficial a Turquia (Ankara/Estambul). Tramo 3 (regreso 23 ene).,https://www.eldia.com/nota/2011-1-23-cristina-vuelve-al-conurbano-tras-la-gira-en-medio-oriente,High,"Campos de micro-conducta (MetHostHOGS y afines) completados desde Diplometrics COLT, 2026-08-03.",NA,Verificada-URL,TRUE,FALSE,NA,FALSE,TRUE,TRUE,TRUE,FALSE,NA
ARG-CFK-J081,238,Cristina Fernández de Kirchner,Argentina,Canceled,2011-04-13,NA,NA,Mexico,North America,Mexico City,Bilateral,State Visit,NA,Felipe Calderón,Jefe de Estado/Gobierno,Visita de Estado a Mexico prevista 13 abr. CANCELADA por lipotimia/hipotension. Reprogramacion a fin de mayo tampoco se concreto.,https://www.lanacion.com.ar/politica/cristina-viajara-a-mexico-tras-las-dudas-por-su-cuadro-de-hipotension-nid1365226/,High,Cancelado; sin duracion.,NA,Verificada-URL,NA,NA,NA,NA,NA,NA,NA,NA,NA
ARG-CFK-J082,239,Cristina Fernández de Kirchner,Argentina,Canceled,2011-05-01,NA,NA,Paraguay,South America,Asunción,Multilateral,Regional Summit,NA,Cumbre regional en Paraguay,NA,Cumbre en Paraguay (mayo). CANCELADA (motivo declarado: 'hacia mucho calor'). Vinculada a posterior suspension de MERCOSUR Asuncion 29 jun.,https://www.lanacion.com.ar/politica/a-cristina-le-sienta-bien-el-negro-nid1386802/,Medium,Cancelado; sin duracion. Evento exacto a confirmar; fecha estimada YYYY-MM-01.,Cooperación Política General,Verificada-URL,NA,NA,NA,NA,NA,NA,NA,NA,NA
ARG-CFK-J151,240,Cristina Fernández de Kirchner,Argentina,Completed,2011-05-30,2011-05-31,2,Mexico,North America,Mexico City,Bilateral,Working Visit,NA,Presidente Felipe Calderón,Jefe de Estado/Gobierno,"Reunion bilateral (tras la posposicion de la visita de Estado prevista en abril); firma de acuerdos sobre lucha contra la sequia, parques nacionales, agricultura, pesca y ciencia.",https://www.diariodecuyo.com.ar/noticias/cfk-firmo-acuerdos-con-calderon-y-resalto-la-relacion-867226.html,Medium,"Gap COLT 2026-08-03. Distinto de la visita de Estado cancelada en abril de 2011 (ya cargada como ARG-CFK-J081, Trip_Status=Canceled); esta reunion del 30-31/5/2011 si se concreto, segun cobertura de prensa.",NA,Verificada-URL,TRUE,FALSE,NA,FALSE,TRUE,FALSE,FALSE,FALSE,NA
ARG-CFK-J152,241,Cristina Fernández de Kirchner,Argentina,Completed,2011-05-31,2011-06-02,3,Italy,Europe,Rome,Multilateral,Inauguration/Funeral,TRUE,150° aniversario de la Unificación de Italia,NA,"Celebraciones del 150 aniversario de la unidad de Italia, junto a 42 jefes de Estado; audiencia con el presidente Giorgio Napolitano; almuerzo con el primer ministro Silvio Berlusconi.",https://www.infobae.com/2011/06/01/584945-cristina-kirchner-se-reunio-silvio-berlusconi-su-visita-italia/,Medium,"Gap COLT 2026-08-03. Confirmado por Infobae, Pagina/12 y diariodecuyo; llego a Roma el 31/5, desfile y acto central el 2/6/2011. Clasificado como conmemoracion de Estado (ver CODEBOOK 5.7, doctrina agenda amplia -> Cooperacion Politica General).",Cooperación Política General,Verificada-URL,TRUE,FALSE,NA,FALSE,FALSE,TRUE,FALSE,FALSE,NA
ARG-CFK-J153,242,Cristina Fernández de Kirchner,Argentina,Completed,2011-07-28,2011-07-28,1,Peru,South America,Lima,Multilateral,Inauguration/Funeral,NA,Asunción de Ollanta Humala y Reunión Extraordinaria del Consejo de Jefas y Jefes de Estado de UNASUR,NA,Asistio a la asuncion presidencial de Ollanta Humala y a la cumbre extraordinaria de UNASUR realizada a continuacion en el salon Tupac Amaru; primer viaje internacional tras problemas de salud.,https://www.eldia.com/nota/2011-7-28-cristina-asistio-a-la-asuncion,Medium,Gap COLT 2026-08-03. Confirmado por El Dia y diariodecuyo ('Debut con una cumbre de Unasur').,Cooperación Política General,Verificada-URL,TRUE,FALSE,NA,FALSE,FALSE,TRUE,FALSE,FALSE,NA
ARG-CFK-J083,243,Cristina Fernández de Kirchner,Argentina,Completed,2011-07-29,2011-07-29,1,Brazil,South America,Brasília,Bilateral,Working Visit,NA,Dilma Rousseff,Jefe de Estado/Gobierno,Reunion de trabajo (MICBA) con Dilma.,https://www.cancilleria.gob.ar/es/actualidad/comunicados/visita-oficial-de-la-presidenta-de-la-republica-argentina-cristina-fernandez,High,"Campos de micro-conducta (MetHostHOGS y afines) completados desde Diplometrics COLT, 2026-08-03.",NA,Verificada-URL,TRUE,FALSE,NA,FALSE,FALSE,FALSE,FALSE,FALSE,NA
ARG-CFK-J154,244,Cristina Fernández de Kirchner,Argentina,Completed,2011-08-29,2011-08-29,1,Uruguay,South America,Salto,Bilateral,Working Visit,NA,Presidente José Mujica,Jefe de Estado/Gobierno,Acto conjunto con Mujica en Salto por la reanudacion del servicio ferroviario directo a Uruguay tras 36 anios.,https://www.pagina12.com.ar/diario/elpais/1-175656-2011-08-30.html,Medium,"Gap COLT 2026-08-03. Confirmado por Pagina/12 ('Despues de 36 anios, en tren directo a Uruguay', 30/8/2011); distinto de la visita de Mujica a Bs.As. del 2/8/2011 (esa fue Uruguay->Argentina, no corresponde cargarla en este modulo).",NA,Verificada-URL,TRUE,FALSE,NA,FALSE,FALSE,TRUE,FALSE,FALSE,NA
ARG-CFK-J133,245,Cristina Fernández de Kirchner,Argentina,Completed,2011-09-12,2011-09-14,3,France,Europe,Paris,Bilateral,Working Visit,NA,Nicolas Sarkozy,Jefe de Estado/Gobierno,Visita oficial: audiencia con Sarkozy en el Elíseo; acompañó a Estela de Carlotto a recibir el Premio Houphouet-Boigny (UNESCO); recibió al padre de una turista francesa asesinada en Salta.,https://www.pagina12.com.ar/diario/elpais/1-176680-2011-09-13.html,High,"Primer viaje al exterior tras las PASO de agosto 2011. Fechas confirmadas por prensa contemporanea (Pagina/12 13/09/2011, Infobae 11/09/2011, Diario de Cuyo 11-12/09/2011): llego 12/09, acto en UNESCO y regreso el 14/09; Campos de micro-conducta (MetHostHOGS y afines) completados desde Diplometrics COLT, 2026-08-03.",NA,Verificada-URL,TRUE,FALSE,NA,TRUE,FALSE,TRUE,FALSE,FALSE,NA
ARG-CFK-J084,246,Cristina Fernández de Kirchner,Argentina,Completed,2011-09-21,2011-09-21,1,United States,North America,New York,Multilateral,Global Forum,NA,66ª Asamblea General de la ONU,NA,"Discurso ante la ONU: Palestina, AMIA y Malvinas.",https://www.cfkargentina.com/discurso-de-cristina-kirchner-66a-asamblea-general-de-la-organizacion-de-las-naciones-unidas/,High,"Campos de micro-conducta (MetHostHOGS y afines) completados desde Diplometrics COLT, 2026-08-03.",Cooperación Política General,Verificada-URL,FALSE,FALSE,NA,TRUE,FALSE,FALSE,FALSE,FALSE,NA
ARG-CFK-J085,247,Cristina Fernández de Kirchner,Argentina,Completed,2011-11-03,2011-11-04,2,France,Europe,Cannes,Multilateral,Global Forum,TRUE,Cumbre del G20 de Cannes,NA,Cumbre del G20 (Sarkozy); foro empresarial. Declaracion conjunta con Obama relanzando la relacion bilateral.,https://www.cfkargentina.com/discurso-de-cristina-en-la-cumbre-del-g-20-2011-en-cannes/,High,"Campos de micro-conducta (MetHostHOGS y afines) completados desde Diplometrics COLT, 2026-08-03.",Cooperación Política General,Verificada-URL,TRUE,TRUE,President Barack Obama,FALSE,FALSE,FALSE,FALSE,FALSE,NA
ARG-CFK-J086,248,Cristina Fernández de Kirchner,Argentina,Completed,2011-12-02,2011-12-03,2,Venezuela,South America,Caracas,Multilateral,Regional Summit,NA,Cumbre fundacional de la CELAC,NA,Cumbre fundacional de la CELAC (III CALC + XXII Grupo de Rio); anfitrion Chavez. Respaldo a Malvinas; clausula antigolpe.,https://es.wikipedia.org/wiki/Cumbre_de_la_Celac_de_2011,High,"Ultimo viaje del primer mandato; Campos de micro-conducta (MetHostHOGS y afines) completados desde Diplometrics COLT, 2026-08-03.",Cooperación Política General,Verificada-URL,TRUE,FALSE,NA,FALSE,TRUE,FALSE,FALSE,FALSE,NA
ARG-CFK-J087,249,Cristina Fernández de Kirchner,Argentina,Completed,2011-12-20,2011-12-20,1,Uruguay,South America,Montevideo,Multilateral,Regional Summit,NA,XLII Cumbre del MERCOSUR,NA,Cumbre ordinaria del Mercosur; traspaso de presidencia pro tempore Argentina-Uruguay.,https://informatesalta.com.ar/nacional/cumbre-del-mercosur--cristina-kirchner-asume-la-presidencia-pro-tempore_a695d4dff583e698128b1b13a,Medium,"Campos de micro-conducta (MetHostHOGS y afines) completados desde Diplometrics COLT, 2026-08-03.",Comercio/Integración Económica,Verificada-URL,FALSE,FALSE,NA,FALSE,FALSE,FALSE,FALSE,FALSE,NA
ARG-CFK-J089,250,Cristina Fernández de Kirchner,Argentina,Completed,2012-04-14,2012-04-15,2,Colombia,South America,Cartagena,Multilateral,Regional Summit,TRUE,VI Cumbre de las Américas,NA,Cumbre hemisferica; planteo Malvinas. Bilateral con Obama a agenda abierta. Se retiro antes del cierre.,https://cancilleria.gob.ar/es/actualidad/comunicados/la-argentina-participa-de-la-vi-cumbre-de-las-americas-en-cartagena-colombia,High,"Anfitrion Santos. | QA-R3 2026-07-26: URL original citaba comunicado de visita de Estado a BRASIL, inconsistente con Destination_Country=Colombia/Cartagena de esta fila (VI Cumbre de las Americas); reemplazada por comunicado oficial de Cancilleria sobre la VI Cumbre de las Americas en Cartagena, que confirma el evento y fechas; Campos de micro-conducta (MetHostHOGS y afines) completados desde Diplometrics COLT, 2026-08-03.",Cooperación Política General,Verificada-URL,TRUE,FALSE,NA,FALSE,FALSE,FALSE,FALSE,FALSE,NA
ARG-CFK-J090,251,Cristina Fernández de Kirchner,Argentina,Completed,2012-05-16,2012-05-18,3,Angola,Africa,Luanda,Bilateral,Working Visit,FALSE,José Eduardo dos Santos,Jefe de Estado/Gobierno,"Mision comercial con ~400 empresarios; linea de credito Banco Nacion US$100M; energia, nuclear, agroindustria.",https://www.infobae.com/2012/05/16/647893-la-presidente-llego-angola-encabezar-una-mision-comercial/,Medium,"QA-R3 2026-07-26: la fuente (infobae, publicada 2012-05-16, ""la presidente llego a Angola"") confirma llegada el 16-may-2012, no el 17-may-2012 registrado. Start_Date corregido de 2012-05-17 a 2012-05-16; Duration_Days corregido de 2 a 3; Campos de micro-conducta (MetHostHOGS y afines) completados desde Diplometrics COLT, 2026-08-03.",NA,Verificada-URL,TRUE,FALSE,NA,FALSE,FALSE,FALSE,FALSE,FALSE,NA
ARG-CFK-J155,252,Cristina Fernández de Kirchner,Argentina,Completed,2012-06-13,2012-06-14,2,United States,North America,New York,Multilateral,Global Forum,NA,Comité Especial de Descolonización de la ONU - Cuestión Malvinas,NA,"Presento el reclamo de soberania sobre las Islas Malvinas ante el Comite Especial de Descolonizacion de la ONU (14/6/2012), acompanada por representantes de todo el arco politico argentino.",https://www.casarosada.gob.ar/informacion/archivo/25914-malvinas-no-es-una-cuestion-bilateral-es-una-cuestion-global-sostuvo-cristina-fernandez,High,"Gap COLT 2026-08-03. COLT lo describe como 'UN Summit on the Falklands'; la fuente oficial precisa que fue una sesion del Comite Especial de Descolonizacion (Cuestion Malvinas), no una sesion del Consejo de Seguridad. Se corrigio la descripcion del evento.",Cooperación Política General,Verificada-URL,FALSE,FALSE,NA,TRUE,FALSE,FALSE,FALSE,FALSE,NA
ARG-CFK-J091,253,Cristina Fernández de Kirchner,Argentina,Completed,2012-06-18,2012-06-19,2,Mexico,North America,Los Cabos,Multilateral,Global Forum,TRUE,Cumbre del G20 de Los Cabos,NA,Foro economico global (crisis europea). Cruce con Cameron por Malvinas.,https://www.casarosada.gob.ar/informacion/archivo/25924-la-presidenta-reitero-ante-el-primer-ministro-britanico-el-pedido-de-dialogo-sobre-malvinas,High,"Campos de micro-conducta (MetHostHOGS y afines) completados desde Diplometrics COLT, 2026-08-03.",Cooperación Política General,Verificada-URL,TRUE,TRUE,President Francois Hollande,FALSE,FALSE,FALSE,FALSE,FALSE,NA
ARG-CFK-J156,254,Cristina Fernández de Kirchner,Argentina,Completed,2012-07-17,2012-07-18,2,Bolivia,South America,Cochabamba,Bilateral,Working Visit,NA,Presidente Evo Morales,Jefe de Estado/Gobierno,"Visita oficial; agenda bilateral sobre compraventa de gas natural boliviano, integracion binacional, interculturalidad y migracion; firma de acuerdos.",https://www.comunicacion.gob.bo/?q=20120717/cristina-fern%C3%A1ndez-llega-cochabamba-y-expresa-su-benepl%C3%A1cito-por-su-visita-bolivia,High,"Gap COLT 2026-08-03. Confirmado por fuente oficial del gobierno boliviano y por Casa Rosada (arribo 17/7/2012 a las 17:05, aeropuerto Jorge Wilstermann).",NA,Verificada-URL,TRUE,FALSE,NA,FALSE,TRUE,FALSE,FALSE,FALSE,NA
ARG-CFK-J092,255,Cristina Fernández de Kirchner,Argentina,Completed,2012-07-31,2012-07-31,1,Brazil,South America,Brasília,Multilateral,Regional Summit,NA,Cumbre especial MERCOSUR (ingreso de Venezuela),NA,Oficializacion del ingreso de Venezuela al Mercosur tras la suspension de Paraguay.,https://www.perfil.com/noticias/politica/cristina-ya-esta-en-brasil-para-participar-de-la-cumbre-del-mercosur-20120731-0005.phtml,Medium,"Campos de micro-conducta (MetHostHOGS y afines) completados desde Diplometrics COLT, 2026-08-03.",Comercio/Integración Económica,Verificada-URL,TRUE,FALSE,NA,FALSE,FALSE,FALSE,FALSE,FALSE,NA
ARG-CFK-J093,256,Cristina Fernández de Kirchner,Argentina,Completed,2012-09-24,2012-09-25,2,United States,North America,New York,Multilateral,Global Forum,NA,67ª Asamblea General de la ONU,NA,Discurso sobre fondos buitre y Malvinas.,https://enaun.cancilleria.gob.ar/es/content/discurso-de-la-presidenta-cristina-fernandez-de-kirchner,High,"Campos de micro-conducta (MetHostHOGS y afines) completados desde Diplometrics COLT, 2026-08-03.",Cooperación Política General,Verificada-URL,FALSE,FALSE,NA,TRUE,FALSE,FALSE,FALSE,FALSE,NA
ARG-CFK-J157,257,Cristina Fernández de Kirchner,Argentina,Completed,2012-10-01,2012-10-02,2,Peru,South America,Lima,Multilateral,Global Forum,NA,III Cumbre América del Sur-Países Árabes (ASPA),NA,"III Cumbre ASPA en Lima (paises sudamericanos y de la Liga Arabe); agenda de desarrollo sostenible, cooperacion economica y declaracion de respaldo a la soberania argentina sobre Malvinas.",https://www.diariodecuyo.com.ar/noticias/cristina-viaja-a-peru-a-la-cumbre-de-aspa-818920.html,Medium,"Gap COLT 2026-08-03. Confirmado por diariodecuyo y MercoPress (cumbre 1-2/10/2012 en el Ministerio de Cultura, Lima).",Comercio/Integración Económica,Verificada-URL,FALSE,FALSE,NA,TRUE,FALSE,FALSE,FALSE,FALSE,NA
ARG-CFK-J118,258,Cristina Fernández de Kirchner,Argentina,Completed,2012-12-06,2012-12-07,2,Brazil,South America,Brasília,Multilateral,Regional Summit,NA,XLIV Cumbre de Jefes de Estado del MERCOSUR,NA,Cumbre de fin de año del Mercosur; debut de Venezuela como miembro pleno; traspaso de la presidencia pro tempore de Brasil a Uruguay.,https://www.infobae.com/2012/12/02/684506-cristina-kirchner-viaja-brasilia-cumbre-mandatarios-del-mercosur/,Medium,"Campos de micro-conducta (MetHostHOGS y afines) completados desde Diplometrics COLT, 2026-08-03.",Comercio/Integración Económica,Verificada-URL,TRUE,FALSE,NA,FALSE,FALSE,FALSE,FALSE,FALSE,NA
ARG-CFK-J094,259,Cristina Fernández de Kirchner,Argentina,Completed,2013-01-11,2013-01-12,2,Cuba,Caribbean,Havana,Bilateral,Working Visit,FALSE,Gira Asia (escala inicial en Cuba),Jefe de Estado/Gobierno,Escala inicial de la gira asiatica de enero 2013 (La Habana). Tramo 0 previo a EAU-Indonesia-Vietnam.,https://www.cfkargentina.com/seychelles-cristina-paraiso-fiscal-kirchner/,Medium,CORRECCION rechequeo: tramo Cuba (11-12 ene 2013) faltaba en la gira J094. Confirmado por sitio oficial CFK.,NA,Verificada-URL,NA,NA,NA,NA,NA,NA,NA,NA,NA
ARG-CFK-J094,260,Cristina Fernández de Kirchner,Argentina,Completed,2013-01-13,2013-01-15,3,United Arab Emirates,Middle East,Abu Dhabi,Bilateral,Working Visit,NA,Gira Asia (EAU),Jefe de Estado/Gobierno,Mision comercial con ~200 empresarios. Tramo 1 de gira Asia (EAU-Indonesia-Vietnam).,https://www.lanacion.com.ar/politica/tras-dejar-emiratos-arabes-cristina-kirchner-llego-a-indonesia-nid1546143/,Medium,"Gira multipais; Campos de micro-conducta (MetHostHOGS y afines) completados desde Diplometrics COLT, 2026-08-03.",NA,Verificada-URL,TRUE,FALSE,NA,FALSE,TRUE,FALSE,FALSE,FALSE,NA
ARG-CFK-J094,261,Cristina Fernández de Kirchner,Argentina,Completed,2013-01-16,2013-01-18,3,Indonesia,Asia-Pacific,Jakarta,Bilateral,Working Visit,NA,Gira Asia (Indonesia),Jefe de Estado/Gobierno,Mision comercial. Tramo 2 de gira Asia.,https://www.lanacion.com.ar/politica/tras-dejar-emiratos-arabes-cristina-kirchner-llego-a-indonesia-nid1546143/,Medium,"Gira multipais; Campos de micro-conducta (MetHostHOGS y afines) completados desde Diplometrics COLT, 2026-08-03.",NA,Verificada-URL,TRUE,FALSE,NA,FALSE,TRUE,FALSE,TRUE,FALSE,NA
ARG-CFK-J094,262,Cristina Fernández de Kirchner,Argentina,Completed,2013-01-19,2013-01-21,3,Vietnam,Asia-Pacific,Hanoi,Bilateral,Working Visit,NA,Truong Tan Sang / Nguyen Tan Dung,Jefe de Estado/Gobierno,Mision comercial. Tramo 3 de gira Asia. Escala tecnica controvertida en Seychelles al regreso.,https://www.lanacion.com.ar/politica/cristina-cierra-su-gira-con-la-visita-al-presidente-de-vietnam-nid1547492/,Medium,"Vietnam cancelado en dic 2012 y restablecido. NOTA 2026-07-21: LA NACION (21-ene-2013) ubica la llegada a Hanoi la noche del 20/01 (tras pasar por Ciudad Ho Chi Minh) y la agenda oficial (mausoleo Ho Chi Minh, bilateral con el presidente Truong Tan Sang y el PM Nguyen Tan Dung) el 21/01; se corrige End_Date de 20 a 21-ene-2013 y Duration_Days de 2 a 3. NOTA 2026-07-21: LA NACION (21-ene-2013) ubica la llegada a Hanoi la noche del 20/01 (tras pasar por Ciudad Ho Chi Minh) y la agenda oficial (mausoleo Ho Chi Minh, bilateral con el presidente Truong Tan Sang y el PM Nguyen Tan Dung) el 21/01; se corrige End_Date de 20 a 21-ene-2013 y Duration_Days de 2 a 3. NOTA 2026-07-21: LA NACION (21-ene-2013) ubica la llegada a Hanoi la noche del 20/01 (tras pasar por Ciudad Ho Chi Minh) y la agenda oficial (mausoleo Ho Chi Minh, bilateral con el presidente Truong Tan Sang y el PM Nguyen Tan Dung) el 21/01; se corrige End_Date de 20 a 21-ene-2013 y Duration_Days de 2 a 3; Campos de micro-conducta (MetHostHOGS y afines) completados desde Diplometrics COLT, 2026-08-03.",NA,Verificada-URL,TRUE,FALSE,NA,FALSE,FALSE,TRUE,TRUE,FALSE,NA
ARG-CFK-J095,263,Cristina Fernández de Kirchner,Argentina,Completed,2013-01-26,2013-01-27,2,Chile,South America,Santiago,Multilateral,Regional Summit,TRUE,I Cumbre CELAC-UE / I Cumbre CELAC,NA,"Relacion birregional; bilaterales con Merkel, Pena Nieto, Raul Castro, Pinera, Dilma.",https://www.cfkargentina.com/primera-cumbre-celac-ue-en-santiago-de-chile/,High,"Campos de micro-conducta (MetHostHOGS y afines) completados desde Diplometrics COLT, 2026-08-03.",Cooperación Política General,Verificada-URL,TRUE,FALSE,NA,FALSE,FALSE,FALSE,FALSE,FALSE,NA
ARG-CFK-J096,264,Cristina Fernández de Kirchner,Argentina,Completed,2013-03-06,2013-03-07,2,Venezuela,South America,Caracas,Bilateral,Inauguration/Funeral,FALSE,Velatorio de Hugo Chávez,Jefe de Estado/Gobierno,Velatorio de Chavez. Regreso el 7/3; NO asistio al funeral de Estado del 8/3 (hipotension).,https://www.lanacion.com.ar/politica/por-que-cristina-no-asiste-al-funeral-de-hugo-chavez-nid1561337/,Medium,"QA-R4 2026-07-26: URL original (elimpulso.com, 20/4/2013) describia la visita a la tumba de Chavez del 20/4 (evento de la fila 108), no el velorio del 6-7/3 aqui descripto. Reemplazada por fuente (La Nacion, 8/3/2013) que confirma especificamente el velorio, la no asistencia al funeral de Estado del 8/3 por hipotension cronica y el regreso el 7/3 (Timerman asistio en su lugar); Campos de micro-conducta (MetHostHOGS y afines) completados desde Diplometrics COLT, 2026-08-03.",NA,Verificada-URL,FALSE,TRUE,President Enrique Pena Nieto,FALSE,FALSE,TRUE,FALSE,FALSE,NA
ARG-CFK-J097,265,Cristina Fernández de Kirchner,Argentina,Completed,2013-03-18,2013-03-19,2,Vatican City,Europe,Vatican City,Bilateral,Inauguration/Funeral,FALSE,Asunción del Papa Francisco,Jefe de Estado/Gobierno,Misa inaugural del pontificado del primer papa argentino; almuerzo 18/3. Primera jefa de Estado recibida.,https://www.infobae.com/politica/2024/02/12/de-cristina-a-macri-de-alberto-a-milei-fotos-gestos-y-la-duracion-de-las-reuniones-del-papa-francisco-con-los-presidentes-argentinos/,High,"Campos de micro-conducta (MetHostHOGS y afines) completados desde Diplometrics COLT, 2026-08-03.",NA,Verificada-URL,TRUE,FALSE,NA,FALSE,FALSE,TRUE,FALSE,FALSE,NA
ARG-CFK-J158,266,Cristina Fernández de Kirchner,Argentina,Completed,2013-04-18,2013-04-18,1,Peru,South America,Lima,Multilateral,Regional Summit,NA,Reunión Extraordinaria de Jefes de Estado de UNASUR por la crisis electoral en Venezuela,NA,Cumbre extraordinaria de UNASUR en Lima para respaldar los resultados electorales venezolanos y llamar al dialogo; partio luego hacia Caracas para la asuncion de Maduro.,https://es.wikinews.org/wiki/Per%C3%BA_convoca_cumbre_extraordinaria_de_Unasur_por_crisis_venezolana,Medium,"Gap COLT 2026-08-03. Confirmado por Wikinoticias, Peru21 y Cubainformacion (18/4/2013); tramo previo a la asuncion de Maduro en Venezuela, ya cargada como ARG-CFK-J098 (19-20/4/2013).",Cooperación Política General,Verificada-URL,FALSE,FALSE,NA,FALSE,TRUE,FALSE,FALSE,FALSE,NA
ARG-CFK-J098,267,Cristina Fernández de Kirchner,Argentina,Completed,2013-04-19,2013-04-20,2,Venezuela,South America,Caracas,Bilateral,Inauguration/Funeral,FALSE,Asunción de Nicolás Maduro,Jefe de Estado/Gobierno,Investidura de Maduro (19/4); homenaje en la tumba de Chavez (20/4).,https://www.elimpulso.com/2013/04/20/cristina-fernandez-visita-el-cuartel-de-la-montana/,Medium,"Campos de micro-conducta (MetHostHOGS y afines) completados desde Diplometrics COLT, 2026-08-03.",NA,Verificada-URL,FALSE,FALSE,NA,FALSE,FALSE,TRUE,FALSE,FALSE,NA
ARG-CFK-J117,268,Cristina Fernández de Kirchner,Argentina,Completed,2013-07-04,2013-07-04,1,Bolivia,South America,Cochabamba,Multilateral,Regional Summit,NA,Reunión extraordinaria de UNASUR (Declaración de Cochabamba),NA,"Cumbre extraordinaria de UNASUR por la retención en Viena del avión de Evo Morales (caso Snowden); condena a Francia, Portugal, Italia y España.",https://www.cfkargentina.com/cochabamba-unasur-bolivia-evo-morale/,Medium,"Campos de micro-conducta (MetHostHOGS y afines) completados desde Diplometrics COLT, 2026-08-03.",Cooperación Política General,Verificada-URL,TRUE,FALSE,NA,FALSE,FALSE,FALSE,FALSE,FALSE,NA
ARG-CFK-J099,269,Cristina Fernández de Kirchner,Argentina,Completed,2013-07-12,2013-07-12,1,Uruguay,South America,Montevideo,Multilateral,Regional Summit,NA,XLV Cumbre del MERCOSUR,NA,Traspaso de presidencia pro tempore a Venezuela; levantamiento de la suspension de Paraguay.,https://www.cfkargentina.com/cristina-cumbre-mercosur-uruguay/,High,"Campos de micro-conducta (MetHostHOGS y afines) completados desde Diplometrics COLT, 2026-08-03.",Comercio/Integración Económica,Verificada-URL,TRUE,FALSE,NA,FALSE,FALSE,FALSE,FALSE,FALSE,NA
ARG-CFK-J159,270,Cristina Fernández de Kirchner,Argentina,Completed,2013-07-18,2013-07-18,1,Colombia,South America,Bogotá,Bilateral,State Visit,NA,Presidente Juan Manuel Santos,Jefe de Estado/Gobierno,"Primera visita oficial de una jefa de Estado argentina en funciones a Colombia en mas de diez anios; firma de acuerdos comerciales, agropecuarios, educativos y sociales.",https://cancilleria.gov.co/presidenta-argentina-cristina-fernandez-kirchner-llego-visita-oficial-colombia,High,"Gap COLT 2026-08-03. Confirmado por Cancilleria de Colombia, Casa Rosada e Infobae (18/7/2013).",NA,Verificada-URL,TRUE,FALSE,NA,FALSE,TRUE,FALSE,FALSE,FALSE,NA
ARG-CFK-J100,271,Cristina Fernández de Kirchner,Argentina,Completed,2013-07-27,2013-07-28,2,Brazil,South America,Rio de Janeiro,Bilateral,Working Visit,FALSE,Papa Francisco (Jornada Mundial de la Juventud),Otro actor no estatal,Saludar al Papa en la JMJ (su primer viaje internacional).,https://www.lanacion.com.ar/el-mundo/cristina-kirchner-participa-de-la-misa-del-papa-francisco-nid1605241/,Medium,"Fecha estimada; Campos de micro-conducta (MetHostHOGS y afines) completados desde Diplometrics COLT, 2026-08-03.",NA,Verificada-URL,FALSE,FALSE,NA,FALSE,FALSE,TRUE,FALSE,FALSE,NA
ARG-CFK-J160,272,Cristina Fernández de Kirchner,Argentina,Completed,2013-08-05,2013-08-06,2,United States,North America,New York,Multilateral,Global Forum,TRUE,Consejo de Seguridad de la ONU (Argentina en la presidencia rotativa),NA,Discurso ante el Consejo de Seguridad de la ONU durante la presidencia rotativa de Argentina; reclamo por Malvinas (Resolucion 2065); reunion con el Secretario General Ban Ki-moon.,https://www.cfkargentina.com/cristina-kirchner-en-el-consejo-de-seguridad-de-la-onu/,High,"Gap COLT 2026-08-03. COLT lo describe como 'UN Security Council Meeting', correcto: Argentina presidia el Consejo de Seguridad en agosto 2013. Confirmado por Casa Rosada, cfkargentina.com y diariodecuyo (arribo 5/8/2013).",Cooperación Política General,Verificada-URL,FALSE,FALSE,NA,TRUE,FALSE,FALSE,FALSE,TRUE,"Secretario General de la ONU, Ban Ki-moon"
ARG-CFK-J161,273,Cristina Fernández de Kirchner,Argentina,Completed,2013-08-14,2013-08-15,2,Paraguay,South America,Asunción,Bilateral,Inauguration/Funeral,TRUE,Asunción presidencial de Horacio Cartes,Jefe de Estado/Gobierno,Asistio a la asuncion de Horacio Cartes; reunion bilateral privada; anuncio de la devolucion de pertenencias del mariscal Francisco Solano Lopez.,https://cancilleria.gob.ar/es/actualidad/comunicados/encuentro-de-presidentes-y-cancilleres-de-paraguay-y-argentina-en-el-marco-de,High,Gap COLT 2026-08-03. Confirmado por Cancilleria y galeria fotografica oficial de cfkargentina.com ('CFK en la asuncion del nuevo presidente de Paraguay'). CORREGIDO 2026-08-17 (verificacion COLT redo): Start_Date 2013-08-15->2013-08-14 segun ABC Color 'Llego Cristina Fernandez'.,NA,Verificada-URL,TRUE,FALSE,NA,FALSE,FALSE,TRUE,FALSE,FALSE,NA
ARG-CFK-J162,274,Cristina Fernández de Kirchner,Argentina,Completed,2013-08-27,2013-08-27,1,Uruguay,South America,Montevideo,Bilateral,Working Visit,NA,Presidente José Mujica,Jefe de Estado/Gobierno,"Inauguro junto a Mujica la planta desulfuradora de la refineria ANCAP (construida por Aesa, del grupo YPF); recibio las llaves de la ciudad de Montevideo en medio de una polemica con la oposicion uruguaya; firma de memorando sobre eventual exportacion de gas uruguayo.",https://www.infobae.com/2013/08/27/1504622-montevideo-entrego-las-llaves-la-ciudad-cristina-no-hay-muchas-presidentes-el-mundo/,High,"Gap COLT 2026-08-03. Confirmado extensamente por Infobae, LA NACION, Ambito y montevideo.com.uy (27/8/2013).",NA,Verificada-URL,TRUE,FALSE,NA,FALSE,TRUE,TRUE,FALSE,FALSE,NA
ARG-CFK-J101,275,Cristina Fernández de Kirchner,Argentina,Completed,2013-09-05,2013-09-06,2,Russia,Europe,Saint Petersburg,Multilateral,Global Forum,TRUE,Cumbre del G20 de San Petersburgo,NA,"Foro economico; fondos buitre y Siria. Bilaterales con Putin, Xi, India, Japon.",https://www.cfkargentina.com/cristina-cumbre-g20-rusia-san-petersburgo/,High,"ASISTIO; la operacion de cabeza fue posterior (8/10/2013); Campos de micro-conducta (MetHostHOGS y afines) completados desde Diplometrics COLT, 2026-08-03.",Cooperación Política General,Verificada-URL,TRUE,TRUE,General Secretary Xi Jinping,FALSE,FALSE,FALSE,FALSE,FALSE,NA
ARG-CFK-J102,276,Cristina Fernández de Kirchner,Argentina,Completed,2013-09-24,2013-09-24,1,United States,North America,New York,Multilateral,Global Forum,NA,68ª Asamblea General de la ONU,NA,Discurso anual ante la ONU.,https://www.cfkargentina.com/cristina-68-asamblea-onu/,High,"ASISTIO 24/9; operacion subdural posterior (8/10/2013); Campos de micro-conducta (MetHostHOGS y afines) completados desde Diplometrics COLT, 2026-08-03.",Cooperación Política General,Verificada-URL,FALSE,FALSE,NA,TRUE,FALSE,FALSE,FALSE,FALSE,NA
ARG-CFK-J103,277,Cristina Fernández de Kirchner,Argentina,Completed,2014-01-28,2014-01-29,2,Cuba,Caribbean,Havana,Multilateral,Regional Summit,TRUE,II Cumbre de la CELAC,NA,Cumbre regional CELAC; anfitrion Raul Castro.,https://www.infobae.com/2014/01/25/1539270-cristina-kirchner-viajo-cuba-la-cumbre-la-celac/,High,"Campos de micro-conducta (MetHostHOGS y afines) completados desde Diplometrics COLT, 2026-08-03.",Cooperación Política General,Verificada-URL,FALSE,TRUE,President Enrique Pena Nieto,TRUE,FALSE,FALSE,FALSE,FALSE,NA
ARG-CFK-J119,278,Cristina Fernández de Kirchner,Argentina,Completed,2014-03-10,2014-03-11,2,Chile,South America,Santiago,Multilateral,Inauguration/Funeral,TRUE,Asunción de Michelle Bachelet (segundo mandato),NA,Participó de la asunción del segundo mandato de Bachelet; reunión bilateral previa de 40 minutos en la academia diplomática de Santiago.,https://www.infobae.com/2014/03/10/1549172-cristina-kirchner-se-reunio-michelle-bachelet-chile/,Medium,"Campos de micro-conducta (MetHostHOGS y afines) completados desde Diplometrics COLT, 2026-08-03. CORREGIDO 2026-08-17 (verificacion COLT redo): End_Date 2014-03-10->2014-03-11 segun Asuncion de Michelle Bachelet.",Cooperación Política General,Verificada-URL,FALSE,TRUE,President Enrique Pena Nieto,FALSE,FALSE,TRUE,FALSE,FALSE,NA
ARG-CFK-J104,279,Cristina Fernández de Kirchner,Argentina,Completed,2014-03-17,2014-03-17,1,Vatican City,Europe,Vatican City,Bilateral,Working Visit,FALSE,Papa Francisco (audiencia),Jefe de Estado/Gobierno,Audiencia papal y almuerzo. Tramo previo a Francia.,https://www.infobae.com/politica/2024/02/12/de-cristina-a-macri-de-alberto-a-milei-fotos-gestos-y-la-duracion-de-las-reuniones-del-papa-francisco-con-los-presidentes-argentinos/,Medium,"Enlazo con viaje a Francia. QA-R4 2026-07-26: URL original (Infobae 5/3/2014) anunciaba el viaje a Francia pero no confirmaba la audiencia papal del 17/3. Reemplazada por fuente (Infobae retrospectiva 2024, misma nota usada en fila 107) que confirma fecha, lugar (Sala Paulo VI) y duracion (2h30) del tercer encuentro CFK-Francisco; Campos de micro-conducta (MetHostHOGS y afines) completados desde Diplometrics COLT, 2026-08-03.",NA,Verificada-URL,TRUE,FALSE,NA,FALSE,FALSE,FALSE,FALSE,FALSE,NA
ARG-CFK-J105,280,Cristina Fernández de Kirchner,Argentina,Completed,2014-03-18,2014-03-20,3,France,Europe,Paris,Bilateral,Working Visit,FALSE,François Hollande,Jefe de Estado/Gobierno,Relaciones bilaterales; Salon del Libro de Paris (Argentina invitada de honor). Honores militares.,https://www.lanacion.com.ar/politica/en-paris-cristina-kirchner-participo-del-homenaje-a-napoleon-nid1673233/,Medium,"Unico viaje a Francia del 2do mandato. QA-R4 2026-07-26: URL original de Telam ya no resuelve (enlace muerto). Reemplazada por La Nacion (18/3/2014) que confirma la ceremonia en el Hotel/Museo de los Invalidos con honores militares, coherente con Start_Date; Campos de micro-conducta (MetHostHOGS y afines) completados desde Diplometrics COLT, 2026-08-03.",NA,Verificada-URL,TRUE,FALSE,NA,FALSE,FALSE,FALSE,FALSE,FALSE,NA
ARG-CFK-J106,281,Cristina Fernández de Kirchner,Argentina,Completed,2014-06-14,2014-06-15,2,Bolivia,South America,Santa Cruz de la Sierra,Multilateral,Regional Summit,NA,Cumbre G77+China (50° aniversario),NA,Foro Sur-Sur 'Hacia un nuevo orden mundial para vivir bien'; anfitrion Evo Morales.,https://www.cfkargentina.com/g77china-hacia-un-nuevo-orden-mundial-para-vivir-bien/,High,NA,Cooperación Política General,Verificada-URL,NA,NA,NA,NA,NA,NA,NA,NA,NA
ARG-CFK-J107,282,Cristina Fernández de Kirchner,Argentina,Completed,2014-07-15,2014-07-16,2,Brazil,South America,Fortaleza,Multilateral,Global Forum,TRUE,VI Cumbre BRICS + BRICS-UNASUR,NA,"Invitada a la Cumbre BRICS; lanzamiento del Nuevo Banco de Desarrollo. Bilaterales con Putin, Xi, Modi, Zuma, Dilma.",https://www.casarosada.gob.ar/informacion/archivo/27716-cumbre-de-paises-del-brics-y-unasur-en-brasilia-palabras-de-la-presidenta-de-la-nacion,High,"Fortaleza (15/7) y Brasilia (16/7); Campos de micro-conducta (MetHostHOGS y afines) completados desde Diplometrics COLT, 2026-08-03.",Cooperación Política General,Verificada-URL,TRUE,FALSE,NA,FALSE,FALSE,FALSE,FALSE,FALSE,NA
ARG-CFK-J108,283,Cristina Fernández de Kirchner,Argentina,Completed,2014-07-29,2014-07-29,1,Venezuela,South America,Caracas,Multilateral,Regional Summit,NA,46ª Cumbre del MERCOSUR,NA,Cumbre del bloque; busco apoyo por los fondos buitre a horas del default tecnico. Anfitrion Maduro.,https://www.cfkargentina.com/discurso-cristina-kirchner-en-la-46a-cumbre-de-jefes-y-jefas-de-estado-del-mercosur/,High,"Campos de micro-conducta (MetHostHOGS y afines) completados desde Diplometrics COLT, 2026-08-03.",Comercio/Integración Económica,Verificada-URL,TRUE,FALSE,NA,FALSE,FALSE,FALSE,FALSE,FALSE,NA
ARG-CFK-J163,284,Cristina Fernández de Kirchner,Argentina,Completed,2014-08-13,2014-08-13,1,Paraguay,South America,Asunción,Bilateral,Working Visit,NA,Presidente Horacio Cartes,Jefe de Estado/Gobierno,"Visita oficial (primera a Paraguay como presidenta); agenda de dragado de rios, integracion fluvial y portuaria, Yacyreta; devolvio al pueblo paraguayo pertenencias del mariscal Solano Lopez.",https://en.mercopress.com/2014/08/13/finally-cristina-fernandez-is-on-an-official-visit-to-paraguay,Medium,Gap COLT 2026-08-03. Confirmado por MercoPress y Pagina/12 (13/8/2014); una visita anterior habia sido pospuesta por una faringolaringitis aguda de la Presidenta.,NA,Verificada-URL,TRUE,FALSE,NA,FALSE,FALSE,TRUE,FALSE,FALSE,NA
ARG-CFK-J164,285,Cristina Fernández de Kirchner,Argentina,Completed,2014-09-20,2014-09-20,1,Vatican City,Europe,Vatican City,Bilateral,Working Visit,NA,Papa Francisco,Jefe de Estado/Gobierno,"Cuarto encuentro con el papa Francisco; almuerzo privado de mas de dos horas en la residencia de Santa Marta, a invitacion especial del Papa.",https://www.infobae.com/2014/09/20/1596147-el-papa-francisco-almorzo-cristina-kirchner-el-vaticano/,High,"Gap COLT 2026-08-03. Confirmado por Infobae y El Litoral (20/9/2014); distinto del encuentro previo del 17/3/2014 (ya cargado como ARG-CFK-J104, tramo previo a Francia).",NA,Verificada-URL,TRUE,FALSE,NA,FALSE,FALSE,FALSE,FALSE,FALSE,NA
ARG-CFK-J109,286,Cristina Fernández de Kirchner,Argentina,Completed,2014-09-24,2014-09-25,2,United States,North America,New York,Multilateral,Global Forum,NA,69ª Asamblea General de la ONU,NA,Discurso contra los fondos buitre ('terrorismo economico y financiero').,https://www.lanacion.com.ar/politica/cristina-volvio-a-criticar-a-obama-porsu-postura-ante-siria-y-los-fondos-buitre-nid1617743/,High,"Campos de micro-conducta (MetHostHOGS y afines) completados desde Diplometrics COLT, 2026-08-03.",Cooperación Política General,Verificada-URL,TRUE,FALSE,NA,TRUE,FALSE,FALSE,FALSE,FALSE,NA
ARG-CFK-J165,287,Cristina Fernández de Kirchner,Argentina,Completed,2014-12-04,2014-12-05,2,Ecuador,South America,Quito,Multilateral,Regional Summit,NA,Cumbre extraordinaria de UNASUR - inauguración de la sede Néstor Kirchner,NA,"Inauguracion de la nueva sede permanente de UNASUR ('Nestor Kirchner') en Mitad del Mundo, Quito, junto a Correa, Dilma Rousseff y otros mandatarios.",https://www.cfkargentina.com/inauguramos-la-nueva-sede-nestor-kirchner-de-unasur-en-el-centro-del-mundo-en-quito/,High,"Gap COLT 2026-08-03. Confirmado por cfkargentina.com, El Comercio (Ecuador) y diariodecuyo (llegada 4/12, inauguracion 5/12/2014).",Cooperación Política General,Verificada-URL,TRUE,TRUE,"Presidenta Dilma Rousseff (Brasil), entre otros mandatarios de UNASUR",TRUE,FALSE,TRUE,FALSE,FALSE,NA
ARG-CFK-J110,288,Cristina Fernández de Kirchner,Argentina,Completed,2015-02-02,2015-02-05,4,China,Asia-Pacific,Beijing,Bilateral,State Visit,FALSE,Xi Jinping,Jefe de Estado/Gobierno,"Visita de Estado; 15 acuerdos (centrales nucleares IV y V, aeroespacial, swap hasta US$11.000M).",https://www.cfkargentina.com/discurso-de-la-presidenta-cristina-kirchner-al-termino-de-la-firma-de-acuerdos-bilaterales-con-la-republica-popular-china/,High,"Tuit sobre 'aloz' y 'petloleo'. QA-R4 2026-07-26: URL original (La Nacion, sobre la gira del Papa a Cuba/EEUU de sept.2015) no correspondia al viaje a China de feb.2015 (fuente reciclada entre giras). Reemplazada por discurso oficial de CFK (cfkargentina.com, 4/2/2015) que confirma los 15 acuerdos, las centrales nucleares IV y V, y el acuerdo aeroespacial mencionados en Trip_Objective; Campos de micro-conducta (MetHostHOGS y afines) completados desde Diplometrics COLT, 2026-08-03.",NA,Verificada-URL,TRUE,FALSE,NA,TRUE,TRUE,FALSE,TRUE,FALSE,NA
ARG-CFK-J111,289,Cristina Fernández de Kirchner,Argentina,Completed,2015-04-10,2015-04-11,2,Panama,Central America,Panama City,Multilateral,Regional Summit,TRUE,VII Cumbre de las Américas,NA,Cumbre historica por el reingreso de Cuba; critico a Obama por el decreto sobre Venezuela. Reunion con Maduro.,https://www.larepublica.ec/blog/2015/04/11/fernandez-de-kirchner-reclama-sinceridad-a-los-lideres-de-las-americas/,High,"Anfitrion Varela; presentes Obama y Raul Castro; Campos de micro-conducta (MetHostHOGS y afines) completados desde Diplometrics COLT, 2026-08-03.",Cooperación Política General,Verificada-URL,FALSE,FALSE,NA,TRUE,FALSE,FALSE,FALSE,FALSE,NA
ARG-CFK-J112,290,Cristina Fernández de Kirchner,Argentina,Completed,2015-04-22,2015-04-23,2,Russia,Europe,Moscow,Bilateral,State Visit,FALSE,Vladímir Putin,Jefe de Estado/Gobierno,"Acuerdo Estrategico Integral; ~20 acuerdos (represa Chihuido I, 6ta central nuclear).",https://www.infobae.com/2015/04/23/1724160-cristina-kirchner-se-reunio-putin/,Medium,"Cancilleria; Campos de micro-conducta (MetHostHOGS y afines) completados desde Diplometrics COLT, 2026-08-03.",NA,Verificada-URL,TRUE,FALSE,NA,FALSE,TRUE,TRUE,FALSE,FALSE,NA
ARG-CFK-J120,291,Cristina Fernández de Kirchner,Argentina,Completed,2015-06-07,2015-06-07,1,Vatican City,Europe,Vatican City,Bilateral,Working Visit,NA,Papa Francisco (audiencia),Jefe de Estado/Gobierno,"Audiencia con el papa Francisco en la sala Pablo VI, a dos meses de las PASO; repasaron la situación latinoamericana y mundial.",https://www.diariodecuyo.com.ar/mundo/CFK-se-reunio-con-Francisco-20150607-0014.html,Medium,"Primer tramo de la gira a Italia (FAO, Trip_ID 254, mismo Journey_ID); Campos de micro-conducta (MetHostHOGS y afines) completados desde Diplometrics COLT, 2026-08-03.",NA,Verificada-URL,TRUE,FALSE,NA,FALSE,FALSE,FALSE,FALSE,FALSE,NA
ARG-CFK-J120,292,Cristina Fernández de Kirchner,Argentina,Completed,2015-06-08,2015-06-09,2,Italy,Europe,Roma,Multilateral,Global Forum,TRUE,39ª Conferencia de la FAO,NA,Disertó en la 39ª Conferencia de la FAO; recibió premio por reducción del hambre; almuerzo bilateral con Mattarella; visita añadida a la Expo Milán.,https://www.lanacion.com.ar/politica/la-fao-premiara-a-cristina-por-los-planes-de-lucha-contra-el-hambre-nid1799841/,Medium,"Incluye escala en Milán (Expo Milán 2015, agregada de último momento) el 9/6; ciudad principal registrada Roma por concentrar la agenda oficial (FAO, bilateral con Mattarella); Campos de micro-conducta (MetHostHOGS y afines) completados desde Diplometrics COLT, 2026-08-03.",Cooperación Política General,Verificada-URL,FALSE,FALSE,NA,FALSE,FALSE,FALSE,FALSE,FALSE,NA
ARG-CFK-J113,293,Cristina Fernández de Kirchner,Argentina,Completed,2015-07-12,2015-07-12,1,Paraguay,South America,Asunción,Bilateral,Working Visit,FALSE,Papa Francisco (misa),Otro actor no estatal,Misa de cierre de la gira sudamericana del Papa (Ecuador-Bolivia-Paraguay).,https://www.casarosada.gob.ar/informacion/archivo/28857-la-presidenta-asiste-a-la-misa-que-ofrece-el-papa-francisco-en-asuncion-paraguay,High,"NO fue cumbre Mercosur (esa fue en Brasilia, ver J114); Campos de micro-conducta (MetHostHOGS y afines) completados desde Diplometrics COLT, 2026-08-03.",NA,Verificada-URL,TRUE,FALSE,NA,FALSE,FALSE,FALSE,FALSE,FALSE,NA
ARG-CFK-J114,294,Cristina Fernández de Kirchner,Argentina,Completed,2015-07-16,2015-07-17,2,Brazil,South America,Brasília,Multilateral,Regional Summit,TRUE,XLVIII Cumbre del MERCOSUR,NA,Cumbre del bloque; adhesion de Bolivia; traspaso de presidencia Brasil-Paraguay. Bilateral con Dilma.,https://aldiaargentina.microjuris.com/2015/07/17/cristina-participa-de-la-cumbre-del-mercosur-y-se-reune-con-dilma/,Medium,"Campos de micro-conducta (MetHostHOGS y afines) completados desde Diplometrics COLT, 2026-08-03.",Comercio/Integración Económica,Verificada-URL,TRUE,FALSE,NA,FALSE,FALSE,FALSE,FALSE,FALSE,NA
ARG-CFK-J115,295,Cristina Fernández de Kirchner,Argentina,Completed,2015-09-19,2015-09-20,2,Cuba,Caribbean,Havana,Bilateral,Working Visit,TRUE,Papa Francisco (misa en La Habana),Jefe de Estado/Gobierno,Saludar al Papa antes de viajar a Nueva York; tambien Fidel y Raul Castro.,https://www.lanacion.com.ar/el-mundo/el-papa-francisco-llego-a-la-habana-para-una-historica-gira-a-cuba-y-eeuu-nid1829468/,Medium,"Counterpart_Type-QA 2026-07-27: fila mezcla mision religiosa (Papa Francisco, no es jefe de Estado de Cuba) con mencion de Fidel y Raul Castro (Raul, jefe de Estado en funciones); se mantiene default por el encuentro con Raul Castro pero el Counterpart_Event principal registrado es el Papa -- revisar si corresponde separar/reclasificar; Campos de micro-conducta (MetHostHOGS y afines) completados desde Diplometrics COLT, 2026-08-03.",NA,Verificada-URL,FALSE,FALSE,NA,FALSE,FALSE,TRUE,FALSE,FALSE,NA
ARG-CFK-J116,296,Cristina Fernández de Kirchner,Argentina,Completed,2015-09-27,2015-09-28,2,United States,North America,New York,Multilateral,Global Forum,NA,70ª Asamblea General de la ONU,NA,"Ultimo discurso como presidenta (28/9); fondos buitre, AMIA/Iran, pedido por Antonio Stiuso.",https://news.un.org/es/audio/2015/09/1411141,High,"Ultimo viaje internacional del mandato; Campos de micro-conducta (MetHostHOGS y afines) completados desde Diplometrics COLT, 2026-08-03.",Cooperación Política General,Verificada-URL,FALSE,FALSE,NA,TRUE,FALSE,FALSE,FALSE,FALSE,NA
ARG-MM-J117,297,Mauricio Macri,Argentina,Completed,2015-12-21,2015-12-21,1,Paraguay,South America,Asunción,Multilateral,Regional Summit,TRUE,49ª Cumbre del MERCOSUR,NA,"Primera actividad internacional; pidio liberacion de presos politicos en Venezuela. Con Cartes, Bachelet, Tabare, Dilma, Evo.",https://www.cronista.com/economia-politica/Primeros-viajes-oficiales-que-destinos-eligieron-los-ex-presidentes-20200116-0035.html,High,"Primer viaje del mandato; Campos de micro-conducta (MetHostHOGS y afines) completados desde Diplometrics COLT, 2026-08-03.",Comercio/Integración Económica,Verificada-URL,TRUE,FALSE,NA,FALSE,FALSE,FALSE,FALSE,FALSE,NA
ARG-MM-J118,298,Mauricio Macri,Argentina,Completed,2016-01-07,2016-01-07,1,Uruguay,South America,Colonia del Sacramento,Bilateral,Working Visit,NA,Tabaré Vázquez,Jefe de Estado/Gobierno,Relanzar relacion bilateral; candidatura conjunta Mundial 2030.,https://www.casarosada.gob.ar/slider-principal/44781-los-presidentes-mauricio-macri-y-tabare-vazquez-se-reunieron-en-colonia,Low,"QA 2026-07-22 (auditoria de segunda opinion): la URL citada (casarosada.gob.ar/44781) describe una reunion Macri-Vazquez POSTERIOR, del 13/2/2019, sobre la crisis electoral en Venezuela -no la reunion de Colonia del 7/1/2016 sobre relanzamiento bilateral y candidatura Mundial 2030-. El hecho en si esta corroborado por prensa de enero 2016 (La Nacion y otros) pero se necesita una URL primaria correcta de esa fecha. Fila conservada (hecho probablemente cierto) pero degradada a No-verificable/Low hasta reforzar la fuente; Campos de micro-conducta (MetHostHOGS y afines) completados desde Diplometrics COLT, 2026-08-03.",NA,No-verificable,TRUE,FALSE,NA,FALSE,FALSE,FALSE,FALSE,FALSE,NA
ARG-MM-J119,299,Mauricio Macri,Argentina,Completed,2016-01-20,2016-01-23,4,Switzerland,Europe,Davos,Multilateral,Global Forum,TRUE,Foro Económico Mundial (WEF),NA,"Primer presidente argentino en el WEF desde Duhalde (2003); atraer inversiones. Reuniones con Biden, Cameron, Netanyahu.",https://www.lanacion.com.ar/politica/las-claves-del-viaje-que-se-trajo-macri-de-las-montanas-de-davos-nid1864404/,High,"Acompanado por Sergio Massa; Campos de micro-conducta (MetHostHOGS y afines) completados desde Diplometrics COLT, 2026-08-03.",Comercio/Integración Económica,Verificada-URL,FALSE,TRUE,Prime Minister David Cameron,TRUE,FALSE,FALSE,FALSE,FALSE,NA
ARG-MM-J120,300,Mauricio Macri,Argentina,Completed,2016-02-27,2016-02-27,1,Vatican City,Europe,Vatican City,Bilateral,Working Visit,NA,Papa Francisco,Jefe de Estado/Gobierno,Primera audiencia con el Papa argentino.,https://www.cronista.com/economia-politica/El-papa-Francisco-recibio-a-Mauricio-Macri-en-el-Vaticano-20160227-0001.html,Medium,"Combinada con Italia/Roma; Campos de micro-conducta (MetHostHOGS y afines) completados desde Diplometrics COLT, 2026-08-03.",NA,Verificada-URL,TRUE,FALSE,NA,FALSE,FALSE,FALSE,FALSE,FALSE,NA
ARG-MM-J120,301,Mauricio Macri,Argentina,Completed,2016-02-27,2016-02-28,2,Italy,Europe,Rome,Bilateral,Working Visit,NA,Matteo Renzi (Primer Ministro),Jefe de Estado/Gobierno,"Reunion bilateral con el PM italiano Matteo Renzi en Roma, mismo dia que la audiencia con el Papa Francisco (fila Vaticano ya cargada, mismo Journey).",https://www.infobae.com/2016/02/26/1792992-mauricio-macri-llego-roma-y-sumo-una-reunion-el-primer-ministro-matteo-renzi/,Medium,"Detectado via comparacion con Diplometrics COLT (2026-08-03, ver 05_BITACORA/comparacion_diplometrics_colt.txt); verificado con fuente propia. Se agrega como tramo Italia adicional al Journey J120 (que ya tenia el tramo Vaticano del mismo 27-feb-2016). CORREGIDO 2026-08-17 (verificacion COLT redo): End_Date 2016-02-27->2016-02-28 segun El Cronista, El Intransigente, Infobae (27/2/2016).",NA,Verificada-URL,TRUE,FALSE,NA,FALSE,FALSE,FALSE,FALSE,FALSE,NA
ARG-MM-J121,302,Mauricio Macri,Argentina,Completed,2016-03-31,2016-04-01,2,United States,North America,Washington D.C.,Multilateral,Global Forum,TRUE,Cumbre de Seguridad Nuclear (Obama),NA,Nuclear Security Summit; reunion con Obama.,https://www.lanacion.com.ar/politica/desde-un-avion-rumbo-a-washington-mauricio-macri-publico-un-mensaje-sobre-usos-nucleares-nid1884825,Medium,"Campos de micro-conducta (MetHostHOGS y afines) completados desde Diplometrics COLT, 2026-08-03.",Seguridad,Verificada-URL,TRUE,TRUE,Prime Minister Justin Trudeau,FALSE,FALSE,FALSE,FALSE,FALSE,NA
ARG-MM-J122,303,Mauricio Macri,Argentina,Completed,2016-06-14,2016-06-16,3,Colombia,South America,Bogotá,Bilateral,Working Visit,NA,Juan Manuel Santos,Jefe de Estado/Gobierno,"Comercio, inversiones, proceso de paz colombiano.",https://www.casarosada.gob.ar/informacion/conferencias/36574-conferencia-de-prensa-del-presidente-mauricio-macri-y-su-par-colombiano-juan-manuel-santos-en-bogota,High,"Campos de micro-conducta (MetHostHOGS y afines) completados desde Diplometrics COLT, 2026-08-03. CORREGIDO 2026-08-17 (verificacion COLT redo): Start_Date 2016-06-15->2016-06-14 segun Cancilleria de Colombia (comunicado); Infobae 14/6/2016.",NA,Verificada-URL,TRUE,FALSE,NA,TRUE,TRUE,FALSE,FALSE,FALSE,NA
ARG-MM-J122,304,Mauricio Macri,Argentina,Completed,2016-06-17,2016-06-17,1,Colombia,South America,Medellín,Multilateral,Global Forum,NA,Foro Económico Mundial para América Latina (con Juan Manuel Santos),NA,Participó del Foro Económico Mundial para América Latina en Medellín junto a Santos; discurso sobre reglas de inversión y desarrollo equitativo regional. Tramo final de la visita a Colombia.,https://www.casarosada.gob.ar/36578-macri-participo-del-foro-economico-,High,"Fila agregada en fase de completitud (2026-07-21). Confirma BRECHA documentada en PENDIENTES: Santos anunció la agenda en conferencia de prensa oficial en Bogotá el 16/6/2016 ('El Presidente Macri va a asistir al Foro Económico Mundial, mañana, en Medellín'; fuente Casa Rosada, https://www.casarosada.gob.ar/informacion/conferencias/36574-conferencia-de-prensa-del-presidente-mauricio-macri-y-su-par-colombiano-juan-manuel-santos-en-bogota). Fuente oficial post-evento (Casa Rosada) confirma la participación; fecha 17-jun-2016 corroborada por prensa (El Colombiano: foro 16-17/6/2016). Comparte Journey_ID con el tramo Bogotá (Trip 132); Campos de micro-conducta (MetHostHOGS y afines) completados desde Diplometrics COLT, 2026-08-03.",Comercio/Integración Económica,Verificada-URL,TRUE,FALSE,NA,TRUE,TRUE,FALSE,FALSE,FALSE,NA
ARG-MM-J123,305,Mauricio Macri,Argentina,Completed,2016-06-30,2016-07-01,2,Chile,South America,Puerto Varas,Multilateral,Regional Summit,TRUE,XI Cumbre Alianza del Pacífico,NA,Acercamiento Mercosur-Alianza del Pacifico (Argentina observador).,https://www.lanacion.com.ar/politica/giro-estrategico-macri-participa-hoy-de-la-cumbre-de-la-alianza-del-pacifico-nid1913920/,Medium,"Campos de micro-conducta (MetHostHOGS y afines) completados desde Diplometrics COLT, 2026-08-03.",Comercio/Integración Económica,Verificada-URL,FALSE,FALSE,NA,TRUE,FALSE,FALSE,FALSE,FALSE,NA
ARG-MM-J124,306,Mauricio Macri,Argentina,Completed,2016-07-02,2016-07-02,1,France,Europe,Paris,Bilateral,Working Visit,NA,François Hollande,Jefe de Estado/Gobierno,"Relaciones bilaterales, inversiones, acuerdo Mercosur-UE. Tramo 1 de gira europea.",https://www.lanacion.com.ar/politica/mauricio-macri-viaje-francia-alemania-belgica-estados-unidos-nid1914428/,Medium,"QA-R4 2026-07-26: la URL original en http:// no resolvia (enlace caido); reemplazada por la version https del mismo articulo de La Nacion, verificada y funcional. Itinerario confirmado: Francia 2/7, Belgica 3-4/7, Alemania martes/miercoles=5-6/7, EEUU (Sun Valley) 7-8/7; Campos de micro-conducta (MetHostHOGS y afines) completados desde Diplometrics COLT, 2026-08-03.",NA,Verificada-URL,TRUE,FALSE,NA,FALSE,FALSE,FALSE,FALSE,FALSE,NA
ARG-MM-J124,307,Mauricio Macri,Argentina,Completed,2016-07-03,2016-07-04,2,Belgium,Europe,Brussels,Bilateral,Working Visit,NA,Donald Tusk; rey Felipe de Bélgica,Jefe de Estado/Gobierno,Negociacion con la UE. Tramo 2 de gira europea.,https://www.lanacion.com.ar/politica/mauricio-macri-viaje-francia-alemania-belgica-estados-unidos-nid1914428/,Medium,"QA-R4 2026-07-26: la URL original en http:// no resolvia (enlace caido); reemplazada por la version https del mismo articulo de La Nacion, verificada y funcional. Itinerario confirmado: Francia 2/7, Belgica 3-4/7, Alemania martes/miercoles=5-6/7, EEUU (Sun Valley) 7-8/7; Campos de micro-conducta (MetHostHOGS y afines) completados desde Diplometrics COLT, 2026-08-03.",NA,Verificada-URL,TRUE,FALSE,NA,FALSE,FALSE,FALSE,TRUE,TRUE,European Council President Donald Tusk
ARG-MM-J124,308,Mauricio Macri,Argentina,Completed,2016-07-05,2016-07-06,2,Germany,Europe,Berlin,Bilateral,Working Visit,NA,Angela Merkel; Joachim Gauck,Jefe de Estado/Gobierno,"Relaciones bilaterales, inversiones (Mercedes, Volkswagen, Siemens). Tramo 3.",https://www.lanacion.com.ar/politica/mauricio-macri-viaje-francia-alemania-belgica-estados-unidos-nid1914428/,Medium,"QA-R4 2026-07-26: la URL original en http:// no resolvia (enlace caido); reemplazada por la version https del mismo articulo de La Nacion, verificada y funcional. Itinerario confirmado: Francia 2/7, Belgica 3-4/7, Alemania martes/miercoles=5-6/7, EEUU (Sun Valley) 7-8/7; Campos de micro-conducta (MetHostHOGS y afines) completados desde Diplometrics COLT, 2026-08-03.",NA,Verificada-URL,TRUE,FALSE,NA,FALSE,FALSE,FALSE,FALSE,FALSE,NA
ARG-MM-J124,309,Mauricio Macri,Argentina,Completed,2016-07-07,2016-07-08,2,United States,North America,Sun Valley,Bilateral,Working Visit,NA,Sun Valley Conference (Allen & Co),Otro actor no estatal,Encuentro con lideres empresariales/tecnologicos en Idaho. Tramo 4 (final).,https://www.lanacion.com.ar/politica/mauricio-macri-viaje-francia-alemania-belgica-estados-unidos-nid1914428/,Medium,"QA-R4 2026-07-26: la URL original en http:// no resolvia (enlace caido); reemplazada por la version https del mismo articulo de La Nacion, verificada y funcional. Itinerario confirmado: Francia 2/7, Belgica 3-4/7, Alemania martes/miercoles=5-6/7, EEUU (Sun Valley) 7-8/7; Campos de micro-conducta (MetHostHOGS y afines) completados desde Diplometrics COLT, 2026-08-03.",NA,Verificada-URL,FALSE,FALSE,NA,TRUE,FALSE,FALSE,TRUE,FALSE,NA
ARG-MM-J125,310,Mauricio Macri,Argentina,Completed,2016-07-28,2016-07-28,1,Peru,South America,Lima,Bilateral,Inauguration/Funeral,NA,Asunción de Pedro Pablo Kuczynski,Jefe de Estado/Gobierno,Representar a Argentina en el cambio de mando.,https://www.casarosada.gob.ar/informacion/eventos-destacados-presi/36868-el-presidente-mauricio-macri-se-reunio-con-su-par-electo-de-peru-pedro-kuczynski,High,"Fecha a confirmar; Campos de micro-conducta (MetHostHOGS y afines) completados desde Diplometrics COLT, 2026-08-03.",NA,Verificada-URL,FALSE,FALSE,NA,FALSE,FALSE,TRUE,FALSE,FALSE,NA
ARG-MM-J126,311,Mauricio Macri,Argentina,Completed,2016-08-05,2016-08-05,1,Brazil,South America,Rio de Janeiro,Bilateral,Inauguration/Funeral,NA,Apertura JJOO Río 2016,Jefe de Estado/Gobierno,Asistir a la inauguracion olimpica (invitado por Temer).,https://www.diariodecuyo.com.ar/noticias/macri-en-brasil-los-juegos-olimpicos-van-a-ser-un-exito-525708.html,Medium,"QA-R4 2026-07-26: Trip_Objective corregido ('invitado por Dilma' -> 'invitado por Temer'): para agosto 2016 Dilma Rousseff estaba suspendida por el juicio politico; quien recibio a Macri en la recepcion previa en el Palacio de Itamaraty fue el presidente interino Michel Temer. La URL original (nota generica sobre la ceremonia) no mencionaba a Macri; reemplazada por fuente que confirma su presencia y el rol de Temer como anfitrion; Campos de micro-conducta (MetHostHOGS y afines) completados desde Diplometrics COLT, 2026-08-03.",NA,Verificada-URL,FALSE,FALSE,NA,FALSE,FALSE,TRUE,FALSE,FALSE,NA
ARG-MM-J127,312,Mauricio Macri,Argentina,Completed,2016-09-01,2016-09-01,1,Qatar,Middle East,Doha,Bilateral,Working Visit,NA,Emir Tamim bin Hamad Al Thani,Jefe de Estado/Gobierno,Inversiones; inicio de gira a Asia. Tramo 1.,https://www.ambito.com/politica/en-el-inicio-su-gira-macri-se-reunio-el-emir-qatar-n3953317,Medium,"QA-R4 2026-07-26: Start_Date/End_Date corregidos de 2016-09-03 a 2016-09-01. La fuente citada (Ambito, 1/9/2016) y una nota conexa de La Nacion (2/9/2016) ubican la escala en Doha el jueves 1/9/2016 (la Presidenta arribo esa misma noche a Hangzhou, China), no el 3/9; Campos de micro-conducta (MetHostHOGS y afines) completados desde Diplometrics COLT, 2026-08-03.",NA,Verificada-URL,TRUE,FALSE,NA,FALSE,FALSE,FALSE,TRUE,FALSE,NA
ARG-MM-J127,313,Mauricio Macri,Argentina,Completed,2016-09-04,2016-09-05,2,China,Asia-Pacific,Hangzhou,Multilateral,Global Forum,TRUE,Cumbre del G20 de Hangzhou,NA,Participacion en el G20; primer cruce con Putin. Tramo 2.,https://www.lanacion.com.ar/politica/mauricio-macri-llego-a-china-donde-participara-de-la-cumbre-del-g20-nid1933996,Medium,"Campos de micro-conducta (MetHostHOGS y afines) completados desde Diplometrics COLT, 2026-08-03.",Cooperación Política General,Verificada-URL,TRUE,TRUE,Prime Minister Narendra Modi;Prime Minister Mariano Rajoy;President Vladimir Putin,FALSE,FALSE,FALSE,TRUE,FALSE,NA
ARG-MM-J128,314,Mauricio Macri,Argentina,Completed,2016-09-19,2016-09-21,3,United States,North America,New York,Multilateral,Global Forum,TRUE,71ª Asamblea General de la ONU,NA,Primer discurso ante la ONU; Clinton Global Initiative; paseo en bicicleta.,https://www.perfil.com/noticias/politica/macri-viajo-a-nueva-york-para-asistir-a-la-asamblea-general-de-la-onu.phtml,Medium,"Fecha aproximada; Campos de micro-conducta (MetHostHOGS y afines) completados desde Diplometrics COLT, 2026-08-03.",Cooperación Política General,Verificada-URL,FALSE,TRUE,Prime Minister Theresa May;President Petro Poroshenko,TRUE,FALSE,FALSE,FALSE,FALSE,NA
ARG-MM-J153,315,Mauricio Macri,Argentina,Completed,2016-09-26,2016-09-26,1,Colombia,South America,Cartagena,Bilateral,State Visit,NA,Juan Manuel Santos / Firma del Acuerdo de Paz Colombia-FARC,Jefe de Estado/Gobierno,Asistio a la ceremonia de firma del acuerdo de paz entre el gobierno de Colombia y las FARC en Cartagena; dio un discurso.,https://ecolo.cancilleria.gob.ar/es/content/el-presidente-mauricio-macri-viaj%C3%B3-cartagena-para-participar-de-la-firma-del-hist%C3%B3rico-acuer,High,"Detectado via comparacion con Diplometrics COLT (2026-08-03, ver 05_BITACORA/comparacion_diplometrics_colt.txt); verificado con fuente propia. Fecha corregida a 26-sep-2016 (COLT reportaba 27-sep; fuente oficial Cancilleria confirma 26-sep).",NA,Verificada-URL,TRUE,FALSE,NA,TRUE,TRUE,FALSE,FALSE,FALSE,NA
ARG-MM-J129,316,Mauricio Macri,Argentina,Completed,2016-10-15,2016-10-16,2,Vatican City,Europe,Vatican City,Bilateral,Working Visit,NA,Papa Francisco (2da audiencia),Jefe de Estado/Gobierno,Segunda visita al Papa; paseo en bicicleta en Roma.,https://www.lanacion.com.ar/politica/mauricio-macri-papa-francisco-reunion-el-vaticano-nid1947392/,Medium,"Campos de micro-conducta (MetHostHOGS y afines) completados desde Diplometrics COLT, 2026-08-03. CORREGIDO 2026-08-17 (verificacion COLT redo): End_Date 2016-10-15->2016-10-16 segun Infobae (14 y 16/10/2016); La Nacion.",NA,Verificada-URL,TRUE,FALSE,NA,FALSE,FALSE,TRUE,FALSE,FALSE,NA
ARG-MM-J154,317,Mauricio Macri,Argentina,Completed,2017-02-07,2017-02-07,1,Brazil,South America,Brasilia,Bilateral,State Visit,NA,Michel Temer,Jefe de Estado/Gobierno,Visita de Estado a Brasilia; firma de 5 acuerdos bilaterales con el presidente Michel Temer.,https://www.gov.br/mre/en/contact-us/press-area/press-releases/state-visit-of-the-president-of-the-argentine-republic-mauricio-macri-to-brazil-brasilia-february-7-2017,High,"Detectado via comparacion con Diplometrics COLT (2026-08-03, ver 05_BITACORA/comparacion_diplometrics_colt.txt); verificado con fuente propia.",NA,Verificada-URL,TRUE,FALSE,NA,FALSE,TRUE,FALSE,FALSE,FALSE,NA
ARG-MM-J130,318,Mauricio Macri,Argentina,Completed,2017-02-20,2017-02-25,6,Spain,Europe,Madrid,Bilateral,State Visit,NA,Rey Felipe VI; Mariano Rajoy,Jefe de Estado/Gobierno,Visita de Estado; recepcion en el Palacio Real; ~200 empresarios; inversiones.,https://www.infobae.com/politica/2017/02/20/macri-en-espana-los-desafios-de-un-viaje-inedito-para-el-gobierno/,Medium,"Campos de micro-conducta (MetHostHOGS y afines) completados desde Diplometrics COLT, 2026-08-03.",NA,Verificada-URL,TRUE,FALSE,NA,TRUE,TRUE,TRUE,TRUE,FALSE,NA
ARG-MM-J131,319,Mauricio Macri,Argentina,Completed,2017-03-16,2017-03-16,1,Paraguay,South America,Asunción,Bilateral,Working Visit,NA,Horacio Cartes,Jefe de Estado/Gobierno,Deuda de Yacyreta; lucha contra el narcotrafico.,https://www.lanacion.com.ar/politica/narcotrafico-macri-acordo-mas-controles-con-su-colega-paraguayo-nid1994486/,Medium,"Campos de micro-conducta (MetHostHOGS y afines) completados desde Diplometrics COLT, 2026-08-03.",NA,Verificada-URL,TRUE,FALSE,NA,FALSE,FALSE,FALSE,FALSE,FALSE,NA
ARG-MM-J132,320,Mauricio Macri,Argentina,Completed,2017-03-27,2017-03-28,2,Netherlands,Europe,Amsterdam,Bilateral,Working Visit,NA,Rey Guillermo-Alejandro y reina Máxima,Jefe de Estado/Gobierno,Foro economico; relaciones bilaterales.,https://www.lanacion.com.ar/politica/mauricio-macri-holanda-reina-maxima-juliana-awada-nid1999671/,Medium,"NOTA 2026-07-20: fuentes de prensa (LA NACION, Cancilleria) ubican la visita de Estado completa a los Paises Bajos entre el 24 y el 28 de marzo de 2017 (varias ciudades/actividades); el Foro de Negocios e Inversiones 'Socios del Siglo XXI' en Amsterdam se realizo puntualmente el 27/03. Fecha cargada (27-28) se mantiene por corresponder al tramo especifico en Amsterdam, sin evidencia de error. NOTA 2026-07-20: fuentes de prensa (LA NACION, Cancilleria) ubican la visita de Estado completa a los Paises Bajos entre el 24 y el 28 de marzo de 2017 (varias ciudades/actividades); el Foro de Negocios e Inversiones 'Socios del Siglo XXI' en Amsterdam se realizo puntualmente el 27/03. Fecha cargada (27-28) se mantiene por corresponder al tramo especifico en Amsterdam, sin evidencia de error. NOTA 2026-07-20: fuentes de prensa (LA NACION, Cancilleria) ubican la visita de Estado completa a los Paises Bajos entre el 24 y el 28 de marzo de 2017 (varias ciudades/actividades); el Foro de Negocios e Inversiones 'Socios del Siglo XXI' en Amsterdam se realizo puntualmente el 27/03. Fecha cargada (27-28) se mantiene por corresponder al tramo especifico en Amsterdam, sin evidencia de error. NOTA 2026-07-20: fuentes de prensa (LA NACION, Cancilleria) ubican la visita de Estado completa a los Paises Bajos entre el 24 y el 28 de marzo de 2017 (varias ciudades/actividades); el Foro de Negocios e Inversiones 'Socios del Siglo XXI' en Amsterdam se realizo puntualmente el 27/03. Fecha cargada (27-28) se mantiene por corresponder al tramo especifico en Amsterdam, sin evidencia de error; Campos de micro-conducta (MetHostHOGS y afines) completados desde Diplometrics COLT, 2026-08-03.",NA,Verificada-URL,TRUE,FALSE,NA,FALSE,FALSE,TRUE,FALSE,FALSE,NA
ARG-MM-J133,321,Mauricio Macri,Argentina,Completed,2017-04-26,2017-04-27,2,United States,North America,Washington D.C.,Bilateral,Working Visit,NA,Donald Trump,Jefe de Estado/Gobierno,"Primera visita a la Casa Blanca con Trump; comercio (limones), inversiones energeticas (Houston).",https://www.casarosada.gob.ar/slider-principal/39392-macri-fue-recibido-en-la-casa-blanca-por-el-presidente-de-los-estados-unidos,High,"Incluyo Houston; Campos de micro-conducta (MetHostHOGS y afines) completados desde Diplometrics COLT, 2026-08-03.",NA,Verificada-URL,TRUE,FALSE,NA,FALSE,FALSE,FALSE,TRUE,FALSE,NA
ARG-MM-J134,322,Mauricio Macri,Argentina,Completed,2017-05-12,2017-05-13,2,United Arab Emirates,Middle East,Dubai,Bilateral,Working Visit,NA,Gira Asia (EAU),Jefe de Estado/Gobierno,Inversiones; inicio de gira asiatica. Tramo 1.,https://www.casarosada.gob.ar/informacion/actividad-oficial/9-noticias/39544-el-presidente-se-reunio-con-funcionarios-y-empresarios-de-emiratos-arabes-unidos,High,"Gira multipais; Campos de micro-conducta (MetHostHOGS y afines) completados desde Diplometrics COLT, 2026-08-03.",NA,Verificada-URL,FALSE,FALSE,NA,FALSE,FALSE,FALSE,TRUE,FALSE,NA
ARG-MM-J134,323,Mauricio Macri,Argentina,Completed,2017-05-14,2017-05-18,5,China,Asia-Pacific,Beijing,Multilateral,Global Forum,TRUE,Foro de la Franja y la Ruta (OBOR) + Visita de Estado a Xi Jinping,NA,Foro OBOR (Macri y Bachelet unicos de la region); Asociacion Estrategica Integral. Tramo 2.,https://www.casarosada.gob.ar/slider-principal/39552-el-presidente-expuso-en-el-foro-una-franja-y-una-ruta-para-la-cooperacion-internacional,High,"45 aniversario de relaciones; Campos de micro-conducta (MetHostHOGS y afines) completados desde Diplometrics COLT, 2026-08-03.",Comercio/Integración Económica,Verificada-URL,TRUE,FALSE,NA,TRUE,FALSE,FALSE,FALSE,FALSE,NA
ARG-MM-J134,324,Mauricio Macri,Argentina,Completed,2017-05-18,2017-05-19,2,Japan,Asia-Pacific,Tokyo,Bilateral,Working Visit,NA,Shinzo Abe; Emperador,Jefe de Estado/Gobierno,"Relaciones bilaterales, comercio. Tramo 3 (final).",https://www.casarosada.gob.ar/informacion/actividad-oficial/39653-comunicado-de-prensa-conjunto-por-la-visita-del-presidente-macri-a-japon,High,"Campos de micro-conducta (MetHostHOGS y afines) completados desde Diplometrics COLT, 2026-08-03.",NA,Verificada-URL,TRUE,FALSE,NA,FALSE,FALSE,FALSE,FALSE,FALSE,NA
ARG-MM-J135,325,Mauricio Macri,Argentina,Completed,2017-05-24,2017-05-24,1,Ecuador,South America,Quito,Bilateral,Inauguration/Funeral,NA,Asunción de Lenín Moreno,Jefe de Estado/Gobierno,Representar a Argentina en el cambio de mando.,https://www.infobae.com/politica/2017/05/24/mauricio-macri-sufrio-una-leve-descompensacion-en-ecuador/,Medium,NA,NA,Verificada-URL,NA,NA,NA,NA,NA,NA,NA,NA,NA
ARG-MM-J136,326,Mauricio Macri,Argentina,Completed,2017-06-27,2017-06-27,1,Chile,South America,Santiago,Bilateral,Working Visit,NA,Michelle Bachelet,Jefe de Estado/Gobierno,Integracion Mercosur-Alianza del Pacifico.,https://www.lanacion.com.ar/politica/mauricio-macri-se-reunio-con-michelle-bachelet-en-chile-y-pidio-avanzar-en-la-integracion-del-mercosur-y-la-alianza-del-pacifico-nid2037493/,Medium,"QA-R5 2026-07-26: la URL previa (casarosada 40703) correspondia a una conferencia de prensa Macri-Bachelet del 16/12/2016 en Olivos (Bachelet visitando Argentina) no al viaje de Macri a Santiago del 27/6/2017. Reemplazada por nota de LA NACION que confirma fecha/lugar/motivo correctos (reunion bilateral en La Moneda 27/6/2017); Campos de micro-conducta (MetHostHOGS y afines) completados desde Diplometrics COLT, 2026-08-03.",NA,Verificada-URL,TRUE,FALSE,NA,FALSE,FALSE,FALSE,FALSE,FALSE,NA
ARG-MM-J137,327,Mauricio Macri,Argentina,Completed,2017-07-07,2017-07-08,2,Germany,Europe,Hamburg,Multilateral,Global Forum,TRUE,Cumbre del G20 de Hamburgo,NA,Participacion en el G20; festival Global Citizen con Trudeau.,https://www.infobae.com/politica/2017/07/05/mauricio-macri-partio-rumbo-a-alemania-para-participar-de-la-cumbre-del-g20/,Medium,"Campos de micro-conducta (MetHostHOGS y afines) completados desde Diplometrics COLT, 2026-08-03.",Cooperación Política General,Verificada-URL,TRUE,TRUE,Prime Minister Justin Trudeau;President Emmanuel Macron;Prime Minister Theresa May;Prime Minister Lee Hsien Loong;Prime Minister Narendra Modi;President Jacob Zuma,FALSE,FALSE,TRUE,FALSE,TRUE,European Council President Donald Tusk;European Commission (EC) President Jean-Claude Juncker
ARG-MM-J155,328,Mauricio Macri,Argentina,Completed,2017-11-06,2017-11-07,2,United States,North America,New York,Other,Transit/Medical,NA,NA,NA,Viaje a Nueva York; encabezo homenaje a las 5 victimas rosarinas del atentado terrorista del 31-oct-2017 en Manhattan junto al alcalde Bill de Blasio; dio entrevistas de TV.,https://www.lanacion.com.ar/politica/mauricio-macri-homenajeara-el-lunes-en-nueva-york-a-los-cinco-rosarinos-victimas-del-atentado-nid2079132/,Medium,"Detectado via comparacion con Diplometrics COLT (2026-08-03, ver 05_BITACORA/comparacion_diplometrics_colt.txt); verificado con fuente propia. Visit_Category=Other: viaje sin agenda intergubernamental (homenaje a victimas + entrevistas de TV), no hubo reunion con jefe de Estado anfitrion segun COLT (MetHostHoGS=No); no encaja en Bilateral clasico ni Multilateral.",NA,Verificada-URL,FALSE,FALSE,NA,TRUE,FALSE,TRUE,FALSE,FALSE,NA
ARG-MM-J138,329,Mauricio Macri,Argentina,Completed,2018-01-22,2018-01-23,2,Russia,Europe,Moscow,Bilateral,Working Visit,NA,Vladímir Putin,Jefe de Estado/Gobierno,"Energia, comercio, cooperacion militar; agradecio apoyo ruso en busqueda del ARA San Juan. Tramo 1.",https://www.casarosada.gob.ar/informacion/eventos-destacados-presi/41683-el-presidente-macri-abre-su-agenda-internacional-de-2018-con-una-gira-por-rusia-suiza-y-francia,High,"Gira Rusia-Suiza-Francia; Campos de micro-conducta (MetHostHOGS y afines) completados desde Diplometrics COLT, 2026-08-03.",NA,Verificada-URL,TRUE,FALSE,NA,FALSE,TRUE,TRUE,TRUE,FALSE,NA
ARG-MM-J138,330,Mauricio Macri,Argentina,Completed,2018-01-24,2018-01-25,2,Switzerland,Europe,Davos,Multilateral,Global Forum,TRUE,Foro Económico Mundial (WEF),NA,"Diserto en plenario como presidente del G20 (1er sudamericano). Bilaterales con Gates, Merkel, Trudeau, Maxima. Tramo 2.",https://www.casarosada.gob.ar/informacion/eventos-destacados-presi/41683-el-presidente-macri-abre-su-agenda-internacional-de-2018-con-una-gira-por-rusia-suiza-y-francia,High,"Campos de micro-conducta (MetHostHOGS y afines) completados desde Diplometrics COLT, 2026-08-03.",Comercio/Integración Económica,Verificada-URL,FALSE,TRUE,Chancellor Angela Merkel,TRUE,FALSE,FALSE,TRUE,FALSE,NA
ARG-MM-J138,331,Mauricio Macri,Argentina,Completed,2018-01-26,2018-01-27,2,France,Europe,Paris,Bilateral,Working Visit,NA,Emmanuel Macron,Jefe de Estado/Gobierno,Destrabar acuerdo Mercosur-UE; compras militares (Super Etendard); cena de honor. Tramo 3 (final).,https://www.infobae.com/politica/2018/01/14/mauricio-macri-visitara-moscu-davos-y-paris-para-atraer-inversiones-extranjeras-y-avanzar-en-el-acuerdo-mercosur-ue/,High,"Campos de micro-conducta (MetHostHOGS y afines) completados desde Diplometrics COLT, 2026-08-03.",NA,Verificada-URL,TRUE,FALSE,NA,FALSE,FALSE,TRUE,TRUE,FALSE,NA
ARG-MM-J139,332,Mauricio Macri,Argentina,Completed,2018-03-11,2018-03-11,1,Chile,South America,Valparaíso,Bilateral,Inauguration/Funeral,TRUE,Asunción de Sebastián Piñera,Jefe de Estado/Gobierno,Asuncion de Pinera (2do mandato); bilateral previa en Vina del Mar.,https://www.infobae.com/politica/2018/03/11/mauricio-macri-viajara-hoy-a-chile-para-la-asuncion-presidencial-de-sebastian-pinera/,Medium,"Campos de micro-conducta (MetHostHOGS y afines) completados desde Diplometrics COLT, 2026-08-03.",NA,Verificada-URL,TRUE,FALSE,NA,FALSE,TRUE,TRUE,FALSE,FALSE,NA
ARG-MM-J140,333,Mauricio Macri,Argentina,Completed,2018-04-13,2018-04-14,2,Peru,South America,Lima,Multilateral,Regional Summit,TRUE,VIII Cumbre de las Américas,NA,Agenda hemisferica; crisis de Venezuela.,https://www.lanacion.com.ar/politica/mauricio-macri-en-la-cumbre-de-las-americas-la-crisis-humanitaria-en-venezuela-se-ha-vuelto-insostenible-nid2125646/,Medium,"Campos de micro-conducta (MetHostHOGS y afines) completados desde Diplometrics COLT, 2026-08-03.",Cooperación Política General,Verificada-URL,FALSE,FALSE,NA,TRUE,FALSE,FALSE,FALSE,FALSE,NA
ARG-MM-J141,334,Mauricio Macri,Argentina,Completed,2018-06-08,2018-06-10,3,Canada,North America,La Malbaie,Multilateral,Global Forum,TRUE,44ª Cumbre del G7 (invitado),NA,Participacion ampliada del G7 en Charlevoix.,https://www.lanacion.com.ar/politica/cumbre-del-g-7-la-foto-de-christine-lagarde-y-mauricio-macri-antes-de-su-reunion-en-canada-nid2142447/,Medium,"Campos de micro-conducta (MetHostHOGS y afines) completados desde Diplometrics COLT, 2026-08-03.",Cooperación Política General,Verificada-URL,TRUE,TRUE,Chancellor Angela Merkel;Prime Minister Nguyen Xuan Phuc;Prime Minister Giuseppe Conte;Prime Minister Theresa May;President Emmanuel Macron,FALSE,FALSE,FALSE,FALSE,TRUE,International Monetary Fund (IMF) Managing Director Christine Lagarde;Organization for Economic Cooperation and Development (OECD) Secretary-General Jose Angel Gurria
ARG-MM-J156,335,Mauricio Macri,Argentina,Completed,2018-07-26,2018-07-27,2,South Africa,Africa,Johannesburg,Multilateral,Global Forum,NA,Cumbre de los BRICS (invitado),NA,"Participo como invitado de la 10a Cumbre BRICS en Johannesburgo; bilaterales con Putin, Xi Jinping y Modi.",https://www.infobae.com/politica/2018/07/26/mauricio-macri-llega-a-sudafrica-para-participar-de-la-cumbre-de-los-brics-en-medio-de-la-guerra-comercial/,Medium,"Detectado via comparacion con Diplometrics COLT (2026-08-03, ver 05_BITACORA/comparacion_diplometrics_colt.txt); verificado con fuente propia.",Comercio/Integración Económica,Verificada-URL,FALSE,TRUE,Vladimir Putin; Xi Jinping; Narendra Modi,FALSE,FALSE,FALSE,FALSE,FALSE,NA
ARG-MM-J142,336,Mauricio Macri,Argentina,Completed,2018-08-07,2018-08-07,1,Colombia,South America,Bogotá,Bilateral,Inauguration/Funeral,TRUE,Asunción de Iván Duque,Jefe de Estado/Gobierno,Cambio de mando; reuniones con Pinera y Nikki Haley.,https://www.cancilleria.gov.co/sala-de-prensa/noticias/el-presidente-argentino-mauricio-macri-llego-colombia-para-asistir-la-posesion-de-presidente-ivan-duque-marquez,High,"QA-R5 2026-07-26: la URL previa (casarosada 43400) era el articulo sobre la asuncion de Abdo Benitez en Paraguay (15/8/2018, fila 161) cargada por error en esta fila de Colombia. Reemplazada por nota oficial de la Cancilleria de Colombia que confirma la llegada de Macri a Bogota el 7/8/2018 para la posesion de Ivan Duque; Campos de micro-conducta (MetHostHOGS y afines) completados desde Diplometrics COLT, 2026-08-03.",NA,Verificada-URL,TRUE,FALSE,NA,FALSE,FALSE,TRUE,FALSE,FALSE,NA
ARG-MM-J143,337,Mauricio Macri,Argentina,Completed,2018-08-15,2018-08-15,1,Paraguay,South America,Asunción,Bilateral,Inauguration/Funeral,NA,Asunción de Mario Abdo Benítez,Jefe de Estado/Gobierno,Representar a Argentina en el cambio de mando.,https://www.casarosada.gob.ar/informacion/actividad-oficial/9-noticias/43400-macri-asistio-a-la-ceremonia-de-asuncion-del-nuevo-presidente-de-paraguay,High,NA,NA,Verificada-URL,NA,NA,NA,NA,NA,NA,NA,NA,NA
ARG-MM-J144,338,Mauricio Macri,Argentina,Completed,2018-09-24,2018-09-26,3,United States,North America,New York,Multilateral,Global Forum,TRUE,73ª Asamblea General de la ONU,NA,Discurso; reuniones con inversores y FMI; Global Citizen Award.,https://www.infobae.com/politica/2018/09/09/macri-viaja-a-nueva-york-para-hablar-en-la-onu-reunirse-con-trump-convencer-a-inversores-y-recibir-un-premio/,Medium,"Campos de micro-conducta (MetHostHOGS y afines) completados desde Diplometrics COLT, 2026-08-03. CORREGIDO 2026-08-17 (verificacion COLT redo): End_Date 2018-09-25->2018-09-26 segun Infobae (22-24/9/2018), Diario de Cuyo (27/9/2018).",Cooperación Política General,Verificada-URL,FALSE,FALSE,NA,TRUE,FALSE,FALSE,TRUE,FALSE,NA
ARG-MM-J145,339,Mauricio Macri,Argentina,Completed,2018-12-18,2018-12-18,1,Uruguay,South America,Montevideo,Multilateral,Regional Summit,TRUE,53ª Cumbre del MERCOSUR,NA,Argentina recibe presidencia pro tempore; condena a Venezuela; acuerdo con UE.,https://www.infobae.com/politica/2018/12/18/mauricio-macri-asumio-como-presidente-del-mercosur-y-volvio-a-condenar-la-dictadura-en-venezuela/,High,NA,Comercio/Integración Económica,Verificada-URL,NA,NA,NA,NA,NA,NA,NA,NA,NA
ARG-MM-J146,340,Mauricio Macri,Argentina,Completed,2019-01-16,2019-01-16,1,Brazil,South America,Brasília,Bilateral,Working Visit,NA,Jair Bolsonaro,Jefe de Estado/Gobierno,"Primer encuentro presidencial; Mercosur, acuerdo UE, Venezuela. NO asistio a la asuncion del 1/1/2019.",https://www.lanacion.com.ar/politica/macri-brasil-nid2211454/,High,"CORRECCION: no fue a la asuncion de Bolsonaro (1/1); lo visito el 16/1; Campos de micro-conducta (MetHostHOGS y afines) completados desde Diplometrics COLT, 2026-08-03.",NA,Verificada-URL,TRUE,FALSE,NA,FALSE,FALSE,FALSE,FALSE,FALSE,NA
ARG-MM-J157,341,Mauricio Macri,Argentina,Completed,2019-02-13,2019-02-13,1,Uruguay,South America,Colonia del Sacramento,Bilateral,Working Visit,NA,Tabare Vazquez,Jefe de Estado/Gobierno,Reunion bilateral con el presidente uruguayo Tabare Vazquez en Colonia del Sacramento (agenda Venezuela y Mercosur); encuentro distinto al de enero-2016.,https://www.casarosada.gob.ar/slider-principal/44781-los-presidentes-mauricio-macri-y-tabare-vazquez-se-reunieron-en-colonia,High,"Detectado via comparacion con Diplometrics COLT (2026-08-03, ver 05_BITACORA/comparacion_diplometrics_colt.txt); verificado con fuente propia.",NA,Verificada-URL,TRUE,FALSE,NA,FALSE,FALSE,FALSE,FALSE,FALSE,NA
ARG-MM-J147,342,Mauricio Macri,Argentina,Completed,2019-02-17,2019-02-19,3,India,Asia-Pacific,New Delhi,Bilateral,State Visit,TRUE,Narendra Modi; Ram Nath Kovind,Jefe de Estado/Gobierno,"Visita de Estado; 10 acuerdos (defensa, antartida, agroindustria); foro empresarial. 70 aniversario. Tramo 1.",https://www.ambito.com/macri-llego-nueva-delhi-comenzar-su-visita-estado-la-india-n5016459,High,"Escala breve en Dubai ~16/2; Campos de micro-conducta (MetHostHOGS y afines) completados desde Diplometrics COLT, 2026-08-03.",NA,Verificada-URL,TRUE,FALSE,NA,TRUE,TRUE,TRUE,TRUE,FALSE,NA
ARG-MM-J147,343,Mauricio Macri,Argentina,Completed,2019-02-17,2019-02-17,1,United Arab Emirates,Middle East,Dubai,Bilateral,Working Visit,NA,Escala/reuniones informales con autoridades de Emiratos Arabes Unidos,Jefe de Estado/Gobierno,Escala en Dubai en el tramo de ida de la gira a India y Vietnam; reuniones informales con autoridades emiraties.,https://diariodecuyo.com.ar/argentina/Macri-llego-a-Dubai-en-la-escala-de-su-viaje-oficial-a-la-India-20190216-0047.html,Medium,"Detectado via comparacion con Diplometrics COLT (2026-08-03, ver 05_BITACORA/comparacion_diplometrics_colt.txt); verificado con fuente propia. Se agrega como tramo adicional al Journey J147 (India 17-19/2 + Vietnam 20-21/2, ya cargado), como escala de ida.",NA,Verificada-URL,FALSE,FALSE,NA,FALSE,FALSE,FALSE,FALSE,FALSE,NA
ARG-MM-J147,344,Mauricio Macri,Argentina,Completed,2019-02-20,2019-02-21,2,Vietnam,Asia-Pacific,Hanoi,Bilateral,Working Visit,NA,Nguyen Xuan Phuc,Jefe de Estado/Gobierno,"Comercio agroindustrial, pesca, biotecnologia. Tramo 2 (final).",https://www.perfil.com/noticias/politica/macri-busca-inversiones-en-su-gira-por-india-y-vietnam.phtml,Medium,"Campos de micro-conducta (MetHostHOGS y afines) completados desde Diplometrics COLT, 2026-08-03.",NA,Verificada-URL,TRUE,FALSE,NA,TRUE,TRUE,TRUE,TRUE,FALSE,NA
ARG-MM-J147,345,Mauricio Macri,Argentina,Completed,2019-02-21,2019-02-22,2,United Arab Emirates,Middle East,Abu Dhabi,Bilateral,Working Visit,NA,Principe heredero Mohammed bin Zayed al Nahyan,Jefe de Estado/Gobierno,Escala de regreso en Abu Dabi tras la gira a India y Vietnam; cena y reunion con el principe heredero Mohammed bin Zayed.,https://www.casarosada.gob.ar/informacion/actividad-oficial/9-noticias/44845-macri-se-reunio-con-el-principe-heredero-de-emiratos-arabes-unidos,High,"Detectado via comparacion con Diplometrics COLT (2026-08-03, ver 05_BITACORA/comparacion_diplometrics_colt.txt); verificado con fuente propia. Se agrega como tramo adicional al Journey J147, como escala de regreso.",NA,Verificada-URL,FALSE,FALSE,NA,FALSE,FALSE,FALSE,FALSE,FALSE,NA
ARG-MM-J158,346,Mauricio Macri,Argentina,Completed,2019-03-22,2019-03-22,1,Chile,South America,Santiago,Multilateral,Regional Summit,NA,Cumbre fundacional del Foro para el Progreso y Desarrollo de America del Sur (PROSUR),NA,Participo de la cumbre fundacional de PROSUR en Santiago; discurso y firma de la Declaracion de Santiago creando el bloque.,https://www.casarosada.gob.ar/slider-principal/45051-macri-debemos-disenar-soluciones-duraderas-que-trasciendan-nuestros-mandatos,High,"Detectado via comparacion con Diplometrics COLT (2026-08-03, ver 05_BITACORA/comparacion_diplometrics_colt.txt); verificado con fuente propia.",Cooperación Política General,Verificada-URL,TRUE,FALSE,NA,TRUE,TRUE,FALSE,FALSE,FALSE,NA
ARG-MM-J151,347,Mauricio Macri,Argentina,Canceled,2019-04-26,NA,NA,France,Europe,Paris,Bilateral,Working Visit,NA,Emmanuel Macron (gira Francia-Bélgica),Jefe de Estado/Gobierno,"Gira Paris-Bruselas (Macron, OCDE, rey Felipe, UE). CANCELADA por la inflacion (4,7% en marzo) y suba del dolar.",https://www.infobae.com/politica/2019/04/16/mauricio-macri-anuncia-el-nuevo-paquete-de-medidas-economicas-y-suspende-el-viaje-a-paris-bruselas-y-zurich-para-seguirlo-de-cerca/,Medium,Cancelado; sin duracion. Anuncio 16/4/2019.,NA,Verificada-URL,NA,NA,NA,NA,NA,NA,NA,NA,NA
ARG-MM-J148,348,Mauricio Macri,Argentina,Completed,2019-06-26,2019-06-26,1,Indonesia,Asia-Pacific,Jakarta,Bilateral,Working Visit,NA,Joko Widodo,Jefe de Estado/Gobierno,Ampliar comercio bilateral; escala camino al G20. Tramo 1.,https://www.infobae.com/politica/2019/06/26/en-la-previa-del-g20-mauricio-macri-se-reunio-con-el-presidente-de-indonesia/,Medium,"Campos de micro-conducta (MetHostHOGS y afines) completados desde Diplometrics COLT, 2026-08-03.",NA,Verificada-URL,TRUE,FALSE,NA,FALSE,FALSE,FALSE,FALSE,FALSE,NA
ARG-MM-J148,349,Mauricio Macri,Argentina,Completed,2019-06-27,2019-06-29,3,Japan,Asia-Pacific,Osaka,Multilateral,Global Forum,TRUE,Cumbre del G20 de Osaka,NA,"Argentina en la troika del G20; anuncio del acuerdo Mercosur-UE (28/6). Bilaterales con Trump, Xi, Macron, Putin. Tramo 2.",https://www.batimes.com.ar/news/argentina/historic-eu-mercosur-trade-deal-gives-macri-a-g20-victory.phtml,Medium,"Campos de micro-conducta (MetHostHOGS y afines) completados desde Diplometrics COLT, 2026-08-03.",Cooperación Política General,Verificada-URL,TRUE,TRUE,President Donald Trump;General Secretary Xi Jinping;President Emmanuel Macron;Prime Minister Pedro Sanchez;Prime Minister Mark Rutte;Chancellor Angela Merkel;Prime Minister Scott Morrison;Prime Minister Justin Trudeau;Prime Minister Theresa May;President Moon Jae-in,TRUE,TRUE,FALSE,FALSE,TRUE,European Commission (EC) President Jean-Claude Juncker;International Monetary Fund (IMF) Managing Director Christine Lagarde
ARG-MM-J148,350,Mauricio Macri,Argentina,Completed,2019-06-30,2019-06-30,1,Switzerland,Europe,Zurich,Bilateral,Working Visit,NA,FIFA (Gianni Infantino) - premio Living Football Award,Otro actor no estatal,"Recibio el premio 'Living Football Award' de la FIFA en la sede de Zurich, entregado por Gianni Infantino; discurso en la ceremonia.",https://www.casarosada.gob.ar/informacion/actividad-oficial/9-noticias/45723-el-presidente-macri-fue-distinguido-en-la-fifa-por-sus-aportes-al-futbol-mundial,High,"Detectado via comparacion con Diplometrics COLT (2026-08-03, ver 05_BITACORA/comparacion_diplometrics_colt.txt); verificado con fuente propia. Fecha corregida a 30-jun-2019 unicamente (COLT reportaba 29-30). Se agrega como tramo final del Journey J148 (Indonesia 26/6 + Japon G20 Osaka 27-29/6, ya cargado): la premiacion en Zurich el dia siguiente al cierre del G20 sugiere continuidad de la misma gira sin regreso a Argentina, aunque esto no esta confirmado explicitamente en fuentes (ver bitacora).",NA,Verificada-URL,FALSE,FALSE,NA,TRUE,FALSE,FALSE,FALSE,FALSE,NA
ARG-MM-J149,351,Mauricio Macri,Argentina,Completed,2019-09-24,2019-09-25,2,United States,North America,New York,Multilateral,Global Forum,TRUE,74ª Asamblea General de la ONU,NA,Ultimo discurso ante la ONU (tras derrota en PASO); reunion con Bachelet por Venezuela; recepcion de Trump.,https://www.infobae.com/politica/2019/09/09/mauricio-macri-hara-un-viaje-relampago-a-la-onu-en-medio-de-la-campana-se-reunira-con-donald-trump-y-xi-jinping/,High,"Campos de micro-conducta (MetHostHOGS y afines) completados desde Diplometrics COLT, 2026-08-03.",Cooperación Política General,Verificada-URL,FALSE,FALSE,NA,TRUE,FALSE,FALSE,TRUE,TRUE,United Nations (UN) Secretary-General Antonio Guterres
ARG-MM-J152,352,Mauricio Macri,Argentina,Canceled,2019-11-16,NA,NA,Chile,South America,Santiago,Multilateral,Global Forum,NA,Cumbre APEC / COP25,NA,Cumbres APEC y COP25 en Chile. CANCELADAS por el pais anfitrion (Pinera) por la crisis social chilena.,https://www.latercera.com/politica/noticia/presidente-pinera-informa-chile-ya-no-realizara-la-apec-la-cop-25/883655/,Medium,Cancelado por el anfitrion; sin duracion.,Comercio/Integración Económica,Verificada-URL,NA,NA,NA,NA,NA,NA,NA,NA,NA
ARG-MM-J160,353,Mauricio Macri,Argentina,Completed,2019-12-01,2019-12-03,3,Spain,Europe,Madrid,Multilateral,Global Forum,NA,COP25 - Conferencia de las Partes de la Convencion Marco de Cambio Climatico,NA,Participo de la COP25 en Madrid (IFEMA); discurso destacando la accion climatica argentina 2015-2019; reunion con Pedro Sanchez y Mark Rutte.,https://www.casarosada.gob.ar/slider-principal/46574-macri-exhorto-a-los-lideres-mundiales-a-seguir-actuando-juntos-y-sin-demoras-para-preservar-el-medio-ambiente,High,"Detectado via comparacion con Diplometrics COLT (2026-08-03, ver 05_BITACORA/comparacion_diplometrics_colt.txt); verificado con fuente propia. Fuente oficial confirma discurso el 2-dic-2019 en el marco de la COP25 (fecha verificada por fetch directo del articulo, con fecha de publicacion lunes 2-dic-2019).",Medio Ambiente/Clima,Verificada-URL,TRUE,TRUE,Mark Rutte (Primer Ministro de Paises Bajos),TRUE,FALSE,FALSE,FALSE,TRUE,Antonio Guterres (Secretario General de la ONU)
ARG-MM-J160,354,Mauricio Macri,Argentina,Completed,2019-12-03,2019-12-03,1,Switzerland,Europe,Geneva,Bilateral,Working Visit,NA,Roberto Azevedo (Director General OMC) / Peter Maurer (CICR),Otro actor no estatal,Viajo a Ginebra tras Madrid; se reunio con el Director General de la OMC Roberto Azevedo y el presidente del CICR Peter Maurer. Regreso a Argentina esa misma noche (aterrizaje en Rosario).,https://www.casarosada.gob.ar/informacion/actividad-oficial/9-noticias/46581-macri-se-reunio-en-suiza-con-autoridades-de-la-cruz-roja-y-de-la-omc,High,"Detectado via comparacion con Diplometrics COLT (2026-08-03, ver 05_BITACORA/comparacion_diplometrics_colt.txt); verificado con fuente propia. Fecha corregida a un unico dia (3-dic-2019); fuente oficial confirma que Macri regreso a la Argentina esa misma noche (aterrizaje en Rosario), por lo cual este tramo NO continua directamente hacia la Cumbre del Mercosur en Brasil del 5-dic (que ya esta cargada como Journey separado J150).",NA,Verificada-URL,FALSE,FALSE,NA,FALSE,FALSE,FALSE,FALSE,TRUE,Roberto Azevedo (Director General OMC)
ARG-MM-J150,355,Mauricio Macri,Argentina,Completed,2019-12-05,2019-12-05,1,Brazil,South America,Bento Gonçalves,Multilateral,Regional Summit,TRUE,55ª Cumbre del MERCOSUR,NA,Ultima actividad internacional del mandato; Brasil traspasa presidencia a Paraguay. Con Bolsonaro y Abdo.,https://www.ambito.com/politica/mauricio-macri/macri-pidio-al-gobierno-que-haga-todo-lo-necesario-mantener-la-unidad-del-mercosur-n5217414,High,"Ultimo viaje del mandato; Campos de micro-conducta (MetHostHOGS y afines) completados desde Diplometrics COLT, 2026-08-03.",Comercio/Integración Económica,Verificada-URL,TRUE,FALSE,NA,TRUE,TRUE,FALSE,FALSE,FALSE,NA
ARG-AF-J154,356,Alberto Fernández,Argentina,Completed,2020-01-22,2020-01-23,2,Israel,Middle East,Jerusalem,Multilateral,Global Forum,TRUE,V Foro Mundial del Holocausto (Yad Vashem),NA,Foro Mundial del Holocausto. Tramo 1 de gira. Bilaterales al margen.,https://www.casarosada.gob.ar/cjkcbu/slider-principal/46677-el-presidente-participo-del-v-foro-mundial-del-holocausto,High,"Inicio de gira Israel-Europa pre-pandemia. QA-R5 2026-07-26: la URL previa (casarosada.gob.ar/informacion/discursos) era una pagina de listado generico sin contenido especifico verificable sobre este evento. Reemplazada por articulo especifico de Casa Rosada que confirma la participacion del Presidente en el V Foro Mundial del Holocausto en Yad Vashem con ofrenda floral en el monumento al levantamiento del Gueto de Varsovia; Campos de micro-conducta (MetHostHOGS y afines) completados desde Diplometrics COLT, 2026-08-03.",Derechos Humanos,Verificada-URL,TRUE,FALSE,NA,FALSE,FALSE,TRUE,FALSE,FALSE,NA
ARG-AF-J154,357,Alberto Fernández,Argentina,Completed,2020-01-31,2020-01-31,1,Vatican City,Europe,Vatican City,Bilateral,Working Visit,NA,Papa Francisco,Jefe de Estado/Gobierno,Audiencia con el Papa Francisco. Tramo 2.,https://www.vaticannews.va/es/papa/news/2020-01/papa-francisco-audiencia-presidente-argentina-alberto-fernandez.html,High,"Campos de micro-conducta (MetHostHOGS y afines) completados desde Diplometrics COLT, 2026-08-03.",NA,Verificada-URL,TRUE,FALSE,NA,FALSE,FALSE,FALSE,FALSE,FALSE,NA
ARG-AF-J154,358,Alberto Fernández,Argentina,Completed,2020-01-31,2020-01-31,1,Italy,Europe,Rome,Bilateral,Working Visit,NA,Giuseppe Conte / Sergio Mattarella,Jefe de Estado/Gobierno,Apoyo italiano a la renegociacion de deuda con el FMI. Tramo 3.,https://www.ambito.com/politica/alberto-fernandez/alberto-fernandez-se-reunio-el-premier-y-el-presidente-italia-n5080199,Medium,"NOTA 2026-07-21: prensa (Ambito, Infobae) fecha las reuniones con el PM Giuseppe Conte (Palazzo Chigi) y el presidente Sergio Mattarella (Palacio del Quirinal) el 31/1/2020 (mismo dia que la audiencia con el Papa, tramo previo Vaticano); se corrige Start/End_Date de 1/2 a 31/1/2020 (la fila de Ciudad del Vaticano ya cubre esa fecha por separado). NOTA 2026-07-21: prensa (Ambito, Infobae) fecha las reuniones con el PM Giuseppe Conte (Palazzo Chigi) y el presidente Sergio Mattarella (Palacio del Quirinal) el 31/1/2020 (mismo dia que la audiencia con el Papa, tramo previo Vaticano); se corrige Start/End_Date de 1/2 a 31/1/2020 (la fila de Ciudad del Vaticano ya cubre esa fecha por separado). NOTA 2026-07-21: prensa (Ambito, Infobae) fecha las reuniones con el PM Giuseppe Conte (Palazzo Chigi) y el presidente Sergio Mattarella (Palacio del Quirinal) el 31/1/2020 (mismo dia que la audiencia con el Papa, tramo previo Vaticano); se corrige Start/End_Date de 1/2 a 31/1/2020 (la fila de Ciudad del Vaticano ya cubre esa fecha por separado); Campos de micro-conducta (MetHostHOGS y afines) completados desde Diplometrics COLT, 2026-08-03.",NA,Verificada-URL,TRUE,FALSE,NA,FALSE,FALSE,FALSE,FALSE,TRUE,Food and Agriculture Organization (FAO) Director-General Qu Dongyu
ARG-AF-J154,359,Alberto Fernández,Argentina,Completed,2020-02-03,2020-02-03,1,Germany,Europe,Berlin,Bilateral,Working Visit,NA,Angela Merkel,Jefe de Estado/Gobierno,Apoyo aleman a la renegociacion con el FMI. Tramo 4.,https://www.casarosada.gob.ar/informacion/conferencias/46697-declaracion-conjunta-del-presidente-alberto-fernandez-y-la-canciller-de-alemania-angela-merkel,High,"Campos de micro-conducta (MetHostHOGS y afines) completados desde Diplometrics COLT, 2026-08-03.",NA,Verificada-URL,TRUE,FALSE,NA,FALSE,FALSE,FALSE,TRUE,FALSE,NA
ARG-AF-J154,360,Alberto Fernández,Argentina,Completed,2020-02-04,2020-02-04,1,Spain,Europe,Madrid,Bilateral,Working Visit,NA,Pedro Sánchez / Rey Felipe VI,Jefe de Estado/Gobierno,Apoyo espanol a la deuda; relaciones bilaterales. Tramo 5 (final de la gira europea).,https://www.casarosada.gob.ar/9f6t0r/slider-principal/46701-el-presidente-alberto-fernandez-se-reunio-con-el-presidente-del-gobierno-espanol-pedro-sanchez,High,"Cierre de gira. Luego, 15/3/2020 cierre de fronteras por COVID. NOTA 2026-07-21: fuente oficial (Casa Rosada) y La Moncloa (gob. España) fechan el encuentro Fernandez-Sanchez y la audiencia con el Rey Felipe VI en Madrid el 4/2/2020 (no el 5/2); se corrige Start/End_Date. ALERTA PARA REVISION: la gira de feb-2020 tambien incluyo Paris (almuerzo con Macron en el Eliseo, 5/2/2020, discurso en Sciences Po 6/2/2020) segun multiples fuentes (Infobae, LA NACION, Casa Rosada); ese tramo NO figura como fila en el modulo (J154 salta de Madrid a fin de gira). Posible fila faltante; no se agrega de oficio, reportado para decision del usuario. NOTA 2026-07-21: fuente oficial (Casa Rosada) y La Moncloa (gob. España) fechan el encuentro Fernandez-Sanchez y la audiencia con el Rey Felipe VI en Madrid el 4/2/2020 (no el 5/2); se corrige Start/End_Date. ALERTA PARA REVISION: la gira de feb-2020 tambien incluyo Paris (almuerzo con Macron en el Eliseo, 5/2/2020, discurso en Sciences Po 6/2/2020) segun multiples fuentes (Infobae, LA NACION, Casa Rosada); ese tramo NO figura como fila en el modulo (J154 salta de Madrid a fin de gira). Posible fila faltante; no se agrega de oficio, reportado para decision del usuario. NOTA 2026-07-21: fuente oficial (Casa Rosada) y La Moncloa (gob. España) fechan el encuentro Fernandez-Sanchez y la audiencia con el Rey Felipe VI en Madrid el 4/2/2020 (no el 5/2); se corrige Start/End_Date. ALERTA PARA REVISION: la gira de feb-2020 tambien incluyo Paris (almuerzo con Macron en el Eliseo, 5/2/2020, discurso en Sciences Po 6/2/2020) segun multiples fuentes (Infobae, LA NACION, Casa Rosada); ese tramo NO figura como fila en el modulo (J154 salta de Madrid a fin de gira). Posible fila faltante; no se agrega de oficio, reportado para decision del usuario; Campos de micro-conducta (MetHostHOGS y afines) completados desde Diplometrics COLT, 2026-08-03.",NA,Verificada-URL,TRUE,FALSE,NA,FALSE,FALSE,FALSE,FALSE,FALSE,NA
ARG-AF-J154,361,Alberto Fernández,Argentina,Completed,2020-02-05,2020-02-05,1,France,Europe,Paris,Bilateral,Working Visit,NA,Emmanuel Macron / Sciences Po Paris,Jefe de Estado/Gobierno,Ultimo tramo de la gira europea; dio una clase magistral en Sciences Po Paris sobre relaciones America Latina-Europa; desayuno de trabajo con empresarios franceses (incl. mineras).,https://www.infobae.com/politica/2020/02/05/alberto-fernandez-en-francia-la-ultima-escala-de-su-gira-europea-en-busca-de-respaldo-para-la-negociacion-con-el-fmi/,Medium,"Detectado via comparacion con Diplometrics COLT (2026-08-03, ver 05_BITACORA/comparacion_diplometrics_colt.txt); verificado con fuente propia. Se agrega como tramo final del Journey J154 (Israel 22-23/1, Vaticano e Italia 31/1, Alemania 3/2, Espana 4/2, ya cargados), inmediatamente despues de Espana (4/2).",NA,Verificada-URL,TRUE,FALSE,NA,TRUE,FALSE,FALSE,TRUE,FALSE,NA
ARG-AF-J155,362,Alberto Fernández,Argentina,Completed,2020-11-07,2020-11-08,2,Bolivia,South America,La Paz,Bilateral,Inauguration/Funeral,NA,Asunción de Luis Arce,Jefe de Estado/Gobierno,Primer viaje tras el cierre por COVID; asuncion de Arce (retorno del MAS al poder).,https://www.ambito.com/politica/alberto-fernandez/participo-la-asuncion-luis-arce-se-termina-la-pesadilla-bolivia-recupera-la-democracia-n5146484,Medium,"Primer viaje post-cierre de fronteras. QA-R5 2026-07-26: la URL previa (casarosada.gob.ar/informacion/discursos) era una pagina de listado generico sin contenido especifico verificable sobre este evento. Reemplazada por nota de AMBITO (8/11/2020) que confirma la participacion presencial de Fernandez en la ceremonia de asuncion de Luis Arce y David Choquehuanca en el Hemiciclo de la Asamblea Legislativa Plurinacional, La Paz; Campos de micro-conducta (MetHostHOGS y afines) completados desde Diplometrics COLT, 2026-08-03.",NA,Verificada-URL,FALSE,TRUE,President Ivan Duque,FALSE,FALSE,TRUE,FALSE,FALSE,NA
ARG-AF-J177,363,Alberto Fernández,Argentina,Completed,2020-11-19,2020-11-19,1,Uruguay,South America,Colonia (Estancia Anchorena),Bilateral,Working Visit,NA,Luis Lacalle Pou,Jefe de Estado/Gobierno,"Encuentro informal (asado) con el presidente uruguayo Luis Lacalle Pou en la Estancia Anchorena, Colonia.",https://www.lanacion.com.ar/politica/la-trastienda-del-sorpresivo-viaje-alberto-fernandez-nid2514883/,Medium,"Detectado via comparacion con Diplometrics COLT (2026-08-03, ver 05_BITACORA/comparacion_diplometrics_colt.txt); verificado con fuente propia. El encuentro (asado en Estancia Anchorena) esta confirmado para noviembre de 2020, pero la fuente propia no pudo confirmar independientemente el dia exacto 19 que reporta COLT; se mantiene la fecha de COLT con confiabilidad Medium por la imprecision.",NA,Verificada-URL,TRUE,FALSE,NA,FALSE,FALSE,FALSE,FALSE,FALSE,NA
ARG-AF-J178,364,Alberto Fernández,Argentina,Completed,2021-01-26,2021-01-27,2,Chile,South America,Santiago,Bilateral,State Visit,NA,Sebastian Piñera,Jefe de Estado/Gobierno,Visita oficial a Chile; firma de dos acuerdos bilaterales de comercio y conectividad economica; reuniones con lideres del Congreso.,https://www.infobae.com/politica/2021/01/26/alberto-fernandez-y-sebastian-pinera-acordaron-profundizar-la-relacion-bilateral-y-avanzar-juntos-en-la-reactivacion-de-las-economias-tras-la-pandemia/,High,"Detectado via comparacion con Diplometrics COLT (2026-08-03, ver 05_BITACORA/comparacion_diplometrics_colt.txt); verificado con fuente propia. Fecha corregida a 26-27 enero (COLT reportaba hasta el 28; fuente propia confirma 26-27).",NA,Verificada-URL,TRUE,FALSE,NA,FALSE,TRUE,TRUE,FALSE,FALSE,NA
ARG-AF-J179,365,Alberto Fernández,Argentina,Completed,2021-02-22,2021-02-24,3,Mexico,North America,Mexico City / Iguala,Bilateral,State Visit,NA,Andres Manuel Lopez Obrador,Jefe de Estado/Gobierno,Visita oficial a Mexico invitado por AMLO; participo como invitado de honor en el acto central por el bicentenario de la independencia mexicana en Iguala (24/2); reuniones con empresarios (Carlos Slim) y laboratorio Liomont (vacunas).,https://www.pagina12.com.ar/325962-el-presidente-participo-del-acto-central-por-los-200-anos-de,High,"Detectado via comparacion con Diplometrics COLT (2026-08-03, ver 05_BITACORA/comparacion_diplometrics_colt.txt); verificado con fuente propia.",NA,Verificada-URL,TRUE,FALSE,NA,TRUE,FALSE,TRUE,TRUE,FALSE,NA
ARG-AF-J156,366,Alberto Fernández,Argentina,Completed,2021-05-09,2021-05-10,2,Portugal,Europe,Lisbon,Bilateral,Working Visit,NA,António Costa / Marcelo Rebelo de Sousa,Jefe de Estado/Gobierno,Apoyo a renegociacion con Club de Paris y FMI. Tramo 1 de gira europea.,https://www.casarosada.gob.ar/slider-principal/47745-el-presidente-fue-recibido-por-su-par-de-portugal-en-el-inicio-de-su-gira-por-europa,High,"Gira europea mayo 2021 (Portugal-Espana-Francia-Italia-Vaticano). NOTA 2026-07-21: fuente oficial (Casa Rosada) fecha la llegada a Portugal y el encuentro con Rebelo de Sousa el domingo 9/5/2021 (no el 10/5); el almuerzo con Costa y la partida hacia España fueron el lunes 10/5. Se corrige Start/End_Date (shift -1 dia). NOTA 2026-07-21: fuente oficial (Casa Rosada) fecha la llegada a Portugal y el encuentro con Rebelo de Sousa el domingo 9/5/2021 (no el 10/5); el almuerzo con Costa y la partida hacia España fueron el lunes 10/5. Se corrige Start/End_Date (shift -1 dia). NOTA 2026-07-21: fuente oficial (Casa Rosada) fecha la llegada a Portugal y el encuentro con Rebelo de Sousa el domingo 9/5/2021 (no el 10/5); el almuerzo con Costa y la partida hacia España fueron el lunes 10/5. Se corrige Start/End_Date (shift -1 dia); Campos de micro-conducta (MetHostHOGS y afines) completados desde Diplometrics COLT, 2026-08-03.",NA,Verificada-URL,TRUE,FALSE,NA,FALSE,FALSE,FALSE,FALSE,FALSE,NA
ARG-AF-J156,367,Alberto Fernández,Argentina,Completed,2021-05-10,2021-05-11,2,Spain,Europe,Madrid,Bilateral,Working Visit,NA,Pedro Sánchez,Jefe de Estado/Gobierno,Apoyo a la deuda; inversiones. Tramo 2.,https://www.casarosada.gob.ar/informacion/conferencias/47754-declaracion-conjunta-del-presidente-de-la-nacion-alberto-fernandez-y-el-presidente-de-espana-pedro-sanchez-perez-castejon-en-el-palacio-de-la-moncloa-madrid-espana,High,"NOTA 2026-07-21: shift -1 dia por correccion del tramo Portugal previo (llegada a Madrid lunes 10/5/2021; declaracion conjunta con Sanchez fechada por Casa Rosada el martes 11/5/2021, previo a partir hacia Paris esa misma tarde). NOTA 2026-07-21: shift -1 dia por correccion del tramo Portugal previo (llegada a Madrid lunes 10/5/2021; declaracion conjunta con Sanchez fechada por Casa Rosada el martes 11/5/2021, previo a partir hacia Paris esa misma tarde). NOTA 2026-07-21: shift -1 dia por correccion del tramo Portugal previo (llegada a Madrid lunes 10/5/2021; declaracion conjunta con Sanchez fechada por Casa Rosada el martes 11/5/2021, previo a partir hacia Paris esa misma tarde); Campos de micro-conducta (MetHostHOGS y afines) completados desde Diplometrics COLT, 2026-08-03.",NA,Verificada-URL,TRUE,FALSE,NA,FALSE,FALSE,FALSE,FALSE,FALSE,NA
ARG-AF-J156,368,Alberto Fernández,Argentina,Completed,2021-05-11,2021-05-12,2,France,Europe,Paris,Bilateral,Working Visit,NA,Emmanuel Macron,Jefe de Estado/Gobierno,Apoyo frances en el Club de Paris. Tramo 3.,https://www.casarosada.gob.ar/informacion/actividad-oficial/9-noticias/47756-el-presidente-alberto-fernandez-llego-a-paris,High,"NOTA 2026-07-21: fuente oficial (Casa Rosada) fecha la llegada a Paris el martes 11/5/2021 18:05hs, con almuerzo de trabajo con Macron al dia siguiente (miercoles 12/5). Se corrige Start/End_Date (shift -1 dia). NOTA 2026-07-21: fuente oficial (Casa Rosada) fecha la llegada a Paris el martes 11/5/2021 18:05hs, con almuerzo de trabajo con Macron al dia siguiente (miercoles 12/5). Se corrige Start/End_Date (shift -1 dia). NOTA 2026-07-21: fuente oficial (Casa Rosada) fecha la llegada a Paris el martes 11/5/2021 18:05hs, con almuerzo de trabajo con Macron al dia siguiente (miercoles 12/5). Se corrige Start/End_Date (shift -1 dia); Campos de micro-conducta (MetHostHOGS y afines) completados desde Diplometrics COLT, 2026-08-03.",NA,Verificada-URL,TRUE,FALSE,NA,FALSE,FALSE,FALSE,TRUE,FALSE,NA
ARG-AF-J156,369,Alberto Fernández,Argentina,Completed,2021-05-13,2021-05-14,2,Italy,Europe,Rome,Bilateral,Working Visit,TRUE,Mario Draghi / Papa Francisco,Jefe de Estado/Gobierno,Apoyo italiano a la deuda; audiencia con el Papa. Tramo 4 (final).,https://www.diariodecuyo.com.ar/noticias/alberto-fernandez-se-reune-con-el-primer-ministro-de-italia-mario-draghi-137905.html,Medium,"Incluye Vaticano. QA-R5 2026-07-26: la URL previa (telesurtv.net) no respondio en la verificacion (dominio caido/inaccesible). Reemplazada por nota de Diario de Cuyo (13/5/2021) que confirma almuerzo con Mattarella, reunion de trabajo con Draghi y audiencia previa con el Papa Francisco en Roma el 13/5/2021, coincidiendo con fecha/lugar/contraparte de la fila; Campos de micro-conducta (MetHostHOGS y afines) completados desde Diplometrics COLT, 2026-08-03.",NA,Verificada-URL,TRUE,FALSE,NA,FALSE,FALSE,FALSE,FALSE,TRUE,International Monetary Fund (IMF) Managing Director Kristalina Georgieva
ARG-AF-J180,370,Alberto Fernández,Argentina,Completed,2021-07-27,2021-07-29,3,Peru,South America,Lima,Bilateral,Inauguration/Funeral,NA,Asuncion de Pedro Castillo,Jefe de Estado/Gobierno,"Asistio a la asuncion presidencial de Pedro Castillo (28/7); bilaterales con otros presidentes (Ivan Duque, Guillermo Lasso) sobre la presidencia pro-tempore argentina de la CELAC.",https://www.pagina12.com.ar/357624-alberto-fernandez-viajo-a-lima-para-asistir-a-la-asuncion-de/,High,"Detectado via comparacion con Diplometrics COLT (2026-08-03, ver 05_BITACORA/comparacion_diplometrics_colt.txt); verificado con fuente propia.",NA,Verificada-URL,TRUE,TRUE,Ivan Duque; Guillermo Lasso,FALSE,FALSE,TRUE,FALSE,FALSE,NA
ARG-AF-J158,371,Alberto Fernández,Argentina,Completed,2021-10-29,2021-10-31,3,Italy,Europe,Rome,Multilateral,Global Forum,TRUE,Cumbre del G20 de Roma,NA,Cumbre del G20; bilaterales sobre la deuda con el FMI. Tramo 1.,https://www.casarosada.gob.ar/slider-principal/48184-el-presidente-ya-llego-a-roma-donde-participara-de-la-cumbre-de-lideres-del-g20,High,"Enlazo con COP26 Glasgow. QA-R5 2026-07-26: fuente oficial (Casa Rosada) fecha la llegada a Roma el viernes 29/10/2021 (no el 30/10); el Presidente participo de la Cumbre G20 el sabado 30 y el domingo 31 (con su intervencion en la plenaria de Desarrollo Sostenible) antes de partir hacia Glasgow esa misma tarde. Se corrige Start_Date/Duration_Days (29 al 31/10, 3 dias) para reflejar el dia de arribo; Campos de micro-conducta (MetHostHOGS y afines) completados desde Diplometrics COLT, 2026-08-03.",Cooperación Política General,Verificada-URL,FALSE,TRUE,Chancellor Angela Merkel;Prime Minister Justin Trudeau;Prime Minister Pedro Sanchez;President Emmanuel Macron,FALSE,FALSE,FALSE,FALSE,TRUE,World Health Organization (WHO) Director-General Tedros Adhanom Ghebreyesus;International Monetary Fund (IMF) Managing Director Kristalina Georgieva;European Council President Charles Michel;European Commission (EC) President Ursula von der Leyen
ARG-AF-J158,372,Alberto Fernández,Argentina,Completed,2021-10-31,2021-11-02,3,United Kingdom,Europe,Glasgow,Multilateral,Global Forum,NA,COP26 (Conferencia de la ONU sobre Cambio Climático),NA,Cumbre climatica COP26; compromisos ambientales. Tramo 2 (Escocia).,https://www.casarosada.gob.ar/slider-principal/48196-el-presidente-arribo-a-glasgow-escocia-donde-manana-iniciara-su-participacion-en-la-cumbre-cop26,High,"Escocia = Reino Unido. QA-R5 2026-07-26: fuente oficial (Casa Rosada) fecha la llegada a Glasgow el domingo 31/10/2021 a las 17:17hs (no el 1/11), tras culminar esa misma manana su agenda en Roma; la participacion en la COP26 fue del lunes 1/11 al martes 2/11. Se corrige Start_Date/Duration_Days (31/10 al 2/11, 3 dias) para reflejar el dia de arribo (superpuesto con el ultimo dia del tramo Roma, igual que en otros tramos de gira de este modulo); Campos de micro-conducta (MetHostHOGS y afines) completados desde Diplometrics COLT, 2026-08-03.",Medio Ambiente/Clima,Verificada-URL,TRUE,TRUE,President Carlos Alvarado;President Guy Parmelin,TRUE,FALSE,TRUE,TRUE,TRUE,United Nations (UN) Secretary-General Antonio Guterres
ARG-AF-J159,373,Alberto Fernández,Argentina,Completed,2022-02-03,2022-02-03,1,Russia,Europe,Moscow,Bilateral,Working Visit,NA,Vladímir Putin,Jefe de Estado/Gobierno,Reunion con Putin; dijo que Argentina podia ser 'puerta de entrada' de Rusia a la region. Tramo 1.,https://www.casarosada.gob.ar/informacion/conferencias/48430-palabras-del-presidente-de-la-federacion-de-rusia-vladimir-putin-y-el-presidente-de-la-nacion-alberto-fernandez-en-moscu-rusia,High,"Gira Rusia-China-Barbados feb 2022. QA-R6 2026-07-26: URL original era el listado generico de discursos (no verificaba el hecho puntual); se reemplaza por la transcripcion oficial especifica del encuentro Fernandez-Putin del 3-feb-2022. Fecha y hecho confirmados (Casa Rosada, France24, La Nacion, Pagina12); Campos de micro-conducta (MetHostHOGS y afines) completados desde Diplometrics COLT, 2026-08-03.",NA,Verificada-URL,TRUE,FALSE,NA,FALSE,FALSE,FALSE,FALSE,FALSE,NA
ARG-AF-J159,374,Alberto Fernández,Argentina,Completed,2022-02-04,2022-02-06,3,China,Asia-Pacific,Beijing,Bilateral,State Visit,TRUE,Xi Jinping (apertura JJOO Invierno),Jefe de Estado/Gobierno,Adhesion de Argentina a la Franja y la Ruta; financiamiento de obras; apertura de los JJOO de Invierno. Tramo 2.,https://www.casarosada.gob.ar/slider-principal/48443-el-presidente-alberto-fernandez-se-reunio-con-xi-jinping-en-el-gran-palacio-del-pueblo-y-acordaron-la-incorporacion-de-la-argentina-a-la-franja-y-la-ruta-de-la-seda,High,"QA-R6 2026-07-26: DISCREPANCIA GRAVE corregida. URL original era el listado generico de discursos (no verificaba nada puntual) y las fechas (5-6/2) omitian el hecho principal citado en Counterpart_Event/Trip_Objective: la ceremonia de apertura de los JJOO de Invierno fue el 4-feb-2022 (no el 5). Fuentes cruzadas (Casa Rosada nota de llegada 3-feb, Infobae 4 y 5-feb, MFA China 6-feb) confirman: llegada a Beijing noche del 3-feb (cubierta por Trip 187/Moscu), apertura JJOO 4-feb, banquete de jefes de Estado 5-feb, reunion bilateral con Xi Jinping y firma de adhesion a la Franja y la Ruta el domingo 6-feb (fuente oficial reemplazada). Se corrige Start_Date de 5 a 4-feb-2022 y Duration_Days de 2 a 3; Campos de micro-conducta (MetHostHOGS y afines) completados desde Diplometrics COLT, 2026-08-03.",NA,Verificada-URL,TRUE,FALSE,NA,FALSE,TRUE,TRUE,FALSE,FALSE,NA
ARG-AF-J159,375,Alberto Fernández,Argentina,Completed,2022-02-08,2022-02-08,1,Barbados,Caribbean,Bridgetown,Bilateral,Working Visit,NA,Mia Mottley,Jefe de Estado/Gobierno,Escala de regreso; relaciones con el Caribe (CARICOM). Tramo 3 (final).,https://www.pagina12.com.ar/400384-alberto-fernandez-en-barbados-ultima-escala-de-su-gira,Medium,"Escala; verificar caracter oficial; Campos de micro-conducta (MetHostHOGS y afines) completados desde Diplometrics COLT, 2026-08-03.",NA,Verificada-URL,TRUE,FALSE,NA,FALSE,FALSE,FALSE,FALSE,FALSE,NA
ARG-AF-J172,376,Alberto Fernández,Argentina,Completed,2022-03-11,2022-03-11,1,Chile,South America,Valparaíso,Multilateral,Inauguration/Funeral,TRUE,Asunción de Gabriel Boric,NA,Participó de la ceremonia de asunción de Gabriel Boric en el Congreso Nacional; bilateral y almuerzo en Cerro Castillo (Viña del Mar).,https://www.casarosada.gob.ar/slider-principal/48555-alberto-fernandez-participo-de-la-ceremonia-de-asuncion-de-gabriel-boric-font-como-presidente-de-chile,High,"Campos de micro-conducta (MetHostHOGS y afines) completados desde Diplometrics COLT, 2026-08-03.",Cooperación Política General,Verificada-URL,TRUE,TRUE,President Pedro Castillo;President Luis Arce;Prime Minister Ariel Henry,FALSE,FALSE,TRUE,FALSE,FALSE,NA
ARG-AF-J176,377,Alberto Fernández,Argentina,Canceled,2022-03-13,NA,NA,United Arab Emirates,Middle East,Dubai,Bilateral,Working Visit,NA,NA,Jefe de Estado/Gobierno,"Gira prevista (13-17/3) a Abu Dabi, Dubai y Arabia Saudita en busca de inversiones, con visita al pabellón argentino en la Expo Dubái. CANCELADA sin fecha por la invasión rusa a Ucrania.",https://www.perfil.com/noticias/actualidad/alberto-fernandez-suspendio-sin-fecha-su-viaje-a-abu-dabi-dubai-y-arabia-saudita.phtml,Medium,"Gira nunca reprogramada durante el mandato (no se halló fuente de una nueva fecha). | Counterpart_Type-QA 2026-07-27: gira CANCELADA antes de confirmarse agenda; Counterpart_Event es NA por lo que no se identifico contraparte especifica -- se mantiene default (jefe de Estado/Gobierno) por tratarse de una gira de inversion de tipo protocolar estandar, revisar si aparece fuente con el nombre de la contraparte prevista.",NA,Verificada-URL,NA,NA,NA,NA,NA,NA,NA,NA,NA
ARG-AF-J176,378,Alberto Fernández,Argentina,Canceled,2022-03-13,NA,NA,Saudi Arabia,Middle East,Riyadh,Bilateral,Working Visit,NA,NA,Jefe de Estado/Gobierno,"Gira prevista (13-17/3) a Abu Dabi, Dubai y Arabia Saudita en busca de inversiones. CANCELADA sin fecha por la invasión rusa a Ucrania.",https://www.perfil.com/noticias/actualidad/alberto-fernandez-suspendio-sin-fecha-su-viaje-a-abu-dabi-dubai-y-arabia-saudita.phtml,Medium,"Gira nunca reprogramada durante el mandato (no se halló fuente de una nueva fecha). Tramo Arabia Saudita, mismo Journey_ID que Emiratos (Trip_ID 261). | Counterpart_Type-QA 2026-07-27: gira CANCELADA antes de confirmarse agenda; Counterpart_Event es NA por lo que no se identifico contraparte especifica -- se mantiene default (jefe de Estado/Gobierno) por tratarse de una gira de inversion de tipo protocolar estandar, revisar si aparece fuente con el nombre de la contraparte prevista.",NA,Verificada-URL,NA,NA,NA,NA,NA,NA,NA,NA,NA
ARG-AF-J160,379,Alberto Fernández,Argentina,Completed,2022-05-10,2022-05-10,1,Spain,Europe,Madrid,Bilateral,Working Visit,NA,Pedro Sánchez,Jefe de Estado/Gobierno,Inversiones energeticas (Repsol/YPF); relaciones bilaterales. Tramo 3 (final).,https://www.casarosada.gob.ar/slider-principal/48740-el-presidente-alberto-fernandez-ya-llego-a-espana-donde-se-reunira-hoy-con-su-par-pedro-sanchez-y-el-rey-felipe-vi,High,"NOTA 2026-07-21: ver correccion mayor de orden de la gira may-2022 en fila de Berlin (Trip 190). Madrid fue el PRIMER tramo (no el cierre): fuente oficial (Casa Rosada) fecha la llegada y los encuentros con Felipe VI y Sanchez el martes 10/5/2022. Se corrige Start/End_Date de 12-13/5 a 10/5/2022 (dia unico). NOTA 2026-07-21: ver correccion mayor de orden de la gira may-2022 en fila de Berlin (Trip 190). Madrid fue el PRIMER tramo (no el cierre): fuente oficial (Casa Rosada) fecha la llegada y los encuentros con Felipe VI y Sanchez el martes 10/5/2022. Se corrige Start/End_Date de 12-13/5 a 10/5/2022 (dia unico); Campos de micro-conducta (MetHostHOGS y afines) completados desde Diplometrics COLT, 2026-08-03.",NA,Verificada-URL,TRUE,FALSE,NA,FALSE,FALSE,TRUE,TRUE,FALSE,NA
ARG-AF-J160,380,Alberto Fernández,Argentina,Completed,2022-05-11,2022-05-11,1,Germany,Europe,Berlin,Bilateral,Working Visit,NA,Olaf Scholz,Jefe de Estado/Gobierno,"Gira europea; apoyo a la deuda, energia, inversiones. Tramo 1 (Alemania).",https://diariodecuyo.com.ar/argentina/En-Berlin-Fernandez-volvio-a-proponer-alimentos-y-energia-para-Europa-20220511-0041.html,Medium,"Gira Alemania-Francia-Espana may 2022. NOTA 2026-07-21: CORRECCION MAYOR. Multiples fuentes de prensa (Infobae, El Cronista, Ambito, ElDiarioAr, La Nacion) coinciden en que la gira de mayo-2022 comenzo en MADRID (martes 10/5, Rey Felipe VI + Sanchez), siguio en BERLIN (miercoles 11/5, Scholz) y cerro en PARIS (jueves 12 a viernes 13/5, Macron) - orden inverso al que tenia la fila original (Berlin 8-11/5, 4 dias). Se corrige Start/End_Date de Berlin a 11/5/2022 (dia unico). NOTA 2026-07-21: CORRECCION MAYOR. Multiples fuentes de prensa (Infobae, El Cronista, Ambito, ElDiarioAr, La Nacion) coinciden en que la gira de mayo-2022 comenzo en MADRID (martes 10/5, Rey Felipe VI + Sanchez), siguio en BERLIN (miercoles 11/5, Scholz) y cerro en PARIS (jueves 12 a viernes 13/5, Macron) - orden inverso al que tenia la fila original (Berlin 8-11/5, 4 dias). Se corrige Start/End_Date de Berlin a 11/5/2022 (dia unico); Campos de micro-conducta (MetHostHOGS y afines) completados desde Diplometrics COLT, 2026-08-03.",NA,Verificada-URL,TRUE,FALSE,NA,FALSE,FALSE,FALSE,TRUE,FALSE,NA
ARG-AF-J160,381,Alberto Fernández,Argentina,Completed,2022-05-12,2022-05-13,2,France,Europe,Paris,Bilateral,Working Visit,NA,Emmanuel Macron,Jefe de Estado/Gobierno,Relaciones bilaterales; deuda; guerra en Ucrania. Tramo 2.,https://www.france24.com/es/europa/20220513-alberto-fern%C3%A1ndez-se-reuni%C3%B3-con-emmanuel-macron-en-par%C3%ADs-durante-su-gira-por-europa,Medium,"NOTA 2026-07-21: ver correccion mayor de orden de la gira may-2022 en fila de Berlin (Trip 190). Paris fue el CIERRE de la gira, no el tramo intermedio: llegada jueves 12/5 (prensa: France24, DiarioDeCuyo), almuerzo y declaracion con Macron viernes 13/5, regreso a Bs.As. esa noche. Se corrige Start/End_Date de 11-12/5 a 12-13/5/2022. NOTA 2026-07-21: ver correccion mayor de orden de la gira may-2022 en fila de Berlin (Trip 190). Paris fue el CIERRE de la gira, no el tramo intermedio: llegada jueves 12/5 (prensa: France24, DiarioDeCuyo), almuerzo y declaracion con Macron viernes 13/5, regreso a Bs.As. esa noche. Se corrige Start/End_Date de 11-12/5 a 12-13/5/2022; Campos de micro-conducta (MetHostHOGS y afines) completados desde Diplometrics COLT, 2026-08-03.",NA,Verificada-URL,TRUE,FALSE,NA,FALSE,FALSE,FALSE,TRUE,FALSE,NA
ARG-AF-J181,382,Alberto Fernández,Argentina,Completed,2022-05-30,2022-05-30,1,Paraguay,South America,Ana Cua / Yacyreta,Bilateral,Working Visit,NA,Mario Abdo Benitez,Jefe de Estado/Gobierno,Visita a las obras de la central hidroelectrica Ana Cua (Yacyreta) junto al presidente paraguayo Mario Abdo Benitez.,https://www.nodal.am/2022/05/alberto-fernandez-y-mario-abdo-visitaron-obras-de-la-hidroelectrica-yacyreta-en-ana-cua/,Medium,"Detectado via comparacion con Diplometrics COLT (2026-08-03, ver 05_BITACORA/comparacion_diplometrics_colt.txt); verificado con fuente propia.",NA,Verificada-URL,TRUE,FALSE,NA,FALSE,FALSE,FALSE,TRUE,FALSE,NA
ARG-AF-J171,383,Alberto Fernández,Argentina,Completed,2022-06-08,2022-06-10,3,United States,North America,Los Angeles,Multilateral,Regional Summit,NA,IX Cumbre de las Américas,NA,"Asistio en persona a la Cumbre de las Americas pese a resistencia inicial; discurso como presidente pro tempore de la CELAC protestando por la exclusion de Cuba, Venezuela y Nicaragua.",https://www.infobae.com/politica/2022/06/08/alberto-fernandez-viajara-a-la-cumbre-de-las-americas-con-un-encargo-de-nicolas-maduro-y-lopez-obrador/,Medium,"Corregido 2026-07-21: la fila estaba cargada erroneamente como Canceled; el presidente SI viajo y participo presencialmente (partio la noche del 7/6, discurso plenario CELAC el 9/6, regreso previsto la noche del 10/6). Fechas y detalle de la comitiva segun prensa (Infobae); Campos de micro-conducta (MetHostHOGS y afines) completados desde Diplometrics COLT, 2026-08-03.",Cooperación Política General,Verificada-URL,TRUE,TRUE,Prime Minister Justin Trudeau;President Jair Bolsonaro;President Gabriel Boric,TRUE,TRUE,FALSE,TRUE,TRUE,United Nations (UN) Secretary-General Antonio Guterres
ARG-AF-J161,384,Alberto Fernández,Argentina,Completed,2022-06-26,2022-06-28,3,Germany,Europe,Elmau,Multilateral,Global Forum,TRUE,Cumbre del G7 ampliada (invitado),NA,Invitado a la Cumbre del G7 en Baviera; hablo de seguridad alimentaria y energetica.,https://www.casarosada.gob.ar/slider-principal/48898-el-presidente-alberto-fernandez-llego-a-alemania-para-participar-de-la-cumbre-del-g7,High,"NO asistio a la Cumbre de las Americas de Los Angeles (jun 2022) por la exclusion de Cuba/Venezuela/Nicaragua; envio al canciller. Ver bitacora; Campos de micro-conducta (MetHostHOGS y afines) completados desde Diplometrics COLT, 2026-08-03.",Cooperación Política General,Verificada-URL,TRUE,TRUE,Prime Minister Mario Draghi;Prime Minister Narendra Modi,TRUE,FALSE,FALSE,FALSE,FALSE,NA
ARG-AF-J175,385,Alberto Fernández,Argentina,Completed,2022-07-21,2022-07-21,1,Paraguay,South America,Asunción,Multilateral,Regional Summit,NA,Cumbre de Jefes de Estado del MERCOSUR,NA,Primera cumbre presencial del MERCOSUR desde dic-2019; tensión con Uruguay por TLC con China; pidió no buscar soluciones individuales.,https://www.infobae.com/politica/2022/07/21/contrapuntos-entre-alberto-fernandez-y-lacalle-pou-por-los-tratados-de-libre-comercio-con-otros-paises-por-fuera-del-mercosur/,Medium,"Sede real del evento: Centro de Convenciones CONMEBOL en Luque (área metropolitana de Asunción); ciudad registrada como Asunción por ser la referencia habitual de prensa; Campos de micro-conducta (MetHostHOGS y afines) completados desde Diplometrics COLT, 2026-08-03.",Comercio/Integración Económica,Verificada-URL,TRUE,TRUE,President Luis Lacalle Pou,FALSE,FALSE,FALSE,FALSE,FALSE,NA
ARG-AF-J173,386,Alberto Fernández,Argentina,Completed,2022-08-07,2022-08-07,1,Colombia,South America,Bogotá,Multilateral,Inauguration/Funeral,TRUE,Asunción de Gustavo Petro,NA,Participó de la asunción de Gustavo Petro y Francia Márquez en la Plaza Bolívar; bilateral previa en el Palacio de San Carlos.,https://www.casarosada.gob.ar/informacion/actividad-oficial/9-noticias/49012-el-presidente-alberto-fernandez-participo-esta-tarde-de-la-asuncion-de-su-par-de-colombia-gustavo-petro,High,"Campos de micro-conducta (MetHostHOGS y afines) completados desde Diplometrics COLT, 2026-08-03.",Cooperación Política General,Verificada-URL,TRUE,TRUE,President Luis Arce;President Xiomara Castro,FALSE,FALSE,TRUE,FALSE,FALSE,NA
ARG-AF-J162,387,Alberto Fernández,Argentina,Completed,2022-09-19,2022-09-21,3,United States,North America,New York,Multilateral,Global Forum,NA,77ª Asamblea General de la ONU,NA,"Discurso ante la ONU (deuda, FMI, Malvinas, guerra en Ucrania).",https://www.casarosada.gob.ar/slider-principal/49131-el-presidente-arribo-a-nueva-york-para-exponer-ante-la-asamblea-general-de-la-onu,High,"Campos de micro-conducta (MetHostHOGS y afines) completados desde Diplometrics COLT, 2026-08-03.",Cooperación Política General,Verificada-URL,FALSE,TRUE,President Emmanuel Macron,FALSE,FALSE,FALSE,TRUE,FALSE,NA
ARG-AF-J182,388,Alberto Fernández,Argentina,Completed,2022-10-31,2022-10-31,1,Brazil,South America,São Paulo,Bilateral,Working Visit,NA,Luiz Inacio Lula da Silva (presidente electo),Jefe de Estado/Gobierno,"Visito a Lula da Silva, recien electo presidente de Brasil, para felicitarlo y conversar sobre relaciones futuras; primer mandatario extranjero en hacerlo.",https://www.infobae.com/america/america-latina/2022/10/31/en-su-primer-acto-como-presidente-electo-de-brasil-lula-da-silva-se-reune-con-alberto-fernandez-en-san-pablo/,Medium,"Detectado via comparacion con Diplometrics COLT (2026-08-03, ver 05_BITACORA/comparacion_diplometrics_colt.txt); verificado con fuente propia.",NA,Verificada-URL,FALSE,FALSE,NA,FALSE,FALSE,FALSE,FALSE,FALSE,NA
ARG-AF-J163,389,Alberto Fernández,Argentina,Completed,2022-11-09,2022-11-13,5,France,Europe,Paris,Multilateral,Global Forum,NA,Foro de Paris por la Paz (Paris Peace Forum),NA,Asistio al Foro de Paris por la Paz como presidente pro-tempore de la CELAC; discurso; cena con Macron en el Eliseo; homenaje al Armisticio.,https://www.casarosada.gob.ar/slider-principal/49345-alberto-fernandez-con-macron-compartimos-un-ideario-comun-sobre-la-necesidad-de-un-mundo-en-paz-en-democracia-y-en-desarrollo,High,"Detectado via comparacion con Diplometrics COLT (2026-08-03, ver 05_BITACORA/comparacion_diplometrics_colt.txt); verificado con fuente propia. Se asigna al mismo Journey J163 (junto con Indonesia G20 Bali 15-16/11 y Espana escala 17/11, ya cargado/agregado en esta ronda): gira continua Francia->Indonesia->Espana sin regreso a Argentina, segun cronologia (Foro de Paris 9-13/11, Bali 15-16/11, escala Madrid 17/11).",Cooperación Política General,Verificada-URL,TRUE,FALSE,NA,TRUE,FALSE,TRUE,FALSE,FALSE,NA
ARG-AF-J163,390,Alberto Fernández,Argentina,Completed,2022-11-15,2022-11-16,2,Indonesia,Asia-Pacific,Bali,Multilateral,Global Forum,TRUE,Cumbre del G20 de Bali,NA,Cumbre del G20; bilaterales; agenda de deuda y alimentos.,https://www.casarosada.gob.ar/slider-principal/49364-el-presidente-llego-a-bali-para-participar-de-la-cumbre-del-g20,High,"Campos de micro-conducta (MetHostHOGS y afines) completados desde Diplometrics COLT, 2026-08-03.",Cooperación Política General,Verificada-URL,FALSE,TRUE,General Secretary Xi Jinping;Prime Minister Kishida Fumio,FALSE,FALSE,FALSE,FALSE,TRUE,International Monetary Fund (IMF) Managing Director Kristalina Georgieva
ARG-AF-J163,391,Alberto Fernández,Argentina,Completed,2022-11-17,2022-11-17,1,Spain,Europe,Madrid,Bilateral,Working Visit,NA,Yolanda Diaz (Vicepresidenta y Ministra de Trabajo),Jefe de Estado/Gobierno,Escala de 16 horas en Madrid en el regreso desde la Cumbre del G20 de Bali; reunion con la vicepresidenta espanola Yolanda Diaz.,https://www.casarosada.gob.ar/slider-principal/49381-el-presidente-se-reunio-con-la-vicepresidenta-de-espana-yolanda-diaz,High,"Detectado via comparacion con Diplometrics COLT (2026-08-03, ver 05_BITACORA/comparacion_diplometrics_colt.txt); verificado con fuente propia. Escala de regreso del mismo Journey J163 (G20 Bali, ya cargado).",NA,Verificada-URL,FALSE,FALSE,NA,FALSE,FALSE,FALSE,FALSE,FALSE,NA
ARG-AF-J183,392,Alberto Fernández,Argentina,Completed,2022-12-06,2022-12-06,1,Uruguay,South America,Montevideo,Multilateral,Regional Summit,NA,Cumbre del MERCOSUR,NA,Asistio a la Cumbre del MERCOSUR en Montevideo; Argentina asumio la presidencia pro-tempore del bloque; discurso con criticas al gobierno uruguayo.,https://www.infobae.com/politica/2022/12/06/alberto-fernandez-cruzo-a-lacalle-pou-en-el-mercosur-y-subio-la-tension-con-urugauay/,Medium,"Detectado via comparacion con Diplometrics COLT (2026-08-03, ver 05_BITACORA/comparacion_diplometrics_colt.txt); verificado con fuente propia.",Comercio/Integración Económica,Verificada-URL,FALSE,FALSE,NA,TRUE,FALSE,FALSE,FALSE,FALSE,NA
ARG-AF-J174,393,Alberto Fernández,Argentina,Completed,2023-01-01,2023-01-01,1,Brazil,South America,Brasília,Multilateral,Inauguration/Funeral,TRUE,Asunción de Luiz Inácio Lula da Silva,NA,Participó de la asunción del tercer mandato de Lula da Silva en Brasilia; bilateral el mismo día en el Palacio Itamaraty.,https://www.casarosada.gob.ar/slider-principal/49503-el-presidente-llego-a-brasil-para-asistir-a-la-asuncion-de-lula,High,NA,Cooperación Política General,Verificada-URL,NA,NA,NA,NA,NA,NA,NA,NA,NA
ARG-AF-J165,394,Alberto Fernández,Argentina,Completed,2023-03-24,2023-03-25,2,Dominican Republic,Caribbean,Santo Domingo,Multilateral,Regional Summit,TRUE,XXVIII Cumbre Iberoamericana,NA,Participó de la XXVIII Cumbre Iberoamericana; bilateral con Pedro Sánchez. Primer tramo de la gira que continuó a Washington con Biden.,https://www.casarosada.gob.ar/slider-principal/49760-el-presidente-viaja-a-republica-dominicana-para-participar-de-la-cumbre-iberoamericana,High,"Mismo Journey_ID que el tramo Washington D.C. ya cargado (Trip_ID 197, 27-29/3/2023): misma gira física; Campos de micro-conducta (MetHostHOGS y afines) completados desde Diplometrics COLT, 2026-08-03.",Cooperación Política General,Verificada-URL,FALSE,TRUE,Prime Minister Pedro Sanchez,TRUE,FALSE,TRUE,FALSE,FALSE,NA
ARG-AF-J165,395,Alberto Fernández,Argentina,Completed,2023-03-27,2023-03-29,3,United States,North America,Washington D.C.,Bilateral,Working Visit,NA,Joe Biden,Jefe de Estado/Gobierno,"Reunion en la Casa Blanca con Biden; FMI, inversiones, litio.",https://www.casarosada.gob.ar/informacion/conferencias/49776-declaraciones-conjunta-a-la-prensa-del-presidente-de-la-nacion-alberto-fernandez-y-de-su-par-de-estados-unidos-joseph-biden-luego-de-la-reunion-bilateral-en-la-casa-blanca-en-washington,High,"QA-R6 2026-07-26: URL original era el listado generico de discursos (no verificaba el hecho puntual); se reemplaza por la transcripcion oficial de las declaraciones conjuntas tras la bilateral. Fechas verificadas por cruce de prensa (Infobae, La Nacion): la gira paso por Nueva York (encuentro con Guterres, 27-28/3) y luego Washington (llegada 28/3, reunion con Biden 29/3); el rango 27-29/3 cargado es correcto para el tramo Estados Unidos; Campos de micro-conducta (MetHostHOGS y afines) completados desde Diplometrics COLT, 2026-08-03.",NA,Verificada-URL,TRUE,FALSE,NA,TRUE,FALSE,TRUE,TRUE,TRUE,United Nations (UN) Secretary-General Antonio Guterres
ARG-AF-J184,396,Alberto Fernández,Argentina,Completed,2023-04-05,2023-04-05,1,Chile,South America,Santiago,Bilateral,State Visit,NA,Gabriel Boric,Jefe de Estado/Gobierno,Reuniones bilaterales con Gabriel Boric en La Moneda; conmemoracion del 205 aniversario de la Batalla de Maipu (Abrazo de Maipu); firma/reafirmacion de acuerdos comerciales.,https://www.biobiochile.cl/noticias/nacional/chile/2023/04/05/presidentes-gabriel-boric-y-alberto-fernandez-recrearon-iconico-abrazo-de-maipu-en-templo-votivo.shtml,High,"Detectado via comparacion con Diplometrics COLT (2026-08-03, ver 05_BITACORA/comparacion_diplometrics_colt.txt); verificado con fuente propia.",NA,Verificada-URL,TRUE,FALSE,NA,FALSE,TRUE,TRUE,FALSE,FALSE,NA
ARG-AF-J185,397,Alberto Fernández,Argentina,Completed,2023-05-02,2023-05-02,1,Brazil,South America,Brasília,Bilateral,Working Visit,NA,Luiz Inacio Lula da Silva,Jefe de Estado/Gobierno,"Reunion bilateral con Lula da Silva en el Palacio Alvorada, Brasilia, con cena y pernocte.",https://www.ambito.com/politica/lula-da-silva-y-alberto-fernandez-se-reunen-el-palacio-la-alvorada-n5712669,Medium,"Detectado via comparacion con Diplometrics COLT (2026-08-03, ver 05_BITACORA/comparacion_diplometrics_colt.txt); verificado con fuente propia.",NA,Verificada-URL,TRUE,FALSE,NA,FALSE,FALSE,FALSE,FALSE,FALSE,NA
ARG-AF-J166,398,Alberto Fernández,Argentina,Completed,2023-05-29,2023-05-30,2,Brazil,South America,Brasília,Multilateral,Regional Summit,NA,Cumbre de presidentes sudamericanos,NA,Cumbre sudamericana convocada por Lula para relanzar la integracion regional.,https://www.casarosada.gob.ar/slider-principal/49928-alberto-fernandez-llego-a-brasilia-para-participar-del-encuentro-de-presidentes-de-los-paises-de-america-del-sur,High,"NOTA 2026-07-21: CORRECCION. La fila cargaba 2-3/5/2023, pero esa fecha corresponde a OTRA visita de Fernandez a Lula (reunion sobre estrategia de deuda, principios de mayo). El 'Encuentro de Presidentes de America del Sur convocado por Lula' (Consenso de Brasilia, relanzamiento de UNASUR) que describe el objetivo de esta fila ocurrio el 29-30/5/2023 (fuente oficial Casa Rosada + prensa coincidente). Se corrige Start/End_Date de 2-3/5 a 29-30/5/2023; Campos de micro-conducta (MetHostHOGS y afines) completados desde Diplometrics COLT, 2026-08-03.",Cooperación Política General,Verificada-URL,TRUE,TRUE,President Nicolas Maduro,TRUE,FALSE,FALSE,FALSE,FALSE,NA
ARG-AF-J186,399,Alberto Fernández,Argentina,Completed,2023-06-01,2023-06-01,1,Bolivia,South America,Yaguacua,Bilateral,Working Visit,NA,Luis Arce,Jefe de Estado/Gobierno,Inauguracion del electroducto Juana Azurduy de Padilla junto al presidente boliviano Luis Arce.,https://www.casarosada.gob.ar/slider-principal/49937-alberto-fernandez-llego-a-bolivia-para-inaugurar-el-electroducto-juana-azurduy,High,"Detectado via comparacion con Diplometrics COLT (2026-08-03, ver 05_BITACORA/comparacion_diplometrics_colt.txt); verificado con fuente propia.",NA,Verificada-URL,TRUE,FALSE,NA,FALSE,FALSE,TRUE,FALSE,FALSE,NA
ARG-AF-J187,400,Alberto Fernández,Argentina,Completed,2023-06-26,2023-06-26,1,Brazil,South America,Brasília,Bilateral,State Visit,NA,Luiz Inacio Lula da Silva,Jefe de Estado/Gobierno,Visita de Estado a Brasil por los 200 anos de relaciones diplomaticas Argentina-Brasil; primera visita de Estado argentina desde Nestor Kirchner (2006).,https://www.gov.br/mre/en/contact-us/press-area/press-releases/state-visit-to-brazil-of-the-president-of-the-argentine-republic-alberto-fernandez-in-the-context-of-the-celebration-of-200-years-of-diplomatic-relations-between-brazil-and-argentina-june-26-2023,High,"Detectado via comparacion con Diplometrics COLT (2026-08-03, ver 05_BITACORA/comparacion_diplometrics_colt.txt); verificado con fuente propia.",NA,Verificada-URL,TRUE,FALSE,NA,FALSE,FALSE,TRUE,FALSE,FALSE,NA
ARG-AF-J188,401,Alberto Fernández,Argentina,Completed,2023-07-17,2023-07-18,2,Belgium,Europe,Brussels,Multilateral,Global Forum,NA,Cumbre Union Europea - CELAC (III Cumbre UE-CELAC),NA,Asistio a la III Cumbre UE-CELAC en Bruselas; discurso; bilaterales al margen con varios jefes de gobierno.,https://www.casarosada.gob.ar/informacion/actividad-oficial/9-noticias/50054-el-presidente-participa-de-la-cumbre-ue-celac,High,"Detectado via comparacion con Diplometrics COLT (2026-08-03, ver 05_BITACORA/comparacion_diplometrics_colt.txt); verificado con fuente propia.",Cooperación Política General,Verificada-URL,FALSE,TRUE,Primer Ministro Nikolai Denkov; Giorgia Meloni; Guillermo Lasso; Andrej Plenkovic; Kyriakos Mitsotakis,TRUE,FALSE,FALSE,FALSE,FALSE,NA
ARG-AF-J189,402,Alberto Fernández,Argentina,Completed,2023-08-14,2023-08-15,2,Paraguay,South America,Asunción,Bilateral,Inauguration/Funeral,NA,Asuncion de Santiago Peña,Jefe de Estado/Gobierno,Asistio a la asuncion presidencial de Santiago Peña en Paraguay (15/8); bilaterales al margen del acto.,https://www.lanacion.com.ar/el-mundo/santiago-pena-asume-como-presidente-de-paraguay-con-la-presencia-de-alberto-fernandez-nid15082023/,High,"Detectado via comparacion con Diplometrics COLT (2026-08-03, ver 05_BITACORA/comparacion_diplometrics_colt.txt); verificado con fuente propia.",NA,Verificada-URL,TRUE,TRUE,Luiz Inacio Lula da Silva,FALSE,FALSE,TRUE,FALSE,FALSE,NA
ARG-AF-J169,403,Alberto Fernández,Argentina,Completed,2023-09-08,2023-09-10,3,India,Asia-Pacific,New Delhi,Multilateral,Global Forum,TRUE,Cumbre del G20 de Nueva Delhi,NA,Cumbre del G20; ultima gran cumbre global del mandato.,https://www.casarosada.gob.ar/slider-principal/50162-el-presidente-arribo-a-la-india-para-participar-de-la-cumbre-del-g20,High,"Campos de micro-conducta (MetHostHOGS y afines) completados desde Diplometrics COLT, 2026-08-03.",Cooperación Política General,Verificada-URL,TRUE,TRUE,President Joe Biden;President Luiz Inacio Lula da Silva;President Yoon Suk-yeol;President Mohammed bin Zayed Al Nahyan;Prime Minister Sheikh Hasin;Prime Minister Salman bin Abdulaziz Al Saud;President Cyril Ramaphosa;Prime Minister Hasina Wajed,TRUE,FALSE,TRUE,FALSE,TRUE,International Monetary Fund (IMF) Managing Director Kristalina Georgieva
ARG-AF-J190,404,Alberto Fernández,Argentina,Completed,2023-09-14,2023-09-16,3,Cuba,Caribbean,Havana,Multilateral,Global Forum,NA,Cumbre del G77+China,NA,Asistio a la Cumbre del G77+China en La Habana; discurso; bilateral con Miguel Diaz-Canel sobre comercio y apoyo cubano al reclamo argentino por Malvinas.,https://www.infobae.com/politica/2023/09/16/alberto-fernandez-se-reunio-con-miguel-diaz-canel-y-lo-convoco-a-incrementar-el-comercio-con-cuba/,Medium,"Detectado via comparacion con Diplometrics COLT (2026-08-03, ver 05_BITACORA/comparacion_diplometrics_colt.txt); verificado con fuente propia.",Cooperación Política General,Verificada-URL,TRUE,FALSE,NA,TRUE,FALSE,FALSE,FALSE,FALSE,NA
ARG-AF-J170,405,Alberto Fernández,Argentina,Completed,2023-09-16,2023-09-20,5,United States,North America,New York,Multilateral,Global Forum,NA,78ª Asamblea General de la ONU,NA,Ultimo discurso ante la ONU como presidente.,https://www.casarosada.gob.ar/informacion/discursos/50192-palabras-del-presidente-de-la-nacion-alberto-fernandez-en-la-sesion-de-debate-general-del-78-periodo-de-sesiones-de-la-asamblea-general-de-naciones-unidas-en-nueva-york-estados-unidos,High,"Ultimo viaje internacional relevante del mandato; Campos de micro-conducta (MetHostHOGS y afines) completados desde Diplometrics COLT, 2026-08-03. CORREGIDO 2026-08-17 (verificacion COLT redo): Start_Date 2023-09-18->2023-09-16 segun Diario de Cuyo, Puntal (16/9/2023): ""Alberto Fernandez dejo Cuba y se dirige a Nueva York"".",Cooperación Política General,Verificada-URL,FALSE,FALSE,NA,TRUE,FALSE,FALSE,FALSE,TRUE,United Nations (UN) Secretary-General Antonio Guterres
ARG-AF-J191,406,Alberto Fernández,Argentina,Completed,2023-10-14,2023-10-18,5,China,Asia-Pacific,Beijing / Shanghai,Multilateral,Global Forum,NA,Foro de la Franja y la Ruta (Belt and Road Forum),NA,"Participo del III Foro de la Franja y la Ruta en Beijing; reunion bilateral con Xi Jinping (extension del swap de monedas); reuniones empresariales en Shanghai (Gotion, Huawei, otros).",https://www.mfa.gov.cn/esp/zxxx/202310/t20231018_11163381.html,High,"Detectado via comparacion con Diplometrics COLT (2026-08-03, ver 05_BITACORA/comparacion_diplometrics_colt.txt); verificado con fuente propia. El foro se realizo el 17-18/10 en Beijing (no Shanghai como sugeria COLT); Shanghai fue una parada previa de la gira con agenda empresarial.",Comercio/Integración Económica,Verificada-URL,TRUE,FALSE,NA,TRUE,FALSE,FALSE,TRUE,FALSE,NA
ARG-AF-J192,407,Alberto Fernández,Argentina,Completed,2023-10-27,2023-10-27,1,Uruguay,South America,Montevideo,Bilateral,Working Visit,NA,Jose 'Pepe' Mujica (ex presidente) / Luis Lacalle Pou / Santiago Peña,Ex-mandatario/Opositor,Visito al ex presidente Jose Mujica en su casa de Montevideo (crisis cambiaria regional); tambien se reunio con Lacalle Pou y Santiago Peña por la organizacion del Mundial 2030.,https://www.lanacion.com.ar/politica/alberto-fernandez-hizo-un-sorpresivo-viaje-a-uruguay-por-la-organizacion-del-mundial-2030-nid27102023/,High,"Detectado via comparacion con Diplometrics COLT (2026-08-03, ver 05_BITACORA/comparacion_diplometrics_colt.txt); verificado con fuente propia. Counterpart_Type=Ex-mandatario/Opositor porque el motivo central de la visita fue Mujica (ya no presidente); tambien hubo reuniones con jefes de Estado en funciones (Lacalle Pou, Peña) el mismo dia.",NA,Verificada-URL,TRUE,TRUE,Santiago Peña,FALSE,FALSE,FALSE,FALSE,FALSE,NA
ARG-AF-J193,408,Alberto Fernández,Argentina,Completed,2023-12-07,2023-12-07,1,Brazil,South America,Rio de Janeiro,Multilateral,Regional Summit,NA,63a Cumbre del MERCOSUR,NA,Asistio a la 63a Cumbre del MERCOSUR en Rio de Janeiro (tratado comercial con la UE no se aprobo por falta de apoyo argentino); ultima actividad internacional antes de dejar el poder (10/12/2023).,https://www.casarosada.gob.ar/slider-principal/50251-todos-tenemos-la-misma-voluntad-de-hacer-fuerte-el-mercosur-dijo-el-presidente-en-brasil,High,"Detectado via comparacion con Diplometrics COLT (2026-08-03, ver 05_BITACORA/comparacion_diplometrics_colt.txt); verificado con fuente propia.",Comercio/Integración Económica,Verificada-URL,TRUE,TRUE,Luis Lacalle Pou; Luis Arce; Santiago Peña,FALSE,FALSE,FALSE,FALSE,FALSE,NA
ARG-JM-J172,409,Javier Milei,Argentina,Completed,2024-01-16,2024-01-17,2,Switzerland,Europe,Davos,Multilateral,Global Forum,NA,Foro Económico Mundial (WEF),NA,Discurso 'Occidente esta en peligro' contra el socialismo y la agenda woke. Primer viaje del mandato.,https://www.casarosada.gob.ar/informacion/discursos/50299-palabras-del-presidente-de-la-nacion-javier-milei-en-el-54-reunion-anual-del-foro-economico-mundial-de-davos,High,"Primer viaje internacional del mandato. QA-R6 2026-07-26: URL original era el listado generico de discursos; se reemplaza por la transcripcion oficial del discurso, fechada miercoles 17-ene-2024 (coincide con Start/End_Date cargados); Campos de micro-conducta (MetHostHOGS y afines) completados desde Diplometrics COLT, 2026-08-03.",Comercio/Integración Económica,Verificada-URL,FALSE,TRUE,President Vahagn Khachaturyan,TRUE,FALSE,FALSE,FALSE,FALSE,NA
ARG-JM-J173,410,Javier Milei,Argentina,Completed,2024-02-06,2024-02-09,4,Israel,Middle East,Jerusalem,Bilateral,Working Visit,TRUE,Benjamin Netanyahu,Jefe de Estado/Gobierno,Promesa de mudar la embajada a Jerusalen; Muro de los Lamentos; solidaridad tras ataque del 7-O. Tramo 1.,https://www.casarosada.gob.ar/slider-principal/50337-el-presidente-javier-milei-visito-el-muro-de-los-lamentos-en-jerusalen,High,"Gira Israel-Vaticano feb 2024. QA-R6 2026-07-26: URL original era el listado generico de discursos; se reemplaza por nota oficial especifica de la visita al Muro de los Lamentos (6-feb-2024). Fechas confirmadas por prensa cruzada: Muro de los Lamentos 6/2, Yad Vashem y Bosque KKL 7/2, encuentro con Herzog en Kibutz Nir Oz 8/2; Campos de micro-conducta (MetHostHOGS y afines) completados desde Diplometrics COLT, 2026-08-03. CORREGIDO 2026-08-17 (verificacion COLT redo): End_Date 2024-02-08->2024-02-09 segun Infobae, Ambito, Radio JAI (febrero 2024).",NA,Verificada-URL,TRUE,FALSE,NA,FALSE,FALSE,TRUE,FALSE,FALSE,NA
ARG-JM-J173,411,Javier Milei,Argentina,Completed,2024-02-11,2024-02-12,2,Vatican City,Europe,Vatican City,Bilateral,Working Visit,NA,Papa Francisco (canonización de Mama Antula),Jefe de Estado/Gobierno,Canonizacion de la primera santa argentina; audiencia y abrazo con el Papa pese a criticas previas. Tramo 2.,https://www.casarosada.gob.ar/slider-principal/50351-canonizacion-de-mama-antula-con-la-presencia-del-presidente-javier-milei-el-papa-francisco-declaro-a-la-primera-santa-argentina,High,"Incluyo Roma/Italia. QA-R6 2026-07-26: URL original era la portada generica de Vatican News (no verificaba el hecho puntual); se reemplaza por nota oficial de Casa Rosada sobre la canonizacion (11-feb-2024) y audiencia privada posterior (12-feb-2024), fechas coincidentes con lo cargado; Campos de micro-conducta (MetHostHOGS y afines) completados desde Diplometrics COLT, 2026-08-03.",NA,Verificada-URL,TRUE,FALSE,NA,FALSE,FALSE,TRUE,FALSE,FALSE,NA
ARG-JM-J173,412,Javier Milei,Argentina,Completed,2024-02-12,2024-02-13,2,Italy,Europe,Rome,Bilateral,Working Visit,NA,Giorgia Meloni / Sergio Mattarella,Jefe de Estado/Gobierno,"Reuniones separadas con la premier Giorgia Meloni (Palazzo Chigi) y el presidente Sergio Mattarella (Quirinale) en Roma, inmediatamente despues de la audiencia con el Papa Francisco (11-12/2, ya cargada).",https://en.mercopress.com/2024/02/13/milei-holds-meetings-with-meloni-and-mattarella-in-rome,Medium,"Detectado via comparacion con Diplometrics COLT (2026-08-03, ver 05_BITACORA/comparacion_diplometrics_colt.txt); verificado con fuente propia. Se agrega como tramo adicional al Journey J173 (Israel 6-8/2 + Vaticano 11-12/2, ya cargado). CORREGIDO 2026-08-17 (verificacion COLT redo): End_Date 2024-02-12->2024-02-13 segun LA NACION, ACI Prensa, France24, Emol (12-13/2/2024).",NA,Verificada-URL,TRUE,FALSE,NA,FALSE,FALSE,FALSE,FALSE,FALSE,NA
ARG-JM-J174,413,Javier Milei,Argentina,Completed,2024-02-23,2024-02-24,2,United States,North America,Washington D.C.,Multilateral,Global Forum,NA,CPAC (Conferencia de Acción Política Conservadora),NA,Discurso en la CPAC; encuentro con Donald Trump y figuras de la derecha global.,https://www.casarosada.gob.ar/informacion/discursos/50371-palabras-del-presidente-de-la-nacion-javier-milei-en-la-conferencia-politica-de-accion-conservadora-cpac-en-washington-estados-unidos,High,"CPAC = evento partidario; clasificado Other/Working Visit. CPAC: foro ideologico partidario -> Multilateral/CPG (doctrina 2026-07-07, consistencia con Foro de Sao Paulo/Cumbre Progresista).",Cooperación Política General,Verificada-URL,NA,NA,NA,NA,NA,NA,NA,NA,NA
ARG-JM-J175,414,Javier Milei,Argentina,Completed,2024-04-09,2024-04-12,4,United States,North America,Austin,Bilateral,Working Visit,NA,Elon Musk (fábrica Tesla),Otro actor no estatal,Reunion con Elon Musk en la planta de Tesla en Texas; inversiones y litio.,https://www.argentina.gob.ar/noticias/el-presidente-milei-se-reunio-con-el-cofundador-y-director-de-tesla-elon-musk,High,"NOTA 2026-07-21: fuente oficial (argentina.gob.ar, 12-abr-2024, 'hoy') confirma que la visita a la planta de Tesla y el encuentro con Musk ocurrieron el mismo dia 12-abr-2024 (Chequeado confirma el traslado Miami-Austin ese mismo dia); se corrige Start_Date de 11 a 12-abr-2024 (viaje de un solo dia en Texas); Campos de micro-conducta (MetHostHOGS y afines) completados desde Diplometrics COLT, 2026-08-03. CORREGIDO 2026-08-17 (verificacion COLT redo): Start_Date 2024-04-12->2024-04-09 segun Infobae, LA NACION, El Financiero (abril 2024).",NA,Verificada-URL,FALSE,FALSE,NA,TRUE,FALSE,TRUE,TRUE,FALSE,NA
ARG-JM-J910,415,Javier Milei,Argentina,Completed,2024-05-04,2024-05-07,4,United States,North America,Los Angeles,Bilateral,Working Visit,NA,Milken Institute Global Conference,Otro actor no estatal,Discurso ante empresarios en la Milken Institute Global Conference en Los Angeles (6/5).,https://www.lanacion.com.ar/politica/el-discurso-completo-de-javier-milei-ante-empresarios-en-el-milken-institute-de-los-angeles-apuesten-nid06052024/,High,"Detectado via comparacion con Diplometrics COLT (2026-08-03, ver 05_BITACORA/comparacion_diplometrics_colt.txt); verificado con fuente propia.",NA,Verificada-URL,FALSE,FALSE,NA,TRUE,FALSE,FALSE,TRUE,FALSE,NA
ARG-JM-J176,416,Javier Milei,Argentina,Completed,2024-05-17,2024-05-19,3,Spain,Europe,Madrid,Multilateral,Global Forum,NA,Acto de Vox 'Europa Viva 2024',NA,"Acto de Vox; llamo 'corrupta' a la esposa de Sanchez, desatando crisis diplomatica Espana-Argentina.",https://www.lanacion.com.ar/politica/javier-milei-en-espana-gran-expectativa-por-su-discurso-publico-en-madrid-nid19052024/,High,"No fue visita de Estado; acto partidario. Acto Vox con lideres internacionales: foro ideologico -> Multilateral/CPG (doctrina 2026-07-07); Campos de micro-conducta (MetHostHOGS y afines) completados desde Diplometrics COLT, 2026-08-03.",Cooperación Política General,Verificada-URL,FALSE,FALSE,NA,TRUE,FALSE,FALSE,TRUE,FALSE,NA
ARG-JM-J177,417,Javier Milei,Argentina,Completed,2024-05-27,2024-05-31,5,United States,North America,Palo Alto,Other,Working Visit,NA,"Instituto Hoover (Universidad de Stanford) / CEOs de Google, Apple y Meta",NA,"Disertacion en el Instituto Hoover de Stanford; reuniones con Sundar Pichai (Google), Tim Cook (Apple) y Zuckerberg (Meta) por inversiones tecnologicas.",https://www.infobae.com/politica/2024/05/29/la-agenda-de-milei-en-san-francisco-se-reunira-con-los-ceo-de-google-y-apple-para-captar-inversiones-y-dara-una-clase-abierta-en-stanford/,Medium,"QA-R6 2026-07-26: CORRECCION MAYOR (discrepancia grave). El registro original mezclaba dos eventos distintos: la Conferencia Global del Instituto Milken (real, pero celebrada 5-8 mayo 2024 en Los Angeles, SIN participacion confirmada de Milei) con la gira real a Silicon Valley (Stanford/Palo Alto, Mountain View), que ocurrio 28-30 mayo 2024 (discurso en el Instituto Hoover de Stanford + reuniones con CEOs de Google, Apple, luego Meta). Se corrigen fechas (27-28/5 a 28-30/5), ciudad (Los Angeles a Palo Alto), evento y categoria (Multilateral/Global Forum a Other/Working Visit, sin agenda intergubernamental) segun Infobae 29 y 30-may-2024 y cobertura cruzada (El Destape, Filo News); Campos de micro-conducta (MetHostHOGS y afines) completados desde Diplometrics COLT, 2026-08-03. CORREGIDO 2026-08-17 (verificacion COLT redo): Start_Date 2024-05-28->2024-05-27; End_Date 2024-05-30->2024-05-31 segun CNN en Espanol, Vision360, El Litoral, Chequeado (""viaje de 6 dias a San Francisco... del 27 de mayo al 2 de junio"").",NA,Verificada-URL,FALSE,FALSE,NA,FALSE,FALSE,FALSE,TRUE,FALSE,NA
ARG-JM-J911,418,Javier Milei,Argentina,Completed,2024-05-31,2024-06-01,2,El Salvador,Central America,San Salvador,Bilateral,Inauguration/Funeral,NA,Asuncion de Nayib Bukele (segundo mandato),Jefe de Estado/Gobierno,Asistio a la asuncion presidencial de Nayib Bukele en San Salvador (1/6); reunion privada posterior.,https://www.argentina.gob.ar/noticias/el-presidente-javier-milei-mantuvo-una-reunion-con-el-presidente-de-el-salvador-nayib,High,"Detectado via comparacion con Diplometrics COLT (2026-08-03, ver 05_BITACORA/comparacion_diplometrics_colt.txt); verificado con fuente propia. Confirmado como parte del chequeo prioritario Milei-2024 (ver bitacora comparacion COLT, seccion 5).",NA,Verificada-URL,TRUE,FALSE,NA,FALSE,FALSE,TRUE,FALSE,FALSE,NA
ARG-JM-J178,419,Javier Milei,Argentina,Completed,2024-06-13,2024-06-15,3,Italy,Europe,Fasano,Multilateral,Global Forum,TRUE,Cumbre del G7 ampliada (invitado por Meloni),NA,"Invitado a la Cumbre del G7 en Puglia; bilaterales con Biden, Macron, Meloni, Zelenski.",https://www.lanacion.com.ar/politica/aguardan-con-expectativa-a-milei-en-la-cumbre-del-g7-su-agenda-la-coincidencia-con-el-papa-y-un-mano-nid13062024/,High,"Campos de micro-conducta (MetHostHOGS y afines) completados desde Diplometrics COLT, 2026-08-03.",Cooperación Política General,Verificada-URL,TRUE,TRUE,President Joe Biden;President Emmanuel Macron;Prime Minister Kishida Fumio,FALSE,FALSE,FALSE,FALSE,FALSE,NA
ARG-JM-J178,420,Javier Milei,Argentina,Completed,2024-06-15,2024-06-15,1,Switzerland,Europe,Bürgenstock,Multilateral,Global Forum,NA,Cumbre de Paz sobre Ucrania (Summit on Peace in Ukraine),NA,"Asistio a la Cumbre de Paz sobre Ucrania en Burgenstock; se reunio con el presidente Volodymyr Zelenskyy, quien le entrego la Orden de la Libertad.",https://www.swissinfo.ch/spa/zelenski-se-re%C3%BAne-con-milei-en-cumbre-de-paz-en-suiza-y-le-entrega-la-orden-de-la-libertad/80795932,Medium,"Detectado via comparacion con Diplometrics COLT (2026-08-03, ver 05_BITACORA/comparacion_diplometrics_colt.txt); verificado con fuente propia. Confirmado como parte del chequeo prioritario Milei-2024. Fecha corregida a un unico dia (15-jun; COLT reportaba 15-16). Se agrega al mismo Journey J178 (G7 ampliado en Fasano, Italia, 13-15/6, ya cargado): la Cumbre de Bürgenstock fue el dia siguiente al cierre del G7, sin regreso a Argentina entre medio.",Seguridad,Verificada-URL,FALSE,TRUE,Volodymyr Zelenskyy,TRUE,FALSE,FALSE,FALSE,FALSE,NA
ARG-JM-J179,421,Javier Milei,Argentina,Completed,2024-06-24,2024-06-25,2,Czechia,Europe,Prague,Other,Working Visit,NA,Premio de la Fundación Liberálních Ekonomů,NA,Recepcion de premio de instituciones liberales checas; conferencia economica.,https://www.casarosada.gob.ar/informacion/discursos/50552-discurso-completo-del-presidente-javier-milei-al-recibir-el-premio-del-instituto-liberal-de-la-republica-checa-en-praga,High,"Fecha estimada; Campos de micro-conducta (MetHostHOGS y afines) completados desde Diplometrics COLT, 2026-08-03. | CORREGIDO 2026-08-15: fecha original 2024-06-21/22 se solapaba con el tramo de España del mismo Journey_ID; verificación cruzada contra COLT (TripID 4053-ARG-CZE-45467, que coincide con fuente oficial casarosada.gob.ar) confirma que la visita a Praga fue 24-25/6, como ultimo tramo de la gira (Espana 21/6 -> Alemania 22-23/6 -> Chequia 24-25/6).",NA,Verificada-URL,TRUE,FALSE,NA,TRUE,FALSE,TRUE,FALSE,FALSE,NA
ARG-JM-J179,422,Javier Milei,Argentina,Completed,2024-06-21,2024-06-21,1,Spain,Europe,Madrid,Bilateral,Working Visit,NA,Isabel Diaz Ayuso (Presidenta de la Comunidad de Madrid),Otro actor no estatal,Recibio la Medalla Internacional de la Comunidad de Madrid de manos de Isabel Diaz Ayuso; premio del Instituto Juan de Mariana esa noche.,https://www.comunidad.madrid/retransmision/2024/06/21/R_21062024,High,"Detectado via comparacion con Diplometrics COLT (2026-08-03, ver 05_BITACORA/comparacion_diplometrics_colt.txt); verificado con fuente propia. Fecha corregida a un unico dia (21-jun; COLT reportaba 20-21). Se agrega al mismo Journey J179 (Chequia 21-22/6 en la base ya cargada). NOTA IMPORTANTE PARA REVISION FUTURA: la investigacion de esta ronda determino que la secuencia real de la gira fue Espana(21/6)->Alemania(22-23/6)->Chequia(24/6), por lo que la fecha de Chequia YA CARGADA en la base (21-22/6) parece ESTAR MAL y deberia corregirse a 24/6 en una ronda de verificacion futura (no se modifico el archivo principal segun instrucciones de esta tarea).",NA,Verificada-URL,FALSE,FALSE,NA,FALSE,FALSE,TRUE,FALSE,FALSE,NA
ARG-JM-J179,423,Javier Milei,Argentina,Completed,2024-06-22,2024-06-23,2,Germany,Europe,Hamburg / Berlin,Bilateral,Working Visit,NA,Olaf Scholz / Sociedad Hayek,Otro actor no estatal,Recibio la Medalla de la Sociedad Hayek en Hamburgo (22/6); breve encuentro con el canciller Olaf Scholz en Berlin antes de partir a Chequia.,https://www.lanacion.com.ar/politica/javier-milei-recibio-en-alemania-un-reconocimiento-de-los-seguidores-de-su-inspirador-intelectual-nid22062024/,High,"Detectado via comparacion con Diplometrics COLT (2026-08-03, ver 05_BITACORA/comparacion_diplometrics_colt.txt); verificado con fuente propia. Fecha corregida a 22-23 jun (COLT reportaba 22-24); ceremonia en Hamburgo, no Berlin. Se agrega al mismo Journey J179.",NA,Verificada-URL,TRUE,FALSE,NA,TRUE,FALSE,FALSE,FALSE,FALSE,NA
ARG-JM-J181,424,Javier Milei,Argentina,Completed,2024-07-06,2024-07-07,2,Brazil,South America,Balneário Camboriú,Multilateral,Global Forum,NA,CPAC Brasil 2024 (Conferência de Ação Política Conservadora),NA,Cierra la CPAC Brasil junto a Bolsonaro; discurso contra gobiernos socialistas. Desisti de la Cumbre Mercosur de Asuncion (lo reemplazo la canciller Mondino).,https://www.pbs.org/newshour/world/argentine-president-milei-snubs-brazils-lula-and-heads-to-cpac-convention-alongside-bolsonaro,High,"CORREGIDO el 2026-07-08: el registro original (Asuncion/Paraguay, 15-16 jul, CPAC) era ERRONEO. Milei NO fue a Asuncion; su viaje real fue a la CPAC Brasil en Balneario Camboriu (SC) el 6-7 jul 2024. Fuentes: PBS, Exame, Jovem Pan, Poder360; Campos de micro-conducta (MetHostHOGS y afines) completados desde Diplometrics COLT, 2026-08-03.",Cooperación Política General,Verificada-URL,FALSE,FALSE,NA,TRUE,FALSE,FALSE,FALSE,FALSE,NA
ARG-JM-J912,425,Javier Milei,Argentina,Completed,2024-07-11,2024-07-14,4,United States,North America,Sun Valley,Bilateral,Working Visit,NA,Sun Valley Conference (Allen & Co),Otro actor no estatal,Participo de la Conferencia de Sun Valley (Allen & Co); reuniones con CEOs (incl. Ana Botin de Santander) sobre inversion extranjera directa en Argentina.,https://www.lanacion.com.ar/estados-unidos/negocios-golf-y-exceso-de-jets-privados-sun-valley-el-hermetico-campamento-de-verano-para-nid12072024/,High,"Detectado via comparacion con Diplometrics COLT (2026-08-03, ver 05_BITACORA/comparacion_diplometrics_colt.txt); verificado con fuente propia. Fecha corregida a 12-14 jul (COLT reportaba 11-14; llego el 12/7). Clasificacion Bilateral consistente con precedente ya cargado (Macri, Sun Valley, jul-2016, Journey ARG-MM-J124). CORREGIDO 2026-08-17 (verificacion COLT redo): Start_Date 2024-07-12->2024-07-11 segun Perfil, LA NACION, BAE Negocios (conferencia Allen & Co. Sun Valley).",NA,Verificada-URL,FALSE,FALSE,NA,TRUE,FALSE,FALSE,TRUE,FALSE,NA
ARG-JM-J913,426,Javier Milei,Argentina,Completed,2024-07-24,2024-07-27,4,France,Europe,Paris,Bilateral,Working Visit,NA,Emmanuel Macron / Apertura JJOO Paris 2024,Jefe de Estado/Gobierno,Reunion bilateral con Emmanuel Macron en el Elíseo (26/7); asistio a la ceremonia de apertura de los Juegos Olimpicos de Paris 2024 esa misma noche; reunion con empresarios en la embajada argentina.,https://www.infobae.com/politica/2024/07/26/tras-su-encuentro-con-macron-milei-asiste-a-la-ceremonia-de-apertura-de-los-juegos-olimpicos-a-orillas-del-sena/,High,"Detectado via comparacion con Diplometrics COLT (2026-08-03, ver 05_BITACORA/comparacion_diplometrics_colt.txt); verificado con fuente propia. Confirmado como parte del chequeo prioritario Milei-2024 (hueco jul-sep-2024). Fecha corregida a 25-27 jul (llegada 25/7, reunion y ceremonia 26/7). CORREGIDO 2026-08-17 (verificacion COLT redo): Start_Date 2024-07-25->2024-07-24 segun El Cronista, Filo News, Infobae (julio 2024).",NA,Verificada-URL,TRUE,FALSE,NA,FALSE,FALSE,TRUE,TRUE,FALSE,NA
ARG-JM-J914,427,Javier Milei,Argentina,Completed,2024-08-08,2024-08-08,1,Chile,South America,Las Condes,Bilateral,Working Visit,NA,GasAndes (empresa) - conmemoracion primer billon de pies cubicos de gas transportado,Otro actor no estatal,Discurso en la conmemoracion del primer billon de pies cubicos de gas natural transportado de Argentina a Chile via el gasoducto GasAndes.,https://cooperativa.cl/noticias/pais/relaciones-exteriores/argentina/definitivo-milei-no-se-reunira-con-boric-durante-visita-privada-en/2024-08-08/094341.html,Medium,"Detectado via comparacion con Diplometrics COLT (2026-08-03, ver 05_BITACORA/comparacion_diplometrics_colt.txt); verificado con fuente propia. Confirmado como parte del chequeo prioritario Milei-2024 (hueco jul-sep-2024). La Cancilleria chilena califico la visita como 'privada/no oficial' (sin reunion con Boric), pero Milei dio un discurso publicado como actividad oficial por Casa Rosada (https://www.casarosada.gob.ar/informacion/discursos/50604), por lo que se incluye como viaje oficial con contraparte no estatal.",NA,Verificada-URL,FALSE,FALSE,NA,TRUE,FALSE,TRUE,FALSE,FALSE,NA
ARG-JM-J182,428,Javier Milei,Argentina,Completed,2024-09-21,2024-09-24,4,United States,North America,New York,Multilateral,Global Forum,TRUE,79ª Asamblea General de la ONU,NA,Primer discurso ante la ONU; critico la Agenda 2030; voto argentino aislado. Reunion con Musk.,https://www.infobae.com/politica/2024/09/21/milei-aterrizo-en-new-york-para-hablar-en-la-onu-describir-su-programa-economico-en-wall-street-y-avanzar-en-las-conversaciones-con-musk/,Medium,"NOTA 2026-07-21: Infobae confirma que Milei aterrizo en Nueva York el sabado 21-set-2024 por la noche (vuelo especial); se corrige Start_Date de 22 a 21-set-2024. Discurso ante la 79 AGNU el 24-set confirmado por Casa Rosada; Campos de micro-conducta (MetHostHOGS y afines) completados desde Diplometrics COLT, 2026-08-03.",Cooperación Política General,Verificada-URL,FALSE,TRUE,Prime Minister Giorgia Meloni,TRUE,FALSE,FALSE,FALSE,TRUE,European Commission (EC) President Ursula von der Leyen
ARG-JM-J184,429,Javier Milei,Argentina,Completed,2024-11-14,2024-11-15,2,United States,North America,Palm Beach,Bilateral,Working Visit,NA,Donald Trump (Mar-a-Lago),Ex-mandatario/Opositor,Primer lider extranjero en visitar a Trump tras ganar la eleccion; gala de America First. Previo al G20.,https://www.batimes.com.ar/news/argentina/president-milei-praises-trump-at-mar-a-lago-event.phtml,Medium,"Campos de micro-conducta (MetHostHOGS y afines) completados desde Diplometrics COLT, 2026-08-03.",NA,Verificada-URL,FALSE,FALSE,NA,FALSE,FALSE,FALSE,FALSE,FALSE,NA
ARG-JM-J183,430,Javier Milei,Argentina,Completed,2024-11-17,2024-11-19,3,Brazil,South America,Rio de Janeiro,Multilateral,Global Forum,FALSE,Cumbre del G20 de Río de Janeiro,NA,Cumbre del G20; reservas argentinas a la declaracion final. Tension con Lula.,https://www.infobae.com/politica/2024/11/17/milei-llego-a-rio-de-janeiro-para-participar-en-el-g20-y-ratificar-sus-diferencias-ideologicas-con-lula-da-silva/,Medium,"NOTA 2026-07-21: Infobae y La Nacion (17-nov-2024) confirman que Milei aterrizo en Rio de Janeiro la tarde/noche del 17-nov, previo al inicio formal de la Cumbre (18-19 nov); se corrige Start_Date de 18 a 17-nov. Fuentes secundarias (Chequeado) resumen el viaje oficial como '18 y 19 de noviembre' (fechas de la cumbre en si); se prioriza el reporte periodistico puntual y fechado del dia de arribo; Campos de micro-conducta (MetHostHOGS y afines) completados desde Diplometrics COLT, 2026-08-03.",Cooperación Política General,Verificada-URL,FALSE,TRUE,General Secretary Xi Jinping,FALSE,FALSE,FALSE,FALSE,FALSE,NA
ARG-JM-J185,431,Javier Milei,Argentina,Completed,2024-12-06,2024-12-06,1,Uruguay,South America,Montevideo,Multilateral,Regional Summit,NA,Cumbre del MERCOSUR,NA,Cumbre del bloque; impulso al acuerdo Mercosur-UE y a mayor flexibilidad comercial.,https://www.casarosada.gob.ar/informacion/discursos/50811-palabras-del-presidente-de-la-nacion-javier-milei-en-la-lxv-cumbre-del-mercosur-en-montevideo-uruguay,High,"NOTA 2026-07-21: cobertura de prensa (El Chubut/Noticias Argentinas, 6-dic-2024) confirma que Milei arribo a Montevideo la manana del 6-dic-2024 (7:32 hs) y participo de la cumbre ese mismo dia; no hay evidencia de estadia previa el 5-dic. Se corrige Start_Date de 5 a 6-dic-2024 (viaje de un solo dia); Campos de micro-conducta (MetHostHOGS y afines) completados desde Diplometrics COLT, 2026-08-03.",Comercio/Integración Económica,Verificada-URL,TRUE,TRUE,President Santiago Pena,FALSE,TRUE,FALSE,FALSE,TRUE,European Commission (EC) President Ursula von der Leyen
ARG-JM-J915,432,Javier Milei,Argentina,Completed,2024-12-12,2024-12-14,3,Italy,Europe,Rome,Bilateral,Working Visit,NA,Giorgia Meloni / Premio Milton Friedman / Atreju 2024,Premio/Distinción/Honor académico,Recibio el Premio Internacional Milton Friedman 2024 (13/12) y se reunio con Meloni; discurso en el evento Atreju 2024 de Fratelli d'Italia (14/12); reuniones con Rio Tinto y Stellantis (John Elkann).,https://www.casarosada.gob.ar/slider-principal/50820-discurso-del-presidente-javier-milei-tras-recibir-el-premio-internacional-milton-friedman-en-roma,High,"Detectado via comparacion con Diplometrics COLT (2026-08-03, ver 05_BITACORA/comparacion_diplometrics_colt.txt); verificado con fuente propia. Fecha corregida a 12-14 dic (COLT reportaba 12-16; sin evidencia de actividad despues del 14/12).",NA,Verificada-URL,TRUE,FALSE,NA,TRUE,FALSE,TRUE,TRUE,FALSE,NA
ARG-JM-J186,433,Javier Milei,Argentina,Completed,2025-01-20,2025-01-21,2,United States,North America,Washington D.C.,Bilateral,Inauguration/Funeral,TRUE,Asunción de Donald Trump,Jefe de Estado/Gobierno,Invitado especial a la investidura de Trump; unico presidente latinoamericano en primera fila.,https://www.infobae.com/politica/2025/01/20/el-saludo-afectuoso-con-trump-y-el-intercambio-con-meloni-asi-vivio-milei-la-asuncion-del-presidente-de-estados-unidos/,High,"QA-R6 2026-07-26: DISCREPANCIA MENOR. La URL original apuntaba al listado generico de discursos de Casa Rosada (casarosada.gob.ar/informacion/discursos), no a una nota especifica. Se reemplaza por articulo especifico de Infobae (20-ene-2025) que confirma el hecho: Milei asistio a la asuncion de Trump en Washington, saludo afectuoso, coincidencia con Meloni y Bukele; Campos de micro-conducta (MetHostHOGS y afines) completados desde Diplometrics COLT, 2026-08-03.",NA,Verificada-URL,TRUE,FALSE,NA,TRUE,FALSE,TRUE,TRUE,FALSE,NA
ARG-JM-J187,434,Javier Milei,Argentina,Completed,2025-01-21,2025-01-24,4,Switzerland,Europe,Davos,Multilateral,Global Forum,NA,Foro Económico Mundial (WEF),NA,Segundo discurso en Davos; enlazo con la asuncion de Trump (misma gira).,https://www.casarosada.gob.ar/informacion/discursos/50848-discurso-del-presidente-de-la-nacion-javier-milei-desde-el-foro-de-davos-suiza,High,"Campos de micro-conducta (MetHostHOGS y afines) completados desde Diplometrics COLT, 2026-08-03. CORREGIDO 2026-08-17 (verificacion COLT redo): Start_Date 2025-01-22->2025-01-21; End_Date 2025-01-23->2025-01-24 segun Infobae (22/1/2025): ""Que es el Foro de Davos y a que hora dara su discurso Javier Milei"".",Comercio/Integración Económica,Verificada-URL,FALSE,FALSE,NA,TRUE,FALSE,FALSE,TRUE,FALSE,NA
ARG-JM-J188,435,Javier Milei,Argentina,Completed,2025-02-20,2025-02-22,3,United States,North America,Washington D.C.,Multilateral,Global Forum,NA,CPAC 2025,NA,Discurso en la CPAC; entrego una motosierra simbolica a Elon Musk (recorte del gasto).,https://www.casarosada.gob.ar/slider-principal/50868-discurso-del-presidente-javier-milei-en-el-cpac-de-washington-d-c-2025,High,"CPAC: foro ideologico partidario -> Multilateral/CPG (doctrina 2026-07-07); Campos de micro-conducta (MetHostHOGS y afines) completados desde Diplometrics COLT, 2026-08-03.",Cooperación Política General,Verificada-URL,TRUE,FALSE,NA,TRUE,FALSE,FALSE,TRUE,TRUE,International Monetary Fund (IMF) Managing Director Kristalina Georgieva;World Bank (IBRD) President Ajay Banga;Inter-American Development Bank (IDB) President Ilan Goldfajn
ARG-JM-J189,436,Javier Milei,Argentina,Completed,2025-04-03,2025-04-03,1,United States,North America,Palm Beach,Bilateral,Working Visit,NA,"Donald Trump (Mar-a-Lago, gala)",Jefe de Estado/Gobierno,Gala en Mar-a-Lago; busco excepcion a los aranceles de Trump y apoyo al acuerdo con el FMI.,https://www.infobae.com/politica/2025/04/02/javier-milei-viaja-esta-noche-a-eeuu-el-posible-encuentro-con-trump-en-el-tramo-final-de-la-negociacion-con-el-fmi/,Medium,"NOTA 2026-07-21 (CORRECCION MAYOR): Infobae (2-abr-2025) confirma que Milei partio de Ezeiza la noche del miercoles 2-abr-2025, aterrizo en Florida la manana del jueves 3-abr (gala 'American Patriots' en Mar-a-Lago, premio 'Leon de la Libertad') y regreso esa misma noche del 3-abr para retomar agenda en Buenos Aires el viernes 4-abr. Las fechas originales (7-8 abril) eran erroneas; se corrigen a 3-abr-2025 (viaje de un solo dia). | Counterpart_Type-QA 2026-07-27: viaje enmarcado como gala privada 'American Patriots' en Mar-a-Lago con entrega del premio 'Leon de la Libertad', pero el objetivo declarado es diplomatico (excepcion arancelaria, apoyo FMI) y Trump ya era jefe de Estado en funciones -- se mantiene default, revisar si el componente de premio amerita reclasificacion; Campos de micro-conducta (MetHostHOGS y afines) completados desde Diplometrics COLT, 2026-08-03.",NA,Verificada-URL,FALSE,FALSE,NA,TRUE,FALSE,FALSE,FALSE,FALSE,NA
ARG-JM-J916,437,Javier Milei,Argentina,Completed,2025-04-09,2025-04-09,1,Paraguay,South America,Asunción,Bilateral,Working Visit,NA,Santiago Peña,Jefe de Estado/Gobierno,Primera visita oficial a Paraguay; reunion bilateral con Santiago Peña en el Palacio de Lopez; conferencia de prensa conjunta.,https://www.infobae.com/america/agencias/2025/04/09/milei-llega-a-asuncion-para-reunirse-con-pena-en-su-primera-visita-oficial-a-paraguay/,High,"Detectado via comparacion con Diplometrics COLT (2026-08-03, ver 05_BITACORA/comparacion_diplometrics_colt.txt); verificado con fuente propia.",NA,Verificada-URL,TRUE,FALSE,NA,FALSE,FALSE,FALSE,FALSE,FALSE,NA
ARG-JM-J190,438,Javier Milei,Argentina,Completed,2025-04-25,2025-04-26,2,Vatican City,Europe,Vatican City,Multilateral,Inauguration/Funeral,NA,Funeral del Papa Francisco,NA,Exequias del Papa Francisco (fallecido 21/4/2025); Milei encabezo la delegacion argentina.,https://www.lanacion.com.ar/politica/la-despedida-de-milei-ante-el-feretro-el-pedido-de-perdon-y-un-almuerzo-con-meloni-nid26042025/,High,"QA-R6 2026-07-26: DISCREPANCIA MENOR (fecha). La Nacion (26-abr-2025) describe el viaje como de '25 horas' en Roma: el avion presidencial aterrizo la noche del viernes 25-abr (la capilla ardiente ya habia cerrado al llegar Milei) y la comitiva partio de regreso a las 20.30 hora de Roma del sabado 26-abr, tras el funeral. Se corrige Start_Date de 26 a 25-abr-2025 (extremos incluidos = 2 dias). Papa Francisco fallecio el 21/4/2025; Campos de micro-conducta (MetHostHOGS y afines) completados desde Diplometrics COLT, 2026-08-03.",Cooperación Política General,Verificada-URL,FALSE,TRUE,President Emmanuel Macron;President Donald Trump,FALSE,FALSE,TRUE,FALSE,FALSE,NA
ARG-JM-J190,439,Javier Milei,Argentina,Completed,2025-04-26,2025-04-26,1,Italy,Europe,Rome,Bilateral,Working Visit,NA,Giorgia Meloni,Jefe de Estado/Gobierno,"Almuerzo privado (casi 2 horas) con la premier Giorgia Meloni en el hotel Ambasciatori, sede de la delegacion argentina en Roma, el mismo dia del funeral del Papa Francisco.",https://www.lanacion.com.ar/politica/milei-se-abrazo-con-meloni-y-acordaron-un-almuerzo-privado-para-afianzar-su-alianza-nid26042025/,High,"Detectado via comparacion con Diplometrics COLT (2026-08-03, ver 05_BITACORA/comparacion_diplometrics_colt.txt); verificado con fuente propia. Fecha corregida a un unico dia (26-abr, no 26-27). Se agrega como tramo Italia adicional al Journey J190 (funeral del Papa Francisco en el Vaticano, 25-26/4, ya cargado), mismo dia.",NA,Verificada-URL,TRUE,FALSE,NA,FALSE,FALSE,TRUE,FALSE,FALSE,NA
ARG-JM-J192,440,Javier Milei,Argentina,Completed,2025-06-05,2025-06-06,2,Italy,Europe,Rome,Bilateral,Working Visit,NA,Giorgia Meloni,Jefe de Estado/Gobierno,Reunion con Meloni; supervisión de la firma del memorando de entendimiento entre YPF y ENI; ratificacion del Plan de Accion Italia-Argentina 2025-2030.,https://www.infobae.com/politica/2025/06/05/milei-viaja-a-roma-para-verse-con-leon-xiv-y-meloni-en-una-gira-que-incluye-reuniones-con-macron-y-netanyahu/,High,"Detectado via comparacion con Diplometrics COLT (2026-08-03, ver 05_BITACORA/comparacion_diplometrics_colt.txt); verificado con fuente propia. Primer tramo del Journey J192 (gira Italia-Vaticano-Espana-Francia-Israel de junio 2025; Vaticano 7/6 e Israel 9-12/6 ya cargados en la base).",NA,Verificada-URL,TRUE,FALSE,NA,FALSE,TRUE,FALSE,FALSE,FALSE,NA
ARG-JM-J192,441,Javier Milei,Argentina,Completed,2025-06-07,2025-06-07,1,Vatican City,Europe,Vatican City,Bilateral,Working Visit,NA,Papa León XIV,Jefe de Estado/Gobierno,Primera audiencia real de Milei con el papa León XIV en el Vaticano; el Pontífice confirmó que visitará Argentina. Tramo de la gira Europa-Israel jun-2025.,https://www.argentina.gob.ar/noticias/karina-milei-participo-de-la-reunion-entre-el-presidente-de-la-nacion-y-el-papa-leon-xiv,High,"Fila agregada en fase de completitud (2026-07-21). Comparte Journey_ID con el tramo Israel ya cargado (Trip 225, 11-12/6/2025), misma gira física (Roma-Francia-Israel-España, 5-14/6/2025 según prensa). Primer encuentro real con León XIV: la fila previa de 18-19/5/2025 fue eliminada por error, Milei no viajó esa vez (se quedó a votar en legislativas porteñas); Campos de micro-conducta (MetHostHOGS y afines) completados desde Diplometrics COLT, 2026-08-03.",NA,Verificada-URL,TRUE,FALSE,NA,FALSE,FALSE,FALSE,FALSE,FALSE,NA
ARG-JM-J192,442,Javier Milei,Argentina,Completed,2025-06-07,2025-06-08,2,Spain,Europe,Madrid,Bilateral,Working Visit,NA,Cierre del Madrid Economic Forum / Edmundo Gonzalez Urrutia / Santiago Abascal,Otro actor no estatal,Participo del cierre del Madrid Economic Forum y se reunio con empresarios; se reunio con el presidente electo venezolano en el exilio Edmundo Gonzalez Urrutia y con el lider opositor Santiago Abascal.,https://www.lanacion.com.ar/politica/gira-presidencial-javier-milei-llego-a-israel-y-enseguida-fue-a-rezar-al-muro-de-los-lamentos-nid09062025/,Medium,"Detectado via comparacion con Diplometrics COLT (2026-08-03, ver 05_BITACORA/comparacion_diplometrics_colt.txt); verificado con fuente propia. Tramo del Journey J192 (mismo dia que la audiencia con el Papa Leon XIV en el Vaticano, 7/6, ya cargada); fechas 7-8/6 aproximadas segun cronologia reconstruida por investigacion propia.",NA,Verificada-URL,FALSE,FALSE,NA,TRUE,FALSE,FALSE,TRUE,FALSE,NA
ARG-JM-J192,443,Javier Milei,Argentina,Completed,2025-06-09,2025-06-12,4,Israel,Middle East,Jerusalem,Bilateral,State Visit,NA,Benjamin Netanyahu / Isaac Herzog,Jefe de Estado/Gobierno,Segunda visita a Israel; primer presidente argentino en hablar ante la Knesset; recibio el Premio Genesis y firmo memorandum de cooperacion con Netanyahu; reafirmo mudanza de embajada a Jerusalen.,https://www.lanacion.com.ar/politica/javier-milei-confirmo-en-israel-que-mudara-la-embajada-argentina-de-tel-aviv-a-jerusalen-nid11062025/,High,"QA-R6 2026-07-26: DISCREPANCIA MENOR (fecha). La Nacion e Infobae (9 y 12-jun-2025) confirman que Milei arribo a Jerusalen la noche del lunes 9-jun-2025 (fue directo al Muro de los Lamentos) y cerro la gira el jueves 12-jun-2025 rezando nuevamente en el Muro junto a Netanyahu, tras recibir el Premio Genesis y firmar un memorandum bilateral. Se corrige Start_Date de 11 a 09-jun y End_Date de 12 (ya correcto) confirmando 4 dias totales (no 2); Campos de micro-conducta (MetHostHOGS y afines) completados desde Diplometrics COLT, 2026-08-03.",NA,Verificada-URL,TRUE,FALSE,NA,TRUE,FALSE,TRUE,FALSE,FALSE,NA
ARG-JM-J192,444,Javier Milei,Argentina,Completed,2025-06-09,2025-06-09,1,France,Europe,Nice,Multilateral,Global Forum,NA,Conferencia de los Oceanos de la ONU (UN Ocean Conference),NA,Asistio a la Conferencia de los Oceanos de la ONU en Niza; reunion breve con Emmanuel Macron sobre el acuerdo UE-Mercosur; mismo dia vuelo directo a Israel.,https://www.lanacion.com.ar/politica/gira-presidencial-javier-milei-llego-a-israel-y-enseguida-fue-a-rezar-al-muro-de-los-lamentos-nid09062025/,High,"Detectado via comparacion con Diplometrics COLT (2026-08-03, ver 05_BITACORA/comparacion_diplometrics_colt.txt); verificado con fuente propia. Tramo del Journey J192; el mismo 9/6 por la noche voló directo a Tel Aviv (Israel 9-12/6 ya cargado en la base), sin contradiccion de fechas.",Medio Ambiente/Clima,Verificada-URL,TRUE,FALSE,NA,FALSE,FALSE,FALSE,FALSE,TRUE,Antonio Costa (Presidente del Consejo Europeo)
ARG-JM-J192,445,Javier Milei,Argentina,Completed,2025-06-12,2025-06-14,3,Spain,Europe,Madrid,Bilateral,Working Visit,NA,"Empresarios: Hector Grisi Checa (Banco Santander), Fernando Abril-Martorell (Urbaser), Demetrio Carceller Arce (Damm/Disa)",Otro actor no estatal,"Reuniones con lideres empresariales en Madrid en el regreso desde Israel, coincidiendo con el ataque de Israel a Iran.",https://www.lanacion.com.ar/el-mundo/javier-milei-llego-a-espana-en-medio-del-ataque-de-israel-a-iran-y-encara-la-ultima-parada-de-su-nid13062025/,High,"Detectado via comparacion con Diplometrics COLT (2026-08-03, ver 05_BITACORA/comparacion_diplometrics_colt.txt); verificado con fuente propia. Ultimo tramo del Journey J192, tras Israel (9-12/6, ya cargado).",NA,Verificada-URL,FALSE,FALSE,NA,FALSE,FALSE,FALSE,TRUE,FALSE,NA
ARG-JM-J917,446,Javier Milei,Argentina,Completed,2025-09-03,2025-09-05,3,United States,North America,Los Angeles,Bilateral,Working Visit,NA,Empresarios / inversores hoteleros,Otro actor no estatal,Viajo a Los Angeles para reunirse con un grupo de ~80 empresarios e inversores hoteleros interesados en Argentina; cancelo la escala en Las Vegas por el escandalo de audios; regreso antes de las elecciones bonaerenses del 7/9.,https://www.infobae.com/politica/2025/09/02/milei-reprogramo-su-viaje-a-los-eeuu-no-ira-a-las-vegas-y-mudara-todas-sus-reuniones-con-empresarios-a-los-angeles/,High,"Detectado via comparacion con Diplometrics COLT (2026-08-03, ver 05_BITACORA/comparacion_diplometrics_colt.txt); verificado con fuente propia. Fecha corregida a 3-5 sep (COLT reportaba hasta el 6; regreso confirmado el 5/9 para estar en el pais antes de las elecciones bonaerenses).",NA,Verificada-URL,FALSE,FALSE,NA,FALSE,FALSE,FALSE,TRUE,FALSE,NA
ARG-JM-J918,447,Javier Milei,Argentina,Completed,2025-09-16,2025-09-17,2,Paraguay,South America,Asunción,Bilateral,Working Visit,NA,Santiago Peña,Jefe de Estado/Gobierno,Reuniones bilaterales con Santiago Peña; disertacion sobre 'Tecnologia y Crecimiento' ante el Foro de Empresarios Industriales de Paraguay; discurso ante el Congreso paraguayo.,https://www.infobae.com/politica/2025/09/17/javier-milei-hablo-en-el-congreso-de-paraguay-no-puedo-evitar-pensar-en-lo-que-mi-pais-puede-aprender-de-ustedes/,High,"Detectado via comparacion con Diplometrics COLT (2026-08-03, ver 05_BITACORA/comparacion_diplometrics_colt.txt); verificado con fuente propia.",NA,Verificada-URL,TRUE,FALSE,NA,TRUE,FALSE,FALSE,FALSE,FALSE,NA
ARG-JM-J193,448,Javier Milei,Argentina,Completed,2025-09-23,2025-09-24,2,United States,North America,New York,Multilateral,Global Forum,TRUE,80ª Asamblea General de la ONU,NA,Segundo discurso ante la ONU; agenda de libertad economica y criticas al multilateralismo.,https://www.casarosada.gob.ar/slider-principal/51081-discurso-del-presidente-de-la-nacion-javier-milei-en-la-80-sesion-de-la-asamblea-general-de-la-onu-nueva-york,High,"Fecha estimada; Campos de micro-conducta (MetHostHOGS y afines) completados desde Diplometrics COLT, 2026-08-03.",Cooperación Política General,Verificada-URL,TRUE,TRUE,Prime Minister Benjamin Netanyahu,TRUE,FALSE,TRUE,TRUE,TRUE,International Monetary Fund (IMF) Managing Director Kristalina Georgieva
ARG-JM-J900,449,Javier Milei,Argentina,Completed,2025-10-14,2025-10-14,1,United States,North America,Washington DC,Bilateral,Working Visit,NA,Donald Trump,Jefe de Estado/Gobierno,Visita a la Casa Blanca; bilateral y almuerzo con Trump; respaldo financiero y politico previo a las legislativas.,https://www.argentina.gob.ar/noticias/el-presidente-javier-milei-se-reunio-con-el-presidente-de-los-estados-unidos-donald-trump,High,"Campos de micro-conducta (MetHostHOGS y afines) completados desde Diplometrics COLT, 2026-08-03.",NA,Verificada-URL,TRUE,FALSE,NA,FALSE,FALSE,TRUE,FALSE,FALSE,NA
ARG-JM-J901,450,Javier Milei,Argentina,Completed,2025-11-05,2025-11-07,3,United States,North America,Miami / New York,Multilateral,Global Forum,FALSE,America Business Forum,NA,Diserto en el America Business Forum (Miami); reuniones con inversores del Council of the Americas.,https://www.infobae.com/estados-unidos/2025/11/06/en-vivo-de-serena-williams-a-jeff-bezos-y-javier-milei-todos-los-protagonistas-de-la-segunda-jornada-del-american-business-forum/,High,"No coincidio con Trump pese a versiones previas; incluyo gala CPAC en Mar-a-Lago; Campos de micro-conducta (MetHostHOGS y afines) completados desde Diplometrics COLT, 2026-08-03.",Comercio/Integración Económica,Verificada-URL,FALSE,FALSE,NA,TRUE,FALSE,TRUE,TRUE,FALSE,NA
ARG-JM-J902,451,Javier Milei,Argentina,Completed,2025-11-08,2025-11-08,1,Bolivia,South America,La Paz,Multilateral,Inauguration/Funeral,TRUE,Asunción de Rodrigo Paz Pereira,NA,Asuncion de Rodrigo Paz; reunion informal e intercambio de regalos con el nuevo presidente boliviano.,https://www.argentina.gob.ar/noticias/el-presidente-milei-participo-de-la-asuncion-del-mandatario-electo-de-bolivia-rodrigo-paz,High,"Viajo directo desde EEUU; Campos de micro-conducta (MetHostHOGS y afines) completados desde Diplometrics COLT, 2026-08-03.",Cooperación Política General,Verificada-URL,TRUE,FALSE,NA,FALSE,FALSE,TRUE,FALSE,FALSE,NA
ARG-JM-J919,452,Javier Milei,Argentina,Completed,2025-12-09,2025-12-11,3,Norway,Europe,Oslo,Bilateral,Working Visit,NA,Ceremonia del Premio Nobel de la Paz de Maria Corina Machado,Otro actor no estatal,Viajo a Oslo para asistir a la ceremonia de entrega del Premio Nobel de la Paz a la dirigente opositora venezolana Maria Corina Machado (recibido por su hija Ana Corina Sosa).,https://www.lanacion.com.ar/politica/javier-milei-lucio-un-mameluco-de-ypf-en-su-llegada-a-noruega-nid09122025/,High,"Detectado via comparacion con Diplometrics COLT (2026-08-03, ver 05_BITACORA/comparacion_diplometrics_colt.txt); verificado con fuente propia. Fecha corregida a 9-11 dic (COLT reportaba 9-10; regreso confirmado el 11/12).",NA,Verificada-URL,FALSE,FALSE,NA,FALSE,FALSE,TRUE,FALSE,FALSE,NA
ARG-JM-J903,453,Javier Milei,Argentina,Completed,2025-12-20,2025-12-20,1,Brazil,South America,Foz de Iguazú,Multilateral,Regional Summit,FALSE,LXVII Cumbre del MERCOSUR,NA,"Cumbre del MERCOSUR; pidio flexibilizacion del bloque; frio saludo con Lula, sin bilateral programada.",https://www.argentina.gob.ar/noticias/javier-milei-emplazo-al-mercosur-definir-si-va-luchar-por-el-cambio-que-nuestros-paises,High,"Sin almuerzo ni bilaterales del lado argentino; Campos de micro-conducta (MetHostHOGS y afines) completados desde Diplometrics COLT, 2026-08-03.",Comercio/Integración Económica,Verificada-URL,FALSE,FALSE,NA,TRUE,FALSE,FALSE,FALSE,FALSE,NA
ARG-JM-J904,454,Javier Milei,Argentina,Completed,2026-01-17,2026-01-18,2,Paraguay,South America,Asunción,Multilateral,Regional Summit,NA,Firma del acuerdo MERCOSUR-UE,NA,Testigo de honor en la firma del acuerdo MERCOSUR-Union Europea; respaldo a Pena; anuncio envio al Congreso.,https://www.casarosada.gob.ar/informacion/discursos/51152-discurso-del-presidente-javier-milei-durante-la-ceremonia-de-firma-del-acuerdo-entre-el-mercosur-y-la-union-europea,High,Partio luego a Davos (viaje ya cargado).,Comercio/Integración Económica,Verificada-URL,NA,NA,NA,NA,NA,NA,NA,NA,NA
ARG-JM-J194,455,Javier Milei,Argentina,Completed,2026-01-20,2026-01-22,3,Switzerland,Europe,Davos,Multilateral,Global Forum,NA,Foro Económico Mundial (WEF),NA,Tercer discurso consecutivo en Davos.,https://www.weforum.org/stories/2026/01/davos-2026-special-address-by-javier-milei-president-of-argentina/,High,"QA-R6 2026-07-26: DISCREPANCIA MENOR (fecha). Cobertura de prensa (LA NACION 13-ene-2026 y otras, agenda confirmada) indica que Milei arribo a Suiza el martes 20-ene a las 15:30 y permanecio hasta el jueves 22-ene por la noche (aterrizaje de regreso en Argentina la madrugada del viernes 23-ene); el propio discurso especial en Davos (fuente weforum.org) se dio el 22-ene-2026. Se corrige End_Date de 21 a 22-ene-2026 (3 dias en Suiza, no 2).",Comercio/Integración Económica,Verificada-URL,NA,NA,NA,NA,NA,NA,NA,NA,NA
ARG-JM-J905,456,Javier Milei,Argentina,Completed,2026-02-18,2026-02-19,2,United States,North America,Washington DC,Multilateral,Global Forum,NA,Junta de la Paz (Board of Peace),NA,Primera sesion de la Junta de la Paz de Trump; ofrecio los Cascos Blancos para la reconstruccion de Gaza.,https://www.infobae.com/politica/2026/02/19/durante-la-primera-sesion-de-la-junta-de-paz-javier-milei-ofrecio-los-cascos-blancos-para-la-reconstruccion-de-gaza/,High,14º viaje a EEUU del mandato.,Seguridad,Verificada-URL,NA,NA,NA,NA,NA,NA,NA,NA,NA
ARG-JM-J906,457,Javier Milei,Argentina,Completed,2026-03-07,2026-03-10,4,United States,North America,Miami / New York,Multilateral,Global Forum,TRUE,Cumbre Escudo de las Américas / Argentina Week,NA,Cumbre Escudo de las Americas (Doral) con almuerzo de trabajo de Trump; inauguro Argentina Week en NY.,https://www.state.gov/translations/spanish/estados-unidos-sera-anfitrion-de-la-cumbre-escudo-de-las-americas,High,Arribo a Doral el 6-mar por la noche; 16º viaje a EEUU.,Seguridad,Verificada-URL,NA,NA,NA,NA,NA,NA,NA,NA,NA
ARG-JM-J907,458,Javier Milei,Argentina,Completed,2026-03-11,2026-03-11,1,Chile,South America,Valparaíso,Multilateral,Inauguration/Funeral,FALSE,Asunción de José Antonio Kast,NA,Asuncion de Kast; la bilateral prevista en Cerro Castillo se suspendio a ultimo momento.,https://www.ambito.com/politica/javier-milei-participa-la-asuncion-jose-antonio-kast-chile-n6254788,High,Bilateral con Kast cancelada por demoras.,Cooperación Política General,Verificada-URL,NA,NA,NA,NA,NA,NA,NA,NA,NA
ARG-JM-J908,459,Javier Milei,Argentina,Completed,2026-03-13,2026-03-15,3,Spain,Europe,Madrid,Multilateral,Global Forum,NA,Madrid Economic Forum 2026,NA,Discurso de cierre del Madrid Economic Forum 2026 ante empresarios e inversores; recibió el premio Ludwig von Mises; encuentros con Abascal y Díaz Ayuso.,https://www.argentina.gob.ar/noticias/el-presidente-milei-diserto-en-el-madrid-economic-forum-2026,High,"CORREGIDO 2026-07-21 (fase de completitud, control ex-post de la BRECHA-CRITICA ene-mar 2026): la fila original tenía fecha estimada única 16-mar-2026 con fuente previa al evento (Infobae 9-mar-2026, FUENTE-DEBIL, Source_Reliability Medium). Confirmado ex-post con fuente oficial (argentina.gob.ar, publicado 14-mar-2026): el discurso de cierre fue el sábado 14-mar-2026. Prensa (Ambito, Minuto Neuquén, Diario de Cuyo) confirma llegada a Madrid el viernes 13-mar y regreso el domingo 15-mar-2026. Se corrigen fechas de 16-mar a 13/15-mar-2026 (Duration 1->3) y se reemplaza la fuente por la oficial.",Comercio/Integración Económica,Verificada-URL,NA,NA,NA,NA,NA,NA,NA,NA,NA
ARG-JM-J909,460,Javier Milei,Argentina,Completed,2026-03-20,2026-03-21,2,Hungary,Europe,Budapest,Bilateral,State Visit,NA,Presidente Tamás Sulyok / Primer Ministro Viktor Orbán,Jefe de Estado/Gobierno,Primera visita de Estado argentina a Hungría; bilaterales con Sulyok y Orbán; discurso de cierre en la CPAC Hungría; doctorado honoris causa de la Universidad Ludovika.,https://www.argentina.gob.ar/noticias/el-presidente-javier-milei-se-reunio-con-el-presidente-de-hungria-tamas-sulyok,High,"Fila agregada en fase de completitud (2026-07-21). Candidato detectado en investigación complementaria de la BRECHA-CRITICA ene-mar 2026 (PENDIENTES_VERIFICACION solo mencionaba 'España-Hungría mar-2026' sin fuente). Confirmado por fuente oficial (argentina.gob.ar): primera visita de Estado de un presidente argentino a Hungría, 20-21/3/2026 (llegada a Budapest la noche del 20/3, actividad oficial y regreso el 21/3; escala técnica de reabastecimiento en Gran Canaria no contabilizada, regla 5.1). Incluye discurso de cierre en la CPAC Hungría el mismo día (evento secundario); clasificado Bilateral/State Visit siguiendo la propia caracterización oficial argentina ('histórica visita de Estado').",NA,Verificada-URL,NA,NA,NA,NA,NA,NA,NA,NA,NA
ARG-JM-J195,461,Javier Milei,Argentina,Completed,2026-04-19,2026-04-21,3,Israel,Middle East,Jerusalem,Bilateral,State Visit,TRUE,Benjamin Netanyahu / Isaac Herzog,Jefe de Estado/Gobierno,Tercera visita a Israel; firma de los Acuerdos de Isaac; vuelos directos El Al; Medalla Presidencial del Honor; ratifica traslado de embajada.,https://www.argentina.gob.ar/noticias/el-presidente-javier-milei-mantuvo-una-reunion-con-el-primer-ministro-del-estado-de-israel,High,Encendio antorcha en ceremonia de Yom Haatzmaut. Duracion 19-21/4 extremos incluidos.,NA,Verificada-URL,NA,NA,NA,NA,NA,NA,NA,NA,NA
ARG-JM-J196,462,Javier Milei,Argentina,Completed,2026-05-06,2026-05-07,2,United States,North America,Los Angeles,Multilateral,Global Forum,NA,29ª Conferencia Global del Instituto Milken,NA,Disertacion ante lideres de finanzas y tecnologia; busqueda de inversiones; cuarto viaje a EEUU en 2026.,https://www.infobae.com/politica/2026/05/01/javier-milei-vuelve-a-viajar-a-estados-unidos-participara-de-la-conferencia-global-del-instituto-milken/,High,"Foro empresarial-financiero: tema Comercio (analogo a Davos, doctrina 5.7).",Comercio/Integración Económica,Verificada-URL,NA,NA,NA,NA,NA,NA,NA,NA,NA
ARG-JM-J197,463,Javier Milei,Argentina,Completed,2026-06-25,2026-06-27,3,Spain,Europe,Madrid,Bilateral,Working Visit,NA,Clase magistral en Universidad CEU San Pablo / empresarios,Otro actor no estatal,"Sexta visita a Espania; charla y reuniones con empresarios (Santander, BBVA, Telefonica, Iberia); sin agenda institucional con autoridades.",https://www.infobae.com/politica/2026/06/24/javier-milei-inicia-el-primero-de-tres-viajes-internacionales-e-ira-a-espana-a-dar-una-charla-y-mantener-reuniones-con-empresarios/,High,Sin encuentros institucionales oficiales.,NA,Verificada-URL,NA,NA,NA,NA,NA,NA,NA,NA,NA
ARG-JM-J198,464,Javier Milei,Argentina,Canceled,2026-06-30,NA,NA,Paraguay,South America,Asunción,Multilateral,Regional Summit,NA,LXVIII Cumbre del MERCOSUR,NA,"Participar de la Cumbre del MERCOSUR; cancelado por priorizar agenda interna tras crisis de gabinete (salida de Adorni, jura de Santilli).",https://www.infobae.com/politica/2026/07/01/finalmente-javier-milei-no-viajara-a-estados-unidos-por-el-dia-de-la-independencia/,Medium,Argentina representada por el canciller Quirno.,Comercio/Integración Económica,Verificada-URL,NA,NA,NA,NA,NA,NA,NA,NA,NA
ARG-JM-J199,465,Javier Milei,Argentina,Canceled,2026-07-04,NA,NA,United States,North America,New York,Bilateral,Working Visit,NA,Festejos del 250° aniversario de la Independencia de EEUU (Donald Trump),Jefe de Estado/Gobierno,Participar de los actos del 4 de julio junto a Trump; cancelado por agenda interna y actos del 9 de julio en Tucuman.,https://www.losandes.com.ar/politica/javier-milei-no-viajara-estados-unidos-los-festejos-del-4-julio-organizados-trump-n5996962,Medium,Anunciado el 29/5 (Casa Rosada) y cancelado el 1/7; versiones oficiales contradictorias (FUENTE-DEBIL en pendientes).,NA,Verificada-URL,NA,NA,NA,NA,NA,NA,NA,NA,NA
ARG-AF-J156,466,Alberto Fernández,Argentina,Completed,2021-05-13,2021-05-13,1,Vatican City,Europe,Vatican City,Bilateral,Working Visit,TRUE,Papa Francisco,Jefe de Estado/Gobierno,"Audiencia privada con el Papa Francisco en el Palacio Apostolico, en el marco de la gira europea (mismo dia que el almuerzo con Mattarella y la reunion con Draghi en Roma, Trip_ID 369).",https://www.diariodecuyo.com.ar/noticias/alberto-fernandez-se-reune-con-el-primer-ministro-de-italia-mario-draghi-137905.html,Medium,"Fila agregada 2026-08-17 durante REDO de verificacion COLT: COLT registra la audiencia con el Papa como una fila separada (3670-ARG-VAT-44329, Holy See) de la fila de Italia (3670-ARG-ITA-44329), replicando el mismo patron ya usado en el tramo Vaticano/Italia de enero 2020 (Trip_ID 357/358) de este mismo presidente. Se agrega esta fila para mantener consistencia estructural con ese precedente; comparte Journey_ID con Trip 369 (Italia, mismo dia).",NA,Verificada-URL,FALSE,FALSE,NA,FALSE,FALSE,TRUE,FALSE,FALSE,NA
