"TripID","TripStartDate","Periodo5","CountryVisited","presidente_origen","ideology_origen","Mandato_asignado_inicio","Mandato_asignado_fin","ideology_destino","presidente_destino","bloque_origen","bloque_destino","misma_ideologia"
"334-ARG-BRA-34684",1994-12-16,1990,"Brazil","Carlos Saul Menem1",6.09999990463257,1992-12-29,1995-01-01,4.44000005722046,"Itamar Augusto Cautiero Franco","Derecha","Centro",FALSE
"334-ARG-BRA-34701",1995-01-02,1995,"Brazil","Carlos Saul Menem1",6.09999990463257,1995-01-01,1999-01-01,4.78000020980835,"Fernando Henrique Cardoso1","Derecha","Centro",FALSE
"334-ARG-BRA-34750",1995-02-20,1995,"Brazil","Carlos Saul Menem1",6.09999990463257,1995-01-01,1999-01-01,4.78000020980835,"Fernando Henrique Cardoso1","Derecha","Centro",FALSE
"334-ARG-PER-34908",1995-07-28,1995,"Peru","Carlos Saul Menem2",6.30000019073486,1995-07-28,2000-07-28,5.44000005722046,"Alberto Kenya Fujimori Fujimori2","Derecha","Derecha",TRUE
"334-ARG-ECU-34946",1995-09-04,1995,"Ecuador","Carlos Saul Menem2",6.30000019073486,1992-08-10,1996-08-10,6.5,"Sixto Alfonso Duran Ballen Cordovez","Derecha","Derecha",TRUE
"334-ARG-URY-35040",1995-12-07,1995,"Uruguay","Carlos Saul Menem2",6.30000019073486,1995-03-01,2000-03-01,4.82000017166138,"Julio Maria Sanguinetti Coirolo2","Derecha","Centro",FALSE
"334-ARG-CHL-35382",1996-11-13,1995,"Chile","Carlos Saul Menem2",6.30000019073486,1994-03-11,2000-03-11,4.1399998664856,"Eduardo Frei Ruiz-Tagle","Derecha","Centro",FALSE
"334-ARG-BRA-35547",1997-04-27,1995,"Brazil","Carlos Saul Menem2",6.30000019073486,1995-01-01,1999-01-01,4.78000020980835,"Fernando Henrique Cardoso1","Derecha","Centro",FALSE
"334-ARG-PRY-35665",1997-08-23,1995,"Paraguay","Carlos Saul Menem2",6.30000019073486,1993-08-15,1998-08-15,5.75,"Juan Carlos Maria Wasmosy Monti","Derecha","Derecha",TRUE
"334-ARG-VEN-35742",1997-11-08,1995,"Venezuela","Carlos Saul Menem2",6.30000019073486,1994-02-02,1999-02-02,4.13000011444092,"Rafael Antonio Caldera Rodriguez","Derecha","Centro",FALSE
"334-ARG-BRA-35745",1997-11-11,1995,"Brazil","Carlos Saul Menem2",6.30000019073486,1995-01-01,1999-01-01,4.78000020980835,"Fernando Henrique Cardoso1","Derecha","Centro",FALSE
"334-ARG-URY-35779",1997-12-15,1995,"Uruguay","Carlos Saul Menem2",6.30000019073486,1995-03-01,2000-03-01,4.82000017166138,"Julio Maria Sanguinetti Coirolo2","Derecha","Centro",FALSE
"334-ARG-CHL-35903",1998-04-18,1995,"Chile","Carlos Saul Menem2",6.30000019073486,1994-03-11,2000-03-11,4.1399998664856,"Eduardo Frei Ruiz-Tagle","Derecha","Centro",FALSE
"334-ARG-BRA-36094",1998-10-26,1995,"Brazil","Carlos Saul Menem2",6.30000019073486,1995-01-01,1999-01-01,4.78000020980835,"Fernando Henrique Cardoso1","Derecha","Centro",FALSE
"334-ARG-BRA-36164",1999-01-04,1995,"Brazil","Carlos Saul Menem2",6.30000019073486,1999-01-01,2003-01-01,4.78000020980835,"Fernando Henrique Cardoso2","Derecha","Centro",FALSE
"334-ARG-VEN-36193",1999-02-02,1995,"Venezuela","Carlos Saul Menem2",6.30000019073486,1999-02-02,2000-08-19,2.13000011444092,"Hugo Chavez1","Derecha","Izquierda",FALSE
"334-ARG-BRA-36203",1999-02-12,1995,"Brazil","Carlos Saul Menem2",6.30000019073486,1999-01-01,2003-01-01,4.78000020980835,"Fernando Henrique Cardoso2","Derecha","Centro",FALSE
"334-ARG-BRA-36213",1999-02-22,1995,"Brazil","Carlos Saul Menem2",6.30000019073486,1999-01-01,2003-01-01,4.78000020980835,"Fernando Henrique Cardoso2","Derecha","Centro",FALSE
"334-ARG-CHL-36287",1999-05-07,1995,"Chile","Carlos Saul Menem2",6.30000019073486,1994-03-11,2000-03-11,4.1399998664856,"Eduardo Frei Ruiz-Tagle","Derecha","Centro",FALSE
"334-ARG-PRY-36325",1999-06-14,1995,"Paraguay","Carlos Saul Menem2",6.30000019073486,1999-03-28,2003-08-15,5.75,"Luis Angel Gonzalez Macchi","Derecha","Derecha",TRUE
"334-ARG-BRA-36339",1999-06-28,1995,"Brazil","Carlos Saul Menem2",6.30000019073486,1999-01-01,2003-01-01,4.78000020980835,"Fernando Henrique Cardoso2","Derecha","Centro",FALSE
"334-ARG-CHL-36392",1999-08-20,1995,"Chile","Carlos Saul Menem2",6.30000019073486,1994-03-11,2000-03-11,4.1399998664856,"Eduardo Frei Ruiz-Tagle","Derecha","Centro",FALSE
"334-ARG-COL-36430",1999-09-27,1995,"Colombia","Carlos Saul Menem2",6.30000019073486,1998-08-07,2002-08-07,6,"Andres Pastrana Arango","Derecha","Derecha",TRUE
"334-ARG-BRA-36454",1999-10-21,1995,"Brazil","Carlos Saul Menem2",6.30000019073486,1999-01-01,2003-01-01,4.78000020980835,"Fernando Henrique Cardoso2","Derecha","Centro",FALSE
"1473-ARG-CHL-36595",2000-03-10,2000,"Chile","Fernando de la Rua",5.90000009536743,1994-03-11,2000-03-11,4.1399998664856,"Eduardo Frei Ruiz-Tagle","Derecha","Centro",FALSE
"1473-ARG-CHL-36597",2000-03-12,2000,"Chile","Fernando de la Rua",5.90000009536743,2000-03-11,2006-03-11,3.5699999332428,"Ricardo Froilin Lagos Escobar","Derecha","Centro",FALSE
"1473-ARG-PRY-36661",2000-05-15,2000,"Paraguay","Fernando de la Rua",5.90000009536743,1999-03-28,2003-08-15,5.75,"Luis Angel Gonzalez Macchi","Derecha","Derecha",TRUE
"1473-ARG-COL-36692",2000-06-15,2000,"Colombia","Fernando de la Rua",5.90000009536743,1998-08-07,2002-08-07,6,"Andres Pastrana Arango","Derecha","Derecha",TRUE
"1473-ARG-URY-36719",2000-07-12,2000,"Uruguay","Fernando de la Rua",5.90000009536743,2000-03-01,2005-03-01,5.44999980926514,"Jorge Luis Batlle Ibanez","Derecha","Derecha",TRUE
"1473-ARG-BRA-36770",2000-08-31,2000,"Brazil","Fernando de la Rua",5.90000009536743,1999-01-01,2003-01-01,4.78000020980835,"Fernando Henrique Cardoso2","Derecha","Centro",FALSE
"1473-ARG-CHL-36816",2000-10-17,2000,"Chile","Fernando de la Rua",5.90000009536743,2000-03-11,2006-03-11,3.5699999332428,"Ricardo Froilin Lagos Escobar","Derecha","Centro",FALSE
"1473-ARG-BOL-36835",2000-11-05,2000,"Bolivia","Fernando de la Rua",5.90000009536743,1997-08-06,2001-08-06,6.5,"Hugo Banzer Suarez","Derecha","Derecha",TRUE
"1473-ARG-CHL-36969",2001-03-19,2000,"Chile","Fernando de la Rua",5.90000009536743,2000-03-11,2006-03-11,3.5699999332428,"Ricardo Froilin Lagos Escobar","Derecha","Centro",FALSE
"1473-ARG-PRY-37064",2001-06-22,2000,"Paraguay","Fernando de la Rua",5.90000009536743,1999-03-28,2003-08-15,5.75,"Luis Angel Gonzalez Macchi","Derecha","Derecha",TRUE
"1473-ARG-BRA-37103",2001-07-31,2000,"Brazil","Fernando de la Rua",5.90000009536743,1999-01-01,2003-01-01,4.78000020980835,"Fernando Henrique Cardoso2","Derecha","Centro",FALSE
"1473-ARG-BRA-37104",2001-08-01,2000,"Brazil","Fernando de la Rua",5.90000009536743,1999-01-01,2003-01-01,4.78000020980835,"Fernando Henrique Cardoso2","Derecha","Centro",FALSE
"1473-ARG-BRA-37172",2001-10-08,2000,"Brazil","Fernando de la Rua",5.90000009536743,1999-01-01,2003-01-01,4.78000020980835,"Fernando Henrique Cardoso2","Derecha","Centro",FALSE
"1473-ARG-PER-37217",2001-11-23,2000,"Peru","Fernando de la Rua",5.90000009536743,2001-07-28,2006-07-28,4.67000007629395,"Alejandro Celestino Toledo Manrique","Derecha","Centro",FALSE
"1689-ARG-ECU-37463",2002-07-26,2000,"Ecuador","Eduardo Alberto Duhalde",4.59999990463257,2000-01-22,2003-01-15,6.32999992370605,"Gustavo Jose Joaquin Noboa Bejarano","Centro","Derecha",FALSE
"1689-ARG-BRA-37524",2002-09-26,2000,"Brazil","Eduardo Alberto Duhalde",4.59999990463257,1999-01-01,2003-01-01,4.78000020980835,"Fernando Henrique Cardoso2","Centro","Centro",TRUE
"1689-ARG-CHL-37558",2002-10-29,2000,"Chile","Eduardo Alberto Duhalde",4.59999990463257,2000-03-11,2006-03-11,3.5699999332428,"Ricardo Froilin Lagos Escobar","Centro","Centro",TRUE
"1689-ARG-BRA-37596",2002-12-05,2000,"Brazil","Eduardo Alberto Duhalde",4.59999990463257,1999-01-01,2003-01-01,4.78000020980835,"Fernando Henrique Cardoso2","Centro","Centro",TRUE
"1689-ARG-BRA-37622",2003-01-01,2000,"Brazil","Eduardo Alberto Duhalde",4.59999990463257,2003-01-01,2007-01-01,2.44000005722046,"Luiz Inacio Lula da Silva1","Centro","Izquierda",FALSE
"1689-ARG-BRA-37635",2003-01-14,2000,"Brazil","Eduardo Alberto Duhalde",4.59999990463257,2003-01-01,2007-01-01,2.44000005722046,"Luiz Inacio Lula da Silva1","Centro","Izquierda",FALSE
"1689-ARG-CHL-37734",2003-04-23,2000,"Chile","Eduardo Alberto Duhalde",4.59999990463257,2000-03-11,2006-03-11,3.5699999332428,"Ricardo Froilin Lagos Escobar","Centro","Centro",TRUE
"1689-ARG-URY-37755",2003-05-14,2000,"Uruguay","Eduardo Alberto Duhalde",4.59999990463257,2000-03-01,2005-03-01,5.44999980926514,"Jorge Luis Batlle Ibanez","Centro","Derecha",FALSE
"1826-ARG-BRA-37786",2003-06-11,2000,"Brazil","Nestor Carlos Kirchner",2.79999995231628,2003-01-01,2007-01-01,2.44000005722046,"Luiz Inacio Lula da Silva1","Izquierda","Izquierda",TRUE
"1826-ARG-PRY-37790",2003-06-18,2000,"Paraguay","Nestor Carlos Kirchner",2.79999995231628,1999-03-28,2003-08-15,5.75,"Luis Angel Gonzalez Macchi","Izquierda","Derecha",FALSE
"1826-ARG-VEN-37807",2003-07-05,2000,"Venezuela","Nestor Carlos Kirchner",2.79999995231628,2000-08-19,2007-01-10,1.62999999523163,"Hugo Chavez2","Izquierda","Izquierda",TRUE
"1826-ARG-BOL-37939",2003-11-14,2000,"Bolivia","Nestor Carlos Kirchner",2.79999995231628,2003-10-17,2005-06-09,4.5,"Carlos Diego Mesa Gisbert","Izquierda","Centro",FALSE
"1826-ARG-URY-37969",2003-12-14,2000,"Uruguay","Nestor Carlos Kirchner",2.79999995231628,2000-03-01,2005-03-01,5.44999980926514,"Jorge Luis Batlle Ibanez","Izquierda","Derecha",FALSE
"1826-ARG-VEN-38044",2004-02-27,2000,"Venezuela","Nestor Carlos Kirchner",2.79999995231628,2000-08-19,2007-01-10,1.62999999523163,"Hugo Chavez2","Izquierda","Izquierda",TRUE
"1826-ARG-CHL-38058",2004-03-12,2000,"Chile","Nestor Carlos Kirchner",2.79999995231628,2000-03-11,2006-03-11,3.5699999332428,"Ricardo Froilin Lagos Escobar","Izquierda","Centro",FALSE
"1826-ARG-BRA-38062",2004-03-16,2000,"Brazil","Nestor Carlos Kirchner",2.79999995231628,2003-01-01,2007-01-01,2.44000005722046,"Luiz Inacio Lula da Silva1","Izquierda","Izquierda",TRUE
"1826-ARG-BOL-38190",2004-07-22,2000,"Bolivia","Nestor Carlos Kirchner",2.79999995231628,2003-10-17,2005-06-09,4.5,"Carlos Diego Mesa Gisbert","Izquierda","Centro",FALSE
"1826-ARG-VEN-38192",2004-07-24,2000,"Venezuela","Nestor Carlos Kirchner",2.79999995231628,2000-08-19,2007-01-10,1.62999999523163,"Hugo Chavez2","Izquierda","Izquierda",TRUE
"1826-ARG-BOL-38274",2004-10-14,2000,"Bolivia","Nestor Carlos Kirchner",2.79999995231628,2003-10-17,2005-06-09,4.5,"Carlos Diego Mesa Gisbert","Izquierda","Centro",FALSE
"1826-ARG-BRA-38338",2004-12-17,2000,"Brazil","Nestor Carlos Kirchner",2.79999995231628,2003-01-01,2007-01-01,2.44000005722046,"Luiz Inacio Lula da Silva1","Izquierda","Izquierda",TRUE
"1826-ARG-URY-38412",2005-03-01,2005,"Uruguay","Nestor Carlos Kirchner",2.79999995231628,2005-03-01,2010-03-01,3,"Tabare Ramon Vazquez Rosas","Izquierda","Centro",FALSE
"1826-ARG-CHL-38425",2005-03-14,2005,"Chile","Nestor Carlos Kirchner",2.79999995231628,2000-03-11,2006-03-11,3.5699999332428,"Ricardo Froilin Lagos Escobar","Izquierda","Centro",FALSE
"1826-ARG-URY-38444",2005-04-02,2005,"Uruguay","Nestor Carlos Kirchner",2.79999995231628,2005-03-01,2010-03-01,3,"Tabare Ramon Vazquez Rosas","Izquierda","Centro",FALSE
"1826-ARG-BRA-38481",2005-05-09,2005,"Brazil","Nestor Carlos Kirchner",2.79999995231628,2003-01-01,2007-01-01,2.44000005722046,"Luiz Inacio Lula da Silva1","Izquierda","Izquierda",TRUE
"1826-ARG-CHL-38513",2005-06-10,2005,"Chile","Nestor Carlos Kirchner",2.79999995231628,2000-03-11,2006-03-11,3.5699999332428,"Ricardo Froilin Lagos Escobar","Izquierda","Centro",FALSE
"1826-ARG-PRY-38522",2005-06-19,2005,"Paraguay","Nestor Carlos Kirchner",2.79999995231628,2003-08-15,2008-08-15,3.79999995231628,"Oscar Nicanor Duarte Frutos","Izquierda","Centro",FALSE
"1826-ARG-BRA-38624",2005-09-29,2005,"Brazil","Nestor Carlos Kirchner",2.79999995231628,2003-01-01,2007-01-01,2.44000005722046,"Luiz Inacio Lula da Silva1","Izquierda","Izquierda",TRUE
"1826-ARG-VEN-38677",2005-11-21,2005,"Venezuela","Nestor Carlos Kirchner",2.79999995231628,2000-08-19,2007-01-10,1.62999999523163,"Hugo Chavez2","Izquierda","Izquierda",TRUE
"1826-ARG-URY-38695",2005-12-09,2005,"Uruguay","Nestor Carlos Kirchner",2.79999995231628,2005-03-01,2010-03-01,3,"Tabare Ramon Vazquez Rosas","Izquierda","Centro",FALSE
"1826-ARG-BRA-38735",2006-01-18,2005,"Brazil","Nestor Carlos Kirchner",2.79999995231628,2003-01-01,2007-01-01,2.44000005722046,"Luiz Inacio Lula da Silva1","Izquierda","Izquierda",TRUE
"1826-ARG-BOL-38739",2006-01-22,2005,"Bolivia","Nestor Carlos Kirchner",2.79999995231628,2006-01-22,2010-01-22,2.20000004768372,"Juan Evo Morales Ayma1","Izquierda","Izquierda",TRUE
"1826-ARG-CHL-38786",2006-03-10,2005,"Chile","Nestor Carlos Kirchner",2.79999995231628,2000-03-11,2006-03-11,3.5699999332428,"Ricardo Froilin Lagos Escobar","Izquierda","Centro",FALSE
"1826-ARG-URY-38812",2006-04-05,2005,"Uruguay","Nestor Carlos Kirchner",2.79999995231628,2005-03-01,2010-03-01,3,"Tabare Ramon Vazquez Rosas","Izquierda","Centro",FALSE
"1826-ARG-BRA-38832",2006-04-25,2005,"Brazil","Nestor Carlos Kirchner",2.79999995231628,2003-01-01,2007-01-01,2.44000005722046,"Luiz Inacio Lula da Silva1","Izquierda","Izquierda",TRUE
"1826-ARG-VEN-38902",2006-07-04,2005,"Venezuela","Nestor Carlos Kirchner",2.79999995231628,2000-08-19,2007-01-10,1.62999999523163,"Hugo Chavez2","Izquierda","Izquierda",TRUE
"1826-ARG-PRY-38915",2006-07-17,2005,"Paraguay","Nestor Carlos Kirchner",2.79999995231628,2003-08-15,2008-08-15,3.79999995231628,"Oscar Nicanor Duarte Frutos","Izquierda","Centro",FALSE
"1826-ARG-BOL-39009",2006-10-19,2005,"Bolivia","Nestor Carlos Kirchner",2.79999995231628,2006-01-22,2010-01-22,2.20000004768372,"Juan Evo Morales Ayma1","Izquierda","Izquierda",TRUE
"1826-ARG-URY-39025",2006-11-04,2005,"Uruguay","Nestor Carlos Kirchner",2.79999995231628,2005-03-01,2010-03-01,3,"Tabare Ramon Vazquez Rosas","Izquierda","Centro",FALSE
"1826-ARG-BRA-39101",2007-01-19,2005,"Brazil","Nestor Carlos Kirchner",2.79999995231628,2007-01-01,2011-01-01,2.55999994277954,"Luiz Inacio Lula da Silva2","Izquierda","Izquierda",TRUE
"1826-ARG-VEN-39133",2007-02-20,2005,"Venezuela","Nestor Carlos Kirchner",2.79999995231628,2007-01-10,2013-03-05,1.25,"Hugo Chavez3","Izquierda","Izquierda",TRUE
"1826-ARG-VEN-39188",2007-04-16,2005,"Venezuela","Nestor Carlos Kirchner",2.79999995231628,2007-01-10,2013-03-05,1.25,"Hugo Chavez3","Izquierda","Izquierda",TRUE
"1826-ARG-PRY-39260",2007-06-28,2005,"Paraguay","Nestor Carlos Kirchner",2.79999995231628,2003-08-15,2008-08-15,3.79999995231628,"Oscar Nicanor Duarte Frutos","Izquierda","Centro",FALSE
"1826-ARG-BOL-39302",2007-08-08,2005,"Bolivia","Nestor Carlos Kirchner",2.79999995231628,2006-01-22,2010-01-22,2.20000004768372,"Juan Evo Morales Ayma1","Izquierda","Izquierda",TRUE
"1826-ARG-CHL-39394",2007-11-08,2005,"Chile","Nestor Carlos Kirchner",2.79999995231628,2006-03-11,2010-03-11,2.85999989509583,"Veronica Michelle Bachelet Jeria","Izquierda","Izquierda",TRUE
"2320-ARG-URY-39433",2007-12-17,2005,"Uruguay","Cristina Fernandez1",2.5,2005-03-01,2010-03-01,3,"Tabare Ramon Vazquez Rosas","Izquierda","Centro",FALSE
"2320-ARG-VEN-39513",2008-03-06,2005,"Venezuela","Cristina Fernandez1",2.5,2007-01-10,2013-03-05,1.25,"Hugo Chavez3","Izquierda","Izquierda",TRUE
"2320-ARG-ECU-39558",2008-04-20,2005,"Ecuador","Cristina Fernandez1",2.5,2007-01-15,2009-08-10,1.83000004291534,"Rafael Vicente Correa Delgado1","Izquierda","Izquierda",TRUE
"2320-ARG-PER-39584",2008-05-16,2005,"Peru","Cristina Fernandez1",2.5,2006-07-28,2011-07-28,5.67000007629395,"Alan Gabriel Ludwig Garcia Perez2","Izquierda","Derecha",FALSE
"2320-ARG-BRA-39591",2008-05-23,2005,"Brazil","Cristina Fernandez1",2.5,2007-01-01,2011-01-01,2.55999994277954,"Luiz Inacio Lula da Silva2","Izquierda","Izquierda",TRUE
"2320-ARG-PRY-39674",2008-08-14,2005,"Paraguay","Cristina Fernandez1",2.5,2003-08-15,2008-08-15,3.79999995231628,"Oscar Nicanor Duarte Frutos","Izquierda","Centro",FALSE
"2320-ARG-BRA-39697",2008-09-06,2005,"Brazil","Cristina Fernandez1",2.5,2007-01-01,2011-01-01,2.55999994277954,"Luiz Inacio Lula da Silva2","Izquierda","Izquierda",TRUE
"2320-ARG-CHL-39706",2008-09-15,2005,"Chile","Cristina Fernandez1",2.5,2006-03-11,2010-03-11,2.85999989509583,"Veronica Michelle Bachelet Jeria","Izquierda","Izquierda",TRUE
"2320-ARG-CHL-39786",2008-12-04,2005,"Chile","Cristina Fernandez1",2.5,2006-03-11,2010-03-11,2.85999989509583,"Veronica Michelle Bachelet Jeria","Izquierda","Izquierda",TRUE
"2320-ARG-BRA-39798",2008-12-16,2005,"Brazil","Cristina Fernandez1",2.5,2007-01-01,2011-01-01,2.55999994277954,"Luiz Inacio Lula da Silva2","Izquierda","Izquierda",TRUE
"2320-ARG-VEN-39835",2009-01-22,2005,"Venezuela","Cristina Fernandez1",2.5,2007-01-10,2013-03-05,1.25,"Hugo Chavez3","Izquierda","Izquierda",TRUE
"2320-ARG-BRA-39892",2009-03-19,2005,"Brazil","Cristina Fernandez1",2.5,2007-01-01,2011-01-01,2.55999994277954,"Luiz Inacio Lula da Silva2","Izquierda","Izquierda",TRUE
"2320-ARG-CHL-39899",2009-03-27,2005,"Chile","Cristina Fernandez1",2.5,2006-03-11,2010-03-11,2.85999989509583,"Veronica Michelle Bachelet Jeria","Izquierda","Izquierda",TRUE
"2320-ARG-VEN-39923",2009-04-20,2005,"Venezuela","Cristina Fernandez1",2.5,2007-01-10,2013-03-05,1.25,"Hugo Chavez3","Izquierda","Izquierda",TRUE
"2320-ARG-PRY-40017",2009-07-23,2005,"Paraguay","Cristina Fernandez1",2.5,2008-08-15,2012-06-22,2.59999990463257,"Fernando Armindo Lugo Mendez","Izquierda","Izquierda",TRUE
"2320-ARG-ECU-40034",2009-08-09,2005,"Ecuador","Cristina Fernandez1",2.5,2007-01-15,2009-08-10,1.83000004291534,"Rafael Vicente Correa Delgado1","Izquierda","Izquierda",TRUE
"2320-ARG-VEN-40036",2009-08-11,2005,"Venezuela","Cristina Fernandez1",2.5,2007-01-10,2013-03-05,1.25,"Hugo Chavez3","Izquierda","Izquierda",TRUE
"2320-ARG-VEN-40082",2009-09-26,2005,"Venezuela","Cristina Fernandez1",2.5,2007-01-10,2013-03-05,1.25,"Hugo Chavez3","Izquierda","Izquierda",TRUE
"2320-ARG-CHL-40115",2009-10-29,2005,"Chile","Cristina Fernandez1",2.5,2006-03-11,2010-03-11,2.85999989509583,"Veronica Michelle Bachelet Jeria","Izquierda","Izquierda",TRUE
"2320-ARG-BRA-40133",2009-11-16,2005,"Brazil","Cristina Fernandez1",2.5,2007-01-01,2011-01-01,2.55999994277954,"Luiz Inacio Lula da Silva2","Izquierda","Izquierda",TRUE
"2320-ARG-URY-40156",2009-12-09,2005,"Uruguay","Cristina Fernandez1",2.5,2005-03-01,2010-03-01,3,"Tabare Ramon Vazquez Rosas","Izquierda","Centro",FALSE
"2320-ARG-URY-40238",2010-03-01,2010,"Uruguay","Cristina Fernandez1",2.5,2010-03-01,2015-03-01,2.5,"Jose Alberto Mujica Cordano","Izquierda","Izquierda",TRUE
"2320-ARG-CHL-40258",2010-03-11,2010,"Chile","Cristina Fernandez1",2.5,2010-03-11,2014-03-11,5.69999980926514,"Sebastian Pinera","Izquierda","Derecha",FALSE
"2320-ARG-PER-40259",2010-03-22,2010,"Peru","Cristina Fernandez1",2.5,2006-07-28,2011-07-28,5.67000007629395,"Alan Gabriel Ludwig Garcia Perez2","Izquierda","Derecha",FALSE
"2320-ARG-BOL-40263",2010-03-26,2010,"Bolivia","Cristina Fernandez1",2.5,2010-01-22,2015-01-22,2.90000009536743,"Juan Evo Morales Ayma2","Izquierda","Izquierda",TRUE
"2320-ARG-VEN-40287",2010-04-18,2010,"Venezuela","Cristina Fernandez1",2.5,2007-01-10,2013-03-05,1.25,"Hugo Chavez3","Izquierda","Izquierda",TRUE
"2320-ARG-BRA-40325",2010-05-27,2010,"Brazil","Cristina Fernandez1",2.5,2007-01-01,2011-01-01,2.55999994277954,"Luiz Inacio Lula da Silva2","Izquierda","Izquierda",TRUE
"2320-ARG-URY-40331",2010-06-02,2010,"Uruguay","Cristina Fernandez1",2.5,2010-03-01,2015-03-01,2.5,"Jose Alberto Mujica Cordano","Izquierda","Izquierda",TRUE
"2320-ARG-BRA-40529",2010-12-17,2010,"Brazil","Cristina Fernandez1",2.5,2007-01-01,2011-01-01,2.55999994277954,"Luiz Inacio Lula da Silva2","Izquierda","Izquierda",TRUE
"2320-ARG-PER-40752",2011-07-28,2010,"Peru","Cristina Fernandez1",2.5,2011-07-28,2016-07-28,4.55999994277954,"Ollanta Moises Humala Tasso","Izquierda","Centro",FALSE
"2320-ARG-BRA-40753",2011-07-29,2010,"Brazil","Cristina Fernandez1",2.5,2011-01-01,2015-01-01,3,"Dilma Rousseff","Izquierda","Centro",FALSE
"2320-ARG-URY-40784",2011-08-29,2010,"Uruguay","Cristina Fernandez1",2.5,2010-03-01,2015-03-01,2.5,"Jose Alberto Mujica Cordano","Izquierda","Izquierda",TRUE
"2320-ARG-VEN-40878",2011-12-02,2010,"Venezuela","Cristina Fernandez1",2.5,2007-01-10,2013-03-05,1.25,"Hugo Chavez3","Izquierda","Izquierda",TRUE
"2320-ARG-URY-40897",2011-12-20,2010,"Uruguay","Cristina Fernandez2",1.89999997615814,2010-03-01,2015-03-01,2.5,"Jose Alberto Mujica Cordano","Izquierda","Izquierda",TRUE
"2320-ARG-COL-41013",2012-04-14,2010,"Colombia","Cristina Fernandez2",1.89999997615814,2010-08-07,2014-08-07,4.57000017166138,"Juan Manuel Santos Calderon","Izquierda","Centro",FALSE
"2320-ARG-BOL-41107",2012-07-17,2010,"Bolivia","Cristina Fernandez2",1.89999997615814,2010-01-22,2015-01-22,2.90000009536743,"Juan Evo Morales Ayma2","Izquierda","Izquierda",TRUE
"2320-ARG-BRA-41121",2012-07-31,2010,"Brazil","Cristina Fernandez2",1.89999997615814,2011-01-01,2015-01-01,3,"Dilma Rousseff","Izquierda","Centro",FALSE
"2320-ARG-PER-41183",2012-10-01,2010,"Peru","Cristina Fernandez2",1.89999997615814,2011-07-28,2016-07-28,4.55999994277954,"Ollanta Moises Humala Tasso","Izquierda","Centro",FALSE
"2320-ARG-BRA-41250",2012-12-06,2010,"Brazil","Cristina Fernandez2",1.89999997615814,2011-01-01,2015-01-01,3,"Dilma Rousseff","Izquierda","Centro",FALSE
"2320-ARG-CHL-41301",2013-01-26,2010,"Chile","Cristina Fernandez2",1.89999997615814,2010-03-11,2014-03-11,5.69999980926514,"Sebastian Pinera","Izquierda","Derecha",FALSE
"2320-ARG-PER-41382",2013-04-18,2010,"Peru","Cristina Fernandez2",1.89999997615814,2011-07-28,2016-07-28,4.55999994277954,"Ollanta Moises Humala Tasso","Izquierda","Centro",FALSE
"2320-ARG-VEN-41383",2013-04-19,2010,"Venezuela","Cristina Fernandez2",1.89999997615814,2013-04-19,2019-01-10,1.37999999523163,"Nicolas Maduro Moros","Izquierda","Izquierda",TRUE
"2320-ARG-BOL-41459",2013-07-04,2010,"Bolivia","Cristina Fernandez2",1.89999997615814,2010-01-22,2015-01-22,2.90000009536743,"Juan Evo Morales Ayma2","Izquierda","Izquierda",TRUE
"2320-ARG-URY-41466",2013-07-11,2010,"Uruguay","Cristina Fernandez2",1.89999997615814,2010-03-01,2015-03-01,2.5,"Jose Alberto Mujica Cordano","Izquierda","Izquierda",TRUE
"2320-ARG-COL-41473",2013-07-18,2010,"Colombia","Cristina Fernandez2",1.89999997615814,2010-08-07,2014-08-07,4.57000017166138,"Juan Manuel Santos Calderon","Izquierda","Centro",FALSE
"2320-ARG-BRA-41483",2013-07-28,2010,"Brazil","Cristina Fernandez2",1.89999997615814,2011-01-01,2015-01-01,3,"Dilma Rousseff","Izquierda","Centro",FALSE
"2320-ARG-URY-41513",2013-08-27,2010,"Uruguay","Cristina Fernandez2",1.89999997615814,2010-03-01,2015-03-01,2.5,"Jose Alberto Mujica Cordano","Izquierda","Izquierda",TRUE
"2320-ARG-CHL-41708",2014-03-10,2010,"Chile","Cristina Fernandez2",1.89999997615814,2010-03-11,2014-03-11,5.69999980926514,"Sebastian Pinera","Izquierda","Derecha",FALSE
"2320-ARG-BRA-41836",2014-07-15,2010,"Brazil","Cristina Fernandez2",1.89999997615814,2011-01-01,2015-01-01,3,"Dilma Rousseff","Izquierda","Centro",FALSE
"2320-ARG-VEN-41849",2014-07-29,2010,"Venezuela","Cristina Fernandez2",1.89999997615814,2013-04-19,2019-01-10,1.37999999523163,"Nicolas Maduro Moros","Izquierda","Izquierda",TRUE
"2320-ARG-PRY-41864",2014-08-13,2010,"Paraguay","Cristina Fernandez2",1.89999997615814,2013-08-15,2018-08-15,5.59999990463257,"Horacio Manuel Cartes Jara","Izquierda","Derecha",FALSE
"2320-ARG-ECU-41977",2014-12-04,2010,"Ecuador","Cristina Fernandez2",1.89999997615814,2013-05-24,2017-05-24,3.5,"Rafael Vicente Correa Delgado3","Izquierda","Centro",FALSE
"2320-ARG-PRY-42197",2015-07-12,2015,"Paraguay","Cristina Fernandez2",1.89999997615814,2013-08-15,2018-08-15,5.59999990463257,"Horacio Manuel Cartes Jara","Izquierda","Derecha",FALSE
"2320-ARG-BRA-42202",2015-07-17,2015,"Brazil","Cristina Fernandez2",1.89999997615814,2015-01-01,2016-08-31,2.6,"Dilma Rousseff2","Izquierda","Izquierda",TRUE
"3169-ARG-PRY-42359",2015-12-21,2015,"Paraguay","Mauricio Macri",6.3,2013-08-15,2018-08-15,5.59999990463257,"Horacio Manuel Cartes Jara","Derecha","Derecha",TRUE
"3169-ARG-URY-42376",2016-01-07,2015,"Uruguay","Mauricio Macri",6.3,2015-03-01,2020-03-01,2.83,"Tabaré Vázquez","Derecha","Izquierda",FALSE
"3169-ARG-COL-42535",2016-06-17,2015,"Colombia","Mauricio Macri",6.3,2014-08-07,2018-08-07,5,"Juan Manuel Santos Calderon2","Derecha","Derecha",TRUE
"3169-ARG-CHL-42551",2016-06-30,2015,"Chile","Mauricio Macri",6.3,2014-03-11,2018-03-11,2.9,"Michelle Bachelet","Derecha","Izquierda",FALSE
"3169-ARG-PER-42579",2016-07-28,2015,"Peru","Mauricio Macri",6.3,2016-07-28,2018-03-23,6.4,"Pedro Pablo Kuczynski","Derecha","Derecha",TRUE
"3169-ARG-BRA-42586",2016-08-04,2015,"Brazil","Mauricio Macri",6.3,2015-01-01,2016-08-31,2.6,"Dilma Rousseff2","Derecha","Izquierda",FALSE
"3169-ARG-COL-42640",2016-09-27,2015,"Colombia","Mauricio Macri",6.3,2014-08-07,2018-08-07,5,"Juan Manuel Santos Calderon2","Derecha","Derecha",TRUE
"3169-ARG-BRA-42773",2017-02-07,2015,"Brazil","Mauricio Macri",6.3,2016-08-31,2019-01-01,5.1,"Michel Temmer","Derecha","Derecha",TRUE
"3169-ARG-PRY-42810",2017-03-16,2015,"Paraguay","Mauricio Macri",6.3,2013-08-15,2018-08-15,5.59999990463257,"Horacio Manuel Cartes Jara","Derecha","Derecha",TRUE
"3169-ARG-CHL-42913",2017-06-27,2015,"Chile","Mauricio Macri",6.3,2014-03-11,2018-03-11,2.9,"Michelle Bachelet","Derecha","Izquierda",FALSE
"3169-ARG-CHL-43170",2018-03-11,2015,"Chile","Mauricio Macri",6.3,2018-03-11,2022-03-11,5.81,"Sebastián Piñera2","Derecha","Derecha",TRUE
"3169-ARG-PER-43203",2018-04-13,2015,"Peru","Mauricio Macri",6.3,2018-03-23,2020-11-09,4.5,"Martín Vizcarra","Derecha","Centro",FALSE
"3169-ARG-COL-43319",2018-08-07,2015,"Colombia","Mauricio Macri",6.3,2018-08-07,2022-08-07,6,"Iván Duque Márquez","Derecha","Derecha",TRUE
"3169-ARG-BRA-43481",2019-01-16,2015,"Brazil","Mauricio Macri",6.3,2019-01-01,2023-01-01,6.6,"Jair Messias Bolsonaro","Derecha","Derecha",TRUE
"3169-ARG-URY-43509",2019-02-13,2015,"Uruguay","Mauricio Macri",6.3,2015-03-01,2020-03-01,2.83,"Tabaré Vázquez","Derecha","Izquierda",FALSE
"3169-ARG-CHL-43546",2019-03-22,2015,"Chile","Mauricio Macri",6.3,2018-03-11,2022-03-11,5.81,"Sebastián Piñera2","Derecha","Derecha",TRUE
"3169-ARG-BRA-43803",2019-12-05,2015,"Brazil","Mauricio Macri",6.3,2019-01-01,2023-01-01,6.6,"Jair Messias Bolsonaro","Derecha","Derecha",TRUE
"3670-ARG-BOL-44144",2020-11-09,2020,"Bolivia","Alberto Fernandez",3,2020-11-08,2025-11-08,5,"Luis Arce","Centro","Derecha",FALSE
"3670-ARG-URY-44154",2020-11-19,2020,"Uruguay","Alberto Fernandez",3,2020-03-01,2025-03-01,5.83,"Luis Alberto Lacalle Pou","Centro","Derecha",FALSE
"3670-ARG-CHL-44222",2021-01-26,2020,"Chile","Alberto Fernandez",3,2018-03-11,2022-03-11,5.81,"Sebastián Piñera2","Centro","Derecha",FALSE
"3670-ARG-PRY-44711",2022-05-30,2020,"Paraguay","Alberto Fernandez",3,2018-08-15,2023-08-15,6.6,"Mario Abdo Beníte","Centro","Derecha",FALSE
"3670-ARG-PRY-44763",2022-07-21,2020,"Paraguay","Alberto Fernandez",3,2018-08-15,2023-08-15,6.6,"Mario Abdo Beníte","Centro","Derecha",FALSE
"3670-ARG-COL-44779",2022-08-06,2020,"Colombia","Alberto Fernandez",3,2018-08-07,2022-08-07,6,"Iván Duque Márquez","Centro","Derecha",FALSE
"3670-ARG-BRA-44865",2022-10-31,2020,"Brazil","Alberto Fernandez",3,2019-01-01,2023-01-01,6.6,"Jair Messias Bolsonaro","Centro","Derecha",FALSE
"3670-ARG-URY-44901",2022-12-06,2020,"Uruguay","Alberto Fernandez",3,2020-03-01,2025-03-01,5.83,"Luis Alberto Lacalle Pou","Centro","Derecha",FALSE
"3670-ARG-ARG-44979",2023-02-22,2020,"Argentina","Alberto Fernandez",3,2019-12-10,2023-12-10,3,"Alberto Fernandez","Centro","Centro",TRUE
"3670-ARG-BOL-45078",2023-06-01,2020,"Bolivia","Alberto Fernandez",3,2020-11-08,2025-11-08,5,"Luis Arce","Centro","Derecha",FALSE
"3670-ARG-PRY-45152",2023-08-14,2020,"Paraguay","Alberto Fernandez",3,2018-08-15,2023-08-15,6.6,"Mario Abdo Beníte","Centro","Derecha",FALSE
"3670-ARG-URY-45226",2023-10-27,2020,"Uruguay","Alberto Fernandez",3,2020-03-01,2025-03-01,5.83,"Luis Alberto Lacalle Pou","Centro","Derecha",FALSE
"840-BOL-ARG-34410",1994-03-17,1990,"Argentina","Gonzalo Sanchez de Lozada",5.90000009536743,1989-07-08,1995-07-08,6.09999990463257,"Carlos Saul Menem1","Derecha","Derecha",TRUE
"840-BOL-ARG-34988",1995-10-16,1995,"Argentina","Gonzalo Sanchez de Lozada",5.90000009536743,1995-07-08,1999-12-10,6.30000019073486,"Carlos Saul Menem2","Derecha","Derecha",TRUE
"1245-BOL-ARG-36443",1999-12-09,1995,"Argentina","Hugo Banzer Suarez",6.5,1995-07-08,1999-12-10,6.30000019073486,"Carlos Saul Menem2","Derecha","Derecha",TRUE
"1871-BOL-ARG-38098",2004-04-21,2000,"Argentina","Carlos Diego Mesa Gisbert",4.5,2003-05-25,2007-12-10,2.79999995231628,"Nestor Carlos Kirchner","Centro","Izquierda",FALSE
"1871-BOL-ARG-38175",2004-07-07,2000,"Argentina","Carlos Diego Mesa Gisbert",4.5,2003-05-25,2007-12-10,2.79999995231628,"Nestor Carlos Kirchner","Centro","Izquierda",FALSE
"2117-BOL-ARG-38841",2006-05-04,2005,"Argentina","Juan Evo Morales Ayma1",2.20000004768372,2003-05-25,2007-12-10,2.79999995231628,"Nestor Carlos Kirchner","Izquierda","Izquierda",TRUE
"2117-BOL-ARG-38897",2006-06-29,2005,"Argentina","Juan Evo Morales Ayma1",2.20000004768372,2003-05-25,2007-12-10,2.79999995231628,"Nestor Carlos Kirchner","Izquierda","Izquierda",TRUE
"2117-BOL-ARG-38918",2006-07-20,2005,"Argentina","Juan Evo Morales Ayma1",2.20000004768372,2003-05-25,2007-12-10,2.79999995231628,"Nestor Carlos Kirchner","Izquierda","Izquierda",TRUE
"2117-BOL-ARG-39425",2007-12-09,2005,"Argentina","Juan Evo Morales Ayma1",2.20000004768372,2003-05-25,2007-12-10,2.79999995231628,"Nestor Carlos Kirchner","Izquierda","Izquierda",TRUE
"2117-BOL-ARG-39472",2008-01-25,2005,"Argentina","Juan Evo Morales Ayma1",2.20000004768372,2007-12-10,2011-12-10,2.5,"Cristina Fernandez1","Izquierda","Izquierda",TRUE
"2117-BOL-ARG-39501",2008-02-23,2005,"Argentina","Juan Evo Morales Ayma1",2.20000004768372,2007-12-10,2011-12-10,2.5,"Cristina Fernandez1","Izquierda","Izquierda",TRUE
"2117-BOL-ARG-39629",2008-06-30,2005,"Argentina","Juan Evo Morales Ayma1",2.20000004768372,2007-12-10,2011-12-10,2.5,"Cristina Fernandez1","Izquierda","Izquierda",TRUE
"2117-BOL-ARG-39929",2009-04-26,2005,"Argentina","Juan Evo Morales Ayma1",2.20000004768372,2007-12-10,2011-12-10,2.5,"Cristina Fernandez1","Izquierda","Izquierda",TRUE
"2117-BOL-ARG-40052",2009-08-27,2005,"Argentina","Juan Evo Morales Ayma1",2.20000004768372,2007-12-10,2011-12-10,2.5,"Cristina Fernandez1","Izquierda","Izquierda",TRUE
"2117-BOL-ARG-40302",2010-05-04,2010,"Argentina","Juan Evo Morales Ayma2",2.90000009536743,2007-12-10,2011-12-10,2.5,"Cristina Fernandez1","Izquierda","Izquierda",TRUE
"2117-BOL-ARG-40323",2010-05-25,2010,"Argentina","Juan Evo Morales Ayma2",2.90000009536743,2007-12-10,2011-12-10,2.5,"Cristina Fernandez1","Izquierda","Izquierda",TRUE
"2117-BOL-ARG-40392",2010-08-02,2010,"Argentina","Juan Evo Morales Ayma2",2.90000009536743,2007-12-10,2011-12-10,2.5,"Cristina Fernandez1","Izquierda","Izquierda",TRUE
"2117-BOL-ARG-40451",2010-09-30,2010,"Argentina","Juan Evo Morales Ayma2",2.90000009536743,2007-12-10,2011-12-10,2.5,"Cristina Fernandez1","Izquierda","Izquierda",TRUE
"2117-BOL-ARG-40724",2011-06-30,2010,"Argentina","Juan Evo Morales Ayma2",2.90000009536743,2007-12-10,2011-12-10,2.5,"Cristina Fernandez1","Izquierda","Izquierda",TRUE
"2117-BOL-ARG-40887",2011-12-10,2010,"Argentina","Juan Evo Morales Ayma2",2.90000009536743,2011-12-10,2015-12-10,1.89999997615814,"Cristina Fernandez2","Izquierda","Izquierda",TRUE
"2117-BOL-ARG-41088",2012-06-28,2010,"Argentina","Juan Evo Morales Ayma2",2.90000009536743,2011-12-10,2015-12-10,1.89999997615814,"Cristina Fernandez2","Izquierda","Izquierda",TRUE
"2117-BOL-ARG-41562",2013-10-15,2010,"Argentina","Juan Evo Morales Ayma2",2.90000009536743,2011-12-10,2015-12-10,1.89999997615814,"Cristina Fernandez2","Izquierda","Izquierda",TRUE
"2117-BOL-ARG-41989",2014-12-16,2010,"Argentina","Juan Evo Morales Ayma2",2.90000009536743,2011-12-10,2015-12-10,1.89999997615814,"Cristina Fernandez2","Izquierda","Izquierda",TRUE
"2117-BOL-ARG-42200",2015-07-15,2015,"Argentina","Juan Evo Morales Ayma3",4,2011-12-10,2015-12-10,1.89999997615814,"Cristina Fernandez2","Centro","Izquierda",FALSE
"2117-BOL-ARG-42264",2015-09-17,2015,"Argentina","Juan Evo Morales Ayma3",4,2011-12-10,2015-12-10,1.89999997615814,"Cristina Fernandez2","Centro","Izquierda",FALSE
"2117-BOL-ARG-42936",2017-07-20,2015,"Argentina","Juan Evo Morales Ayma3",4,2015-12-10,2019-12-10,6.3,"Mauricio Macri","Centro","Derecha",FALSE
"2117-BOL-ARG-43393",2018-10-20,2015,"Argentina","Juan Evo Morales Ayma3",4,2015-12-10,2019-12-10,6.3,"Mauricio Macri","Centro","Derecha",FALSE
"2117-BOL-ARG-43576",2019-04-21,2015,"Argentina","Juan Evo Morales Ayma3",4,2015-12-10,2019-12-10,6.3,"Mauricio Macri","Centro","Derecha",FALSE
"2117-BOL-ARG-43663",2019-07-17,2015,"Argentina","Juan Evo Morales Ayma3",4,2015-12-10,2019-12-10,6.3,"Mauricio Macri","Centro","Derecha",FALSE
"3766-BOL-ARG-44658",2022-04-07,2020,"Argentina","Luis Arce",5,2019-12-10,2023-12-10,3,"Alberto Fernandez","Derecha","Centro",FALSE
"3766-BOL-ARG-44949",2023-01-23,2020,"Argentina","Luis Arce",5,2019-12-10,2023-12-10,3,"Alberto Fernandez","Derecha","Centro",FALSE
"3766-BOL-ARG-45111",2023-07-04,2020,"Argentina","Luis Arce",5,2019-12-10,2023-12-10,3,"Alberto Fernandez","Derecha","Centro",FALSE
"840-BOL-BRA-34562",1994-08-16,1990,"Brazil","Gonzalo Sanchez de Lozada",5.90000009536743,1992-12-29,1995-01-01,4.44000005722046,"Itamar Augusto Cautiero Franco","Derecha","Centro",FALSE
"840-BOL-BRA-34586",1994-09-09,1990,"Brazil","Gonzalo Sanchez de Lozada",5.90000009536743,1992-12-29,1995-01-01,4.44000005722046,"Itamar Augusto Cautiero Franco","Derecha","Centro",FALSE
"840-BOL-BRA-34700",1995-01-01,1995,"Brazil","Gonzalo Sanchez de Lozada",5.90000009536743,1995-01-01,1999-01-01,4.78000020980835,"Fernando Henrique Cardoso1","Derecha","Centro",FALSE
"1245-BOL-BRA-36597",2000-03-12,2000,"Brazil","Hugo Banzer Suarez",6.5,1999-01-01,2003-01-01,4.78000020980835,"Fernando Henrique Cardoso2","Derecha","Centro",FALSE
"1245-BOL-BRA-36769",2000-08-31,2000,"Brazil","Hugo Banzer Suarez",6.5,1999-01-01,2003-01-01,4.78000020980835,"Fernando Henrique Cardoso2","Derecha","Centro",FALSE
"1871-BOL-BRA-37943",2003-11-18,2000,"Brazil","Carlos Diego Mesa Gisbert",4.5,2003-01-01,2007-01-01,2.44000005722046,"Luiz Inacio Lula da Silva1","Centro","Izquierda",FALSE
"1871-BOL-BRA-38151",2004-06-13,2000,"Brazil","Carlos Diego Mesa Gisbert",4.5,2003-01-01,2007-01-01,2.44000005722046,"Luiz Inacio Lula da Silva1","Centro","Izquierda",FALSE
"1871-BOL-BRA-38295",2004-11-04,2000,"Brazil","Carlos Diego Mesa Gisbert",4.5,2003-01-01,2007-01-01,2.44000005722046,"Luiz Inacio Lula da Silva1","Centro","Izquierda",FALSE
"1871-BOL-BRA-38336",2004-12-15,2000,"Brazil","Carlos Diego Mesa Gisbert",4.5,2003-01-01,2007-01-01,2.44000005722046,"Luiz Inacio Lula da Silva1","Centro","Izquierda",FALSE
"2117-BOL-BRA-38810",2006-04-03,2005,"Brazil","Juan Evo Morales Ayma1",2.20000004768372,2003-01-01,2007-01-01,2.44000005722046,"Luiz Inacio Lula da Silva1","Izquierda","Izquierda",TRUE
"2117-BOL-BRA-39100",2007-01-18,2005,"Brazil","Juan Evo Morales Ayma1",2.20000004768372,2007-01-01,2011-01-01,2.55999994277954,"Luiz Inacio Lula da Silva2","Izquierda","Izquierda",TRUE
"2117-BOL-BRA-39127",2007-02-14,2005,"Brazil","Juan Evo Morales Ayma1",2.20000004768372,2007-01-01,2011-01-01,2.55999994277954,"Luiz Inacio Lula da Silva2","Izquierda","Izquierda",TRUE
"2117-BOL-BRA-39591",2008-05-23,2005,"Brazil","Juan Evo Morales Ayma1",2.20000004768372,2007-01-01,2011-01-01,2.55999994277954,"Luiz Inacio Lula da Silva2","Izquierda","Izquierda",TRUE
"2117-BOL-BRA-39721",2008-09-30,2005,"Brazil","Juan Evo Morales Ayma1",2.20000004768372,2007-01-01,2011-01-01,2.55999994277954,"Luiz Inacio Lula da Silva2","Izquierda","Izquierda",TRUE
"2117-BOL-BRA-39798",2008-12-16,2005,"Brazil","Juan Evo Morales Ayma1",2.20000004768372,2007-01-01,2011-01-01,2.55999994277954,"Luiz Inacio Lula da Silva2","Izquierda","Izquierda",TRUE
"2117-BOL-BRA-39828",2009-01-15,2005,"Brazil","Juan Evo Morales Ayma1",2.20000004768372,2007-01-01,2011-01-01,2.55999994277954,"Luiz Inacio Lula da Silva2","Izquierda","Izquierda",TRUE
"2117-BOL-BRA-39842",2009-01-29,2005,"Brazil","Juan Evo Morales Ayma1",2.20000004768372,2007-01-01,2011-01-01,2.55999994277954,"Luiz Inacio Lula da Silva2","Izquierda","Izquierda",TRUE
"2117-BOL-BRA-40325",2010-05-27,2010,"Brazil","Juan Evo Morales Ayma2",2.90000009536743,2007-01-01,2011-01-01,2.55999994277954,"Luiz Inacio Lula da Silva2","Izquierda","Izquierda",TRUE
"2117-BOL-BRA-40528",2010-12-16,2010,"Brazil","Juan Evo Morales Ayma2",2.90000009536743,2007-01-01,2011-01-01,2.55999994277954,"Luiz Inacio Lula da Silva2","Izquierda","Izquierda",TRUE
"2117-BOL-BRA-41250",2012-12-07,2010,"Brazil","Juan Evo Morales Ayma2",2.90000009536743,2011-01-01,2015-01-01,3,"Dilma Rousseff","Izquierda","Centro",FALSE
"2117-BOL-BRA-41483",2013-07-28,2010,"Brazil","Juan Evo Morales Ayma2",2.90000009536743,2011-01-01,2015-01-01,3,"Dilma Rousseff","Izquierda","Centro",FALSE
"2117-BOL-BRA-41487",2013-08-01,2010,"Brazil","Juan Evo Morales Ayma2",2.90000009536743,2011-01-01,2015-01-01,3,"Dilma Rousseff","Izquierda","Centro",FALSE
"2117-BOL-BRA-41621",2013-12-13,2010,"Brazil","Juan Evo Morales Ayma2",2.90000009536743,2011-01-01,2015-01-01,3,"Dilma Rousseff","Izquierda","Centro",FALSE
"2117-BOL-BRA-41802",2014-06-12,2010,"Brazil","Juan Evo Morales Ayma2",2.90000009536743,2011-01-01,2015-01-01,3,"Dilma Rousseff","Izquierda","Centro",FALSE
"2117-BOL-BRA-41836",2014-07-16,2010,"Brazil","Juan Evo Morales Ayma2",2.90000009536743,2011-01-01,2015-01-01,3,"Dilma Rousseff","Izquierda","Centro",FALSE
"2117-BOL-BRA-42202",2015-07-17,2015,"Brazil","Juan Evo Morales Ayma3",4,2015-01-01,2016-08-31,2.6,"Dilma Rousseff2","Centro","Izquierda",FALSE
"2117-BOL-BRA-42402",2016-02-02,2015,"Brazil","Juan Evo Morales Ayma3",4,2015-01-01,2016-08-31,2.6,"Dilma Rousseff2","Centro","Izquierda",FALSE
"2117-BOL-BRA-43060",2017-11-21,2015,"Brazil","Juan Evo Morales Ayma3",4,2016-08-31,2019-01-01,5.1,"Michel Temmer","Centro","Derecha",FALSE
"2117-BOL-BRA-43466",2019-01-01,2015,"Brazil","Juan Evo Morales Ayma3",4,2019-01-01,2023-01-01,6.6,"Jair Messias Bolsonaro","Centro","Derecha",FALSE
"3766-BOL-BRA-44178",2020-12-13,2020,"Brazil","Luis Arce",5,2019-01-01,2023-01-01,6.6,"Jair Messias Bolsonaro","Derecha","Derecha",TRUE
"2117-BOL-CHL-38786",2006-03-10,2005,"Chile","Juan Evo Morales Ayma1",2.20000004768372,2000-03-11,2006-03-11,3.5699999332428,"Ricardo Froilin Lagos Escobar","Izquierda","Centro",FALSE
"2117-BOL-CHL-39394",2007-11-08,2005,"Chile","Juan Evo Morales Ayma1",2.20000004768372,2006-03-11,2010-03-11,2.85999989509583,"Veronica Michelle Bachelet Jeria","Izquierda","Izquierda",TRUE
"2117-BOL-CHL-39706",2008-09-15,2005,"Chile","Juan Evo Morales Ayma1",2.20000004768372,2006-03-11,2010-03-11,2.85999989509583,"Veronica Michelle Bachelet Jeria","Izquierda","Izquierda",TRUE
"2117-BOL-CHL-40248",2010-03-11,2010,"Chile","Juan Evo Morales Ayma2",2.90000009536743,2010-03-11,2014-03-11,5.69999980926514,"Sebastian Pinera","Izquierda","Derecha",FALSE
"2117-BOL-CHL-40464",2010-10-13,2010,"Chile","Juan Evo Morales Ayma2",2.90000009536743,2010-03-11,2014-03-11,5.69999980926514,"Sebastian Pinera","Izquierda","Derecha",FALSE
"2117-BOL-CHL-41299",2013-01-25,2010,"Chile","Juan Evo Morales Ayma2",2.90000009536743,2010-03-11,2014-03-11,5.69999980926514,"Sebastian Pinera","Izquierda","Derecha",FALSE
"2117-BOL-CHL-41709",2014-03-11,2010,"Chile","Juan Evo Morales Ayma2",2.90000009536743,2014-03-11,2018-03-11,2.9,"Michelle Bachelet","Izquierda","Izquierda",TRUE
"2117-BOL-CHL-43170",2018-03-11,2015,"Chile","Juan Evo Morales Ayma3",4,2018-03-11,2022-03-11,5.81,"Sebastián Piñera2","Centro","Derecha",FALSE
"3766-BOL-CHL-44630",2022-03-10,2020,"Chile","Luis Arce",5,2018-03-11,2022-03-11,5.81,"Sebastián Piñera2","Derecha","Derecha",TRUE
"840-BOL-COL-34499",1994-06-14,1990,"Colombia","Gonzalo Sanchez de Lozada",5.90000009536743,1990-08-07,1994-08-07,5.42999982833862,"Cesar Augusto Gaviria Trujillo","Derecha","Derecha",TRUE
"1245-BOL-COL-36306",1999-05-26,1995,"Colombia","Hugo Banzer Suarez",6.5,1998-08-07,2002-08-07,6,"Andres Pastrana Arango","Derecha","Derecha",TRUE
"1245-BOL-COL-36692",2000-06-15,2000,"Colombia","Hugo Banzer Suarez",6.5,1998-08-07,2002-08-07,6,"Andres Pastrana Arango","Derecha","Derecha",TRUE
"1871-BOL-COL-38320",2004-11-29,2000,"Colombia","Carlos Diego Mesa Gisbert",4.5,2002-08-07,2006-08-07,6.8600001335144,"Alvaro Uribe Velez1","Centro","Derecha",FALSE
"2117-BOL-COL-40855",2011-11-08,2010,"Colombia","Juan Evo Morales Ayma2",2.90000009536743,2010-08-07,2014-08-07,4.57000017166138,"Juan Manuel Santos Calderon","Izquierda","Centro",FALSE
"2117-BOL-COL-40982",2012-03-14,2010,"Colombia","Juan Evo Morales Ayma2",2.90000009536743,2010-08-07,2014-08-07,4.57000017166138,"Juan Manuel Santos Calderon","Izquierda","Centro",FALSE
"2117-BOL-COL-41012",2012-04-13,2010,"Colombia","Juan Evo Morales Ayma2",2.90000009536743,2010-08-07,2014-08-07,4.57000017166138,"Juan Manuel Santos Calderon","Izquierda","Centro",FALSE
"2117-BOL-COL-43714",2019-09-06,2015,"Colombia","Juan Evo Morales Ayma3",4,2018-08-07,2022-08-07,6,"Iván Duque Márquez","Centro","Derecha",FALSE
"3766-BOL-COL-44779",2022-08-06,2020,"Colombia","Luis Arce",5,2018-08-07,2022-08-07,6,"Iván Duque Márquez","Derecha","Derecha",TRUE
"840-BOL-ECU-34946",1995-09-04,1995,"Ecuador","Gonzalo Sanchez de Lozada",5.90000009536743,1992-08-10,1996-08-10,6.5,"Sixto Alfonso Duran Ballen Cordovez","Derecha","Derecha",TRUE
"1871-BOL-ECU-38179",2004-07-11,2000,"Ecuador","Carlos Diego Mesa Gisbert",4.5,2003-01-15,2005-04-20,5.32999992370605,"Lucio Edwin Gutierrez Borba","Centro","Derecha",FALSE
"2117-BOL-ECU-38881",2006-06-13,2005,"Ecuador","Juan Evo Morales Ayma1",2.20000004768372,2005-04-20,2007-01-15,4.5,"Luis Alfredo Palacio Gonzalez","Izquierda","Centro",FALSE
"2117-BOL-ECU-39096",2007-01-14,2005,"Ecuador","Juan Evo Morales Ayma1",2.20000004768372,2005-04-20,2007-01-15,4.5,"Luis Alfredo Palacio Gonzalez","Izquierda","Centro",FALSE
"2117-BOL-ECU-39735",2008-10-14,2005,"Ecuador","Juan Evo Morales Ayma1",2.20000004768372,2007-01-15,2009-08-10,1.83000004291534,"Rafael Vicente Correa Delgado1","Izquierda","Izquierda",TRUE
"2117-BOL-ECU-39956",2009-05-23,2005,"Ecuador","Juan Evo Morales Ayma1",2.20000004768372,2007-01-15,2009-08-10,1.83000004291534,"Rafael Vicente Correa Delgado1","Izquierda","Izquierda",TRUE
"2117-BOL-ECU-40034",2009-08-09,2005,"Ecuador","Juan Evo Morales Ayma1",2.20000004768372,2007-01-15,2009-08-10,1.83000004291534,"Rafael Vicente Correa Delgado1","Izquierda","Izquierda",TRUE
"2117-BOL-ECU-40354",2010-06-25,2010,"Ecuador","Juan Evo Morales Ayma2",2.90000009536743,2009-08-10,2013-05-24,2.82999992370606,"Rafael Vicente Correa Delgado2","Izquierda","Izquierda",TRUE
"2117-BOL-ECU-40463",2010-10-12,2010,"Ecuador","Juan Evo Morales Ayma2",2.90000009536743,2009-08-10,2013-05-24,2.82999992370606,"Rafael Vicente Correa Delgado2","Izquierda","Izquierda",TRUE
"2117-BOL-ECU-41418",2013-05-24,2010,"Ecuador","Juan Evo Morales Ayma2",2.90000009536743,2013-05-24,2017-05-24,3.5,"Rafael Vicente Correa Delgado3","Izquierda","Centro",FALSE
"2117-BOL-ECU-41478",2013-07-23,2010,"Ecuador","Juan Evo Morales Ayma2",2.90000009536743,2013-05-24,2017-05-24,3.5,"Rafael Vicente Correa Delgado3","Izquierda","Centro",FALSE
"2117-BOL-ECU-41485",2013-07-30,2010,"Ecuador","Juan Evo Morales Ayma2",2.90000009536743,2013-05-24,2017-05-24,3.5,"Rafael Vicente Correa Delgado3","Izquierda","Centro",FALSE
"2117-BOL-ECU-41978",2014-12-05,2010,"Ecuador","Juan Evo Morales Ayma2",2.90000009536743,2013-05-24,2017-05-24,3.5,"Rafael Vicente Correa Delgado3","Izquierda","Centro",FALSE
"2117-BOL-ECU-42396",2016-01-27,2015,"Ecuador","Juan Evo Morales Ayma3",4,2013-05-24,2017-05-24,3.5,"Rafael Vicente Correa Delgado3","Centro","Centro",TRUE
"2117-BOL-ECU-42879",2017-05-24,2015,"Ecuador","Juan Evo Morales Ayma3",4,2017-05-24,2021-05-24,6,"Lenín Moreno Garcés","Centro","Derecha",FALSE
"840-BOL-PRY-34407",1994-03-14,1990,"Paraguay","Gonzalo Sanchez de Lozada",5.90000009536743,1993-08-15,1998-08-15,5.75,"Juan Carlos Maria Wasmosy Monti","Derecha","Derecha",TRUE
"840-BOL-PRY-35178",1996-04-23,1995,"Paraguay","Gonzalo Sanchez de Lozada",5.90000009536743,1993-08-15,1998-08-15,5.75,"Juan Carlos Maria Wasmosy Monti","Derecha","Derecha",TRUE
"840-BOL-PRY-35600",1997-06-19,1995,"Paraguay","Gonzalo Sanchez de Lozada",5.90000009536743,1993-08-15,1998-08-15,5.75,"Juan Carlos Maria Wasmosy Monti","Derecha","Derecha",TRUE
"1245-BOL-PRY-36326",1999-06-15,1995,"Paraguay","Hugo Banzer Suarez",6.5,1999-03-28,2003-08-15,5.75,"Luis Angel Gonzalez Macchi","Derecha","Derecha",TRUE
"1245-BOL-PRY-37064",2001-06-22,2000,"Paraguay","Hugo Banzer Suarez",6.5,1999-03-28,2003-08-15,5.75,"Luis Angel Gonzalez Macchi","Derecha","Derecha",TRUE
"2117-BOL-PRY-38826",2006-04-19,2005,"Paraguay","Juan Evo Morales Ayma1",2.20000004768372,2003-08-15,2008-08-15,3.79999995231628,"Oscar Nicanor Duarte Frutos","Izquierda","Centro",FALSE
"2117-BOL-PRY-39262",2007-06-29,2005,"Paraguay","Juan Evo Morales Ayma1",2.20000004768372,2003-08-15,2008-08-15,3.79999995231628,"Oscar Nicanor Duarte Frutos","Izquierda","Centro",FALSE
"2117-BOL-PRY-39674",2008-08-14,2005,"Paraguay","Juan Evo Morales Ayma1",2.20000004768372,2003-08-15,2008-08-15,3.79999995231628,"Oscar Nicanor Duarte Frutos","Izquierda","Centro",FALSE
"2117-BOL-PRY-39929",2009-04-26,2005,"Paraguay","Juan Evo Morales Ayma1",2.20000004768372,2008-08-15,2012-06-22,2.59999990463257,"Fernando Armindo Lugo Mendez","Izquierda","Izquierda",TRUE
"2117-BOL-PRY-39976",2009-06-12,2005,"Paraguay","Juan Evo Morales Ayma1",2.20000004768372,2008-08-15,2012-06-22,2.59999990463257,"Fernando Armindo Lugo Mendez","Izquierda","Izquierda",TRUE
"2117-BOL-PRY-40017",2009-07-23,2005,"Paraguay","Juan Evo Morales Ayma1",2.20000004768372,2008-08-15,2012-06-22,2.59999990463257,"Fernando Armindo Lugo Mendez","Izquierda","Izquierda",TRUE
"2117-BOL-PRY-40312",2010-05-14,2010,"Paraguay","Juan Evo Morales Ayma2",2.90000009536743,2008-08-15,2012-06-22,2.59999990463257,"Fernando Armindo Lugo Mendez","Izquierda","Izquierda",TRUE
"2117-BOL-PRY-40401",2010-08-11,2010,"Paraguay","Juan Evo Morales Ayma2",2.90000009536743,2008-08-15,2012-06-22,2.59999990463257,"Fernando Armindo Lugo Mendez","Izquierda","Izquierda",TRUE
"2117-BOL-PRY-40844",2011-10-28,2010,"Paraguay","Juan Evo Morales Ayma2",2.90000009536743,2008-08-15,2012-06-22,2.59999990463257,"Fernando Armindo Lugo Mendez","Izquierda","Izquierda",TRUE
"2117-BOL-PRY-42184",2015-06-29,2015,"Paraguay","Juan Evo Morales Ayma3",4,2013-08-15,2018-08-15,5.59999990463257,"Horacio Manuel Cartes Jara","Centro","Derecha",FALSE
"2117-BOL-PRY-42359",2015-12-21,2015,"Paraguay","Juan Evo Morales Ayma3",4,2013-08-15,2018-08-15,5.59999990463257,"Horacio Manuel Cartes Jara","Centro","Derecha",FALSE
"840-BOL-PER-34520",1994-07-05,1990,"Peru","Gonzalo Sanchez de Lozada",5.90000009536743,1990-07-28,1995-07-28,4.78000020980835,"Alberto Kenya Fujimori Fujimori1","Derecha","Centro",FALSE
"840-BOL-PER-34908",1995-07-28,1995,"Peru","Gonzalo Sanchez de Lozada",5.90000009536743,1995-07-28,2000-07-28,5.44000005722046,"Alberto Kenya Fujimori Fujimori2","Derecha","Derecha",TRUE
"840-BOL-PER-35273",1996-07-27,1995,"Peru","Gonzalo Sanchez de Lozada",5.90000009536743,1995-07-28,2000-07-28,5.44000005722046,"Alberto Kenya Fujimori Fujimori2","Derecha","Derecha",TRUE
"1245-BOL-PER-36686",2000-06-09,2000,"Peru","Hugo Banzer Suarez",6.5,1995-07-28,2000-07-28,5.44000005722046,"Alberto Kenya Fujimori Fujimori2","Derecha","Derecha",TRUE
"1871-BOL-PER-38203",2004-08-04,2000,"Peru","Carlos Diego Mesa Gisbert",4.5,2001-07-28,2006-07-28,4.67000007629395,"Alejandro Celestino Toledo Manrique","Centro","Centro",TRUE
"1871-BOL-PER-38328",2004-12-07,2000,"Peru","Carlos Diego Mesa Gisbert",4.5,2001-07-28,2006-07-28,4.67000007629395,"Alejandro Celestino Toledo Manrique","Centro","Centro",TRUE
"2117-BOL-PER-39295",2007-08-01,2005,"Peru","Juan Evo Morales Ayma1",2.20000004768372,2006-07-28,2011-07-28,5.67000007629395,"Alan Gabriel Ludwig Garcia Perez2","Izquierda","Derecha",FALSE
"2117-BOL-PER-39583",2008-05-15,2005,"Peru","Juan Evo Morales Ayma1",2.20000004768372,2006-07-28,2011-07-28,5.67000007629395,"Alan Gabriel Ludwig Garcia Perez2","Izquierda","Derecha",FALSE
"2117-BOL-PER-40470",2010-10-19,2010,"Peru","Juan Evo Morales Ayma2",2.90000009536743,2006-07-28,2011-07-28,5.67000007629395,"Alan Gabriel Ludwig Garcia Perez2","Izquierda","Derecha",FALSE
"2117-BOL-PER-40752",2011-07-28,2010,"Peru","Juan Evo Morales Ayma2",2.90000009536743,2011-07-28,2016-07-28,4.55999994277954,"Ollanta Moises Humala Tasso","Izquierda","Centro",FALSE
"2117-BOL-PER-41183",2012-10-01,2010,"Peru","Juan Evo Morales Ayma2",2.90000009536743,2011-07-28,2016-07-28,4.55999994277954,"Ollanta Moises Humala Tasso","Izquierda","Centro",FALSE
"2117-BOL-PER-41382",2013-04-18,2010,"Peru","Juan Evo Morales Ayma2",2.90000009536743,2011-07-28,2016-07-28,4.55999994277954,"Ollanta Moises Humala Tasso","Izquierda","Centro",FALSE
"2117-BOL-PER-41982",2014-12-09,2010,"Peru","Juan Evo Morales Ayma2",2.90000009536743,2011-07-28,2016-07-28,4.55999994277954,"Ollanta Moises Humala Tasso","Izquierda","Centro",FALSE
"2117-BOL-PER-42178",2015-06-23,2015,"Peru","Juan Evo Morales Ayma3",4,2011-07-28,2016-07-28,4.55999994277954,"Ollanta Moises Humala Tasso","Centro","Centro",TRUE
"2117-BOL-PER-42979",2017-09-01,2015,"Peru","Juan Evo Morales Ayma3",4,2016-07-28,2018-03-23,6.4,"Pedro Pablo Kuczynski","Centro","Derecha",FALSE
"2117-BOL-PER-43203",2018-04-13,2015,"Peru","Juan Evo Morales Ayma3",4,2018-03-23,2020-11-09,4.5,"Martín Vizcarra","Centro","Centro",TRUE
"2117-BOL-PER-43611",2019-05-26,2015,"Peru","Juan Evo Morales Ayma3",4,2018-03-23,2020-11-09,4.5,"Martín Vizcarra","Centro","Centro",TRUE
"2117-BOL-PER-43641",2019-06-25,2015,"Peru","Juan Evo Morales Ayma3",4,2018-03-23,2020-11-09,4.5,"Martín Vizcarra","Centro","Centro",TRUE
"840-BOL-URY-34350",1994-01-16,1990,"Uruguay","Gonzalo Sanchez de Lozada",5.90000009536743,1990-03-01,1995-03-01,5.3600001335144,"Luis Alberto Lacalle de Herrera","Derecha","Derecha",TRUE
"840-BOL-URY-34760",1995-03-02,1995,"Uruguay","Gonzalo Sanchez de Lozada",5.90000009536743,1995-03-01,2000-03-01,4.82000017166138,"Julio Maria Sanguinetti Coirolo2","Derecha","Centro",FALSE
"1245-BOL-URY-35779",1997-12-15,1995,"Uruguay","Hugo Banzer Suarez",6.5,1995-03-01,2000-03-01,4.82000017166138,"Julio Maria Sanguinetti Coirolo2","Derecha","Centro",FALSE
"1245-BOL-URY-36585",2000-02-29,2000,"Uruguay","Hugo Banzer Suarez",6.5,1995-03-01,2000-03-01,4.82000017166138,"Julio Maria Sanguinetti Coirolo2","Derecha","Centro",FALSE
"1871-BOL-URY-37968",2003-12-13,2000,"Uruguay","Carlos Diego Mesa Gisbert",4.5,2000-03-01,2005-03-01,5.44999980926514,"Jorge Luis Batlle Ibanez","Centro","Derecha",FALSE
"2117-BOL-URY-39024",2006-11-03,2005,"Uruguay","Juan Evo Morales Ayma1",2.20000004768372,2005-03-01,2010-03-01,3,"Tabare Ramon Vazquez Rosas","Izquierda","Centro",FALSE
"2117-BOL-URY-39434",2007-12-18,2005,"Uruguay","Juan Evo Morales Ayma1",2.20000004768372,2005-03-01,2010-03-01,3,"Tabare Ramon Vazquez Rosas","Izquierda","Centro",FALSE
"2117-BOL-URY-40007",2009-07-13,2005,"Uruguay","Juan Evo Morales Ayma1",2.20000004768372,2005-03-01,2010-03-01,3,"Tabare Ramon Vazquez Rosas","Izquierda","Centro",FALSE
"2117-BOL-URY-40238",2010-03-01,2010,"Uruguay","Juan Evo Morales Ayma2",2.90000009536743,2010-03-01,2015-03-01,2.5,"Jose Alberto Mujica Cordano","Izquierda","Izquierda",TRUE
"2117-BOL-URY-41466",2013-07-11,2010,"Uruguay","Juan Evo Morales Ayma2",2.90000009536743,2010-03-01,2015-03-01,2.5,"Jose Alberto Mujica Cordano","Izquierda","Izquierda",TRUE
"2117-BOL-URY-42061",2015-02-26,2015,"Uruguay","Juan Evo Morales Ayma3",4,2010-03-01,2015-03-01,2.5,"Jose Alberto Mujica Cordano","Centro","Izquierda",FALSE
"2117-BOL-URY-43452",2018-12-18,2015,"Uruguay","Juan Evo Morales Ayma3",4,2015-03-01,2020-03-01,2.83,"Tabaré Vázquez","Centro","Izquierda",FALSE
"3766-BOL-URY-45631",2024-12-05,2020,"Uruguay","Luis Arce",5,2020-03-01,2025-03-01,5.83,"Luis Alberto Lacalle Pou","Derecha","Derecha",TRUE
"2117-BOL-VEN-38902",2006-07-04,2005,"Venezuela","Juan Evo Morales Ayma1",2.20000004768372,2000-08-19,2007-01-10,1.62999999523163,"Hugo Chavez2","Izquierda","Izquierda",TRUE
"2117-BOL-VEN-39188",2007-04-16,2005,"Venezuela","Juan Evo Morales Ayma1",2.20000004768372,2007-01-10,2013-03-05,1.25,"Hugo Chavez3","Izquierda","Izquierda",TRUE
"2117-BOL-VEN-39200",2007-04-28,2005,"Venezuela","Juan Evo Morales Ayma1",2.20000004768372,2007-01-10,2013-03-05,1.25,"Hugo Chavez3","Izquierda","Izquierda",TRUE
"2117-BOL-VEN-39472",2008-01-25,2005,"Venezuela","Juan Evo Morales Ayma1",2.20000004768372,2007-01-10,2013-03-05,1.25,"Hugo Chavez3","Izquierda","Izquierda",TRUE
"2117-BOL-VEN-39561",2008-04-23,2005,"Venezuela","Juan Evo Morales Ayma1",2.20000004768372,2007-01-10,2013-03-05,1.25,"Hugo Chavez3","Izquierda","Izquierda",TRUE
"2117-BOL-VEN-39590",2008-05-22,2005,"Venezuela","Juan Evo Morales Ayma1",2.20000004768372,2007-01-10,2013-03-05,1.25,"Hugo Chavez3","Izquierda","Izquierda",TRUE
"2117-BOL-VEN-39634",2008-07-05,2005,"Venezuela","Juan Evo Morales Ayma1",2.20000004768372,2007-01-10,2013-03-05,1.25,"Hugo Chavez3","Izquierda","Izquierda",TRUE
"2117-BOL-VEN-39750",2008-10-29,2005,"Venezuela","Juan Evo Morales Ayma1",2.20000004768372,2007-01-10,2013-03-05,1.25,"Hugo Chavez3","Izquierda","Izquierda",TRUE
"2117-BOL-VEN-39778",2008-11-26,2005,"Venezuela","Juan Evo Morales Ayma1",2.20000004768372,2007-01-10,2013-03-05,1.25,"Hugo Chavez3","Izquierda","Izquierda",TRUE
"2117-BOL-VEN-39846",2009-02-02,2005,"Venezuela","Juan Evo Morales Ayma1",2.20000004768372,2007-01-10,2013-03-05,1.25,"Hugo Chavez3","Izquierda","Izquierda",TRUE
"2117-BOL-VEN-39918",2009-04-15,2005,"Venezuela","Juan Evo Morales Ayma1",2.20000004768372,2007-01-10,2013-03-05,1.25,"Hugo Chavez3","Izquierda","Izquierda",TRUE
"2117-BOL-VEN-39988",2009-06-24,2005,"Venezuela","Juan Evo Morales Ayma1",2.20000004768372,2007-01-10,2013-03-05,1.25,"Hugo Chavez3","Izquierda","Izquierda",TRUE
"2117-BOL-VEN-40082",2009-09-26,2005,"Venezuela","Juan Evo Morales Ayma1",2.20000004768372,2007-01-10,2013-03-05,1.25,"Hugo Chavez3","Izquierda","Izquierda",TRUE
"2117-BOL-VEN-40270",2010-04-02,2010,"Venezuela","Juan Evo Morales Ayma2",2.90000009536743,2007-01-10,2013-03-05,1.25,"Hugo Chavez3","Izquierda","Izquierda",TRUE
"2117-BOL-VEN-40287",2010-04-19,2010,"Venezuela","Juan Evo Morales Ayma2",2.90000009536743,2007-01-10,2013-03-05,1.25,"Hugo Chavez3","Izquierda","Izquierda",TRUE
"2117-BOL-VEN-40297",2010-04-29,2010,"Venezuela","Juan Evo Morales Ayma2",2.90000009536743,2007-01-10,2013-03-05,1.25,"Hugo Chavez3","Izquierda","Izquierda",TRUE
"2117-BOL-VEN-40729",2011-07-05,2010,"Venezuela","Juan Evo Morales Ayma2",2.90000009536743,2007-01-10,2013-03-05,1.25,"Hugo Chavez3","Izquierda","Izquierda",TRUE
"2117-BOL-VEN-40750",2011-07-26,2010,"Venezuela","Juan Evo Morales Ayma2",2.90000009536743,2007-01-10,2013-03-05,1.25,"Hugo Chavez3","Izquierda","Izquierda",TRUE
"2117-BOL-VEN-40803",2011-09-17,2010,"Venezuela","Juan Evo Morales Ayma2",2.90000009536743,2007-01-10,2013-03-05,1.25,"Hugo Chavez3","Izquierda","Izquierda",TRUE
"2117-BOL-VEN-40879",2011-12-02,2010,"Venezuela","Juan Evo Morales Ayma2",2.90000009536743,2007-01-10,2013-03-05,1.25,"Hugo Chavez3","Izquierda","Izquierda",TRUE
"2117-BOL-VEN-40943",2012-02-04,2010,"Venezuela","Juan Evo Morales Ayma2",2.90000009536743,2007-01-10,2013-03-05,1.25,"Hugo Chavez3","Izquierda","Izquierda",TRUE
"2117-BOL-VEN-41258",2012-12-15,2010,"Venezuela","Juan Evo Morales Ayma2",2.90000009536743,2007-01-10,2013-03-05,1.25,"Hugo Chavez3","Izquierda","Izquierda",TRUE
"2117-BOL-VEN-41284",2013-01-10,2010,"Venezuela","Juan Evo Morales Ayma2",2.90000009536743,2007-01-10,2013-03-05,1.25,"Hugo Chavez3","Izquierda","Izquierda",TRUE
"2117-BOL-VEN-41383",2013-04-19,2010,"Venezuela","Juan Evo Morales Ayma2",2.90000009536743,2013-04-19,2019-01-10,1.37999999523163,"Nicolas Maduro Moros","Izquierda","Izquierda",TRUE
"2117-BOL-VEN-41544",2013-09-27,2010,"Venezuela","Juan Evo Morales Ayma2",2.90000009536743,2013-04-19,2019-01-10,1.37999999523163,"Nicolas Maduro Moros","Izquierda","Izquierda",TRUE
"2117-BOL-VEN-41624",2013-12-16,2010,"Venezuela","Juan Evo Morales Ayma2",2.90000009536743,2013-04-19,2019-01-10,1.37999999523163,"Nicolas Maduro Moros","Izquierda","Izquierda",TRUE
"2117-BOL-VEN-41702",2014-03-04,2010,"Venezuela","Juan Evo Morales Ayma2",2.90000009536743,2013-04-19,2019-01-10,1.37999999523163,"Nicolas Maduro Moros","Izquierda","Izquierda",TRUE
"2117-BOL-VEN-41848",2014-07-28,2010,"Venezuela","Juan Evo Morales Ayma2",2.90000009536743,2013-04-19,2019-01-10,1.37999999523163,"Nicolas Maduro Moros","Izquierda","Izquierda",TRUE
"2117-BOL-VEN-42080",2015-03-17,2015,"Venezuela","Juan Evo Morales Ayma3",4,2013-04-19,2019-01-10,1.37999999523163,"Nicolas Maduro Moros","Centro","Izquierda",FALSE
"2117-BOL-VEN-42103",2015-04-09,2015,"Venezuela","Juan Evo Morales Ayma3",4,2013-04-19,2019-01-10,1.37999999523163,"Nicolas Maduro Moros","Centro","Izquierda",FALSE
"2117-BOL-VEN-42433",2016-03-04,2015,"Venezuela","Juan Evo Morales Ayma3",4,2013-04-19,2019-01-10,1.37999999523163,"Nicolas Maduro Moros","Centro","Izquierda",FALSE
"2117-BOL-VEN-42630",2016-09-17,2015,"Venezuela","Juan Evo Morales Ayma3",4,2013-04-19,2019-01-10,1.37999999523163,"Nicolas Maduro Moros","Centro","Izquierda",FALSE
"2117-BOL-VEN-43163",2018-03-04,2015,"Venezuela","Juan Evo Morales Ayma3",4,2013-04-19,2019-01-10,1.37999999523163,"Nicolas Maduro Moros","Centro","Izquierda",FALSE
"2117-BOL-VEN-43366",2018-09-23,2015,"Venezuela","Juan Evo Morales Ayma3",4,2013-04-19,2019-01-10,1.37999999523163,"Nicolas Maduro Moros","Centro","Izquierda",FALSE
"2117-BOL-VEN-43474",2019-01-09,2015,"Venezuela","Juan Evo Morales Ayma3",4,2013-04-19,2019-01-10,1.37999999523163,"Nicolas Maduro Moros","Centro","Izquierda",FALSE
"2117-BOL-VEN-43497",2019-02-01,2015,"Venezuela","Juan Evo Morales Ayma3",4,2019-01-10,2099-12-31,4.5,"Nicolas Maduro Moros2","Centro","Centro",TRUE
"3766-BOL-VEN-44371",2021-06-24,2020,"Venezuela","Luis Arce",5,2019-01-10,2099-12-31,4.5,"Nicolas Maduro Moros2","Derecha","Centro",FALSE
"3766-BOL-VEN-44989",2023-03-04,2020,"Venezuela","Luis Arce",5,2019-01-10,2099-12-31,4.5,"Nicolas Maduro Moros2","Derecha","Centro",FALSE
"3766-BOL-VEN-45036",2023-04-20,2020,"Venezuela","Luis Arce",5,2019-01-10,2099-12-31,4.5,"Nicolas Maduro Moros2","Derecha","Centro",FALSE
"3766-BOL-VEN-45189",2023-09-20,2020,"Venezuela","Luis Arce",5,2019-01-10,2099-12-31,4.5,"Nicolas Maduro Moros2","Derecha","Centro",FALSE
"3766-BOL-VEN-45406",2024-04-24,2020,"Venezuela","Luis Arce",5,2019-01-10,2099-12-31,4.5,"Nicolas Maduro Moros2","Derecha","Centro",FALSE
"3766-BOL-VEN-45640",2024-12-14,2020,"Venezuela","Luis Arce",5,2019-01-10,2099-12-31,4.5,"Nicolas Maduro Moros2","Derecha","Centro",FALSE
"756-BRA-ARG-34551",1994-08-05,1990,"Argentina","Itamar Augusto Cautiero Franco",4.44000005722046,1989-07-08,1995-07-08,6.09999990463257,"Carlos Saul Menem1","Centro","Derecha",FALSE
"994-BRA-ARG-34747",1995-02-17,1995,"Argentina","Fernando Henrique Cardoso1",4.78000020980835,1989-07-08,1995-07-08,6.09999990463257,"Carlos Saul Menem1","Centro","Derecha",FALSE
"994-BRA-ARG-34885",1995-07-08,1995,"Argentina","Fernando Henrique Cardoso1",4.78000020980835,1995-07-08,1999-12-10,6.30000019073486,"Carlos Saul Menem2","Centro","Derecha",FALSE
"994-BRA-ARG-34988",1995-10-16,1995,"Argentina","Fernando Henrique Cardoso1",4.78000020980835,1995-07-08,1999-12-10,6.30000019073486,"Carlos Saul Menem2","Centro","Derecha",FALSE
"994-BRA-ARG-35009",1995-11-06,1995,"Argentina","Fernando Henrique Cardoso1",4.78000020980835,1995-07-08,1999-12-10,6.30000019073486,"Carlos Saul Menem2","Centro","Derecha",FALSE
"994-BRA-ARG-35162",1996-04-07,1995,"Argentina","Fernando Henrique Cardoso1",4.78000020980835,1995-07-08,1999-12-10,6.30000019073486,"Carlos Saul Menem2","Centro","Derecha",FALSE
"994-BRA-ARG-35241",1996-06-25,1995,"Argentina","Fernando Henrique Cardoso1",4.78000020980835,1995-07-08,1999-12-10,6.30000019073486,"Carlos Saul Menem2","Centro","Derecha",FALSE
"994-BRA-ARG-35999",1998-07-23,1995,"Argentina","Fernando Henrique Cardoso1",4.78000020980835,1995-07-08,1999-12-10,6.30000019073486,"Carlos Saul Menem2","Centro","Derecha",FALSE
"994-BRA-ARG-36504",1999-12-10,1995,"Argentina","Fernando Henrique Cardoso2",4.78000020980835,1999-12-10,2001-12-20,5.90000009536743,"Fernando de la Rua","Centro","Derecha",FALSE
"994-BRA-ARG-36705",2000-06-28,2000,"Argentina","Fernando Henrique Cardoso2",4.78000020980835,1999-12-10,2001-12-20,5.90000009536743,"Fernando de la Rua","Centro","Derecha",FALSE
"994-BRA-ARG-37304",2002-02-17,2000,"Argentina","Fernando Henrique Cardoso2",4.78000020980835,2002-01-01,2003-05-25,4.59999990463257,"Eduardo Alberto Duhalde","Centro","Centro",TRUE
"1780-BRA-ARG-37766",2003-05-25,2000,"Argentina","Luiz Inacio Lula da Silva1",2.44000005722046,2003-05-25,2007-12-10,2.79999995231628,"Nestor Carlos Kirchner","Izquierda","Izquierda",TRUE
"1780-BRA-ARG-37909",2003-10-15,2000,"Argentina","Luiz Inacio Lula da Silva1",2.44000005722046,2003-05-25,2007-12-10,2.79999995231628,"Nestor Carlos Kirchner","Izquierda","Izquierda",TRUE
"1780-BRA-ARG-38175",2004-07-07,2000,"Argentina","Luiz Inacio Lula da Silva1",2.44000005722046,2003-05-25,2007-12-10,2.79999995231628,"Nestor Carlos Kirchner","Izquierda","Izquierda",TRUE
"1780-BRA-ARG-38660",2005-11-04,2005,"Argentina","Luiz Inacio Lula da Silva1",2.44000005722046,2003-05-25,2007-12-10,2.79999995231628,"Nestor Carlos Kirchner","Izquierda","Izquierda",TRUE
"1780-BRA-ARG-38686",2005-11-30,2005,"Argentina","Luiz Inacio Lula da Silva1",2.44000005722046,2003-05-25,2007-12-10,2.79999995231628,"Nestor Carlos Kirchner","Izquierda","Izquierda",TRUE
"1780-BRA-ARG-38841",2006-05-04,2005,"Argentina","Luiz Inacio Lula da Silva1",2.44000005722046,2003-05-25,2007-12-10,2.79999995231628,"Nestor Carlos Kirchner","Izquierda","Izquierda",TRUE
"1780-BRA-ARG-38918",2006-07-20,2005,"Argentina","Luiz Inacio Lula da Silva1",2.44000005722046,2003-05-25,2007-12-10,2.79999995231628,"Nestor Carlos Kirchner","Izquierda","Izquierda",TRUE
"1780-BRA-ARG-39198",2007-04-26,2005,"Argentina","Luiz Inacio Lula da Silva2",2.55999994277954,2003-05-25,2007-12-10,2.79999995231628,"Nestor Carlos Kirchner","Izquierda","Izquierda",TRUE
"1780-BRA-ARG-39425",2007-12-09,2005,"Argentina","Luiz Inacio Lula da Silva2",2.55999994277954,2003-05-25,2007-12-10,2.79999995231628,"Nestor Carlos Kirchner","Izquierda","Izquierda",TRUE
"1780-BRA-ARG-39499",2008-02-21,2005,"Argentina","Luiz Inacio Lula da Silva2",2.55999994277954,2007-12-10,2011-12-10,2.5,"Cristina Fernandez1","Izquierda","Izquierda",TRUE
"1780-BRA-ARG-39629",2008-06-30,2005,"Argentina","Luiz Inacio Lula da Silva2",2.55999994277954,2007-12-10,2011-12-10,2.5,"Cristina Fernandez1","Izquierda","Izquierda",TRUE
"1780-BRA-ARG-39663",2008-08-03,2005,"Argentina","Luiz Inacio Lula da Silva2",2.55999994277954,2007-12-10,2011-12-10,2.5,"Cristina Fernandez1","Izquierda","Izquierda",TRUE
"1780-BRA-ARG-39925",2009-04-22,2005,"Argentina","Luiz Inacio Lula da Silva2",2.55999994277954,2007-12-10,2011-12-10,2.5,"Cristina Fernandez1","Izquierda","Izquierda",TRUE
"1780-BRA-ARG-40052",2009-08-27,2005,"Argentina","Luiz Inacio Lula da Silva2",2.55999994277954,2007-12-10,2011-12-10,2.5,"Cristina Fernandez1","Izquierda","Izquierda",TRUE
"1780-BRA-ARG-40301",2010-05-03,2010,"Argentina","Luiz Inacio Lula da Silva2",2.55999994277954,2007-12-10,2011-12-10,2.5,"Cristina Fernandez1","Izquierda","Izquierda",TRUE
"1780-BRA-ARG-40323",2010-05-25,2010,"Argentina","Luiz Inacio Lula da Silva2",2.55999994277954,2007-12-10,2011-12-10,2.5,"Cristina Fernandez1","Izquierda","Izquierda",TRUE
"1780-BRA-ARG-40392",2010-08-02,2010,"Argentina","Luiz Inacio Lula da Silva2",2.55999994277954,2007-12-10,2011-12-10,2.5,"Cristina Fernandez1","Izquierda","Izquierda",TRUE
"1780-BRA-ARG-40479",2010-10-28,2010,"Argentina","Luiz Inacio Lula da Silva2",2.55999994277954,2007-12-10,2011-12-10,2.5,"Cristina Fernandez1","Izquierda","Izquierda",TRUE
"1780-BRA-ARG-40515",2010-12-03,2010,"Argentina","Luiz Inacio Lula da Silva2",2.55999994277954,2007-12-10,2011-12-10,2.5,"Cristina Fernandez1","Izquierda","Izquierda",TRUE
"2652-BRA-ARG-40574",2011-01-31,2010,"Argentina","Dilma Rousseff",3,2007-12-10,2011-12-10,2.5,"Cristina Fernandez1","Centro","Izquierda",FALSE
"2652-BRA-ARG-40886",2011-12-09,2010,"Argentina","Dilma Rousseff",3,2007-12-10,2011-12-10,2.5,"Cristina Fernandez1","Centro","Izquierda",FALSE
"2652-BRA-ARG-41089",2012-06-29,2010,"Argentina","Dilma Rousseff",3,2011-12-10,2015-12-10,1.89999997615814,"Cristina Fernandez2","Centro","Izquierda",FALSE
"2652-BRA-ARG-41241",2012-11-28,2010,"Argentina","Dilma Rousseff",3,2011-12-10,2015-12-10,1.89999997615814,"Cristina Fernandez2","Centro","Izquierda",FALSE
"2652-BRA-ARG-41389",2013-04-25,2010,"Argentina","Dilma Rousseff",3,2011-12-10,2015-12-10,1.89999997615814,"Cristina Fernandez2","Centro","Izquierda",FALSE
"2652-BRA-ARG-41990",2014-12-17,2010,"Argentina","Dilma Rousseff",3,2011-12-10,2015-12-10,1.89999997615814,"Cristina Fernandez2","Centro","Izquierda",FALSE
"2652-BRA-ARG-42348",2015-12-10,2015,"Argentina","Dilma Rousseff2",2.6,2015-12-10,2019-12-10,6.3,"Mauricio Macri","Izquierda","Derecha",FALSE
"3224-BRA-ARG-43434",2018-11-30,2015,"Argentina","Michel Temmer",5.1,2015-12-10,2019-12-10,6.3,"Mauricio Macri","Derecha","Derecha",TRUE
"3531-BRA-ARG-43622",2019-06-06,2015,"Argentina","Jair Messias Bolsonaro",6.6,2015-12-10,2019-12-10,6.3,"Mauricio Macri","Derecha","Derecha",TRUE
"3531-BRA-ARG-43663",2019-07-17,2015,"Argentina","Jair Messias Bolsonaro",6.6,2015-12-10,2019-12-10,6.3,"Mauricio Macri","Derecha","Derecha",TRUE
"994-BRA-BOL-34965",1995-09-23,1995,"Bolivia","Fernando Henrique Cardoso1",4.78000020980835,1993-08-06,1997-08-06,5.90000009536743,"Gonzalo Sanchez de Lozada","Centro","Derecha",FALSE
"994-BRA-BOL-35406",1996-12-07,1995,"Bolivia","Fernando Henrique Cardoso1",4.78000020980835,1993-08-06,1997-08-06,5.90000009536743,"Gonzalo Sanchez de Lozada","Centro","Derecha",FALSE
"994-BRA-BOL-35902",1998-04-17,1995,"Bolivia","Fernando Henrique Cardoso1",4.78000020980835,1997-08-06,2001-08-06,6.5,"Hugo Banzer Suarez","Centro","Derecha",FALSE
"994-BRA-BOL-36200",1999-02-09,1995,"Bolivia","Fernando Henrique Cardoso2",4.78000020980835,1997-08-06,2001-08-06,6.5,"Hugo Banzer Suarez","Centro","Derecha",FALSE
"994-BRA-BOL-36868",2000-12-08,2000,"Bolivia","Fernando Henrique Cardoso2",4.78000020980835,1997-08-06,2001-08-06,6.5,"Hugo Banzer Suarez","Centro","Derecha",FALSE
"994-BRA-BOL-37069",2001-06-27,2000,"Bolivia","Fernando Henrique Cardoso2",4.78000020980835,1997-08-06,2001-08-06,6.5,"Hugo Banzer Suarez","Centro","Derecha",FALSE
"1780-BRA-BOL-37939",2003-11-14,2000,"Bolivia","Luiz Inacio Lula da Silva1",2.44000005722046,2003-10-17,2005-06-09,4.5,"Carlos Diego Mesa Gisbert","Izquierda","Centro",FALSE
"1780-BRA-BOL-38176",2004-07-09,2000,"Bolivia","Luiz Inacio Lula da Silva1",2.44000005722046,2003-10-17,2005-06-09,4.5,"Carlos Diego Mesa Gisbert","Izquierda","Centro",FALSE
"1780-BRA-BOL-38210",2004-08-11,2000,"Bolivia","Luiz Inacio Lula da Silva1",2.44000005722046,2003-10-17,2005-06-09,4.5,"Carlos Diego Mesa Gisbert","Izquierda","Centro",FALSE
"1780-BRA-BOL-38739",2006-01-22,2005,"Bolivia","Luiz Inacio Lula da Silva1",2.44000005722046,2006-01-22,2010-01-22,2.20000004768372,"Juan Evo Morales Ayma1","Izquierda","Izquierda",TRUE
"1780-BRA-BOL-39059",2006-12-08,2005,"Bolivia","Luiz Inacio Lula da Silva1",2.44000005722046,2006-01-22,2010-01-22,2.20000004768372,"Juan Evo Morales Ayma1","Izquierda","Izquierda",TRUE
"1780-BRA-BOL-39432",2007-12-16,2005,"Bolivia","Luiz Inacio Lula da Silva2",2.55999994277954,2006-01-22,2010-01-22,2.20000004768372,"Juan Evo Morales Ayma1","Izquierda","Izquierda",TRUE
"1780-BRA-BOL-39647",2008-07-18,2005,"Bolivia","Luiz Inacio Lula da Silva2",2.55999994277954,2006-01-22,2010-01-22,2.20000004768372,"Juan Evo Morales Ayma1","Izquierda","Izquierda",TRUE
"1780-BRA-BOL-39828",2009-01-15,2005,"Bolivia","Luiz Inacio Lula da Silva2",2.55999994277954,2006-01-22,2010-01-22,2.20000004768372,"Juan Evo Morales Ayma1","Izquierda","Izquierda",TRUE
"1780-BRA-BOL-40047",2009-08-22,2005,"Bolivia","Luiz Inacio Lula da Silva2",2.55999994277954,2006-01-22,2010-01-22,2.20000004768372,"Juan Evo Morales Ayma1","Izquierda","Izquierda",TRUE
"2652-BRA-BOL-42026",2015-01-22,2015,"Bolivia","Dilma Rousseff2",2.6,2015-01-22,2019-11-10,4,"Juan Evo Morales Ayma3","Izquierda","Centro",FALSE
"2652-BRA-BOL-42360",2015-12-22,2015,"Bolivia","Dilma Rousseff2",2.6,2015-01-22,2019-11-10,4,"Juan Evo Morales Ayma3","Izquierda","Centro",FALSE
"756-BRA-CHL-34404",1994-03-11,1990,"Chile","Itamar Augusto Cautiero Franco",4.44000005722046,1994-03-11,2000-03-11,4.1399998664856,"Eduardo Frei Ruiz-Tagle","Centro","Centro",TRUE
"994-BRA-CHL-34764",1995-03-06,1995,"Chile","Fernando Henrique Cardoso1",4.78000020980835,1994-03-11,2000-03-11,4.1399998664856,"Eduardo Frei Ruiz-Tagle","Centro","Centro",TRUE
"994-BRA-CHL-35378",1996-11-09,1995,"Chile","Fernando Henrique Cardoso1",4.78000020980835,1994-03-11,2000-03-11,4.1399998664856,"Eduardo Frei Ruiz-Tagle","Centro","Centro",TRUE
"994-BRA-CHL-35703",1997-09-30,1995,"Chile","Fernando Henrique Cardoso1",4.78000020980835,1994-03-11,2000-03-11,4.1399998664856,"Eduardo Frei Ruiz-Tagle","Centro","Centro",TRUE
"994-BRA-CHL-35903",1998-04-18,1995,"Chile","Fernando Henrique Cardoso1",4.78000020980835,1994-03-11,2000-03-11,4.1399998664856,"Eduardo Frei Ruiz-Tagle","Centro","Centro",TRUE
"994-BRA-CHL-36594",2000-03-10,2000,"Chile","Fernando Henrique Cardoso2",4.78000020980835,1994-03-11,2000-03-11,4.1399998664856,"Eduardo Frei Ruiz-Tagle","Centro","Centro",TRUE
"994-BRA-CHL-37119",2001-08-16,2000,"Chile","Fernando Henrique Cardoso2",4.78000020980835,2000-03-11,2006-03-11,3.5699999332428,"Ricardo Froilin Lagos Escobar","Centro","Centro",TRUE
"994-BRA-CHL-37332",2002-03-17,2000,"Chile","Fernando Henrique Cardoso2",4.78000020980835,2000-03-11,2006-03-11,3.5699999332428,"Ricardo Froilin Lagos Escobar","Centro","Centro",TRUE
"994-BRA-CHL-37394",2002-05-18,2000,"Chile","Fernando Henrique Cardoso2",4.78000020980835,2000-03-11,2006-03-11,3.5699999332428,"Ricardo Froilin Lagos Escobar","Centro","Centro",TRUE
"1780-BRA-CHL-37852",2003-08-19,2000,"Chile","Luiz Inacio Lula da Silva1",2.44000005722046,2000-03-11,2006-03-11,3.5699999332428,"Ricardo Froilin Lagos Escobar","Izquierda","Centro",FALSE
"1780-BRA-CHL-38221",2004-08-23,2000,"Chile","Luiz Inacio Lula da Silva1",2.44000005722046,2000-03-11,2006-03-11,3.5699999332428,"Ricardo Froilin Lagos Escobar","Izquierda","Centro",FALSE
"1780-BRA-CHL-38787",2006-03-11,2005,"Chile","Luiz Inacio Lula da Silva1",2.44000005722046,2006-03-11,2010-03-11,2.85999989509583,"Veronica Michelle Bachelet Jeria","Izquierda","Izquierda",TRUE
"1780-BRA-CHL-39197",2007-04-25,2005,"Chile","Luiz Inacio Lula da Silva2",2.55999994277954,2006-03-11,2010-03-11,2.85999989509583,"Veronica Michelle Bachelet Jeria","Izquierda","Izquierda",TRUE
"1780-BRA-CHL-39394",2007-11-08,2005,"Chile","Luiz Inacio Lula da Silva2",2.55999994277954,2006-03-11,2010-03-11,2.85999989509583,"Veronica Michelle Bachelet Jeria","Izquierda","Izquierda",TRUE
"1780-BRA-CHL-39493",2008-02-15,2005,"Chile","Luiz Inacio Lula da Silva2",2.55999994277954,2006-03-11,2010-03-11,2.85999989509583,"Veronica Michelle Bachelet Jeria","Izquierda","Izquierda",TRUE
"1780-BRA-CHL-39706",2008-09-15,2005,"Chile","Luiz Inacio Lula da Silva2",2.55999994277954,2006-03-11,2010-03-11,2.85999989509583,"Veronica Michelle Bachelet Jeria","Izquierda","Izquierda",TRUE
"1780-BRA-CHL-39899",2009-03-27,2005,"Chile","Luiz Inacio Lula da Silva2",2.55999994277954,2006-03-11,2010-03-11,2.85999989509583,"Veronica Michelle Bachelet Jeria","Izquierda","Izquierda",TRUE
"1780-BRA-CHL-40238",2010-03-01,2010,"Chile","Luiz Inacio Lula da Silva2",2.55999994277954,2006-03-11,2010-03-11,2.85999989509583,"Veronica Michelle Bachelet Jeria","Izquierda","Izquierda",TRUE
"2652-BRA-CHL-41300",2013-01-26,2010,"Chile","Dilma Rousseff",3,2010-03-11,2014-03-11,5.69999980926514,"Sebastian Pinera","Centro","Derecha",FALSE
"2652-BRA-CHL-41709",2014-03-10,2010,"Chile","Dilma Rousseff",3,2010-03-11,2014-03-11,5.69999980926514,"Sebastian Pinera","Centro","Derecha",FALSE
"2652-BRA-CHL-42426",2016-02-26,2015,"Chile","Dilma Rousseff2",2.6,2014-03-11,2018-03-11,2.9,"Michelle Bachelet","Izquierda","Izquierda",TRUE
"3224-BRA-CHL-43142",2018-02-11,2015,"Chile","Michel Temmer",5.1,2014-03-11,2018-03-11,2.9,"Michelle Bachelet","Derecha","Izquierda",FALSE
"3224-BRA-CHL-43425",2018-11-21,2015,"Chile","Michel Temmer",5.1,2018-03-11,2022-03-11,5.81,"Sebastián Piñera2","Derecha","Derecha",TRUE
"3531-BRA-CHL-43546",2019-03-22,2015,"Chile","Jair Messias Bolsonaro",6.6,2018-03-11,2022-03-11,5.81,"Sebastián Piñera2","Derecha","Derecha",TRUE
"756-BRA-COL-34356",1994-01-22,1990,"Colombia","Itamar Augusto Cautiero Franco",4.44000005722046,1990-08-07,1994-08-07,5.42999982833862,"Cesar Augusto Gaviria Trujillo","Centro","Derecha",FALSE
"756-BRA-COL-34499",1994-06-14,1990,"Colombia","Itamar Augusto Cautiero Franco",4.44000005722046,1990-08-07,1994-08-07,5.42999982833862,"Cesar Augusto Gaviria Trujillo","Centro","Derecha",FALSE
"994-BRA-COL-35740",1997-11-07,1995,"Colombia","Fernando Henrique Cardoso1",4.78000020980835,1994-08-07,1998-08-07,4.1399998664856,"Ernesto Samper Pizano","Centro","Centro",TRUE
"994-BRA-COL-36441",1999-10-08,1995,"Colombia","Fernando Henrique Cardoso2",4.78000020980835,1998-08-07,2002-08-07,6,"Andres Pastrana Arango","Centro","Derecha",FALSE
"994-BRA-COL-36692",2000-06-15,2000,"Colombia","Fernando Henrique Cardoso2",4.78000020980835,1998-08-07,2002-08-07,6,"Andres Pastrana Arango","Centro","Derecha",FALSE
"1780-BRA-COL-37799",2003-06-27,2000,"Colombia","Luiz Inacio Lula da Silva1",2.44000005722046,2002-08-07,2006-08-07,6.8600001335144,"Alvaro Uribe Velez1","Izquierda","Derecha",FALSE
"1780-BRA-COL-37880",2003-09-16,2000,"Colombia","Luiz Inacio Lula da Silva1",2.44000005722046,2002-08-07,2006-08-07,6.8600001335144,"Alvaro Uribe Velez1","Izquierda","Derecha",FALSE
"1780-BRA-COL-38371",2005-01-19,2005,"Colombia","Luiz Inacio Lula da Silva1",2.44000005722046,2002-08-07,2006-08-07,6.8600001335144,"Alvaro Uribe Velez1","Izquierda","Derecha",FALSE
"1780-BRA-COL-38699",2005-12-13,2005,"Colombia","Luiz Inacio Lula da Silva1",2.44000005722046,2002-08-07,2006-08-07,6.8600001335144,"Alvaro Uribe Velez1","Izquierda","Derecha",FALSE
"1780-BRA-COL-39648",2008-07-19,2005,"Colombia","Luiz Inacio Lula da Silva2",2.55999994277954,2006-08-07,2010-08-07,6.8600001335144,"Alvaro Uribe Velez2","Izquierda","Derecha",FALSE
"1780-BRA-COL-40396",2010-08-06,2010,"Colombia","Luiz Inacio Lula da Silva2",2.55999994277954,2006-08-07,2010-08-07,6.8600001335144,"Alvaro Uribe Velez2","Izquierda","Derecha",FALSE
"2652-BRA-COL-41013",2012-04-14,2010,"Colombia","Dilma Rousseff",3,2010-08-07,2014-08-07,4.57000017166138,"Juan Manuel Santos Calderon","Centro","Centro",TRUE
"2652-BRA-COL-42286",2015-10-09,2015,"Colombia","Dilma Rousseff2",2.6,2014-08-07,2018-08-07,5,"Juan Manuel Santos Calderon2","Izquierda","Derecha",FALSE
"994-BRA-ECU-36364",1999-07-23,1995,"Ecuador","Fernando Henrique Cardoso2",4.78000020980835,1998-08-10,2000-01-21,6.17000007629395,"Jorge Jamil Mahuad Witt","Centro","Derecha",FALSE
"994-BRA-ECU-37164",2001-09-30,2000,"Ecuador","Fernando Henrique Cardoso2",4.78000020980835,2000-01-22,2003-01-15,6.32999992370605,"Gustavo Jose Joaquin Noboa Bejarano","Centro","Derecha",FALSE
"994-BRA-ECU-37463",2002-07-26,2000,"Ecuador","Fernando Henrique Cardoso2",4.78000020980835,2000-01-22,2003-01-15,6.32999992370605,"Gustavo Jose Joaquin Noboa Bejarano","Centro","Derecha",FALSE
"1780-BRA-ECU-37636",2003-01-15,2000,"Ecuador","Luiz Inacio Lula da Silva1",2.44000005722046,2003-01-15,2005-04-20,5.32999992370605,"Lucio Edwin Gutierrez Borba","Izquierda","Derecha",FALSE
"1780-BRA-ECU-38223",2004-08-24,2000,"Ecuador","Luiz Inacio Lula da Silva1",2.44000005722046,2003-01-15,2005-04-20,5.32999992370605,"Lucio Edwin Gutierrez Borba","Izquierda","Derecha",FALSE
"1780-BRA-ECU-39097",2007-01-15,2005,"Ecuador","Luiz Inacio Lula da Silva2",2.55999994277954,2007-01-15,2009-08-10,1.83000004291534,"Rafael Vicente Correa Delgado1","Izquierda","Izquierda",TRUE
"1780-BRA-ECU-40034",2009-08-09,2005,"Ecuador","Luiz Inacio Lula da Silva2",2.55999994277954,2007-01-15,2009-08-10,1.83000004291534,"Rafael Vicente Correa Delgado1","Izquierda","Izquierda",TRUE
"2652-BRA-ECU-41977",2014-12-04,2010,"Ecuador","Dilma Rousseff",3,2013-05-24,2017-05-24,3.5,"Rafael Vicente Correa Delgado3","Centro","Centro",TRUE
"2652-BRA-ECU-42395",2016-01-27,2015,"Ecuador","Dilma Rousseff2",2.6,2013-05-24,2017-05-24,3.5,"Rafael Vicente Correa Delgado3","Izquierda","Centro",FALSE
"3531-BRA-ECU-44339",2021-05-23,2020,"Ecuador","Jair Messias Bolsonaro",6.6,2017-05-24,2021-05-24,6,"Lenín Moreno Garcés","Derecha","Derecha",TRUE
"994-BRA-PRY-34916",1995-08-05,1995,"Paraguay","Fernando Henrique Cardoso1",4.78000020980835,1993-08-15,1998-08-15,5.75,"Juan Carlos Maria Wasmosy Monti","Centro","Derecha",FALSE
"994-BRA-PRY-35242",1996-06-26,1995,"Paraguay","Fernando Henrique Cardoso1",4.78000020980835,1993-08-15,1998-08-15,5.75,"Juan Carlos Maria Wasmosy Monti","Centro","Derecha",FALSE
"994-BRA-PRY-35600",1997-06-19,1995,"Paraguay","Fernando Henrique Cardoso1",4.78000020980835,1993-08-15,1998-08-15,5.75,"Juan Carlos Maria Wasmosy Monti","Centro","Derecha",FALSE
"994-BRA-PRY-36021",1998-08-14,1995,"Paraguay","Fernando Henrique Cardoso1",4.78000020980835,1993-08-15,1998-08-15,5.75,"Juan Carlos Maria Wasmosy Monti","Centro","Derecha",FALSE
"994-BRA-PRY-37063",2001-06-21,2000,"Paraguay","Fernando Henrique Cardoso2",4.78000020980835,1999-03-28,2003-08-15,5.75,"Luis Angel Gonzalez Macchi","Centro","Derecha",FALSE
"1780-BRA-PRY-37789",2003-06-17,2000,"Paraguay","Luiz Inacio Lula da Silva1",2.44000005722046,1999-03-28,2003-08-15,5.75,"Luis Angel Gonzalez Macchi","Izquierda","Derecha",FALSE
"1780-BRA-PRY-37847",2003-08-14,2000,"Paraguay","Luiz Inacio Lula da Silva1",2.44000005722046,1999-03-28,2003-08-15,5.75,"Luis Angel Gonzalez Macchi","Izquierda","Derecha",FALSE
"1780-BRA-PRY-37908",2003-10-14,2000,"Paraguay","Luiz Inacio Lula da Silva1",2.44000005722046,2003-08-15,2008-08-15,3.79999995231628,"Oscar Nicanor Duarte Frutos","Izquierda","Centro",FALSE
"1780-BRA-PRY-38212",2004-08-13,2000,"Paraguay","Luiz Inacio Lula da Silva1",2.44000005722046,2003-08-15,2008-08-15,3.79999995231628,"Oscar Nicanor Duarte Frutos","Izquierda","Centro",FALSE
"1780-BRA-PRY-38522",2005-06-19,2005,"Paraguay","Luiz Inacio Lula da Silva1",2.44000005722046,2003-08-15,2008-08-15,3.79999995231628,"Oscar Nicanor Duarte Frutos","Izquierda","Centro",FALSE
"1780-BRA-PRY-39192",2007-04-20,2005,"Paraguay","Luiz Inacio Lula da Silva2",2.55999994277954,2003-08-15,2008-08-15,3.79999995231628,"Oscar Nicanor Duarte Frutos","Izquierda","Centro",FALSE
"1780-BRA-PRY-39222",2007-05-20,2005,"Paraguay","Luiz Inacio Lula da Silva2",2.55999994277954,2003-08-15,2008-08-15,3.79999995231628,"Oscar Nicanor Duarte Frutos","Izquierda","Centro",FALSE
"1780-BRA-PRY-39261",2007-06-28,2005,"Paraguay","Luiz Inacio Lula da Silva2",2.55999994277954,2003-08-15,2008-08-15,3.79999995231628,"Oscar Nicanor Duarte Frutos","Izquierda","Centro",FALSE
"1780-BRA-PRY-39674",2008-08-14,2005,"Paraguay","Luiz Inacio Lula da Silva2",2.55999994277954,2003-08-15,2008-08-15,3.79999995231628,"Oscar Nicanor Duarte Frutos","Izquierda","Centro",FALSE
"1780-BRA-PRY-40018",2009-07-24,2005,"Paraguay","Luiz Inacio Lula da Silva2",2.55999994277954,2008-08-15,2012-06-22,2.59999990463257,"Fernando Armindo Lugo Mendez","Izquierda","Izquierda",TRUE
"1780-BRA-PRY-40389",2010-07-30,2010,"Paraguay","Luiz Inacio Lula da Silva2",2.55999994277954,2008-08-15,2012-06-22,2.59999990463257,"Fernando Armindo Lugo Mendez","Izquierda","Izquierda",TRUE
"2652-BRA-PRY-40722",2011-06-28,2010,"Paraguay","Dilma Rousseff",3,2008-08-15,2012-06-22,2.59999990463257,"Fernando Armindo Lugo Mendez","Centro","Izquierda",FALSE
"3224-BRA-PRY-43269",2018-06-18,2015,"Paraguay","Michel Temmer",5.1,2013-08-15,2018-08-15,5.59999990463257,"Horacio Manuel Cartes Jara","Derecha","Derecha",TRUE
"3224-BRA-PRY-43455",2018-12-21,2015,"Paraguay","Michel Temmer",5.1,2018-08-15,2023-08-15,6.6,"Mario Abdo Beníte","Derecha","Derecha",TRUE
"994-BRA-PER-34907",1995-07-28,1995,"Peru","Fernando Henrique Cardoso1",4.78000020980835,1995-07-28,2000-07-28,5.44000005722046,"Alberto Kenya Fujimori Fujimori2","Centro","Derecha",FALSE
"994-BRA-PER-36361",1999-07-20,1995,"Peru","Fernando Henrique Cardoso2",4.78000020980835,1995-07-28,2000-07-28,5.44000005722046,"Alberto Kenya Fujimori Fujimori2","Centro","Derecha",FALSE
"994-BRA-PER-37218",2001-11-23,2000,"Peru","Fernando Henrique Cardoso2",4.78000020980835,2001-07-28,2006-07-28,4.67000007629395,"Alejandro Celestino Toledo Manrique","Centro","Centro",TRUE
"1780-BRA-PER-37763",2003-05-22,2000,"Peru","Luiz Inacio Lula da Silva1",2.44000005722046,2001-07-28,2006-07-28,4.67000007629395,"Alejandro Celestino Toledo Manrique","Izquierda","Centro",FALSE
"1780-BRA-PER-37857",2003-08-24,2000,"Peru","Luiz Inacio Lula da Silva1",2.44000005722046,2001-07-28,2006-07-28,4.67000007629395,"Alejandro Celestino Toledo Manrique","Izquierda","Centro",FALSE
"1780-BRA-PER-38329",2004-12-08,2000,"Peru","Luiz Inacio Lula da Silva1",2.44000005722046,2001-07-28,2006-07-28,4.67000007629395,"Alejandro Celestino Toledo Manrique","Izquierda","Centro",FALSE
"1780-BRA-PER-38603",2005-09-08,2005,"Peru","Luiz Inacio Lula da Silva1",2.44000005722046,2001-07-28,2006-07-28,4.67000007629395,"Alejandro Celestino Toledo Manrique","Izquierda","Centro",FALSE
"1780-BRA-PER-38925",2006-07-27,2005,"Peru","Luiz Inacio Lula da Silva1",2.44000005722046,2001-07-28,2006-07-28,4.67000007629395,"Alejandro Celestino Toledo Manrique","Izquierda","Centro",FALSE
"1780-BRA-PER-39583",2008-05-15,2005,"Peru","Luiz Inacio Lula da Silva2",2.55999994277954,2006-07-28,2011-07-28,5.67000007629395,"Alan Gabriel Ludwig Garcia Perez2","Izquierda","Derecha",FALSE
"1780-BRA-PER-40157",2009-12-10,2005,"Peru","Luiz Inacio Lula da Silva2",2.55999994277954,2006-07-28,2011-07-28,5.67000007629395,"Alan Gabriel Ludwig Garcia Perez2","Izquierda","Derecha",FALSE
"1780-BRA-PER-40522",2010-12-10,2010,"Peru","Luiz Inacio Lula da Silva2",2.55999994277954,2006-07-28,2011-07-28,5.67000007629395,"Alan Gabriel Ludwig Garcia Perez2","Izquierda","Derecha",FALSE
"2652-BRA-PER-40752",2011-07-28,2010,"Peru","Dilma Rousseff",3,2011-07-28,2016-07-28,4.55999994277954,"Ollanta Moises Humala Tasso","Centro","Centro",TRUE
"2652-BRA-PER-41184",2012-10-02,2010,"Peru","Dilma Rousseff",3,2011-07-28,2016-07-28,4.55999994277954,"Ollanta Moises Humala Tasso","Centro","Centro",TRUE
"2652-BRA-PER-41382",2013-04-18,2010,"Peru","Dilma Rousseff",3,2011-07-28,2016-07-28,4.55999994277954,"Ollanta Moises Humala Tasso","Centro","Centro",TRUE
"2652-BRA-PER-41589",2013-11-11,2010,"Peru","Dilma Rousseff",3,2011-07-28,2016-07-28,4.55999994277954,"Ollanta Moises Humala Tasso","Centro","Centro",TRUE
"3224-BRA-PER-43203",2018-04-13,2015,"Peru","Michel Temmer",5.1,2018-03-23,2020-11-09,4.5,"Martín Vizcarra","Derecha","Centro",FALSE
"756-BRA-URY-34351",1994-01-17,1990,"Uruguay","Itamar Augusto Cautiero Franco",4.44000005722046,1990-03-01,1995-03-01,5.3600001335144,"Luis Alberto Lacalle de Herrera","Centro","Derecha",FALSE
"994-BRA-URY-34759",1995-03-01,1995,"Uruguay","Fernando Henrique Cardoso1",4.78000020980835,1995-03-01,2000-03-01,4.82000017166138,"Julio Maria Sanguinetti Coirolo2","Centro","Centro",TRUE
"994-BRA-URY-35039",1995-12-06,1995,"Uruguay","Fernando Henrique Cardoso1",4.78000020980835,1995-03-01,2000-03-01,4.82000017166138,"Julio Maria Sanguinetti Coirolo2","Centro","Centro",TRUE
"994-BRA-URY-35554",1997-05-04,1995,"Uruguay","Fernando Henrique Cardoso1",4.78000020980835,1995-03-01,2000-03-01,4.82000017166138,"Julio Maria Sanguinetti Coirolo2","Centro","Centro",TRUE
"994-BRA-URY-35778",1997-12-14,1995,"Uruguay","Fernando Henrique Cardoso1",4.78000020980835,1995-03-01,2000-03-01,4.82000017166138,"Julio Maria Sanguinetti Coirolo2","Centro","Centro",TRUE
"994-BRA-URY-36501",1999-12-07,1995,"Uruguay","Fernando Henrique Cardoso2",4.78000020980835,1995-03-01,2000-03-01,4.82000017166138,"Julio Maria Sanguinetti Coirolo2","Centro","Centro",TRUE
"994-BRA-URY-37245",2001-12-20,2000,"Uruguay","Fernando Henrique Cardoso2",4.78000020980835,2000-03-01,2005-03-01,5.44999980926514,"Jorge Luis Batlle Ibanez","Centro","Derecha",FALSE
"994-BRA-URY-37488",2002-08-20,2000,"Uruguay","Fernando Henrique Cardoso2",4.78000020980835,2000-03-01,2005-03-01,5.44999980926514,"Jorge Luis Batlle Ibanez","Centro","Derecha",FALSE
"1780-BRA-URY-37970",2003-12-15,2000,"Uruguay","Luiz Inacio Lula da Silva1",2.44000005722046,2000-03-01,2005-03-01,5.44999980926514,"Jorge Luis Batlle Ibanez","Izquierda","Derecha",FALSE
"1780-BRA-URY-38412",2005-03-01,2005,"Uruguay","Luiz Inacio Lula da Silva1",2.44000005722046,2005-03-01,2010-03-01,3,"Tabare Ramon Vazquez Rosas","Izquierda","Centro",FALSE
"1780-BRA-URY-38694",2005-12-08,2005,"Uruguay","Luiz Inacio Lula da Silva1",2.44000005722046,2005-03-01,2010-03-01,3,"Tabare Ramon Vazquez Rosas","Izquierda","Centro",FALSE
"1780-BRA-URY-39108",2007-01-26,2005,"Uruguay","Luiz Inacio Lula da Silva2",2.55999994277954,2005-03-01,2010-03-01,3,"Tabare Ramon Vazquez Rosas","Izquierda","Centro",FALSE
"1780-BRA-URY-39433",2007-12-17,2005,"Uruguay","Luiz Inacio Lula da Silva2",2.55999994277954,2005-03-01,2010-03-01,3,"Tabare Ramon Vazquez Rosas","Izquierda","Centro",FALSE
"1780-BRA-URY-40155",2009-12-08,2005,"Uruguay","Luiz Inacio Lula da Silva2",2.55999994277954,2005-03-01,2010-03-01,3,"Tabare Ramon Vazquez Rosas","Izquierda","Centro",FALSE
"1780-BRA-URY-40238",2010-03-01,2010,"Uruguay","Luiz Inacio Lula da Silva2",2.55999994277954,2010-03-01,2015-03-01,2.5,"Jose Alberto Mujica Cordano","Izquierda","Izquierda",TRUE
"1780-BRA-URY-40302",2010-05-04,2010,"Uruguay","Luiz Inacio Lula da Silva2",2.55999994277954,2010-03-01,2015-03-01,2.5,"Jose Alberto Mujica Cordano","Izquierda","Izquierda",TRUE
"1780-BRA-URY-40389",2010-07-30,2010,"Uruguay","Luiz Inacio Lula da Silva2",2.55999994277954,2010-03-01,2015-03-01,2.5,"Jose Alberto Mujica Cordano","Izquierda","Izquierda",TRUE
"1780-BRA-URY-40519",2010-12-07,2010,"Uruguay","Luiz Inacio Lula da Silva2",2.55999994277954,2010-03-01,2015-03-01,2.5,"Jose Alberto Mujica Cordano","Izquierda","Izquierda",TRUE
"2652-BRA-URY-40693",2011-05-30,2010,"Uruguay","Dilma Rousseff",3,2010-03-01,2015-03-01,2.5,"Jose Alberto Mujica Cordano","Centro","Izquierda",FALSE
"2652-BRA-URY-40897",2011-12-20,2010,"Uruguay","Dilma Rousseff",3,2010-03-01,2015-03-01,2.5,"Jose Alberto Mujica Cordano","Centro","Izquierda",FALSE
"2652-BRA-URY-41466",2013-07-11,2010,"Uruguay","Dilma Rousseff",3,2010-03-01,2015-03-01,2.5,"Jose Alberto Mujica Cordano","Centro","Izquierda",FALSE
"2652-BRA-URY-42063",2015-02-28,2015,"Uruguay","Dilma Rousseff2",2.6,2010-03-01,2015-03-01,2.5,"Jose Alberto Mujica Cordano","Izquierda","Izquierda",TRUE
"3224-BRA-URY-43452",2018-12-18,2015,"Uruguay","Michel Temmer",5.1,2015-03-01,2020-03-01,2.83,"Tabaré Vázquez","Derecha","Izquierda",FALSE
"3531-BRA-URY-43891",2020-03-01,2020,"Uruguay","Jair Messias Bolsonaro",6.6,2020-03-01,2025-03-01,5.83,"Luis Alberto Lacalle Pou","Derecha","Derecha",TRUE
"756-BRA-VEN-34396",1994-03-04,1990,"Venezuela","Itamar Augusto Cautiero Franco",4.44000005722046,1994-02-02,1999-02-02,4.13000011444092,"Rafael Antonio Caldera Rodriguez","Centro","Centro",TRUE
"994-BRA-VEN-34884",1995-07-04,1995,"Venezuela","Fernando Henrique Cardoso1",4.78000020980835,1994-02-02,1999-02-02,4.13000011444092,"Rafael Antonio Caldera Rodriguez","Centro","Centro",TRUE
"994-BRA-VEN-35741",1997-11-07,1995,"Venezuela","Fernando Henrique Cardoso1",4.78000020980835,1994-02-02,1999-02-02,4.13000011444092,"Rafael Antonio Caldera Rodriguez","Centro","Centro",TRUE
"994-BRA-VEN-36122",1998-11-23,1995,"Venezuela","Fernando Henrique Cardoso1",4.78000020980835,1994-02-02,1999-02-02,4.13000011444092,"Rafael Antonio Caldera Rodriguez","Centro","Centro",TRUE
"994-BRA-VEN-36622",2000-04-06,2000,"Venezuela","Fernando Henrique Cardoso2",4.78000020980835,1999-02-02,2000-08-19,2.13000011444092,"Hugo Chavez1","Centro","Izquierda",FALSE
"994-BRA-VEN-37116",2001-08-12,2000,"Venezuela","Fernando Henrique Cardoso2",4.78000020980835,2000-08-19,2007-01-10,1.62999999523163,"Hugo Chavez2","Centro","Izquierda",FALSE
"1780-BRA-VEN-37858",2003-08-26,2000,"Venezuela","Luiz Inacio Lula da Silva1",2.44000005722046,2000-08-19,2007-01-10,1.62999999523163,"Hugo Chavez2","Izquierda","Izquierda",TRUE
"1780-BRA-VEN-38043",2004-02-26,2000,"Venezuela","Luiz Inacio Lula da Silva1",2.44000005722046,2000-08-19,2007-01-10,1.62999999523163,"Hugo Chavez2","Izquierda","Izquierda",TRUE
"1780-BRA-VEN-38365",2005-01-13,2005,"Venezuela","Luiz Inacio Lula da Silva1",2.44000005722046,2000-08-19,2007-01-10,1.62999999523163,"Hugo Chavez2","Izquierda","Izquierda",TRUE
"1780-BRA-VEN-38396",2005-02-13,2005,"Venezuela","Luiz Inacio Lula da Silva1",2.44000005722046,2000-08-19,2007-01-10,1.62999999523163,"Hugo Chavez2","Izquierda","Izquierda",TRUE
"1780-BRA-VEN-38440",2005-03-29,2005,"Venezuela","Luiz Inacio Lula da Silva1",2.44000005722046,2000-08-19,2007-01-10,1.62999999523163,"Hugo Chavez2","Izquierda","Izquierda",TRUE
"1780-BRA-VEN-38902",2006-07-04,2005,"Venezuela","Luiz Inacio Lula da Silva1",2.44000005722046,2000-08-19,2007-01-10,1.62999999523163,"Hugo Chavez2","Izquierda","Izquierda",TRUE
"1780-BRA-VEN-39033",2006-11-12,2005,"Venezuela","Luiz Inacio Lula da Silva1",2.44000005722046,2000-08-19,2007-01-10,1.62999999523163,"Hugo Chavez2","Izquierda","Izquierda",TRUE
"1780-BRA-VEN-39188",2007-04-16,2005,"Venezuela","Luiz Inacio Lula da Silva2",2.55999994277954,2007-01-10,2013-03-05,1.25,"Hugo Chavez3","Izquierda","Izquierda",TRUE
"1780-BRA-VEN-39429",2007-12-13,2005,"Venezuela","Luiz Inacio Lula da Silva2",2.55999994277954,2007-01-10,2013-03-05,1.25,"Hugo Chavez3","Izquierda","Izquierda",TRUE
"1780-BRA-VEN-39626",2008-06-27,2005,"Venezuela","Luiz Inacio Lula da Silva2",2.55999994277954,2007-01-10,2013-03-05,1.25,"Hugo Chavez3","Izquierda","Izquierda",TRUE
"1780-BRA-VEN-39828",2009-01-15,2005,"Venezuela","Luiz Inacio Lula da Silva2",2.55999994277954,2007-01-10,2013-03-05,1.25,"Hugo Chavez3","Izquierda","Izquierda",TRUE
"1780-BRA-VEN-40081",2009-09-25,2005,"Venezuela","Luiz Inacio Lula da Silva2",2.55999994277954,2007-01-10,2013-03-05,1.25,"Hugo Chavez3","Izquierda","Izquierda",TRUE
"1780-BRA-VEN-40115",2009-10-29,2005,"Venezuela","Luiz Inacio Lula da Silva2",2.55999994277954,2007-01-10,2013-03-05,1.25,"Hugo Chavez3","Izquierda","Izquierda",TRUE
"1780-BRA-VEN-40396",2010-08-06,2010,"Venezuela","Luiz Inacio Lula da Silva2",2.55999994277954,2007-01-10,2013-03-05,1.25,"Hugo Chavez3","Izquierda","Izquierda",TRUE
"2652-BRA-VEN-40878",2011-12-02,2010,"Venezuela","Dilma Rousseff",3,2007-01-10,2013-03-05,1.25,"Hugo Chavez3","Centro","Izquierda",FALSE
"2652-BRA-VEN-41383",2013-04-19,2010,"Venezuela","Dilma Rousseff",3,2013-04-19,2019-01-10,1.37999999523163,"Nicolas Maduro Moros","Centro","Izquierda",FALSE
"2652-BRA-VEN-41849",2014-07-29,2010,"Venezuela","Dilma Rousseff",3,2013-04-19,2019-01-10,1.37999999523163,"Nicolas Maduro Moros","Centro","Izquierda",FALSE
"907-CHL-ARG-34618",1994-10-11,1990,"Argentina","Eduardo Frei Ruiz-Tagle",4.1399998664856,1989-07-08,1995-07-08,6.09999990463257,"Carlos Saul Menem1","Centro","Derecha",FALSE
"907-CHL-ARG-34887",1995-07-07,1995,"Argentina","Eduardo Frei Ruiz-Tagle",4.1399998664856,1989-07-08,1995-07-08,6.09999990463257,"Carlos Saul Menem1","Centro","Derecha",FALSE
"907-CHL-ARG-34988",1995-10-16,1995,"Argentina","Eduardo Frei Ruiz-Tagle",4.1399998664856,1995-07-08,1999-12-10,6.30000019073486,"Carlos Saul Menem2","Centro","Derecha",FALSE
"907-CHL-ARG-35007",1995-11-04,1995,"Argentina","Eduardo Frei Ruiz-Tagle",4.1399998664856,1995-07-08,1999-12-10,6.30000019073486,"Carlos Saul Menem2","Centro","Derecha",FALSE
"907-CHL-ARG-35179",1996-04-24,1995,"Argentina","Eduardo Frei Ruiz-Tagle",4.1399998664856,1995-07-08,1999-12-10,6.30000019073486,"Carlos Saul Menem2","Centro","Derecha",FALSE
"907-CHL-ARG-35239",1996-06-23,1995,"Argentina","Eduardo Frei Ruiz-Tagle",4.1399998664856,1995-07-08,1999-12-10,6.30000019073486,"Carlos Saul Menem2","Centro","Derecha",FALSE
"907-CHL-ARG-35649",1997-08-07,1995,"Argentina","Eduardo Frei Ruiz-Tagle",4.1399998664856,1995-07-08,1999-12-10,6.30000019073486,"Carlos Saul Menem2","Centro","Derecha",FALSE
"907-CHL-ARG-35999",1998-07-23,1995,"Argentina","Eduardo Frei Ruiz-Tagle",4.1399998664856,1995-07-08,1999-12-10,6.30000019073486,"Carlos Saul Menem2","Centro","Derecha",FALSE
"907-CHL-ARG-36144",1998-12-15,1995,"Argentina","Eduardo Frei Ruiz-Tagle",4.1399998664856,1995-07-08,1999-12-10,6.30000019073486,"Carlos Saul Menem2","Centro","Derecha",FALSE
"907-CHL-ARG-36207",1999-02-16,1995,"Argentina","Eduardo Frei Ruiz-Tagle",4.1399998664856,1995-07-08,1999-12-10,6.30000019073486,"Carlos Saul Menem2","Centro","Derecha",FALSE
"1516-CHL-ARG-36663",2000-05-17,2000,"Argentina","Ricardo Froilin Lagos Escobar",3.5699999332428,1999-12-10,2001-12-20,5.90000009536743,"Fernando de la Rua","Centro","Derecha",FALSE
"1516-CHL-ARG-37305",2002-02-18,2000,"Argentina","Ricardo Froilin Lagos Escobar",3.5699999332428,2002-01-01,2003-05-25,4.59999990463257,"Eduardo Alberto Duhalde","Centro","Centro",TRUE
"1516-CHL-ARG-37441",2002-07-04,2000,"Argentina","Ricardo Froilin Lagos Escobar",3.5699999332428,2002-01-01,2003-05-25,4.59999990463257,"Eduardo Alberto Duhalde","Centro","Centro",TRUE
"1516-CHL-ARG-37860",2003-08-27,2000,"Argentina","Ricardo Froilin Lagos Escobar",3.5699999332428,2003-05-25,2007-12-10,2.79999995231628,"Nestor Carlos Kirchner","Centro","Izquierda",FALSE
"1516-CHL-ARG-38660",2005-11-04,2005,"Argentina","Ricardo Froilin Lagos Escobar",3.5699999332428,2003-05-25,2007-12-10,2.79999995231628,"Nestor Carlos Kirchner","Centro","Izquierda",FALSE
"2134-CHL-ARG-38797",2006-03-21,2005,"Argentina","Veronica Michelle Bachelet Jeria",2.85999989509583,2003-05-25,2007-12-10,2.79999995231628,"Nestor Carlos Kirchner","Izquierda","Izquierda",TRUE
"2134-CHL-ARG-38918",2006-07-20,2005,"Argentina","Veronica Michelle Bachelet Jeria",2.85999989509583,2003-05-25,2007-12-10,2.79999995231628,"Nestor Carlos Kirchner","Izquierda","Izquierda",TRUE
"2134-CHL-ARG-39425",2007-12-09,2005,"Argentina","Veronica Michelle Bachelet Jeria",2.85999989509583,2003-05-25,2007-12-10,2.79999995231628,"Nestor Carlos Kirchner","Izquierda","Izquierda",TRUE
"2134-CHL-ARG-39726",2008-10-05,2005,"Argentina","Veronica Michelle Bachelet Jeria",2.85999989509583,2007-12-10,2011-12-10,2.5,"Cristina Fernandez1","Izquierda","Izquierda",TRUE
"2134-CHL-ARG-40235",2010-02-26,2010,"Argentina","Veronica Michelle Bachelet Jeria",2.85999989509583,2007-12-10,2011-12-10,2.5,"Cristina Fernandez1","Izquierda","Izquierda",TRUE
"2556-CHL-ARG-40276",2010-04-08,2010,"Argentina","Sebastian Pinera",5.69999980926514,2007-12-10,2011-12-10,2.5,"Cristina Fernandez1","Derecha","Izquierda",FALSE
"2556-CHL-ARG-41088",2012-06-28,2010,"Argentina","Sebastian Pinera",5.69999980926514,2011-12-10,2015-12-10,1.89999997615814,"Cristina Fernandez2","Derecha","Izquierda",FALSE
"2134-CHL-ARG-41771",2014-05-12,2010,"Argentina","Michelle Bachelet",2.9,2011-12-10,2015-12-10,1.89999997615814,"Cristina Fernandez2","Izquierda","Izquierda",TRUE
"2134-CHL-ARG-42936",2017-07-20,2015,"Argentina","Michelle Bachelet",2.9,2015-12-10,2019-12-10,6.3,"Mauricio Macri","Izquierda","Derecha",FALSE
"2556-CHL-ARG-43216",2018-04-25,2015,"Argentina","Sebastián Piñera2",5.81,2015-12-10,2019-12-10,6.3,"Mauricio Macri","Derecha","Derecha",TRUE
"2556-CHL-ARG-43434",2018-11-30,2015,"Argentina","Sebastián Piñera2",5.81,2015-12-10,2019-12-10,6.3,"Mauricio Macri","Derecha","Derecha",TRUE
"2556-CHL-ARG-43544",2019-03-20,2015,"Argentina","Sebastián Piñera2",5.81,2015-12-10,2019-12-10,6.3,"Mauricio Macri","Derecha","Derecha",TRUE
"2556-CHL-ARG-43663",2019-07-17,2015,"Argentina","Sebastián Piñera2",5.81,2015-12-10,2019-12-10,6.3,"Mauricio Macri","Derecha","Derecha",TRUE
"2556-CHL-ARG-43738",2019-09-30,2015,"Argentina","Sebastián Piñera2",5.81,2015-12-10,2019-12-10,6.3,"Mauricio Macri","Derecha","Derecha",TRUE
"907-CHL-BOL-35310",1996-09-02,1995,"Bolivia","Eduardo Frei Ruiz-Tagle",4.1399998664856,1993-08-06,1997-08-06,5.90000009536743,"Gonzalo Sanchez de Lozada","Centro","Derecha",FALSE
"1516-CHL-BOL-37939",2003-11-14,2000,"Bolivia","Ricardo Froilin Lagos Escobar",3.5699999332428,2003-10-17,2005-06-09,4.5,"Carlos Diego Mesa Gisbert","Centro","Centro",TRUE
"1516-CHL-BOL-38739",2006-01-22,2005,"Bolivia","Ricardo Froilin Lagos Escobar",3.5699999332428,2006-01-22,2010-01-22,2.20000004768372,"Juan Evo Morales Ayma1","Centro","Izquierda",FALSE
"2134-CHL-BOL-39059",2006-12-08,2005,"Bolivia","Veronica Michelle Bachelet Jeria",2.85999989509583,2006-01-22,2010-01-22,2.20000004768372,"Juan Evo Morales Ayma1","Izquierda","Izquierda",TRUE
"2134-CHL-BOL-39247",2007-06-14,2005,"Bolivia","Veronica Michelle Bachelet Jeria",2.85999989509583,2006-01-22,2010-01-22,2.20000004768372,"Juan Evo Morales Ayma1","Izquierda","Izquierda",TRUE
"2134-CHL-BOL-39433",2007-12-17,2005,"Bolivia","Veronica Michelle Bachelet Jeria",2.85999989509583,2006-01-22,2010-01-22,2.20000004768372,"Juan Evo Morales Ayma1","Izquierda","Izquierda",TRUE
"907-CHL-BRA-34585",1994-09-08,1990,"Brazil","Eduardo Frei Ruiz-Tagle",4.1399998664856,1992-12-29,1995-01-01,4.44000005722046,"Itamar Augusto Cautiero Franco","Centro","Centro",TRUE
"907-CHL-BRA-34701",1995-01-01,1995,"Brazil","Eduardo Frei Ruiz-Tagle",4.1399998664856,1995-01-01,1999-01-01,4.78000020980835,"Fernando Henrique Cardoso1","Centro","Centro",TRUE
"907-CHL-BRA-35148",1996-03-24,1995,"Brazil","Eduardo Frei Ruiz-Tagle",4.1399998664856,1995-01-01,1999-01-01,4.78000020980835,"Fernando Henrique Cardoso1","Centro","Centro",TRUE
"907-CHL-BRA-36138",1998-12-09,1995,"Brazil","Eduardo Frei Ruiz-Tagle",4.1399998664856,1995-01-01,1999-01-01,4.78000020980835,"Fernando Henrique Cardoso1","Centro","Centro",TRUE
"907-CHL-BRA-36339",1999-06-28,1995,"Brazil","Eduardo Frei Ruiz-Tagle",4.1399998664856,1999-01-01,2003-01-01,4.78000020980835,"Fernando Henrique Cardoso2","Centro","Centro",TRUE
"1516-CHL-BRA-36719",2000-07-12,2000,"Brazil","Ricardo Froilin Lagos Escobar",3.5699999332428,1999-01-01,2003-01-01,4.78000020980835,"Fernando Henrique Cardoso2","Centro","Centro",TRUE
"1516-CHL-BRA-36769",2000-08-31,2000,"Brazil","Ricardo Froilin Lagos Escobar",3.5699999332428,1999-01-01,2003-01-01,4.78000020980835,"Fernando Henrique Cardoso2","Centro","Centro",TRUE
"1516-CHL-BRA-37595",2002-12-05,2000,"Brazil","Ricardo Froilin Lagos Escobar",3.5699999332428,1999-01-01,2003-01-01,4.78000020980835,"Fernando Henrique Cardoso2","Centro","Centro",TRUE
"1516-CHL-BRA-37622",2003-01-01,2000,"Brazil","Ricardo Froilin Lagos Escobar",3.5699999332428,2003-01-01,2007-01-01,2.44000005722046,"Luiz Inacio Lula da Silva1","Centro","Izquierda",FALSE
"1516-CHL-BRA-37851",2003-08-19,2000,"Brazil","Ricardo Froilin Lagos Escobar",3.5699999332428,2003-01-01,2007-01-01,2.44000005722046,"Luiz Inacio Lula da Silva1","Centro","Izquierda",FALSE
"1516-CHL-BRA-38294",2004-11-04,2000,"Brazil","Ricardo Froilin Lagos Escobar",3.5699999332428,2003-01-01,2007-01-01,2.44000005722046,"Luiz Inacio Lula da Silva1","Centro","Izquierda",FALSE
"1516-CHL-BRA-38337",2004-12-16,2000,"Brazil","Ricardo Froilin Lagos Escobar",3.5699999332428,2003-01-01,2007-01-01,2.44000005722046,"Luiz Inacio Lula da Silva1","Centro","Izquierda",FALSE
"1516-CHL-BRA-38460",2005-04-18,2005,"Brazil","Ricardo Froilin Lagos Escobar",3.5699999332428,2003-01-01,2007-01-01,2.44000005722046,"Luiz Inacio Lula da Silva1","Centro","Izquierda",FALSE
"1516-CHL-BRA-38482",2005-05-10,2005,"Brazil","Ricardo Froilin Lagos Escobar",3.5699999332428,2003-01-01,2007-01-01,2.44000005722046,"Luiz Inacio Lula da Silva1","Centro","Izquierda",FALSE
"2134-CHL-BRA-38817",2006-04-10,2005,"Brazil","Veronica Michelle Bachelet Jeria",2.85999989509583,2003-01-01,2007-01-01,2.44000005722046,"Luiz Inacio Lula da Silva1","Izquierda","Izquierda",TRUE
"2556-CHL-BRA-40276",2010-04-08,2010,"Brazil","Sebastian Pinera",5.69999980926514,2007-01-01,2011-01-01,2.55999994277954,"Luiz Inacio Lula da Silva2","Derecha","Izquierda",FALSE
"2556-CHL-BRA-40544",2011-01-01,2010,"Brazil","Sebastian Pinera",5.69999980926514,2011-01-01,2015-01-01,3,"Dilma Rousseff","Derecha","Centro",FALSE
"2556-CHL-BRA-41080",2012-06-20,2010,"Brazil","Sebastian Pinera",5.69999980926514,2011-01-01,2015-01-01,3,"Dilma Rousseff","Derecha","Centro",FALSE
"2134-CHL-BRA-41802",2014-06-12,2010,"Brazil","Michelle Bachelet",2.9,2011-01-01,2015-01-01,3,"Dilma Rousseff","Izquierda","Centro",FALSE
"2134-CHL-BRA-41835",2014-07-15,2010,"Brazil","Michelle Bachelet",2.9,2011-01-01,2015-01-01,3,"Dilma Rousseff","Izquierda","Centro",FALSE
"2134-CHL-BRA-43018",2017-10-10,2015,"Brazil","Michelle Bachelet",2.9,2016-08-31,2019-01-01,5.1,"Michel Temmer","Izquierda","Derecha",FALSE
"2556-CHL-BRA-43217",2018-04-27,2015,"Brazil","Sebastián Piñera2",5.81,2016-08-31,2019-01-01,5.1,"Michel Temmer","Derecha","Derecha",TRUE
"2556-CHL-BRA-43466",2019-01-01,2015,"Brazil","Sebastián Piñera2",5.81,2019-01-01,2023-01-01,6.6,"Jair Messias Bolsonaro","Derecha","Derecha",TRUE
"2556-CHL-BRA-43705",2019-08-28,2015,"Brazil","Sebastián Piñera2",5.81,2019-01-01,2023-01-01,6.6,"Jair Messias Bolsonaro","Derecha","Derecha",TRUE
"1516-CHL-CHL-37685",2003-03-05,2000,"Chile","Ricardo Froilin Lagos Escobar",3.5699999332428,2000-03-11,2006-03-11,3.5699999332428,"Ricardo Froilin Lagos Escobar","Centro","Centro",TRUE
"2556-CHL-CHL-40932",2012-01-24,2010,"Chile","Sebastian Pinera",5.69999980926514,2010-03-11,2014-03-11,5.69999980926514,"Sebastian Pinera","Derecha","Derecha",TRUE
"2556-CHL-CHL-41290",2013-01-16,2010,"Chile","Sebastian Pinera",5.69999980926514,2010-03-11,2014-03-11,5.69999980926514,"Sebastian Pinera","Derecha","Derecha",TRUE
"907-CHL-COL-34498",1994-06-13,1990,"Colombia","Eduardo Frei Ruiz-Tagle",4.1399998664856,1990-08-07,1994-08-07,5.42999982833862,"Cesar Augusto Gaviria Trujillo","Centro","Derecha",FALSE
"907-CHL-COL-36399",1999-08-27,1995,"Colombia","Eduardo Frei Ruiz-Tagle",4.1399998664856,1998-08-07,2002-08-07,6,"Andres Pastrana Arango","Centro","Derecha",FALSE
"1516-CHL-COL-37097",2001-07-25,2000,"Colombia","Ricardo Froilin Lagos Escobar",3.5699999332428,1998-08-07,2002-08-07,6,"Andres Pastrana Arango","Centro","Derecha",FALSE
"1516-CHL-COL-37596",2002-12-06,2000,"Colombia","Ricardo Froilin Lagos Escobar",3.5699999332428,2002-08-07,2006-08-07,6.8600001335144,"Alvaro Uribe Velez1","Centro","Derecha",FALSE
"1516-CHL-COL-38463",2005-04-21,2005,"Colombia","Ricardo Froilin Lagos Escobar",3.5699999332428,2002-08-07,2006-08-07,6.8600001335144,"Alvaro Uribe Velez1","Centro","Derecha",FALSE
"2134-CHL-COL-39190",2007-04-18,2005,"Colombia","Veronica Michelle Bachelet Jeria",2.85999989509583,2006-08-07,2010-08-07,6.8600001335144,"Alvaro Uribe Velez2","Izquierda","Derecha",FALSE
"2556-CHL-COL-40396",2010-08-06,2010,"Colombia","Sebastian Pinera",5.69999980926514,2006-08-07,2010-08-07,6.8600001335144,"Alvaro Uribe Velez2","Derecha","Derecha",TRUE
"2556-CHL-COL-40505",2010-11-23,2010,"Colombia","Sebastian Pinera",5.69999980926514,2010-08-07,2014-08-07,4.57000017166138,"Juan Manuel Santos Calderon","Derecha","Centro",FALSE
"2556-CHL-COL-41417",2013-05-23,2010,"Colombia","Sebastian Pinera",5.69999980926514,2010-08-07,2014-08-07,4.57000017166138,"Juan Manuel Santos Calderon","Derecha","Centro",FALSE
"2134-CHL-COL-42638",2016-09-25,2015,"Colombia","Michelle Bachelet",2.9,2014-08-07,2018-08-07,5,"Juan Manuel Santos Calderon2","Izquierda","Derecha",FALSE
"2134-CHL-COL-42671",2016-10-28,2015,"Colombia","Michelle Bachelet",2.9,2014-08-07,2018-08-07,5,"Juan Manuel Santos Calderon2","Izquierda","Derecha",FALSE
"2134-CHL-COL-42915",2017-06-29,2015,"Colombia","Michelle Bachelet",2.9,2014-08-07,2018-08-07,5,"Juan Manuel Santos Calderon2","Izquierda","Derecha",FALSE
"2556-CHL-COL-43319",2018-08-07,2015,"Colombia","Sebastián Piñera2",5.81,2018-08-07,2022-08-07,6,"Iván Duque Márquez","Derecha","Derecha",TRUE
"2556-CHL-COL-43518",2019-02-22,2015,"Colombia","Sebastián Piñera2",5.81,2018-08-07,2022-08-07,6,"Iván Duque Márquez","Derecha","Derecha",TRUE
"2556-CHL-COL-44463",2021-09-24,2020,"Colombia","Sebastián Piñera2",5.81,2018-08-07,2022-08-07,6,"Iván Duque Márquez","Derecha","Derecha",TRUE
"2556-CHL-COL-44587",2022-01-26,2020,"Colombia","Sebastián Piñera2",5.81,2018-08-07,2022-08-07,6,"Iván Duque Márquez","Derecha","Derecha",TRUE
"907-CHL-ECU-34945",1995-09-03,1995,"Ecuador","Eduardo Frei Ruiz-Tagle",4.1399998664856,1992-08-10,1996-08-10,6.5,"Sixto Alfonso Duran Ballen Cordovez","Centro","Derecha",FALSE
"907-CHL-ECU-36401",1999-08-29,1995,"Ecuador","Eduardo Frei Ruiz-Tagle",4.1399998664856,1998-08-10,2000-01-21,6.17000007629395,"Jorge Jamil Mahuad Witt","Centro","Derecha",FALSE
"1516-CHL-ECU-37462",2002-07-28,2000,"Ecuador","Ricardo Froilin Lagos Escobar",3.5699999332428,2000-01-22,2003-01-15,6.32999992370605,"Gustavo Jose Joaquin Noboa Bejarano","Centro","Derecha",FALSE
"1516-CHL-ECU-37636",2003-01-15,2000,"Ecuador","Ricardo Froilin Lagos Escobar",3.5699999332428,2003-01-15,2005-04-20,5.32999992370605,"Lucio Edwin Gutierrez Borba","Centro","Derecha",FALSE
"1516-CHL-ECU-38687",2005-12-01,2005,"Ecuador","Ricardo Froilin Lagos Escobar",3.5699999332428,2005-04-20,2007-01-15,4.5,"Luis Alfredo Palacio Gonzalez","Centro","Centro",TRUE
"2134-CHL-ECU-38937",2006-08-08,2005,"Ecuador","Veronica Michelle Bachelet Jeria",2.85999989509583,2005-04-20,2007-01-15,4.5,"Luis Alfredo Palacio Gonzalez","Izquierda","Centro",FALSE
"2556-CHL-ECU-40396",2010-08-06,2010,"Ecuador","Sebastian Pinera",5.69999980926514,2009-08-10,2013-05-24,2.82999992370606,"Rafael Vicente Correa Delgado2","Derecha","Izquierda",FALSE
"2134-CHL-ECU-42660",2016-10-17,2015,"Ecuador","Michelle Bachelet",2.9,2013-05-24,2017-05-24,3.5,"Rafael Vicente Correa Delgado3","Izquierda","Centro",FALSE
"2134-CHL-ECU-42879",2017-05-24,2015,"Ecuador","Michelle Bachelet",2.9,2017-05-24,2021-05-24,6,"Lenín Moreno Garcés","Izquierda","Derecha",FALSE
"2134-CHL-ECU-43037",2017-10-29,2015,"Ecuador","Michelle Bachelet",2.9,2017-05-24,2021-05-24,6,"Lenín Moreno Garcés","Izquierda","Derecha",FALSE
"907-CHL-PRY-34915",1995-08-04,1995,"Paraguay","Eduardo Frei Ruiz-Tagle",4.1399998664856,1993-08-15,1998-08-15,5.75,"Juan Carlos Maria Wasmosy Monti","Centro","Derecha",FALSE
"1516-CHL-PRY-37063",2001-06-21,2000,"Paraguay","Ricardo Froilin Lagos Escobar",3.5699999332428,1999-03-28,2003-08-15,5.75,"Luis Angel Gonzalez Macchi","Centro","Derecha",FALSE
"1516-CHL-PRY-37847",2003-08-14,2000,"Paraguay","Ricardo Froilin Lagos Escobar",3.5699999332428,1999-03-28,2003-08-15,5.75,"Luis Angel Gonzalez Macchi","Centro","Derecha",FALSE
"1516-CHL-PRY-38120",2004-05-13,2000,"Paraguay","Ricardo Froilin Lagos Escobar",3.5699999332428,2003-08-15,2008-08-15,3.79999995231628,"Oscar Nicanor Duarte Frutos","Centro","Centro",TRUE
"1516-CHL-PRY-38522",2005-06-20,2005,"Paraguay","Ricardo Froilin Lagos Escobar",3.5699999332428,2003-08-15,2008-08-15,3.79999995231628,"Oscar Nicanor Duarte Frutos","Centro","Centro",TRUE
"2134-CHL-PRY-38817",2006-04-10,2005,"Paraguay","Veronica Michelle Bachelet Jeria",2.85999989509583,2003-08-15,2008-08-15,3.79999995231628,"Oscar Nicanor Duarte Frutos","Izquierda","Centro",FALSE
"2134-CHL-PRY-39262",2007-06-29,2005,"Paraguay","Veronica Michelle Bachelet Jeria",2.85999989509583,2003-08-15,2008-08-15,3.79999995231628,"Oscar Nicanor Duarte Frutos","Izquierda","Centro",FALSE
"2134-CHL-PRY-39674",2008-08-14,2005,"Paraguay","Veronica Michelle Bachelet Jeria",2.85999989509583,2003-08-15,2008-08-15,3.79999995231628,"Oscar Nicanor Duarte Frutos","Izquierda","Centro",FALSE
"2134-CHL-PRY-40016",2009-07-22,2005,"Paraguay","Veronica Michelle Bachelet Jeria",2.85999989509583,2008-08-15,2012-06-22,2.59999990463257,"Fernando Armindo Lugo Mendez","Izquierda","Izquierda",TRUE
"2556-CHL-PRY-43705",2019-08-28,2015,"Paraguay","Sebastián Piñera2",5.81,2018-08-15,2023-08-15,6.6,"Mario Abdo Beníte","Derecha","Derecha",TRUE
"2556-CHL-PRY-44466",2021-09-27,2020,"Paraguay","Sebastián Piñera2",5.81,2018-08-15,2023-08-15,6.6,"Mario Abdo Beníte","Derecha","Derecha",TRUE
"907-CHL-PER-34907",1995-07-27,1995,"Peru","Eduardo Frei Ruiz-Tagle",4.1399998664856,1990-07-28,1995-07-28,4.78000020980835,"Alberto Kenya Fujimori Fujimori1","Centro","Centro",TRUE
"1516-CHL-PER-37218",2001-11-23,2000,"Peru","Ricardo Froilin Lagos Escobar",3.5699999332428,2001-07-28,2006-07-28,4.67000007629395,"Alejandro Celestino Toledo Manrique","Centro","Centro",TRUE
"1516-CHL-PER-37764",2003-05-23,2000,"Peru","Ricardo Froilin Lagos Escobar",3.5699999332428,2001-07-28,2006-07-28,4.67000007629395,"Alejandro Celestino Toledo Manrique","Centro","Centro",TRUE
"1516-CHL-PER-38328",2004-12-09,2000,"Peru","Ricardo Froilin Lagos Escobar",3.5699999332428,2001-07-28,2006-07-28,4.67000007629395,"Alejandro Celestino Toledo Manrique","Centro","Centro",TRUE
"2134-CHL-PER-38925",2006-07-27,2005,"Peru","Veronica Michelle Bachelet Jeria",2.85999989509583,2001-07-28,2006-07-28,4.67000007629395,"Alejandro Celestino Toledo Manrique","Izquierda","Centro",FALSE
"2134-CHL-PER-39773",2008-11-21,2005,"Peru","Veronica Michelle Bachelet Jeria",2.85999989509583,2006-07-28,2011-07-28,5.67000007629395,"Alan Gabriel Ludwig Garcia Perez2","Izquierda","Derecha",FALSE
"2556-CHL-PER-40507",2010-11-25,2010,"Peru","Sebastian Pinera",5.69999980926514,2006-07-28,2011-07-28,5.67000007629395,"Alan Gabriel Ludwig Garcia Perez2","Derecha","Derecha",TRUE
"2556-CHL-PER-40752",2011-07-28,2010,"Peru","Sebastian Pinera",5.69999980926514,2011-07-28,2016-07-28,4.55999994277954,"Ollanta Moises Humala Tasso","Derecha","Centro",FALSE
"2556-CHL-PER-41183",2012-10-01,2010,"Peru","Sebastian Pinera",5.69999980926514,2011-07-28,2016-07-28,4.55999994277954,"Ollanta Moises Humala Tasso","Derecha","Centro",FALSE
"2134-CHL-PER-42692",2016-11-19,2015,"Peru","Michelle Bachelet",2.9,2016-07-28,2018-03-23,6.4,"Pedro Pablo Kuczynski","Izquierda","Derecha",FALSE
"2134-CHL-PER-42922",2017-07-06,2015,"Peru","Michelle Bachelet",2.9,2016-07-28,2018-03-23,6.4,"Pedro Pablo Kuczynski","Izquierda","Derecha",FALSE
"2556-CHL-PER-43205",2018-04-13,2015,"Peru","Sebastián Piñera2",5.81,2018-03-23,2020-11-09,4.5,"Martín Vizcarra","Derecha","Centro",FALSE
"2556-CHL-PER-43651",2019-07-05,2015,"Peru","Sebastián Piñera2",5.81,2018-03-23,2020-11-09,4.5,"Martín Vizcarra","Derecha","Centro",FALSE
"2556-CHL-PER-43687",2019-08-10,2015,"Peru","Sebastián Piñera2",5.81,2018-03-23,2020-11-09,4.5,"Martín Vizcarra","Derecha","Centro",FALSE
"2556-CHL-PER-43748",2019-10-10,2015,"Peru","Sebastián Piñera2",5.81,2018-03-23,2020-11-09,4.5,"Martín Vizcarra","Derecha","Centro",FALSE
"907-CHL-URY-34758",1995-02-28,1995,"Uruguay","Eduardo Frei Ruiz-Tagle",4.1399998664856,1990-03-01,1995-03-01,5.3600001335144,"Luis Alberto Lacalle de Herrera","Centro","Derecha",FALSE
"907-CHL-URY-35779",1997-12-15,1995,"Uruguay","Eduardo Frei Ruiz-Tagle",4.1399998664856,1995-03-01,2000-03-01,4.82000017166138,"Julio Maria Sanguinetti Coirolo2","Centro","Centro",TRUE
"1516-CHL-URY-36831",2000-11-01,2000,"Uruguay","Ricardo Froilin Lagos Escobar",3.5699999332428,2000-03-01,2005-03-01,5.44999980926514,"Jorge Luis Batlle Ibanez","Centro","Derecha",FALSE
"1516-CHL-URY-38047",2004-03-01,2000,"Uruguay","Ricardo Froilin Lagos Escobar",3.5699999332428,2000-03-01,2005-03-01,5.44999980926514,"Jorge Luis Batlle Ibanez","Centro","Derecha",FALSE
"1516-CHL-URY-38411",2005-03-01,2005,"Uruguay","Ricardo Froilin Lagos Escobar",3.5699999332428,2005-03-01,2010-03-01,3,"Tabare Ramon Vazquez Rosas","Centro","Centro",TRUE
"2134-CHL-URY-38798",2006-03-22,2005,"Uruguay","Veronica Michelle Bachelet Jeria",2.85999989509583,2005-03-01,2010-03-01,3,"Tabare Ramon Vazquez Rosas","Izquierda","Centro",FALSE
"2134-CHL-URY-39024",2006-11-03,2005,"Uruguay","Veronica Michelle Bachelet Jeria",2.85999989509583,2005-03-01,2010-03-01,3,"Tabare Ramon Vazquez Rosas","Izquierda","Centro",FALSE
"2134-CHL-URY-39635",2008-07-06,2005,"Uruguay","Veronica Michelle Bachelet Jeria",2.85999989509583,2005-03-01,2010-03-01,3,"Tabare Ramon Vazquez Rosas","Izquierda","Centro",FALSE
"2134-CHL-URY-41894",2014-09-12,2010,"Uruguay","Michelle Bachelet",2.9,2010-03-01,2015-03-01,2.5,"Jose Alberto Mujica Cordano","Izquierda","Izquierda",TRUE
"2556-CHL-URY-43891",2020-03-01,2020,"Uruguay","Sebastián Piñera2",5.81,2020-03-01,2025-03-01,5.83,"Luis Alberto Lacalle Pou","Derecha","Derecha",TRUE
"2556-CHL-URY-44465",2021-09-26,2020,"Uruguay","Sebastián Piñera2",5.81,2020-03-01,2025-03-01,5.83,"Luis Alberto Lacalle Pou","Derecha","Derecha",TRUE
"1516-CHL-VEN-38461",2005-04-20,2005,"Venezuela","Ricardo Froilin Lagos Escobar",3.5699999332428,2000-08-19,2007-01-10,1.62999999523163,"Hugo Chavez2","Centro","Izquierda",FALSE
"2134-CHL-VEN-39188",2007-04-16,2005,"Venezuela","Veronica Michelle Bachelet Jeria",2.85999989509583,2007-01-10,2013-03-05,1.25,"Hugo Chavez3","Izquierda","Izquierda",TRUE
"2134-CHL-VEN-40082",2009-09-26,2005,"Venezuela","Veronica Michelle Bachelet Jeria",2.85999989509583,2007-01-10,2013-03-05,1.25,"Hugo Chavez3","Izquierda","Izquierda",TRUE
"949-COL-ARG-34987",1995-10-15,1995,"Argentina","Ernesto Samper Pizano",4.1399998664856,1995-07-08,1999-12-10,6.30000019073486,"Carlos Saul Menem2","Centro","Derecha",FALSE
"1746-COL-ARG-37768",2003-05-27,2000,"Argentina","Alvaro Uribe Velez1",6.8600001335144,2003-05-25,2007-12-10,2.79999995231628,"Nestor Carlos Kirchner","Derecha","Izquierda",FALSE
"1746-COL-ARG-38659",2005-11-03,2005,"Argentina","Alvaro Uribe Velez1",6.8600001335144,2003-05-25,2007-12-10,2.79999995231628,"Nestor Carlos Kirchner","Derecha","Izquierda",FALSE
"1746-COL-ARG-39426",2007-12-10,2005,"Argentina","Alvaro Uribe Velez2",6.8600001335144,2007-12-10,2011-12-10,2.5,"Cristina Fernandez1","Derecha","Izquierda",FALSE
"1746-COL-ARG-40030",2009-08-05,2005,"Argentina","Alvaro Uribe Velez2",6.8600001335144,2007-12-10,2011-12-10,2.5,"Cristina Fernandez1","Derecha","Izquierda",FALSE
"1746-COL-ARG-40052",2009-08-27,2005,"Argentina","Alvaro Uribe Velez2",6.8600001335144,2007-12-10,2011-12-10,2.5,"Cristina Fernandez1","Derecha","Izquierda",FALSE
"2597-COL-ARG-40451",2010-09-30,2010,"Argentina","Juan Manuel Santos Calderon",4.57000017166138,2007-12-10,2011-12-10,2.5,"Cristina Fernandez1","Centro","Izquierda",FALSE
"2597-COL-ARG-40479",2010-10-28,2010,"Argentina","Juan Manuel Santos Calderon",4.57000017166138,2007-12-10,2011-12-10,2.5,"Cristina Fernandez1","Centro","Izquierda",FALSE
"2597-COL-ARG-40515",2010-12-03,2010,"Argentina","Juan Manuel Santos Calderon",4.57000017166138,2007-12-10,2011-12-10,2.5,"Cristina Fernandez1","Centro","Izquierda",FALSE
"2597-COL-ARG-40772",2011-08-17,2010,"Argentina","Juan Manuel Santos Calderon",4.57000017166138,2007-12-10,2011-12-10,2.5,"Cristina Fernandez1","Centro","Izquierda",FALSE
"3477-COL-ARG-43625",2019-06-09,2015,"Argentina","Iván Duque Márquez",6,2015-12-10,2019-12-10,6.3,"Mauricio Macri","Derecha","Derecha",TRUE
"949-COL-BOL-35310",1996-09-02,1995,"Bolivia","Ernesto Samper Pizano",4.1399998664856,1993-08-06,1997-08-06,5.90000009536743,"Gonzalo Sanchez de Lozada","Centro","Derecha",FALSE
"949-COL-BOL-35542",1997-04-22,1995,"Bolivia","Ernesto Samper Pizano",4.1399998664856,1993-08-06,1997-08-06,5.90000009536743,"Gonzalo Sanchez de Lozada","Centro","Derecha",FALSE
"1746-COL-BOL-37938",2003-11-13,2000,"Bolivia","Alvaro Uribe Velez1",6.8600001335144,2003-10-17,2005-06-09,4.5,"Carlos Diego Mesa Gisbert","Derecha","Centro",FALSE
"1746-COL-BOL-38738",2006-01-22,2005,"Bolivia","Alvaro Uribe Velez1",6.8600001335144,2006-01-22,2010-01-22,2.20000004768372,"Juan Evo Morales Ayma1","Derecha","Izquierda",FALSE
"1746-COL-BOL-39247",2007-06-14,2005,"Bolivia","Alvaro Uribe Velez2",6.8600001335144,2006-01-22,2010-01-22,2.20000004768372,"Juan Evo Morales Ayma1","Derecha","Izquierda",FALSE
"1746-COL-BOL-40029",2009-08-04,2005,"Bolivia","Alvaro Uribe Velez2",6.8600001335144,2006-01-22,2010-01-22,2.20000004768372,"Juan Evo Morales Ayma1","Derecha","Izquierda",FALSE
"3477-COL-BOL-44142",2020-11-08,2020,"Bolivia","Iván Duque Márquez",6,2020-11-08,2025-11-08,5,"Luis Arce","Derecha","Derecha",TRUE
"1337-COL-BRA-36093",1998-10-26,1995,"Brazil","Andres Pastrana Arango",6,1995-01-01,1999-01-01,4.78000020980835,"Fernando Henrique Cardoso1","Derecha","Centro",FALSE
"1337-COL-BRA-36769",2000-08-31,2000,"Brazil","Andres Pastrana Arango",6,1999-01-01,2003-01-01,4.78000020980835,"Fernando Henrique Cardoso2","Derecha","Centro",FALSE
"1746-COL-BRA-37687",2003-03-07,2000,"Brazil","Alvaro Uribe Velez1",6.8600001335144,2003-01-01,2007-01-01,2.44000005722046,"Luiz Inacio Lula da Silva1","Derecha","Izquierda",FALSE
"1746-COL-BRA-38159",2004-06-21,2000,"Brazil","Alvaro Uribe Velez1",6.8600001335144,2003-01-01,2007-01-01,2.44000005722046,"Luiz Inacio Lula da Silva1","Derecha","Izquierda",FALSE
"1746-COL-BRA-38294",2004-11-03,2000,"Brazil","Alvaro Uribe Velez1",6.8600001335144,2003-01-01,2007-01-01,2.44000005722046,"Luiz Inacio Lula da Silva1","Derecha","Izquierda",FALSE
"1746-COL-BRA-38832",2006-04-25,2005,"Brazil","Alvaro Uribe Velez1",6.8600001335144,2003-01-01,2007-01-01,2.44000005722046,"Luiz Inacio Lula da Silva1","Derecha","Izquierda",FALSE
"1746-COL-BRA-39100",2007-01-18,2005,"Brazil","Alvaro Uribe Velez2",6.8600001335144,2007-01-01,2011-01-01,2.55999994277954,"Luiz Inacio Lula da Silva2","Derecha","Izquierda",FALSE
"1746-COL-BRA-39590",2008-05-22,2005,"Brazil","Alvaro Uribe Velez2",6.8600001335144,2007-01-01,2011-01-01,2.55999994277954,"Luiz Inacio Lula da Silva2","Derecha","Izquierda",FALSE
"1746-COL-BRA-39860",2009-02-16,2005,"Brazil","Alvaro Uribe Velez2",6.8600001335144,2007-01-01,2011-01-01,2.55999994277954,"Luiz Inacio Lula da Silva2","Derecha","Izquierda",FALSE
"1746-COL-BRA-39917",2009-04-14,2005,"Brazil","Alvaro Uribe Velez2",6.8600001335144,2007-01-01,2011-01-01,2.55999994277954,"Luiz Inacio Lula da Silva2","Derecha","Izquierda",FALSE
"1746-COL-BRA-40031",2009-08-06,2005,"Brazil","Alvaro Uribe Velez2",6.8600001335144,2007-01-01,2011-01-01,2.55999994277954,"Luiz Inacio Lula da Silva2","Derecha","Izquierda",FALSE
"1746-COL-BRA-40104",2009-10-18,2005,"Brazil","Alvaro Uribe Velez2",6.8600001335144,2007-01-01,2011-01-01,2.55999994277954,"Luiz Inacio Lula da Silva2","Derecha","Izquierda",FALSE
"2597-COL-BRA-40422",2010-09-01,2010,"Brazil","Juan Manuel Santos Calderon",4.57000017166138,2007-01-01,2011-01-01,2.55999994277954,"Luiz Inacio Lula da Silva2","Centro","Izquierda",FALSE
"2597-COL-BRA-40543",2010-12-31,2010,"Brazil","Juan Manuel Santos Calderon",4.57000017166138,2007-01-01,2011-01-01,2.55999994277954,"Luiz Inacio Lula da Silva2","Centro","Izquierda",FALSE
"2597-COL-BRA-41080",2012-06-20,2010,"Brazil","Juan Manuel Santos Calderon",4.57000017166138,2011-01-01,2015-01-01,3,"Dilma Rousseff","Centro","Centro",TRUE
"2597-COL-BRA-41809",2014-06-19,2010,"Brazil","Juan Manuel Santos Calderon",4.57000017166138,2011-01-01,2015-01-01,3,"Dilma Rousseff","Centro","Centro",TRUE
"2597-COL-BRA-41836",2014-07-16,2010,"Brazil","Juan Manuel Santos Calderon",4.57000017166138,2011-01-01,2015-01-01,3,"Dilma Rousseff","Centro","Centro",TRUE
"2597-COL-BRA-43178",2018-03-19,2015,"Brazil","Juan Manuel Santos Calderon2",5,2016-08-31,2019-01-01,5.1,"Michel Temmer","Derecha","Derecha",TRUE
"3477-COL-BRA-44486",2021-10-17,2020,"Brazil","Iván Duque Márquez",6,2019-01-01,2023-01-01,6.6,"Jair Messias Bolsonaro","Derecha","Derecha",TRUE
"1337-COL-CHL-36595",2000-03-10,2000,"Chile","Andres Pastrana Arango",6,1994-03-11,2000-03-11,4.1399998664856,"Eduardo Frei Ruiz-Tagle","Derecha","Centro",FALSE
"1337-COL-CHL-36808",2000-10-09,2000,"Chile","Andres Pastrana Arango",6,2000-03-11,2006-03-11,3.5699999332428,"Ricardo Froilin Lagos Escobar","Derecha","Centro",FALSE
"1746-COL-CHL-39048",2006-11-27,2005,"Chile","Alvaro Uribe Velez2",6.8600001335144,2006-03-11,2010-03-11,2.85999989509583,"Veronica Michelle Bachelet Jeria","Derecha","Izquierda",FALSE
"1746-COL-CHL-39394",2007-11-08,2005,"Chile","Alvaro Uribe Velez2",6.8600001335144,2006-03-11,2010-03-11,2.85999989509583,"Veronica Michelle Bachelet Jeria","Derecha","Izquierda",FALSE
"1746-COL-CHL-39706",2008-09-15,2005,"Chile","Alvaro Uribe Velez2",6.8600001335144,2006-03-11,2010-03-11,2.85999989509583,"Veronica Michelle Bachelet Jeria","Derecha","Izquierda",FALSE
"1746-COL-CHL-40030",2009-08-05,2005,"Chile","Alvaro Uribe Velez2",6.8600001335144,2006-03-11,2010-03-11,2.85999989509583,"Veronica Michelle Bachelet Jeria","Derecha","Izquierda",FALSE
"2597-COL-CHL-40769",2011-08-14,2010,"Chile","Juan Manuel Santos Calderon",4.57000017166138,2010-03-11,2014-03-11,5.69999980926514,"Sebastian Pinera","Centro","Derecha",FALSE
"2597-COL-CHL-41066",2012-06-06,2010,"Chile","Juan Manuel Santos Calderon",4.57000017166138,2010-03-11,2014-03-11,5.69999980926514,"Sebastian Pinera","Centro","Derecha",FALSE
"2597-COL-CHL-41300",2013-01-26,2010,"Chile","Juan Manuel Santos Calderon",4.57000017166138,2010-03-11,2014-03-11,5.69999980926514,"Sebastian Pinera","Centro","Derecha",FALSE
"2597-COL-CHL-41709",2014-03-11,2010,"Chile","Juan Manuel Santos Calderon",4.57000017166138,2014-03-11,2018-03-11,2.9,"Michelle Bachelet","Centro","Izquierda",FALSE
"2597-COL-CHL-42550",2016-06-29,2015,"Chile","Juan Manuel Santos Calderon2",5,2014-03-11,2018-03-11,2.9,"Michelle Bachelet","Derecha","Izquierda",FALSE
"3477-COL-CHL-43545",2019-03-21,2015,"Chile","Iván Duque Márquez",6,2018-03-11,2022-03-11,5.81,"Sebastián Piñera2","Derecha","Derecha",TRUE
"3477-COL-CHL-44142",2020-11-08,2020,"Chile","Iván Duque Márquez",6,2018-03-11,2022-03-11,5.81,"Sebastián Piñera2","Derecha","Derecha",TRUE
"3477-COL-CHL-44176",2020-12-11,2020,"Chile","Iván Duque Márquez",6,2018-03-11,2022-03-11,5.81,"Sebastián Piñera2","Derecha","Derecha",TRUE
"949-COL-ECU-34946",1995-09-04,1995,"Ecuador","Ernesto Samper Pizano",4.1399998664856,1992-08-10,1996-08-10,6.5,"Sixto Alfonso Duran Ballen Cordovez","Centro","Derecha",FALSE
"949-COL-ECU-35685",1997-09-12,1995,"Ecuador","Ernesto Samper Pizano",4.1399998664856,1997-02-11,1998-08-10,5,"Fabian Ernesto Alarcon Rivera","Centro","Derecha",FALSE
"1337-COL-ECU-36797",2000-09-28,2000,"Ecuador","Andres Pastrana Arango",6,2000-01-22,2003-01-15,6.32999992370605,"Gustavo Jose Joaquin Noboa Bejarano","Derecha","Derecha",TRUE
"1337-COL-ECU-37464",2002-07-27,2000,"Ecuador","Andres Pastrana Arango",6,2000-01-22,2003-01-15,6.32999992370605,"Gustavo Jose Joaquin Noboa Bejarano","Derecha","Derecha",TRUE
"1746-COL-ECU-37635",2003-01-14,2000,"Ecuador","Alvaro Uribe Velez1",6.8600001335144,2000-01-22,2003-01-15,6.32999992370605,"Gustavo Jose Joaquin Noboa Bejarano","Derecha","Derecha",TRUE
"1746-COL-ECU-37855",2003-08-22,2000,"Ecuador","Alvaro Uribe Velez1",6.8600001335144,2003-01-15,2005-04-20,5.32999992370605,"Lucio Edwin Gutierrez Borba","Derecha","Derecha",TRUE
"1746-COL-ECU-38180",2004-07-12,2000,"Ecuador","Alvaro Uribe Velez1",6.8600001335144,2003-01-15,2005-04-20,5.32999992370605,"Lucio Edwin Gutierrez Borba","Derecha","Derecha",TRUE
"1746-COL-ECU-38281",2004-10-21,2000,"Ecuador","Alvaro Uribe Velez1",6.8600001335144,2003-01-15,2005-04-20,5.32999992370605,"Lucio Edwin Gutierrez Borba","Derecha","Derecha",TRUE
"1746-COL-ECU-38311",2004-11-20,2000,"Ecuador","Alvaro Uribe Velez1",6.8600001335144,2003-01-15,2005-04-20,5.32999992370605,"Lucio Edwin Gutierrez Borba","Derecha","Derecha",TRUE
"1746-COL-ECU-38648",2005-10-23,2005,"Ecuador","Alvaro Uribe Velez1",6.8600001335144,2005-04-20,2007-01-15,4.5,"Luis Alfredo Palacio Gonzalez","Derecha","Centro",FALSE
"1746-COL-ECU-38881",2006-06-13,2005,"Ecuador","Alvaro Uribe Velez1",6.8600001335144,2005-04-20,2007-01-15,4.5,"Luis Alfredo Palacio Gonzalez","Derecha","Centro",FALSE
"1746-COL-ECU-39097",2007-01-15,2005,"Ecuador","Alvaro Uribe Velez2",6.8600001335144,2007-01-15,2009-08-10,1.83000004291534,"Rafael Vicente Correa Delgado1","Derecha","Izquierda",FALSE
"2597-COL-ECU-40896",2011-12-19,2010,"Ecuador","Juan Manuel Santos Calderon",4.57000017166138,2009-08-10,2013-05-24,2.82999992370606,"Rafael Vicente Correa Delgado2","Centro","Izquierda",FALSE
"2597-COL-ECU-41418",2013-05-24,2010,"Ecuador","Juan Manuel Santos Calderon",4.57000017166138,2013-05-24,2017-05-24,3.5,"Rafael Vicente Correa Delgado3","Centro","Centro",TRUE
"2597-COL-ECU-41979",2014-12-06,2010,"Ecuador","Juan Manuel Santos Calderon2",5,2013-05-24,2017-05-24,3.5,"Rafael Vicente Correa Delgado3","Derecha","Centro",FALSE
"2597-COL-ECU-42268",2015-09-21,2015,"Ecuador","Juan Manuel Santos Calderon2",5,2013-05-24,2017-05-24,3.5,"Rafael Vicente Correa Delgado3","Derecha","Centro",FALSE
"2597-COL-ECU-42396",2016-01-27,2015,"Ecuador","Juan Manuel Santos Calderon2",5,2013-05-24,2017-05-24,3.5,"Rafael Vicente Correa Delgado3","Derecha","Centro",FALSE
"2597-COL-ECU-42484",2016-04-24,2015,"Ecuador","Juan Manuel Santos Calderon2",5,2013-05-24,2017-05-24,3.5,"Rafael Vicente Correa Delgado3","Derecha","Centro",FALSE
"2597-COL-ECU-42622",2016-09-09,2015,"Ecuador","Juan Manuel Santos Calderon2",5,2013-05-24,2017-05-24,3.5,"Rafael Vicente Correa Delgado3","Derecha","Centro",FALSE
"2597-COL-ECU-42781",2017-02-15,2015,"Ecuador","Juan Manuel Santos Calderon2",5,2013-05-24,2017-05-24,3.5,"Rafael Vicente Correa Delgado3","Derecha","Centro",FALSE
"2597-COL-ECU-42879",2017-05-24,2015,"Ecuador","Juan Manuel Santos Calderon2",5,2017-05-24,2021-05-24,6,"Lenín Moreno Garcés","Derecha","Derecha",TRUE
"3477-COL-ECU-43438",2018-12-04,2015,"Ecuador","Iván Duque Márquez",6,2017-05-24,2021-05-24,6,"Lenín Moreno Garcés","Derecha","Derecha",TRUE
"3477-COL-ECU-44206",2021-01-10,2020,"Ecuador","Iván Duque Márquez",6,2017-05-24,2021-05-24,6,"Lenín Moreno Garcés","Derecha","Derecha",TRUE
"949-COL-PRY-35664",1997-08-22,1995,"Paraguay","Ernesto Samper Pizano",4.1399998664856,1993-08-15,1998-08-15,5.75,"Juan Carlos Maria Wasmosy Monti","Centro","Derecha",FALSE
"1746-COL-PRY-37847",2003-08-14,2000,"Paraguay","Alvaro Uribe Velez1",6.8600001335144,1999-03-28,2003-08-15,5.75,"Luis Angel Gonzalez Macchi","Derecha","Derecha",TRUE
"1746-COL-PRY-38522",2005-06-19,2005,"Paraguay","Alvaro Uribe Velez1",6.8600001335144,2003-08-15,2008-08-15,3.79999995231628,"Oscar Nicanor Duarte Frutos","Derecha","Centro",FALSE
"1746-COL-PRY-40030",2009-08-05,2005,"Paraguay","Alvaro Uribe Velez2",6.8600001335144,2008-08-15,2012-06-22,2.59999990463257,"Fernando Armindo Lugo Mendez","Derecha","Izquierda",FALSE
"2597-COL-PRY-42848",2017-04-23,2015,"Paraguay","Juan Manuel Santos Calderon2",5,2013-08-15,2018-08-15,5.59999990463257,"Horacio Manuel Cartes Jara","Derecha","Derecha",TRUE
"3477-COL-PRY-43327",2018-08-14,2015,"Paraguay","Iván Duque Márquez",6,2013-08-15,2018-08-15,5.59999990463257,"Horacio Manuel Cartes Jara","Derecha","Derecha",TRUE
"452-COL-PER-34528",1994-07-12,1990,"Peru","Cesar Augusto Gaviria Trujillo",5.42999982833862,1990-07-28,1995-07-28,4.78000020980835,"Alberto Kenya Fujimori Fujimori1","Derecha","Centro",FALSE
"1337-COL-PER-36686",2000-06-09,2000,"Peru","Andres Pastrana Arango",6,1995-07-28,2000-07-28,5.44000005722046,"Alberto Kenya Fujimori Fujimori2","Derecha","Derecha",TRUE
"1746-COL-PER-37763",2003-05-22,2000,"Peru","Alvaro Uribe Velez1",6.8600001335144,2001-07-28,2006-07-28,4.67000007629395,"Alejandro Celestino Toledo Manrique","Derecha","Centro",FALSE
"1746-COL-PER-38282",2004-10-22,2000,"Peru","Alvaro Uribe Velez1",6.8600001335144,2001-07-28,2006-07-28,4.67000007629395,"Alejandro Celestino Toledo Manrique","Derecha","Centro",FALSE
"1746-COL-PER-38329",2004-12-08,2000,"Peru","Alvaro Uribe Velez1",6.8600001335144,2001-07-28,2006-07-28,4.67000007629395,"Alejandro Celestino Toledo Manrique","Derecha","Centro",FALSE
"1746-COL-PER-38551",2005-07-18,2005,"Peru","Alvaro Uribe Velez1",6.8600001335144,2001-07-28,2006-07-28,4.67000007629395,"Alejandro Celestino Toledo Manrique","Derecha","Centro",FALSE
"1746-COL-PER-38925",2006-07-28,2005,"Peru","Alvaro Uribe Velez1",6.8600001335144,2006-07-28,2011-07-28,5.67000007629395,"Alan Gabriel Ludwig Garcia Perez2","Derecha","Derecha",TRUE
"1746-COL-PER-39313",2007-08-19,2005,"Peru","Alvaro Uribe Velez2",6.8600001335144,2006-07-28,2011-07-28,5.67000007629395,"Alan Gabriel Ludwig Garcia Perez2","Derecha","Derecha",TRUE
"1746-COL-PER-39583",2008-05-15,2005,"Peru","Alvaro Uribe Velez2",6.8600001335144,2006-07-28,2011-07-28,5.67000007629395,"Alan Gabriel Ludwig Garcia Perez2","Derecha","Derecha",TRUE
"1746-COL-PER-39774",2008-11-22,2005,"Peru","Alvaro Uribe Velez2",6.8600001335144,2006-07-28,2011-07-28,5.67000007629395,"Alan Gabriel Ludwig Garcia Perez2","Derecha","Derecha",TRUE
"1746-COL-PER-40029",2009-08-04,2005,"Peru","Alvaro Uribe Velez2",6.8600001335144,2006-07-28,2011-07-28,5.67000007629395,"Alan Gabriel Ludwig Garcia Perez2","Derecha","Derecha",TRUE
"2597-COL-PER-40661",2011-04-28,2010,"Peru","Juan Manuel Santos Calderon",4.57000017166138,2006-07-28,2011-07-28,5.67000007629395,"Alan Gabriel Ludwig Garcia Perez2","Centro","Derecha",FALSE
"2597-COL-PER-40751",2011-07-27,2010,"Peru","Juan Manuel Santos Calderon",4.57000017166138,2006-07-28,2011-07-28,5.67000007629395,"Alan Gabriel Ludwig Garcia Perez2","Centro","Derecha",FALSE
"2597-COL-PER-41244",2012-11-30,2010,"Peru","Juan Manuel Santos Calderon",4.57000017166138,2011-07-28,2016-07-28,4.55999994277954,"Ollanta Moises Humala Tasso","Centro","Centro",TRUE
"2597-COL-PER-41382",2013-04-18,2010,"Peru","Juan Manuel Santos Calderon",4.57000017166138,2011-07-28,2016-07-28,4.55999994277954,"Ollanta Moises Humala Tasso","Centro","Centro",TRUE
"2597-COL-PER-41914",2014-10-02,2010,"Peru","Juan Manuel Santos Calderon2",5,2011-07-28,2016-07-28,4.55999994277954,"Ollanta Moises Humala Tasso","Derecha","Centro",FALSE
"2597-COL-PER-41983",2014-12-10,2010,"Peru","Juan Manuel Santos Calderon2",5,2011-07-28,2016-07-28,4.55999994277954,"Ollanta Moises Humala Tasso","Derecha","Centro",FALSE
"2597-COL-PER-42187",2015-07-02,2015,"Peru","Juan Manuel Santos Calderon2",5,2011-07-28,2016-07-28,4.55999994277954,"Ollanta Moises Humala Tasso","Derecha","Centro",FALSE
"2597-COL-PER-42579",2016-07-28,2015,"Peru","Juan Manuel Santos Calderon2",5,2016-07-28,2018-03-23,6.4,"Pedro Pablo Kuczynski","Derecha","Derecha",TRUE
"2597-COL-PER-42693",2016-11-19,2015,"Peru","Juan Manuel Santos Calderon2",5,2016-07-28,2018-03-23,6.4,"Pedro Pablo Kuczynski","Derecha","Derecha",TRUE
"2597-COL-PER-42761",2017-01-26,2015,"Peru","Juan Manuel Santos Calderon2",5,2016-07-28,2018-03-23,6.4,"Pedro Pablo Kuczynski","Derecha","Derecha",TRUE
"2597-COL-PER-43204",2018-04-14,2015,"Peru","Juan Manuel Santos Calderon2",5,2018-03-23,2020-11-09,4.5,"Martín Vizcarra","Derecha","Centro",FALSE
"3477-COL-PER-43611",2019-05-26,2015,"Peru","Iván Duque Márquez",6,2018-03-23,2020-11-09,4.5,"Martín Vizcarra","Derecha","Centro",FALSE
"3477-COL-PER-43652",2019-07-06,2015,"Peru","Iván Duque Márquez",6,2018-03-23,2020-11-09,4.5,"Martín Vizcarra","Derecha","Centro",FALSE
"3477-COL-PER-43703",2019-08-26,2015,"Peru","Iván Duque Márquez",6,2018-03-23,2020-11-09,4.5,"Martín Vizcarra","Derecha","Centro",FALSE
"949-COL-URY-34760",1995-03-02,1995,"Uruguay","Ernesto Samper Pizano",4.1399998664856,1995-03-01,2000-03-01,4.82000017166138,"Julio Maria Sanguinetti Coirolo2","Centro","Centro",TRUE
"1746-COL-URY-39024",2006-11-03,2005,"Uruguay","Alvaro Uribe Velez2",6.8600001335144,2005-03-01,2010-03-01,3,"Tabare Ramon Vazquez Rosas","Derecha","Centro",FALSE
"1746-COL-URY-40031",2009-08-06,2005,"Uruguay","Alvaro Uribe Velez2",6.8600001335144,2005-03-01,2010-03-01,3,"Tabare Ramon Vazquez Rosas","Derecha","Centro",FALSE
"1746-COL-URY-40238",2010-03-01,2010,"Uruguay","Alvaro Uribe Velez2",6.8600001335144,2010-03-01,2015-03-01,2.5,"Jose Alberto Mujica Cordano","Derecha","Izquierda",FALSE
"3477-COL-URY-43891",2020-03-01,2020,"Uruguay","Iván Duque Márquez",6,2020-03-01,2025-03-01,5.83,"Luis Alberto Lacalle Pou","Derecha","Derecha",TRUE
"949-COL-VEN-35276",1996-07-30,1995,"Venezuela","Ernesto Samper Pizano",4.1399998664856,1994-02-02,1999-02-02,4.13000011444092,"Rafael Antonio Caldera Rodriguez","Centro","Centro",TRUE
"1337-COL-VEN-36192",1999-02-01,1995,"Venezuela","Andres Pastrana Arango",6,1994-02-02,1999-02-02,4.13000011444092,"Rafael Antonio Caldera Rodriguez","Derecha","Centro",FALSE
"1337-COL-VEN-36284",1999-05-04,1995,"Venezuela","Andres Pastrana Arango",6,1999-02-02,2000-08-19,2.13000011444092,"Hugo Chavez1","Derecha","Izquierda",FALSE
"1337-COL-VEN-36973",2001-03-23,2000,"Venezuela","Andres Pastrana Arango",6,2000-08-19,2007-01-10,1.62999999523163,"Hugo Chavez2","Derecha","Izquierda",FALSE
"1337-COL-VEN-36988",2001-04-07,2000,"Venezuela","Andres Pastrana Arango",6,2000-08-19,2007-01-10,1.62999999523163,"Hugo Chavez2","Derecha","Izquierda",FALSE
"1337-COL-VEN-37065",2001-06-23,2000,"Venezuela","Andres Pastrana Arango",6,2000-08-19,2007-01-10,1.62999999523163,"Hugo Chavez2","Derecha","Izquierda",FALSE
"1746-COL-VEN-37734",2003-04-23,2000,"Venezuela","Alvaro Uribe Velez1",6.8600001335144,2000-08-19,2007-01-10,1.62999999523163,"Hugo Chavez2","Derecha","Izquierda",FALSE
"1746-COL-VEN-38044",2004-02-27,2000,"Venezuela","Alvaro Uribe Velez1",6.8600001335144,2000-08-19,2007-01-10,1.62999999523163,"Hugo Chavez2","Derecha","Izquierda",FALSE
"1746-COL-VEN-38182",2004-07-14,2000,"Venezuela","Alvaro Uribe Velez1",6.8600001335144,2000-08-19,2007-01-10,1.62999999523163,"Hugo Chavez2","Derecha","Izquierda",FALSE
"1746-COL-VEN-38398",2005-02-15,2005,"Venezuela","Alvaro Uribe Velez1",6.8600001335144,2000-08-19,2007-01-10,1.62999999523163,"Hugo Chavez2","Derecha","Izquierda",FALSE
"1746-COL-VEN-38440",2005-03-29,2005,"Venezuela","Alvaro Uribe Velez1",6.8600001335144,2000-08-19,2007-01-10,1.62999999523163,"Hugo Chavez2","Derecha","Izquierda",FALSE
"1746-COL-VEN-38692",2005-12-06,2005,"Venezuela","Alvaro Uribe Velez1",6.8600001335144,2000-08-19,2007-01-10,1.62999999523163,"Hugo Chavez2","Derecha","Izquierda",FALSE
"1746-COL-VEN-38911",2006-07-13,2005,"Venezuela","Alvaro Uribe Velez1",6.8600001335144,2000-08-19,2007-01-10,1.62999999523163,"Hugo Chavez2","Derecha","Izquierda",FALSE
"1746-COL-VEN-39188",2007-04-16,2005,"Venezuela","Alvaro Uribe Velez2",6.8600001335144,2007-01-10,2013-03-05,1.25,"Hugo Chavez3","Derecha","Izquierda",FALSE
"1746-COL-VEN-39640",2008-07-11,2005,"Venezuela","Alvaro Uribe Velez2",6.8600001335144,2007-01-10,2013-03-05,1.25,"Hugo Chavez3","Derecha","Izquierda",FALSE
"1746-COL-VEN-39917",2009-04-14,2005,"Venezuela","Alvaro Uribe Velez2",6.8600001335144,2007-01-10,2013-03-05,1.25,"Hugo Chavez3","Derecha","Izquierda",FALSE
"2597-COL-VEN-40484",2010-11-02,2010,"Venezuela","Juan Manuel Santos Calderon",4.57000017166138,2007-01-10,2013-03-05,1.25,"Hugo Chavez3","Centro","Izquierda",FALSE
"2597-COL-VEN-40879",2011-12-02,2010,"Venezuela","Juan Manuel Santos Calderon",4.57000017166138,2007-01-10,2013-03-05,1.25,"Hugo Chavez3","Centro","Izquierda",FALSE
"2597-COL-VEN-41477",2013-07-22,2010,"Venezuela","Juan Manuel Santos Calderon",4.57000017166138,2013-04-19,2019-01-10,1.37999999523163,"Nicolas Maduro Moros","Centro","Izquierda",FALSE
"2597-COL-VEN-42593",2016-08-11,2015,"Venezuela","Juan Manuel Santos Calderon2",5,2013-04-19,2019-01-10,1.37999999523163,"Nicolas Maduro Moros","Derecha","Izquierda",FALSE
"720-ECU-ARG-34736",1995-02-06,1995,"Argentina","Sixto Alfonso Duran Ballen Cordovez",6.5,1989-07-08,1995-07-08,6.09999990463257,"Carlos Saul Menem1","Derecha","Derecha",TRUE
"720-ECU-ARG-34987",1995-10-15,1995,"Argentina","Sixto Alfonso Duran Ballen Cordovez",6.5,1995-07-08,1999-12-10,6.30000019073486,"Carlos Saul Menem2","Derecha","Derecha",TRUE
"1495-ECU-ARG-37766",2003-05-25,2000,"Argentina","Lucio Edwin Gutierrez Borba",5.32999992370605,2003-05-25,2007-12-10,2.79999995231628,"Nestor Carlos Kirchner","Derecha","Izquierda",FALSE
"1495-ECU-ARG-38175",2004-07-07,2000,"Argentina","Lucio Edwin Gutierrez Borba",5.32999992370605,2003-05-25,2007-12-10,2.79999995231628,"Nestor Carlos Kirchner","Derecha","Izquierda",FALSE
"2053-ECU-ARG-38659",2005-11-03,2005,"Argentina","Luis Alfredo Palacio Gonzalez",4.5,2003-05-25,2007-12-10,2.79999995231628,"Nestor Carlos Kirchner","Centro","Izquierda",FALSE
"2223-ECU-ARG-39344",2007-09-19,2005,"Argentina","Rafael Vicente Correa Delgado1",1.83000004291534,2003-05-25,2007-12-10,2.79999995231628,"Nestor Carlos Kirchner","Izquierda","Izquierda",TRUE
"2223-ECU-ARG-39426",2007-12-10,2005,"Argentina","Rafael Vicente Correa Delgado1",1.83000004291534,2007-12-10,2011-12-10,2.5,"Cristina Fernandez1","Izquierda","Izquierda",TRUE
"2223-ECU-ARG-40052",2009-08-27,2005,"Argentina","Rafael Vicente Correa Delgado2",2.82999992370606,2007-12-10,2011-12-10,2.5,"Cristina Fernandez1","Izquierda","Izquierda",TRUE
"2223-ECU-ARG-40302",2010-05-04,2010,"Argentina","Rafael Vicente Correa Delgado2",2.82999992370606,2007-12-10,2011-12-10,2.5,"Cristina Fernandez1","Izquierda","Izquierda",TRUE
"2223-ECU-ARG-40323",2010-05-25,2010,"Argentina","Rafael Vicente Correa Delgado2",2.82999992370606,2007-12-10,2011-12-10,2.5,"Cristina Fernandez1","Izquierda","Izquierda",TRUE
"2223-ECU-ARG-40515",2010-12-03,2010,"Argentina","Rafael Vicente Correa Delgado2",2.82999992370606,2007-12-10,2011-12-10,2.5,"Cristina Fernandez1","Izquierda","Izquierda",TRUE
"2223-ECU-ARG-41089",2012-06-29,2010,"Argentina","Rafael Vicente Correa Delgado2",2.82999992370606,2011-12-10,2015-12-10,1.89999997615814,"Cristina Fernandez2","Izquierda","Izquierda",TRUE
"2223-ECU-ARG-41247",2012-12-04,2010,"Argentina","Rafael Vicente Correa Delgado2",2.82999992370606,2011-12-10,2015-12-10,1.89999997615814,"Cristina Fernandez2","Izquierda","Izquierda",TRUE
"2223-ECU-ARG-41536",2013-09-19,2010,"Argentina","Rafael Vicente Correa Delgado3",3.5,2011-12-10,2015-12-10,1.89999997615814,"Cristina Fernandez2","Centro","Izquierda",FALSE
"2223-ECU-ARG-42348",2015-12-10,2015,"Argentina","Rafael Vicente Correa Delgado3",3.5,2015-12-10,2019-12-10,6.3,"Mauricio Macri","Centro","Derecha",FALSE
"1190-ECU-BOL-35541",1997-04-21,1995,"Bolivia","Fabian Ernesto Alarcon Rivera",5,1993-08-06,1997-08-06,5.90000009536743,"Gonzalo Sanchez de Lozada","Derecha","Derecha",TRUE
"1495-ECU-BOL-37939",2003-11-14,2000,"Bolivia","Lucio Edwin Gutierrez Borba",5.32999992370605,2003-10-17,2005-06-09,4.5,"Carlos Diego Mesa Gisbert","Derecha","Centro",FALSE
"2223-ECU-BOL-40010",2009-07-16,2005,"Bolivia","Rafael Vicente Correa Delgado1",1.83000004291534,2006-01-22,2010-01-22,2.20000004768372,"Juan Evo Morales Ayma1","Izquierda","Izquierda",TRUE
"2223-ECU-BOL-40101",2009-10-15,2005,"Bolivia","Rafael Vicente Correa Delgado2",2.82999992370606,2006-01-22,2010-01-22,2.20000004768372,"Juan Evo Morales Ayma1","Izquierda","Izquierda",TRUE
"2223-ECU-BOL-40200",2010-01-22,2010,"Bolivia","Rafael Vicente Correa Delgado2",2.82999992370606,2010-01-22,2015-01-22,2.90000009536743,"Juan Evo Morales Ayma2","Izquierda","Izquierda",TRUE
"2223-ECU-BOL-40288",2010-04-20,2010,"Bolivia","Rafael Vicente Correa Delgado2",2.82999992370606,2010-01-22,2015-01-22,2.90000009536743,"Juan Evo Morales Ayma2","Izquierda","Izquierda",TRUE
"2223-ECU-BOL-41064",2012-06-04,2010,"Bolivia","Rafael Vicente Correa Delgado2",2.82999992370606,2010-01-22,2015-01-22,2.90000009536743,"Juan Evo Morales Ayma2","Izquierda","Izquierda",TRUE
"2223-ECU-BOL-41459",2013-07-04,2010,"Bolivia","Rafael Vicente Correa Delgado3",3.5,2010-01-22,2015-01-22,2.90000009536743,"Juan Evo Morales Ayma2","Centro","Izquierda",FALSE
"2223-ECU-BOL-41550",2013-10-03,2010,"Bolivia","Rafael Vicente Correa Delgado3",3.5,2010-01-22,2015-01-22,2.90000009536743,"Juan Evo Morales Ayma2","Centro","Izquierda",FALSE
"2223-ECU-BOL-41804",2014-06-14,2010,"Bolivia","Rafael Vicente Correa Delgado3",3.5,2010-01-22,2015-01-22,2.90000009536743,"Juan Evo Morales Ayma2","Centro","Izquierda",FALSE
"2223-ECU-BOL-42026",2015-01-22,2015,"Bolivia","Rafael Vicente Correa Delgado3",3.5,2015-01-22,2019-11-10,4,"Juan Evo Morales Ayma3","Centro","Centro",TRUE
"2223-ECU-BOL-42289",2015-10-12,2015,"Bolivia","Rafael Vicente Correa Delgado3",3.5,2015-01-22,2019-11-10,4,"Juan Evo Morales Ayma3","Centro","Centro",TRUE
"720-ECU-BRA-34585",1994-09-08,1990,"Brazil","Sixto Alfonso Duran Ballen Cordovez",6.5,1992-12-29,1995-01-01,4.44000005722046,"Itamar Augusto Cautiero Franco","Derecha","Centro",FALSE
"720-ECU-BRA-34730",1995-01-31,1995,"Brazil","Sixto Alfonso Duran Ballen Cordovez",6.5,1995-01-01,1999-01-01,4.78000020980835,"Fernando Henrique Cardoso1","Derecha","Centro",FALSE
"720-ECU-BRA-34735",1995-02-05,1995,"Brazil","Sixto Alfonso Duran Ballen Cordovez",6.5,1995-01-01,1999-01-01,4.78000020980835,"Fernando Henrique Cardoso1","Derecha","Centro",FALSE
"720-ECU-BRA-35130",1996-03-06,1995,"Brazil","Sixto Alfonso Duran Ballen Cordovez",6.5,1995-01-01,1999-01-01,4.78000020980835,"Fernando Henrique Cardoso1","Derecha","Centro",FALSE
"1190-ECU-BRA-35947",1998-06-01,1995,"Brazil","Fabian Ernesto Alarcon Rivera",5,1995-01-01,1999-01-01,4.78000020980835,"Fernando Henrique Cardoso1","Derecha","Centro",FALSE
"1340-ECU-BRA-36065",1998-09-27,1995,"Brazil","Jorge Jamil Mahuad Witt",6.17000007629395,1995-01-01,1999-01-01,4.78000020980835,"Fernando Henrique Cardoso1","Derecha","Centro",FALSE
"1340-ECU-BRA-36094",1998-10-26,1995,"Brazil","Jorge Jamil Mahuad Witt",6.17000007629395,1995-01-01,1999-01-01,4.78000020980835,"Fernando Henrique Cardoso1","Derecha","Centro",FALSE
"1340-ECU-BRA-36164",1999-01-04,1995,"Brazil","Jorge Jamil Mahuad Witt",6.17000007629395,1999-01-01,2003-01-01,4.78000020980835,"Fernando Henrique Cardoso2","Derecha","Centro",FALSE
"1340-ECU-BRA-36339",1999-06-28,1995,"Brazil","Jorge Jamil Mahuad Witt",6.17000007629395,1999-01-01,2003-01-01,4.78000020980835,"Fernando Henrique Cardoso2","Derecha","Centro",FALSE
"1499-ECU-BRA-36769",2000-08-31,2000,"Brazil","Gustavo Jose Joaquin Noboa Bejarano",6.32999992370605,1999-01-01,2003-01-01,4.78000020980835,"Fernando Henrique Cardoso2","Derecha","Centro",FALSE
"1499-ECU-BRA-37324",2002-03-09,2000,"Brazil","Gustavo Jose Joaquin Noboa Bejarano",6.32999992370605,1999-01-01,2003-01-01,4.78000020980835,"Fernando Henrique Cardoso2","Derecha","Centro",FALSE
"1495-ECU-BRA-37768",2003-05-27,2000,"Brazil","Lucio Edwin Gutierrez Borba",5.32999992370605,2003-01-01,2007-01-01,2.44000005722046,"Luiz Inacio Lula da Silva1","Derecha","Izquierda",FALSE
"2053-ECU-BRA-38624",2005-09-29,2005,"Brazil","Luis Alfredo Palacio Gonzalez",4.5,2003-01-01,2007-01-01,2.44000005722046,"Luiz Inacio Lula da Silva1","Centro","Izquierda",FALSE
"2223-ECU-BRA-39099",2007-01-17,2005,"Brazil","Rafael Vicente Correa Delgado1",1.83000004291534,2007-01-01,2011-01-01,2.55999994277954,"Luiz Inacio Lula da Silva2","Izquierda","Izquierda",TRUE
"2223-ECU-BRA-39175",2007-04-03,2005,"Brazil","Rafael Vicente Correa Delgado1",1.83000004291534,2007-01-01,2011-01-01,2.55999994277954,"Luiz Inacio Lula da Silva2","Izquierda","Izquierda",TRUE
"2223-ECU-BRA-39345",2007-09-20,2005,"Brazil","Rafael Vicente Correa Delgado1",1.83000004291534,2007-01-01,2011-01-01,2.55999994277954,"Luiz Inacio Lula da Silva2","Izquierda","Izquierda",TRUE
"2223-ECU-BRA-39511",2008-03-04,2005,"Brazil","Rafael Vicente Correa Delgado1",1.83000004291534,2007-01-01,2011-01-01,2.55999994277954,"Luiz Inacio Lula da Silva2","Izquierda","Izquierda",TRUE
"2223-ECU-BRA-39591",2008-05-23,2005,"Brazil","Rafael Vicente Correa Delgado1",1.83000004291534,2007-01-01,2011-01-01,2.55999994277954,"Luiz Inacio Lula da Silva2","Izquierda","Izquierda",TRUE
"2223-ECU-BRA-39798",2008-12-16,2005,"Brazil","Rafael Vicente Correa Delgado1",1.83000004291534,2007-01-01,2011-01-01,2.55999994277954,"Luiz Inacio Lula da Silva2","Izquierda","Izquierda",TRUE
"2223-ECU-BRA-39841",2009-01-28,2005,"Brazil","Rafael Vicente Correa Delgado1",1.83000004291534,2007-01-01,2011-01-01,2.55999994277954,"Luiz Inacio Lula da Silva2","Izquierda","Izquierda",TRUE
"2223-ECU-BRA-41080",2012-06-20,2010,"Brazil","Rafael Vicente Correa Delgado2",2.82999992370606,2011-01-01,2015-01-01,3,"Dilma Rousseff","Izquierda","Centro",FALSE
"2223-ECU-BRA-41250",2012-12-07,2010,"Brazil","Rafael Vicente Correa Delgado2",2.82999992370606,2011-01-01,2015-01-01,3,"Dilma Rousseff","Izquierda","Centro",FALSE
"2223-ECU-BRA-41836",2014-07-16,2010,"Brazil","Rafael Vicente Correa Delgado3",3.5,2011-01-01,2015-01-01,3,"Dilma Rousseff","Centro","Centro",TRUE
"720-ECU-CHL-34402",1994-03-09,1990,"Chile","Sixto Alfonso Duran Ballen Cordovez",6.5,1990-03-11,1994-03-11,4,"Patricio Aylwin Azocar","Derecha","Centro",FALSE
"720-ECU-CHL-34736",1995-02-06,1995,"Chile","Sixto Alfonso Duran Ballen Cordovez",6.5,1994-03-11,2000-03-11,4.1399998664856,"Eduardo Frei Ruiz-Tagle","Derecha","Centro",FALSE
"1190-ECU-CHL-35902",1998-04-17,1995,"Chile","Fabian Ernesto Alarcon Rivera",5,1994-03-11,2000-03-11,4.1399998664856,"Eduardo Frei Ruiz-Tagle","Derecha","Centro",FALSE
"1499-ECU-CHL-36835",2000-11-05,2000,"Chile","Gustavo Jose Joaquin Noboa Bejarano",6.32999992370605,2000-03-11,2006-03-11,3.5699999332428,"Ricardo Froilin Lagos Escobar","Derecha","Centro",FALSE
"1499-ECU-CHL-37121",2001-08-18,2000,"Chile","Gustavo Jose Joaquin Noboa Bejarano",6.32999992370605,2000-03-11,2006-03-11,3.5699999332428,"Ricardo Froilin Lagos Escobar","Derecha","Centro",FALSE
"1495-ECU-CHL-38098",2004-04-21,2000,"Chile","Lucio Edwin Gutierrez Borba",5.32999992370605,2000-03-11,2006-03-11,3.5699999332428,"Ricardo Froilin Lagos Escobar","Derecha","Centro",FALSE
"2053-ECU-CHL-38740",2006-01-23,2005,"Chile","Luis Alfredo Palacio Gonzalez",4.5,2000-03-11,2006-03-11,3.5699999332428,"Ricardo Froilin Lagos Escobar","Centro","Centro",TRUE
"2223-ECU-CHL-39394",2007-11-08,2005,"Chile","Rafael Vicente Correa Delgado1",1.83000004291534,2006-03-11,2010-03-11,2.85999989509583,"Veronica Michelle Bachelet Jeria","Izquierda","Izquierda",TRUE
"2223-ECU-CHL-39517",2008-03-10,2005,"Chile","Rafael Vicente Correa Delgado1",1.83000004291534,2006-03-11,2010-03-11,2.85999989509583,"Veronica Michelle Bachelet Jeria","Izquierda","Izquierda",TRUE
"2223-ECU-CHL-39706",2008-09-15,2005,"Chile","Rafael Vicente Correa Delgado1",1.83000004291534,2006-03-11,2010-03-11,2.85999989509583,"Veronica Michelle Bachelet Jeria","Izquierda","Izquierda",TRUE
"2223-ECU-CHL-40248",2010-03-11,2010,"Chile","Rafael Vicente Correa Delgado2",2.82999992370606,2010-03-11,2014-03-11,5.69999980926514,"Sebastian Pinera","Izquierda","Derecha",FALSE
"2223-ECU-CHL-40487",2010-11-05,2010,"Chile","Rafael Vicente Correa Delgado2",2.82999992370606,2010-03-11,2014-03-11,5.69999980926514,"Sebastian Pinera","Izquierda","Derecha",FALSE
"2223-ECU-CHL-40577",2011-02-03,2010,"Chile","Rafael Vicente Correa Delgado2",2.82999992370606,2010-03-11,2014-03-11,5.69999980926514,"Sebastian Pinera","Izquierda","Derecha",FALSE
"2223-ECU-CHL-41207",2012-10-25,2010,"Chile","Rafael Vicente Correa Delgado2",2.82999992370606,2010-03-11,2014-03-11,5.69999980926514,"Sebastian Pinera","Izquierda","Derecha",FALSE
"2223-ECU-CHL-41300",2013-01-26,2010,"Chile","Rafael Vicente Correa Delgado2",2.82999992370606,2010-03-11,2014-03-11,5.69999980926514,"Sebastian Pinera","Izquierda","Derecha",FALSE
"2223-ECU-CHL-41708",2014-03-10,2010,"Chile","Rafael Vicente Correa Delgado3",3.5,2010-03-11,2014-03-11,5.69999980926514,"Sebastian Pinera","Centro","Derecha",FALSE
"2223-ECU-CHL-41772",2014-05-13,2010,"Chile","Rafael Vicente Correa Delgado3",3.5,2014-03-11,2018-03-11,2.9,"Michelle Bachelet","Centro","Izquierda",FALSE
"3334-ECU-CHL-43169",2018-03-10,2015,"Chile","Lenín Moreno Garcés",6,2014-03-11,2018-03-11,2.9,"Michelle Bachelet","Derecha","Izquierda",FALSE
"3334-ECU-CHL-43546",2019-03-22,2015,"Chile","Lenín Moreno Garcés",6,2018-03-11,2022-03-11,5.81,"Sebastián Piñera2","Derecha","Derecha",TRUE
"720-ECU-COL-34498",1994-06-13,1990,"Colombia","Sixto Alfonso Duran Ballen Cordovez",6.5,1990-08-07,1994-08-07,5.42999982833862,"Cesar Augusto Gaviria Trujillo","Derecha","Derecha",TRUE
"1340-ECU-COL-36303",1999-05-23,1995,"Colombia","Jorge Jamil Mahuad Witt",6.17000007629395,1998-08-07,2002-08-07,6,"Andres Pastrana Arango","Derecha","Derecha",TRUE
"1499-ECU-COL-36692",2000-06-15,2000,"Colombia","Gustavo Jose Joaquin Noboa Bejarano",6.32999992370605,1998-08-07,2002-08-07,6,"Andres Pastrana Arango","Derecha","Derecha",TRUE
"1499-ECU-COL-36761",2000-08-23,2000,"Colombia","Gustavo Jose Joaquin Noboa Bejarano",6.32999992370605,1998-08-07,2002-08-07,6,"Andres Pastrana Arango","Derecha","Derecha",TRUE
"1499-ECU-COL-36851",2000-11-21,2000,"Colombia","Gustavo Jose Joaquin Noboa Bejarano",6.32999992370605,1998-08-07,2002-08-07,6,"Andres Pastrana Arango","Derecha","Derecha",TRUE
"1499-ECU-COL-36998",2001-04-17,2000,"Colombia","Gustavo Jose Joaquin Noboa Bejarano",6.32999992370605,1998-08-07,2002-08-07,6,"Andres Pastrana Arango","Derecha","Derecha",TRUE
"1495-ECU-COL-37799",2003-06-27,2000,"Colombia","Lucio Edwin Gutierrez Borba",5.32999992370605,2002-08-07,2006-08-07,6.8600001335144,"Alvaro Uribe Velez1","Derecha","Derecha",TRUE
"1495-ECU-COL-38062",2004-03-16,2000,"Colombia","Lucio Edwin Gutierrez Borba",5.32999992370605,2002-08-07,2006-08-07,6.8600001335144,"Alvaro Uribe Velez1","Derecha","Derecha",TRUE
"2053-ECU-COL-38733",2006-01-16,2005,"Colombia","Luis Alfredo Palacio Gonzalez",4.5,2002-08-07,2006-08-07,6.8600001335144,"Alvaro Uribe Velez1","Centro","Derecha",FALSE
"2223-ECU-COL-39367",2007-10-12,2005,"Colombia","Rafael Vicente Correa Delgado1",1.83000004291534,2006-08-07,2010-08-07,6.8600001335144,"Alvaro Uribe Velez2","Izquierda","Derecha",FALSE
"2223-ECU-COL-40397",2010-08-07,2010,"Colombia","Rafael Vicente Correa Delgado2",2.82999992370606,2010-08-07,2014-08-07,4.57000017166138,"Juan Manuel Santos Calderon","Izquierda","Centro",FALSE
"2223-ECU-COL-40527",2010-12-15,2010,"Colombia","Rafael Vicente Correa Delgado2",2.82999992370606,2010-08-07,2014-08-07,4.57000017166138,"Juan Manuel Santos Calderon","Izquierda","Centro",FALSE
"2223-ECU-COL-40668",2011-05-05,2010,"Colombia","Rafael Vicente Correa Delgado2",2.82999992370606,2010-08-07,2014-08-07,4.57000017166138,"Juan Manuel Santos Calderon","Izquierda","Centro",FALSE
"2223-ECU-COL-40855",2011-11-08,2010,"Colombia","Rafael Vicente Correa Delgado2",2.82999992370606,2010-08-07,2014-08-07,4.57000017166138,"Juan Manuel Santos Calderon","Izquierda","Centro",FALSE
"2223-ECU-COL-41603",2013-11-25,2010,"Colombia","Rafael Vicente Correa Delgado3",3.5,2010-08-07,2014-08-07,4.57000017166138,"Juan Manuel Santos Calderon","Centro","Centro",TRUE
"2223-ECU-COL-41858",2014-08-07,2010,"Colombia","Rafael Vicente Correa Delgado3",3.5,2014-08-07,2018-08-07,5,"Juan Manuel Santos Calderon2","Centro","Derecha",FALSE
"2223-ECU-COL-42353",2015-12-15,2015,"Colombia","Rafael Vicente Correa Delgado3",3.5,2014-08-07,2018-08-07,5,"Juan Manuel Santos Calderon2","Centro","Derecha",FALSE
"2223-ECU-COL-42639",2016-09-26,2015,"Colombia","Rafael Vicente Correa Delgado3",3.5,2014-08-07,2018-08-07,5,"Juan Manuel Santos Calderon2","Centro","Derecha",FALSE
"2223-ECU-COL-42671",2016-10-28,2015,"Colombia","Rafael Vicente Correa Delgado3",3.5,2014-08-07,2018-08-07,5,"Juan Manuel Santos Calderon2","Centro","Derecha",FALSE
"3334-ECU-COL-43145",2018-02-14,2015,"Colombia","Lenín Moreno Garcés",6,2014-08-07,2018-08-07,5,"Juan Manuel Santos Calderon2","Derecha","Derecha",TRUE
"3334-ECU-COL-43319",2018-08-07,2015,"Colombia","Lenín Moreno Garcés",6,2018-08-07,2022-08-07,6,"Iván Duque Márquez","Derecha","Derecha",TRUE
"3334-ECU-COL-43714",2019-09-06,2015,"Colombia","Lenín Moreno Garcés",6,2018-08-07,2022-08-07,6,"Iván Duque Márquez","Derecha","Derecha",TRUE
"3334-ECU-COL-43810",2019-12-11,2015,"Colombia","Lenín Moreno Garcés",6,2018-08-07,2022-08-07,6,"Iván Duque Márquez","Derecha","Derecha",TRUE
"1190-ECU-PRY-35664",1997-08-22,1995,"Paraguay","Fabian Ernesto Alarcon Rivera",5,1993-08-15,1998-08-15,5.75,"Juan Carlos Maria Wasmosy Monti","Derecha","Derecha",TRUE
"1495-ECU-PRY-37847",2003-08-14,2000,"Paraguay","Lucio Edwin Gutierrez Borba",5.32999992370605,1999-03-28,2003-08-15,5.75,"Luis Angel Gonzalez Macchi","Derecha","Derecha",TRUE
"2053-ECU-PRY-38522",2005-06-19,2005,"Paraguay","Luis Alfredo Palacio Gonzalez",4.5,2003-08-15,2008-08-15,3.79999995231628,"Oscar Nicanor Duarte Frutos","Centro","Centro",TRUE
"2223-ECU-PRY-39261",2007-06-28,2005,"Paraguay","Rafael Vicente Correa Delgado1",1.83000004291534,2003-08-15,2008-08-15,3.79999995231628,"Oscar Nicanor Duarte Frutos","Izquierda","Centro",FALSE
"2223-ECU-PRY-39675",2008-08-15,2005,"Paraguay","Rafael Vicente Correa Delgado1",1.83000004291534,2008-08-15,2012-06-22,2.59999990463257,"Fernando Armindo Lugo Mendez","Izquierda","Izquierda",TRUE
"2223-ECU-PRY-39895",2009-03-23,2005,"Paraguay","Rafael Vicente Correa Delgado1",1.83000004291534,2008-08-15,2012-06-22,2.59999990463257,"Fernando Armindo Lugo Mendez","Izquierda","Izquierda",TRUE
"2223-ECU-PRY-40723",2011-06-29,2010,"Paraguay","Rafael Vicente Correa Delgado2",2.82999992370606,2008-08-15,2012-06-22,2.59999990463257,"Fernando Armindo Lugo Mendez","Izquierda","Izquierda",TRUE
"2223-ECU-PRY-40844",2011-10-28,2010,"Paraguay","Rafael Vicente Correa Delgado2",2.82999992370606,2008-08-15,2012-06-22,2.59999990463257,"Fernando Armindo Lugo Mendez","Izquierda","Izquierda",TRUE
"720-ECU-PER-35131",1996-03-07,1995,"Peru","Sixto Alfonso Duran Ballen Cordovez",6.5,1995-07-28,2000-07-28,5.44000005722046,"Alberto Kenya Fujimori Fujimori2","Derecha","Derecha",TRUE
"1190-ECU-PER-35832",1998-02-06,1995,"Peru","Fabian Ernesto Alarcon Rivera",5,1995-07-28,2000-07-28,5.44000005722046,"Alberto Kenya Fujimori Fujimori2","Derecha","Derecha",TRUE
"1340-ECU-PER-36296",1999-05-16,1995,"Peru","Jorge Jamil Mahuad Witt",6.17000007629395,1995-07-28,2000-07-28,5.44000005722046,"Alberto Kenya Fujimori Fujimori2","Derecha","Derecha",TRUE
"1340-ECU-PER-36383",1999-08-11,1995,"Peru","Jorge Jamil Mahuad Witt",6.17000007629395,1995-07-28,2000-07-28,5.44000005722046,"Alberto Kenya Fujimori Fujimori2","Derecha","Derecha",TRUE
"1499-ECU-PER-36686",2000-06-09,2000,"Peru","Gustavo Jose Joaquin Noboa Bejarano",6.32999992370605,1995-07-28,2000-07-28,5.44000005722046,"Alberto Kenya Fujimori Fujimori2","Derecha","Derecha",TRUE
"1499-ECU-PER-37100",2001-07-28,2000,"Peru","Gustavo Jose Joaquin Noboa Bejarano",6.32999992370605,2001-07-28,2006-07-28,4.67000007629395,"Alejandro Celestino Toledo Manrique","Derecha","Centro",FALSE
"1499-ECU-PER-37218",2001-11-23,2000,"Peru","Gustavo Jose Joaquin Noboa Bejarano",6.32999992370605,2001-07-28,2006-07-28,4.67000007629395,"Alejandro Celestino Toledo Manrique","Derecha","Centro",FALSE
"1499-ECU-PER-37322",2002-03-07,2000,"Peru","Gustavo Jose Joaquin Noboa Bejarano",6.32999992370605,2001-07-28,2006-07-28,4.67000007629395,"Alejandro Celestino Toledo Manrique","Derecha","Centro",FALSE
"1495-ECU-PER-37763",2003-05-22,2000,"Peru","Lucio Edwin Gutierrez Borba",5.32999992370605,2001-07-28,2006-07-28,4.67000007629395,"Alejandro Celestino Toledo Manrique","Derecha","Centro",FALSE
"1495-ECU-PER-38017",2004-01-31,2000,"Peru","Lucio Edwin Gutierrez Borba",5.32999992370605,2001-07-28,2006-07-28,4.67000007629395,"Alejandro Celestino Toledo Manrique","Derecha","Centro",FALSE
"2053-ECU-PER-38551",2005-07-18,2005,"Peru","Luis Alfredo Palacio Gonzalez",4.5,2001-07-28,2006-07-28,4.67000007629395,"Alejandro Celestino Toledo Manrique","Centro","Centro",TRUE
"2053-ECU-PER-38895",2006-06-27,2005,"Peru","Luis Alfredo Palacio Gonzalez",4.5,2001-07-28,2006-07-28,4.67000007629395,"Alejandro Celestino Toledo Manrique","Centro","Centro",TRUE
"2053-ECU-PER-38926",2006-07-28,2005,"Peru","Luis Alfredo Palacio Gonzalez",4.5,2006-07-28,2011-07-28,5.67000007629395,"Alan Gabriel Ludwig Garcia Perez2","Centro","Derecha",FALSE
"2223-ECU-PER-39511",2008-03-04,2005,"Peru","Rafael Vicente Correa Delgado1",1.83000004291534,2006-07-28,2011-07-28,5.67000007629395,"Alan Gabriel Ludwig Garcia Perez2","Izquierda","Derecha",FALSE
"2223-ECU-PER-39583",2008-05-15,2005,"Peru","Rafael Vicente Correa Delgado1",1.83000004291534,2006-07-28,2011-07-28,5.67000007629395,"Alan Gabriel Ludwig Garcia Perez2","Izquierda","Derecha",FALSE
"2223-ECU-PER-39703",2008-09-12,2005,"Peru","Rafael Vicente Correa Delgado1",1.83000004291534,2006-07-28,2011-07-28,5.67000007629395,"Alan Gabriel Ludwig Garcia Perez2","Izquierda","Derecha",FALSE
"2223-ECU-PER-40108",2009-10-22,2005,"Peru","Rafael Vicente Correa Delgado2",2.82999992370606,2006-07-28,2011-07-28,5.67000007629395,"Alan Gabriel Ludwig Garcia Perez2","Izquierda","Derecha",FALSE
"2223-ECU-PER-40338",2010-06-09,2010,"Peru","Rafael Vicente Correa Delgado2",2.82999992370606,2006-07-28,2011-07-28,5.67000007629395,"Alan Gabriel Ludwig Garcia Perez2","Izquierda","Derecha",FALSE
"2223-ECU-PER-40751",2011-07-27,2010,"Peru","Rafael Vicente Correa Delgado2",2.82999992370606,2006-07-28,2011-07-28,5.67000007629395,"Alan Gabriel Ludwig Garcia Perez2","Izquierda","Derecha",FALSE
"2223-ECU-PER-40968",2012-02-29,2010,"Peru","Rafael Vicente Correa Delgado2",2.82999992370606,2011-07-28,2016-07-28,4.55999994277954,"Ollanta Moises Humala Tasso","Izquierda","Centro",FALSE
"2223-ECU-PER-41183",2012-10-01,2010,"Peru","Rafael Vicente Correa Delgado2",2.82999992370606,2011-07-28,2016-07-28,4.55999994277954,"Ollanta Moises Humala Tasso","Izquierda","Centro",FALSE
"2223-ECU-PER-41243",2012-11-30,2010,"Peru","Rafael Vicente Correa Delgado2",2.82999992370606,2011-07-28,2016-07-28,4.55999994277954,"Ollanta Moises Humala Tasso","Izquierda","Centro",FALSE
"2223-ECU-PER-41592",2013-11-14,2010,"Peru","Rafael Vicente Correa Delgado3",3.5,2011-07-28,2016-07-28,4.55999994277954,"Ollanta Moises Humala Tasso","Centro","Centro",TRUE
"2223-ECU-PER-41601",2013-11-23,2010,"Peru","Rafael Vicente Correa Delgado3",3.5,2011-07-28,2016-07-28,4.55999994277954,"Ollanta Moises Humala Tasso","Centro","Centro",TRUE
"2223-ECU-PER-42579",2016-07-28,2015,"Peru","Rafael Vicente Correa Delgado3",3.5,2016-07-28,2018-03-23,6.4,"Pedro Pablo Kuczynski","Centro","Derecha",FALSE
"3334-ECU-PER-43202",2018-04-12,2015,"Peru","Lenín Moreno Garcés",6,2018-03-23,2020-11-09,4.5,"Martín Vizcarra","Derecha","Centro",FALSE
"3334-ECU-PER-43611",2019-05-26,2015,"Peru","Lenín Moreno Garcés",6,2018-03-23,2020-11-09,4.5,"Martín Vizcarra","Derecha","Centro",FALSE
"3334-ECU-PER-43652",2019-07-06,2015,"Peru","Lenín Moreno Garcés",6,2018-03-23,2020-11-09,4.5,"Martín Vizcarra","Derecha","Centro",FALSE
"3334-ECU-PER-43775",2019-11-06,2015,"Peru","Lenín Moreno Garcés",6,2018-03-23,2020-11-09,4.5,"Martín Vizcarra","Derecha","Centro",FALSE
"720-ECU-URY-34759",1995-03-01,1995,"Uruguay","Sixto Alfonso Duran Ballen Cordovez",6.5,1995-03-01,2000-03-01,4.82000017166138,"Julio Maria Sanguinetti Coirolo2","Derecha","Centro",FALSE
"2053-ECU-URY-39024",2006-11-03,2005,"Uruguay","Luis Alfredo Palacio Gonzalez",4.5,2005-03-01,2010-03-01,3,"Tabare Ramon Vazquez Rosas","Centro","Centro",TRUE
"2223-ECU-URY-40238",2010-03-01,2010,"Uruguay","Rafael Vicente Correa Delgado2",2.82999992370606,2010-03-01,2015-03-01,2.5,"Jose Alberto Mujica Cordano","Izquierda","Izquierda",TRUE
"2223-ECU-URY-40897",2011-12-20,2010,"Uruguay","Rafael Vicente Correa Delgado2",2.82999992370606,2010-03-01,2015-03-01,2.5,"Jose Alberto Mujica Cordano","Izquierda","Izquierda",TRUE
"2223-ECU-URY-42064",2015-03-01,2015,"Uruguay","Rafael Vicente Correa Delgado3",3.5,2015-03-01,2020-03-01,2.83,"Tabaré Vázquez","Centro","Izquierda",FALSE
"720-ECU-VEN-34733",1995-02-03,1995,"Venezuela","Sixto Alfonso Duran Ballen Cordovez",6.5,1994-02-02,1999-02-02,4.13000011444092,"Rafael Antonio Caldera Rodriguez","Derecha","Centro",FALSE
"1190-ECU-VEN-35742",1997-11-08,1995,"Venezuela","Fabian Ernesto Alarcon Rivera",5,1994-02-02,1999-02-02,4.13000011444092,"Rafael Antonio Caldera Rodriguez","Derecha","Centro",FALSE
"1340-ECU-VEN-36193",1999-02-02,1995,"Venezuela","Jorge Jamil Mahuad Witt",6.17000007629395,1999-02-02,2000-08-19,2.13000011444092,"Hugo Chavez1","Derecha","Izquierda",FALSE
"1499-ECU-VEN-37065",2001-06-23,2000,"Venezuela","Gustavo Jose Joaquin Noboa Bejarano",6.32999992370605,2000-08-19,2007-01-10,1.62999999523163,"Hugo Chavez2","Derecha","Izquierda",FALSE
"2223-ECU-VEN-39188",2007-04-16,2005,"Venezuela","Rafael Vicente Correa Delgado1",1.83000004291534,2007-01-10,2013-03-05,1.25,"Hugo Chavez3","Izquierda","Izquierda",TRUE
"2223-ECU-VEN-39512",2008-03-05,2005,"Venezuela","Rafael Vicente Correa Delgado1",1.83000004291534,2007-01-10,2013-03-05,1.25,"Hugo Chavez3","Izquierda","Izquierda",TRUE
"2223-ECU-VEN-39689",2008-08-29,2005,"Venezuela","Rafael Vicente Correa Delgado1",1.83000004291534,2007-01-10,2013-03-05,1.25,"Hugo Chavez3","Izquierda","Izquierda",TRUE
"2223-ECU-VEN-39778",2008-11-26,2005,"Venezuela","Rafael Vicente Correa Delgado1",1.83000004291534,2007-01-10,2013-03-05,1.25,"Hugo Chavez3","Izquierda","Izquierda",TRUE
"2223-ECU-VEN-39846",2009-02-02,2005,"Venezuela","Rafael Vicente Correa Delgado1",1.83000004291534,2007-01-10,2013-03-05,1.25,"Hugo Chavez3","Izquierda","Izquierda",TRUE
"2223-ECU-VEN-39988",2009-06-24,2005,"Venezuela","Rafael Vicente Correa Delgado1",1.83000004291534,2007-01-10,2013-03-05,1.25,"Hugo Chavez3","Izquierda","Izquierda",TRUE
"2223-ECU-VEN-40082",2009-09-26,2005,"Venezuela","Rafael Vicente Correa Delgado2",2.82999992370606,2007-01-10,2013-03-05,1.25,"Hugo Chavez3","Izquierda","Izquierda",TRUE
"2223-ECU-VEN-40093",2009-10-07,2005,"Venezuela","Rafael Vicente Correa Delgado2",2.82999992370606,2007-01-10,2013-03-05,1.25,"Hugo Chavez3","Izquierda","Izquierda",TRUE
"2223-ECU-VEN-40287",2010-04-19,2010,"Venezuela","Rafael Vicente Correa Delgado2",2.82999992370606,2007-01-10,2013-03-05,1.25,"Hugo Chavez3","Izquierda","Izquierda",TRUE
"2223-ECU-VEN-40364",2010-07-05,2010,"Venezuela","Rafael Vicente Correa Delgado2",2.82999992370606,2007-01-10,2013-03-05,1.25,"Hugo Chavez3","Izquierda","Izquierda",TRUE
"2223-ECU-VEN-40526",2010-12-14,2010,"Venezuela","Rafael Vicente Correa Delgado2",2.82999992370606,2007-01-10,2013-03-05,1.25,"Hugo Chavez3","Izquierda","Izquierda",TRUE
"2223-ECU-VEN-40879",2011-12-02,2010,"Venezuela","Rafael Vicente Correa Delgado2",2.82999992370606,2007-01-10,2013-03-05,1.25,"Hugo Chavez3","Izquierda","Izquierda",TRUE
"2223-ECU-VEN-40944",2012-02-05,2010,"Venezuela","Rafael Vicente Correa Delgado2",2.82999992370606,2007-01-10,2013-03-05,1.25,"Hugo Chavez3","Izquierda","Izquierda",TRUE
"2223-ECU-VEN-41484",2013-07-29,2010,"Venezuela","Rafael Vicente Correa Delgado3",3.5,2013-04-19,2019-01-10,1.37999999523163,"Nicolas Maduro Moros","Centro","Izquierda",FALSE
"2223-ECU-VEN-41625",2013-12-17,2010,"Venezuela","Rafael Vicente Correa Delgado3",3.5,2013-04-19,2019-01-10,1.37999999523163,"Nicolas Maduro Moros","Centro","Izquierda",FALSE
"2223-ECU-VEN-42630",2016-09-17,2015,"Venezuela","Rafael Vicente Correa Delgado3",3.5,2013-04-19,2019-01-10,1.37999999523163,"Nicolas Maduro Moros","Centro","Izquierda",FALSE
"844-PRY-ARG-34987",1995-10-15,1995,"Argentina","Juan Carlos Maria Wasmosy Monti",5.75,1995-07-08,1999-12-10,6.30000019073486,"Carlos Saul Menem2","Derecha","Derecha",TRUE
"844-PRY-ARG-35030",1995-11-27,1995,"Argentina","Juan Carlos Maria Wasmosy Monti",5.75,1995-07-08,1999-12-10,6.30000019073486,"Carlos Saul Menem2","Derecha","Derecha",TRUE
"844-PRY-ARG-35180",1996-04-25,1995,"Argentina","Juan Carlos Maria Wasmosy Monti",5.75,1995-07-08,1999-12-10,6.30000019073486,"Carlos Saul Menem2","Derecha","Derecha",TRUE
"844-PRY-ARG-35202",1996-05-17,1995,"Argentina","Juan Carlos Maria Wasmosy Monti",5.75,1995-07-08,1999-12-10,6.30000019073486,"Carlos Saul Menem2","Derecha","Derecha",TRUE
"844-PRY-ARG-35915",1998-04-30,1995,"Argentina","Juan Carlos Maria Wasmosy Monti",5.75,1995-07-08,1999-12-10,6.30000019073486,"Carlos Saul Menem2","Derecha","Derecha",TRUE
"844-PRY-ARG-35999",1998-07-23,1995,"Argentina","Juan Carlos Maria Wasmosy Monti",5.75,1995-07-08,1999-12-10,6.30000019073486,"Carlos Saul Menem2","Derecha","Derecha",TRUE
"1395-PRY-ARG-36707",2000-06-30,2000,"Argentina","Luis Angel Gonzalez Macchi",5.75,1999-12-10,2001-12-20,5.90000009536743,"Fernando de la Rua","Derecha","Derecha",TRUE
"1395-PRY-ARG-37139",2001-09-05,2000,"Argentina","Luis Angel Gonzalez Macchi",5.75,1999-12-10,2001-12-20,5.90000009536743,"Fernando de la Rua","Derecha","Derecha",TRUE
"1395-PRY-ARG-37305",2002-02-18,2000,"Argentina","Luis Angel Gonzalez Macchi",5.75,2002-01-01,2003-05-25,4.59999990463257,"Eduardo Alberto Duhalde","Derecha","Centro",FALSE
"1395-PRY-ARG-37402",2002-05-26,2000,"Argentina","Luis Angel Gonzalez Macchi",5.75,2002-01-01,2003-05-25,4.59999990463257,"Eduardo Alberto Duhalde","Derecha","Centro",FALSE
"1395-PRY-ARG-37440",2002-07-05,2000,"Argentina","Luis Angel Gonzalez Macchi",5.75,2002-01-01,2003-05-25,4.59999990463257,"Eduardo Alberto Duhalde","Derecha","Centro",FALSE
"1849-PRY-ARG-37972",2003-12-17,2000,"Argentina","Oscar Nicanor Duarte Frutos",3.79999995231628,2003-05-25,2007-12-10,2.79999995231628,"Nestor Carlos Kirchner","Centro","Izquierda",FALSE
"1849-PRY-ARG-38176",2004-07-08,2000,"Argentina","Oscar Nicanor Duarte Frutos",3.79999995231628,2003-05-25,2007-12-10,2.79999995231628,"Nestor Carlos Kirchner","Centro","Izquierda",FALSE
"1849-PRY-ARG-38659",2005-11-04,2005,"Argentina","Oscar Nicanor Duarte Frutos",3.79999995231628,2003-05-25,2007-12-10,2.79999995231628,"Nestor Carlos Kirchner","Centro","Izquierda",FALSE
"1849-PRY-ARG-38918",2006-07-20,2005,"Argentina","Oscar Nicanor Duarte Frutos",3.79999995231628,2003-05-25,2007-12-10,2.79999995231628,"Nestor Carlos Kirchner","Centro","Izquierda",FALSE
"1849-PRY-ARG-39425",2007-12-09,2005,"Argentina","Oscar Nicanor Duarte Frutos",3.79999995231628,2003-05-25,2007-12-10,2.79999995231628,"Nestor Carlos Kirchner","Centro","Izquierda",FALSE
"1849-PRY-ARG-39629",2008-06-30,2005,"Argentina","Oscar Nicanor Duarte Frutos",3.79999995231628,2007-12-10,2011-12-10,2.5,"Cristina Fernandez1","Centro","Izquierda",FALSE
"2386-PRY-ARG-39930",2009-04-27,2005,"Argentina","Fernando Armindo Lugo Mendez",2.59999990463257,2007-12-10,2011-12-10,2.5,"Cristina Fernandez1","Izquierda","Izquierda",TRUE
"2386-PRY-ARG-40053",2009-08-28,2005,"Argentina","Fernando Armindo Lugo Mendez",2.59999990463257,2007-12-10,2011-12-10,2.5,"Cristina Fernandez1","Izquierda","Izquierda",TRUE
"2386-PRY-ARG-40302",2010-05-03,2010,"Argentina","Fernando Armindo Lugo Mendez",2.59999990463257,2007-12-10,2011-12-10,2.5,"Cristina Fernandez1","Izquierda","Izquierda",TRUE
"2386-PRY-ARG-40323",2010-05-25,2010,"Argentina","Fernando Armindo Lugo Mendez",2.59999990463257,2007-12-10,2011-12-10,2.5,"Cristina Fernandez1","Izquierda","Izquierda",TRUE
"2386-PRY-ARG-40393",2010-08-02,2010,"Argentina","Fernando Armindo Lugo Mendez",2.59999990463257,2007-12-10,2011-12-10,2.5,"Cristina Fernandez1","Izquierda","Izquierda",TRUE
"2386-PRY-ARG-40479",2010-10-28,2010,"Argentina","Fernando Armindo Lugo Mendez",2.59999990463257,2007-12-10,2011-12-10,2.5,"Cristina Fernandez1","Izquierda","Izquierda",TRUE
"2386-PRY-ARG-40515",2010-12-03,2010,"Argentina","Fernando Armindo Lugo Mendez",2.59999990463257,2007-12-10,2011-12-10,2.5,"Cristina Fernandez1","Izquierda","Izquierda",TRUE
"2386-PRY-ARG-40599",2011-02-25,2010,"Argentina","Fernando Armindo Lugo Mendez",2.59999990463257,2007-12-10,2011-12-10,2.5,"Cristina Fernandez1","Izquierda","Izquierda",TRUE
"2386-PRY-ARG-40887",2011-12-10,2010,"Argentina","Fernando Armindo Lugo Mendez",2.59999990463257,2011-12-10,2015-12-10,1.89999997615814,"Cristina Fernandez2","Izquierda","Izquierda",TRUE
"2931-PRY-ARG-41527",2013-09-10,2010,"Argentina","Horacio Manuel Cartes Jara",5.59999990463257,2011-12-10,2015-12-10,1.89999997615814,"Cristina Fernandez2","Derecha","Izquierda",FALSE
"2931-PRY-ARG-41990",2014-12-17,2010,"Argentina","Horacio Manuel Cartes Jara",5.59999990463257,2011-12-10,2015-12-10,1.89999997615814,"Cristina Fernandez2","Derecha","Izquierda",FALSE
"2931-PRY-ARG-42348",2015-12-10,2015,"Argentina","Horacio Manuel Cartes Jara",5.59999990463257,2015-12-10,2019-12-10,6.3,"Mauricio Macri","Derecha","Derecha",TRUE
"2931-PRY-ARG-42445",2016-03-16,2015,"Argentina","Horacio Manuel Cartes Jara",5.59999990463257,2015-12-10,2019-12-10,6.3,"Mauricio Macri","Derecha","Derecha",TRUE
"2931-PRY-ARG-42499",2016-05-09,2015,"Argentina","Horacio Manuel Cartes Jara",5.59999990463257,2015-12-10,2019-12-10,6.3,"Mauricio Macri","Derecha","Derecha",TRUE
"2931-PRY-ARG-42937",2017-07-21,2015,"Argentina","Horacio Manuel Cartes Jara",5.59999990463257,2015-12-10,2019-12-10,6.3,"Mauricio Macri","Derecha","Derecha",TRUE
"2931-PRY-ARG-42990",2017-09-12,2015,"Argentina","Horacio Manuel Cartes Jara",5.59999990463257,2015-12-10,2019-12-10,6.3,"Mauricio Macri","Derecha","Derecha",TRUE
"2931-PRY-ARG-43012",2017-10-04,2015,"Argentina","Horacio Manuel Cartes Jara",5.59999990463257,2015-12-10,2019-12-10,6.3,"Mauricio Macri","Derecha","Derecha",TRUE
"2931-PRY-ARG-43079",2017-12-10,2015,"Argentina","Horacio Manuel Cartes Jara",5.59999990463257,2015-12-10,2019-12-10,6.3,"Mauricio Macri","Derecha","Derecha",TRUE
"3481-PRY-ARG-43544",2019-03-20,2015,"Argentina","Mario Abdo Beníte",6.6,2015-12-10,2019-12-10,6.3,"Mauricio Macri","Derecha","Derecha",TRUE
"3481-PRY-ARG-43663",2019-07-17,2015,"Argentina","Mario Abdo Beníte",6.6,2015-12-10,2019-12-10,6.3,"Mauricio Macri","Derecha","Derecha",TRUE
"3481-PRY-ARG-43809",2019-12-10,2015,"Argentina","Mario Abdo Beníte",6.6,2019-12-10,2023-12-10,3,"Alberto Fernandez","Derecha","Centro",FALSE
"3481-PRY-ARG-44950",2023-01-24,2020,"Argentina","Mario Abdo Beníte",6.6,2019-12-10,2023-12-10,3,"Alberto Fernandez","Derecha","Centro",FALSE
"3481-PRY-ARG-44995",2023-03-10,2020,"Argentina","Mario Abdo Beníte",6.6,2019-12-10,2023-12-10,3,"Alberto Fernandez","Derecha","Centro",FALSE
"3481-PRY-ARG-45110",2023-07-03,2020,"Argentina","Mario Abdo Beníte",6.6,2019-12-10,2023-12-10,3,"Alberto Fernandez","Derecha","Centro",FALSE
"844-PRY-BOL-34588",1994-09-11,1990,"Bolivia","Juan Carlos Maria Wasmosy Monti",5.75,1993-08-06,1997-08-06,5.90000009536743,"Gonzalo Sanchez de Lozada","Derecha","Derecha",TRUE
"844-PRY-BOL-34965",1995-09-23,1995,"Bolivia","Juan Carlos Maria Wasmosy Monti",5.75,1993-08-06,1997-08-06,5.90000009536743,"Gonzalo Sanchez de Lozada","Derecha","Derecha",TRUE
"844-PRY-BOL-35542",1997-04-22,1995,"Bolivia","Juan Carlos Maria Wasmosy Monti",5.75,1993-08-06,1997-08-06,5.90000009536743,"Gonzalo Sanchez de Lozada","Derecha","Derecha",TRUE
"1849-PRY-BOL-37940",2003-11-14,2000,"Bolivia","Oscar Nicanor Duarte Frutos",3.79999995231628,2003-10-17,2005-06-09,4.5,"Carlos Diego Mesa Gisbert","Centro","Centro",TRUE
"1849-PRY-BOL-38739",2006-01-22,2005,"Bolivia","Oscar Nicanor Duarte Frutos",3.79999995231628,2006-01-22,2010-01-22,2.20000004768372,"Juan Evo Morales Ayma1","Centro","Izquierda",FALSE
"1849-PRY-BOL-39059",2006-12-08,2005,"Bolivia","Oscar Nicanor Duarte Frutos",3.79999995231628,2006-01-22,2010-01-22,2.20000004768372,"Juan Evo Morales Ayma1","Centro","Izquierda",FALSE
"1849-PRY-BOL-39613",2008-06-14,2005,"Bolivia","Oscar Nicanor Duarte Frutos",3.79999995231628,2006-01-22,2010-01-22,2.20000004768372,"Juan Evo Morales Ayma1","Centro","Izquierda",FALSE
"2386-PRY-BOL-39802",2008-12-20,2005,"Bolivia","Fernando Armindo Lugo Mendez",2.59999990463257,2006-01-22,2010-01-22,2.20000004768372,"Juan Evo Morales Ayma1","Izquierda","Izquierda",TRUE
"2386-PRY-BOL-40010",2009-07-16,2005,"Bolivia","Fernando Armindo Lugo Mendez",2.59999990463257,2006-01-22,2010-01-22,2.20000004768372,"Juan Evo Morales Ayma1","Izquierda","Izquierda",TRUE
"2386-PRY-BOL-40200",2010-01-22,2010,"Bolivia","Fernando Armindo Lugo Mendez",2.59999990463257,2010-01-22,2015-01-22,2.90000009536743,"Juan Evo Morales Ayma2","Izquierda","Izquierda",TRUE
"2931-PRY-BOL-41614",2013-12-06,2010,"Bolivia","Horacio Manuel Cartes Jara",5.59999990463257,2010-01-22,2015-01-22,2.90000009536743,"Juan Evo Morales Ayma2","Derecha","Izquierda",FALSE
"2931-PRY-BOL-42026",2015-01-22,2015,"Bolivia","Horacio Manuel Cartes Jara",5.59999990463257,2015-01-22,2019-11-10,4,"Juan Evo Morales Ayma3","Derecha","Centro",FALSE
"2931-PRY-BOL-42240",2015-08-24,2015,"Bolivia","Horacio Manuel Cartes Jara",5.59999990463257,2015-01-22,2019-11-10,4,"Juan Evo Morales Ayma3","Derecha","Centro",FALSE
"2931-PRY-BOL-43060",2017-11-21,2015,"Bolivia","Horacio Manuel Cartes Jara",5.59999990463257,2015-01-22,2019-11-10,4,"Juan Evo Morales Ayma3","Derecha","Centro",FALSE
"3481-PRY-BOL-43526",2019-03-02,2015,"Bolivia","Mario Abdo Beníte",6.6,2015-01-22,2019-11-10,4,"Juan Evo Morales Ayma3","Derecha","Centro",FALSE
"3481-PRY-BOL-43628",2019-06-12,2015,"Bolivia","Mario Abdo Beníte",6.6,2015-01-22,2019-11-10,4,"Juan Evo Morales Ayma3","Derecha","Centro",FALSE
"3481-PRY-BOL-44143",2020-11-08,2020,"Bolivia","Mario Abdo Beníte",6.6,2020-11-08,2025-11-08,5,"Luis Arce","Derecha","Derecha",TRUE
"3481-PRY-BOL-44726",2022-06-14,2020,"Bolivia","Mario Abdo Beníte",6.6,2020-11-08,2025-11-08,5,"Luis Arce","Derecha","Derecha",TRUE
"844-PRY-BRA-34408",1994-03-15,1990,"Brazil","Juan Carlos Maria Wasmosy Monti",5.75,1992-12-29,1995-01-01,4.44000005722046,"Itamar Augusto Cautiero Franco","Derecha","Centro",FALSE
"844-PRY-BRA-34575",1994-08-29,1990,"Brazil","Juan Carlos Maria Wasmosy Monti",5.75,1992-12-29,1995-01-01,4.44000005722046,"Itamar Augusto Cautiero Franco","Derecha","Centro",FALSE
"844-PRY-BRA-34586",1994-09-09,1990,"Brazil","Juan Carlos Maria Wasmosy Monti",5.75,1992-12-29,1995-01-01,4.44000005722046,"Itamar Augusto Cautiero Franco","Derecha","Centro",FALSE
"844-PRY-BRA-34620",1994-10-13,1990,"Brazil","Juan Carlos Maria Wasmosy Monti",5.75,1992-12-29,1995-01-01,4.44000005722046,"Itamar Augusto Cautiero Franco","Derecha","Centro",FALSE
"844-PRY-BRA-34684",1994-12-16,1990,"Brazil","Juan Carlos Maria Wasmosy Monti",5.75,1992-12-29,1995-01-01,4.44000005722046,"Itamar Augusto Cautiero Franco","Derecha","Centro",FALSE
"844-PRY-BRA-34701",1995-01-02,1995,"Brazil","Juan Carlos Maria Wasmosy Monti",5.75,1995-01-01,1999-01-01,4.78000020980835,"Fernando Henrique Cardoso1","Derecha","Centro",FALSE
"844-PRY-BRA-34725",1995-01-26,1995,"Brazil","Juan Carlos Maria Wasmosy Monti",5.75,1995-01-01,1999-01-01,4.78000020980835,"Fernando Henrique Cardoso1","Derecha","Centro",FALSE
"844-PRY-BRA-34868",1995-06-18,1995,"Brazil","Juan Carlos Maria Wasmosy Monti",5.75,1995-01-01,1999-01-01,4.78000020980835,"Fernando Henrique Cardoso1","Derecha","Centro",FALSE
"844-PRY-BRA-34954",1995-09-12,1995,"Brazil","Juan Carlos Maria Wasmosy Monti",5.75,1995-01-01,1999-01-01,4.78000020980835,"Fernando Henrique Cardoso1","Derecha","Centro",FALSE
"844-PRY-BRA-34975",1995-10-03,1995,"Brazil","Juan Carlos Maria Wasmosy Monti",5.75,1995-01-01,1999-01-01,4.78000020980835,"Fernando Henrique Cardoso1","Derecha","Centro",FALSE
"844-PRY-BRA-35175",1996-04-20,1995,"Brazil","Juan Carlos Maria Wasmosy Monti",5.75,1995-01-01,1999-01-01,4.78000020980835,"Fernando Henrique Cardoso1","Derecha","Centro",FALSE
"844-PRY-BRA-35201",1996-05-16,1995,"Brazil","Juan Carlos Maria Wasmosy Monti",5.75,1995-01-01,1999-01-01,4.78000020980835,"Fernando Henrique Cardoso1","Derecha","Centro",FALSE
"1395-PRY-BRA-36339",1999-06-28,1995,"Brazil","Luis Angel Gonzalez Macchi",5.75,1999-01-01,2003-01-01,4.78000020980835,"Fernando Henrique Cardoso2","Derecha","Centro",FALSE
"1395-PRY-BRA-36567",2000-02-11,2000,"Brazil","Luis Angel Gonzalez Macchi",5.75,1999-01-01,2003-01-01,4.78000020980835,"Fernando Henrique Cardoso2","Derecha","Centro",FALSE
"1395-PRY-BRA-36769",2000-08-31,2000,"Brazil","Luis Angel Gonzalez Macchi",5.75,1999-01-01,2003-01-01,4.78000020980835,"Fernando Henrique Cardoso2","Derecha","Centro",FALSE
"1395-PRY-BRA-36875",2000-12-15,2000,"Brazil","Luis Angel Gonzalez Macchi",5.75,1999-01-01,2003-01-01,4.78000020980835,"Fernando Henrique Cardoso2","Derecha","Centro",FALSE
"1395-PRY-BRA-37595",2002-12-05,2000,"Brazil","Luis Angel Gonzalez Macchi",5.75,1999-01-01,2003-01-01,4.78000020980835,"Fernando Henrique Cardoso2","Derecha","Centro",FALSE
"1849-PRY-BRA-38010",2004-01-24,2000,"Brazil","Oscar Nicanor Duarte Frutos",3.79999995231628,2003-01-01,2007-01-01,2.44000005722046,"Luiz Inacio Lula da Silva1","Centro","Izquierda",FALSE
"1849-PRY-BRA-38225",2004-08-26,2000,"Brazil","Oscar Nicanor Duarte Frutos",3.79999995231628,2003-01-01,2007-01-01,2.44000005722046,"Luiz Inacio Lula da Silva1","Centro","Izquierda",FALSE
"1849-PRY-BRA-38295",2004-11-04,2000,"Brazil","Oscar Nicanor Duarte Frutos",3.79999995231628,2003-01-01,2007-01-01,2.44000005722046,"Luiz Inacio Lula da Silva1","Centro","Izquierda",FALSE
"1849-PRY-BRA-38482",2005-05-10,2005,"Brazil","Oscar Nicanor Duarte Frutos",3.79999995231628,2003-01-01,2007-01-01,2.44000005722046,"Luiz Inacio Lula da Silva1","Centro","Izquierda",FALSE
"1849-PRY-BRA-38625",2005-09-29,2005,"Brazil","Oscar Nicanor Duarte Frutos",3.79999995231628,2003-01-01,2007-01-01,2.44000005722046,"Luiz Inacio Lula da Silva1","Centro","Izquierda",FALSE
"1849-PRY-BRA-39101",2007-01-19,2005,"Brazil","Oscar Nicanor Duarte Frutos",3.79999995231628,2007-01-01,2011-01-01,2.55999994277954,"Luiz Inacio Lula da Silva2","Centro","Izquierda",FALSE
"1849-PRY-BRA-39591",2008-05-23,2005,"Brazil","Oscar Nicanor Duarte Frutos",3.79999995231628,2007-01-01,2011-01-01,2.55999994277954,"Luiz Inacio Lula da Silva2","Centro","Izquierda",FALSE
"2386-PRY-BRA-39708",2008-09-17,2005,"Brazil","Fernando Armindo Lugo Mendez",2.59999990463257,2007-01-01,2011-01-01,2.55999994277954,"Luiz Inacio Lula da Silva2","Izquierda","Izquierda",TRUE
"2386-PRY-BRA-39798",2008-12-16,2005,"Brazil","Fernando Armindo Lugo Mendez",2.59999990463257,2007-01-01,2011-01-01,2.55999994277954,"Luiz Inacio Lula da Silva2","Izquierda","Izquierda",TRUE
"2386-PRY-BRA-39840",2009-01-27,2005,"Brazil","Fernando Armindo Lugo Mendez",2.59999990463257,2007-01-01,2011-01-01,2.55999994277954,"Luiz Inacio Lula da Silva2","Izquierda","Izquierda",TRUE
"2386-PRY-BRA-39940",2009-05-07,2005,"Brazil","Fernando Armindo Lugo Mendez",2.59999990463257,2007-01-01,2011-01-01,2.55999994277954,"Luiz Inacio Lula da Silva2","Izquierda","Izquierda",TRUE
"2386-PRY-BRA-40301",2010-05-03,2010,"Brazil","Fernando Armindo Lugo Mendez",2.59999990463257,2007-01-01,2011-01-01,2.55999994277954,"Luiz Inacio Lula da Silva2","Izquierda","Izquierda",TRUE
"2386-PRY-BRA-40400",2010-08-10,2010,"Brazil","Fernando Armindo Lugo Mendez",2.59999990463257,2007-01-01,2011-01-01,2.55999994277954,"Luiz Inacio Lula da Silva2","Izquierda","Izquierda",TRUE
"2386-PRY-BRA-40453",2010-10-02,2010,"Brazil","Fernando Armindo Lugo Mendez",2.59999990463257,2007-01-01,2011-01-01,2.55999994277954,"Luiz Inacio Lula da Silva2","Izquierda","Izquierda",TRUE
"2386-PRY-BRA-40512",2010-11-30,2010,"Brazil","Fernando Armindo Lugo Mendez",2.59999990463257,2007-01-01,2011-01-01,2.55999994277954,"Luiz Inacio Lula da Silva2","Izquierda","Izquierda",TRUE
"2386-PRY-BRA-40528",2010-12-16,2010,"Brazil","Fernando Armindo Lugo Mendez",2.59999990463257,2007-01-01,2011-01-01,2.55999994277954,"Luiz Inacio Lula da Silva2","Izquierda","Izquierda",TRUE
"2386-PRY-BRA-40544",2011-01-01,2010,"Brazil","Fernando Armindo Lugo Mendez",2.59999990463257,2011-01-01,2015-01-01,3,"Dilma Rousseff","Izquierda","Centro",FALSE
"2386-PRY-BRA-40567",2011-01-24,2010,"Brazil","Fernando Armindo Lugo Mendez",2.59999990463257,2011-01-01,2015-01-01,3,"Dilma Rousseff","Izquierda","Centro",FALSE
"2931-PRY-BRA-41547",2013-09-30,2010,"Brazil","Horacio Manuel Cartes Jara",5.59999990463257,2011-01-01,2015-01-01,3,"Dilma Rousseff","Derecha","Centro",FALSE
"2931-PRY-BRA-41802",2014-06-12,2010,"Brazil","Horacio Manuel Cartes Jara",5.59999990463257,2011-01-01,2015-01-01,3,"Dilma Rousseff","Derecha","Centro",FALSE
"2931-PRY-BRA-41836",2014-07-16,2010,"Brazil","Horacio Manuel Cartes Jara",5.59999990463257,2011-01-01,2015-01-01,3,"Dilma Rousseff","Derecha","Centro",FALSE
"2931-PRY-BRA-42202",2015-07-17,2015,"Brazil","Horacio Manuel Cartes Jara",5.59999990463257,2015-01-01,2016-08-31,2.6,"Dilma Rousseff2","Derecha","Izquierda",FALSE
"2931-PRY-BRA-42968",2017-08-21,2015,"Brazil","Horacio Manuel Cartes Jara",5.59999990463257,2016-08-31,2019-01-01,5.1,"Michel Temmer","Derecha","Derecha",TRUE
"2931-PRY-BRA-43090",2017-12-20,2015,"Brazil","Horacio Manuel Cartes Jara",5.59999990463257,2016-08-31,2019-01-01,5.1,"Michel Temmer","Derecha","Derecha",TRUE
"3481-PRY-BRA-43466",2019-01-01,2015,"Brazil","Mario Abdo Beníte",6.6,2019-01-01,2023-01-01,6.6,"Jair Messias Bolsonaro","Derecha","Derecha",TRUE
"3481-PRY-BRA-43536",2019-03-12,2015,"Brazil","Mario Abdo Beníte",6.6,2019-01-01,2023-01-01,6.6,"Jair Messias Bolsonaro","Derecha","Derecha",TRUE
"3481-PRY-BRA-43595",2019-05-10,2015,"Brazil","Mario Abdo Beníte",6.6,2019-01-01,2023-01-01,6.6,"Jair Messias Bolsonaro","Derecha","Derecha",TRUE
"3481-PRY-BRA-43804",2019-12-05,2015,"Brazil","Mario Abdo Beníte",6.6,2019-01-01,2023-01-01,6.6,"Jair Messias Bolsonaro","Derecha","Derecha",TRUE
"3481-PRY-BRA-44166",2020-12-01,2020,"Brazil","Mario Abdo Beníte",6.6,2019-01-01,2023-01-01,6.6,"Jair Messias Bolsonaro","Derecha","Derecha",TRUE
"3481-PRY-BRA-44524",2021-11-24,2020,"Brazil","Mario Abdo Beníte",6.6,2019-01-01,2023-01-01,6.6,"Jair Messias Bolsonaro","Derecha","Derecha",TRUE
"3481-PRY-BRA-44634",2022-03-14,2020,"Brazil","Mario Abdo Beníte",6.6,2019-01-01,2023-01-01,6.6,"Jair Messias Bolsonaro","Derecha","Derecha",TRUE
"844-PRY-CHL-34376",1994-02-11,1990,"Chile","Juan Carlos Maria Wasmosy Monti",5.75,1990-03-11,1994-03-11,4,"Patricio Aylwin Azocar","Derecha","Centro",FALSE
"844-PRY-CHL-34743",1995-02-13,1995,"Chile","Juan Carlos Maria Wasmosy Monti",5.75,1994-03-11,2000-03-11,4.1399998664856,"Eduardo Frei Ruiz-Tagle","Derecha","Centro",FALSE
"844-PRY-CHL-35902",1998-04-17,1995,"Chile","Juan Carlos Maria Wasmosy Monti",5.75,1994-03-11,2000-03-11,4.1399998664856,"Eduardo Frei Ruiz-Tagle","Derecha","Centro",FALSE
"1395-PRY-CHL-37121",2001-08-18,2000,"Chile","Luis Angel Gonzalez Macchi",5.75,2000-03-11,2006-03-11,3.5699999332428,"Ricardo Froilin Lagos Escobar","Derecha","Centro",FALSE
"1849-PRY-CHL-38594",2005-08-30,2005,"Chile","Oscar Nicanor Duarte Frutos",3.79999995231628,2000-03-11,2006-03-11,3.5699999332428,"Ricardo Froilin Lagos Escobar","Centro","Centro",TRUE
"1849-PRY-CHL-39394",2007-11-08,2005,"Chile","Oscar Nicanor Duarte Frutos",3.79999995231628,2006-03-11,2010-03-11,2.85999989509583,"Veronica Michelle Bachelet Jeria","Centro","Izquierda",FALSE
"2386-PRY-CHL-39706",2008-09-15,2005,"Chile","Fernando Armindo Lugo Mendez",2.59999990463257,2006-03-11,2010-03-11,2.85999989509583,"Veronica Michelle Bachelet Jeria","Izquierda","Izquierda",TRUE
"2386-PRY-CHL-40156",2009-12-09,2005,"Chile","Fernando Armindo Lugo Mendez",2.59999990463257,2006-03-11,2010-03-11,2.85999989509583,"Veronica Michelle Bachelet Jeria","Izquierda","Izquierda",TRUE
"2386-PRY-CHL-40247",2010-03-10,2010,"Chile","Fernando Armindo Lugo Mendez",2.59999990463257,2006-03-11,2010-03-11,2.85999989509583,"Veronica Michelle Bachelet Jeria","Izquierda","Izquierda",TRUE
"2931-PRY-CHL-41533",2013-09-16,2010,"Chile","Horacio Manuel Cartes Jara",5.59999990463257,2010-03-11,2014-03-11,5.69999980926514,"Sebastian Pinera","Derecha","Derecha",TRUE
"2931-PRY-CHL-41708",2014-03-10,2010,"Chile","Horacio Manuel Cartes Jara",5.59999990463257,2010-03-11,2014-03-11,5.69999980926514,"Sebastian Pinera","Derecha","Derecha",TRUE
"2931-PRY-CHL-42643",2016-09-30,2015,"Chile","Horacio Manuel Cartes Jara",5.59999990463257,2014-03-11,2018-03-11,2.9,"Michelle Bachelet","Derecha","Izquierda",FALSE
"3481-PRY-CHL-43546",2019-03-22,2015,"Chile","Mario Abdo Beníte",6.6,2018-03-11,2022-03-11,5.81,"Sebastián Piñera2","Derecha","Derecha",TRUE
"844-PRY-COL-34498",1994-06-13,1990,"Colombia","Juan Carlos Maria Wasmosy Monti",5.75,1990-08-07,1994-08-07,5.42999982833862,"Cesar Augusto Gaviria Trujillo","Derecha","Derecha",TRUE
"844-PRY-COL-34554",1994-08-08,1990,"Colombia","Juan Carlos Maria Wasmosy Monti",5.75,1994-08-07,1998-08-07,4.1399998664856,"Ernesto Samper Pizano","Derecha","Centro",FALSE
"844-PRY-COL-35641",1997-07-30,1995,"Colombia","Juan Carlos Maria Wasmosy Monti",5.75,1994-08-07,1998-08-07,4.1399998664856,"Ernesto Samper Pizano","Derecha","Centro",FALSE
"1849-PRY-COL-38417",2005-03-06,2005,"Colombia","Oscar Nicanor Duarte Frutos",3.79999995231628,2002-08-07,2006-08-07,6.8600001335144,"Alvaro Uribe Velez1","Centro","Derecha",FALSE
"1849-PRY-COL-38936",2006-08-07,2005,"Colombia","Oscar Nicanor Duarte Frutos",3.79999995231628,2006-08-07,2010-08-07,6.8600001335144,"Alvaro Uribe Velez2","Centro","Derecha",FALSE
"2386-PRY-COL-39719",2008-09-28,2005,"Colombia","Fernando Armindo Lugo Mendez",2.59999990463257,2006-08-07,2010-08-07,6.8600001335144,"Alvaro Uribe Velez2","Izquierda","Derecha",FALSE
"2386-PRY-COL-40276",2010-04-08,2010,"Colombia","Fernando Armindo Lugo Mendez",2.59999990463257,2006-08-07,2010-08-07,6.8600001335144,"Alvaro Uribe Velez2","Izquierda","Derecha",FALSE
"2386-PRY-COL-41012",2012-04-13,2010,"Colombia","Fernando Armindo Lugo Mendez",2.59999990463257,2010-08-07,2014-08-07,4.57000017166138,"Juan Manuel Santos Calderon","Izquierda","Centro",FALSE
"2386-PRY-COL-41071",2012-06-11,2010,"Colombia","Fernando Armindo Lugo Mendez",2.59999990463257,2010-08-07,2014-08-07,4.57000017166138,"Juan Manuel Santos Calderon","Izquierda","Centro",FALSE
"2931-PRY-COL-41857",2014-08-06,2010,"Colombia","Horacio Manuel Cartes Jara",5.59999990463257,2010-08-07,2014-08-07,4.57000017166138,"Juan Manuel Santos Calderon","Derecha","Centro",FALSE
"3481-PRY-COL-43518",2019-02-22,2015,"Colombia","Mario Abdo Beníte",6.6,2018-08-07,2022-08-07,6,"Iván Duque Márquez","Derecha","Derecha",TRUE
"3481-PRY-COL-44675",2022-04-24,2020,"Colombia","Mario Abdo Beníte",6.6,2018-08-07,2022-08-07,6,"Iván Duque Márquez","Derecha","Derecha",TRUE
"3481-PRY-COL-44779",2022-08-06,2020,"Colombia","Mario Abdo Beníte",6.6,2018-08-07,2022-08-07,6,"Iván Duque Márquez","Derecha","Derecha",TRUE
"844-PRY-ECU-34947",1995-09-05,1995,"Ecuador","Juan Carlos Maria Wasmosy Monti",5.75,1992-08-10,1996-08-10,6.5,"Sixto Alfonso Duran Ballen Cordovez","Derecha","Derecha",TRUE
"1849-PRY-ECU-39097",2007-01-15,2005,"Ecuador","Oscar Nicanor Duarte Frutos",3.79999995231628,2007-01-15,2009-08-10,1.83000004291534,"Rafael Vicente Correa Delgado1","Centro","Izquierda",FALSE
"2386-PRY-ECU-40035",2009-08-10,2005,"Ecuador","Fernando Armindo Lugo Mendez",2.59999990463257,2009-08-10,2013-05-24,2.82999992370606,"Rafael Vicente Correa Delgado2","Izquierda","Izquierda",TRUE
"2386-PRY-ECU-40217",2010-02-08,2010,"Ecuador","Fernando Armindo Lugo Mendez",2.59999990463257,2009-08-10,2013-05-24,2.82999992370606,"Rafael Vicente Correa Delgado2","Izquierda","Izquierda",TRUE
"2386-PRY-ECU-40651",2011-04-18,2010,"Ecuador","Fernando Armindo Lugo Mendez",2.59999990463257,2009-08-10,2013-05-24,2.82999992370606,"Rafael Vicente Correa Delgado2","Izquierda","Izquierda",TRUE
"2931-PRY-ECU-41964",2014-11-21,2010,"Ecuador","Horacio Manuel Cartes Jara",5.59999990463257,2013-05-24,2017-05-24,3.5,"Rafael Vicente Correa Delgado3","Derecha","Centro",FALSE
"2931-PRY-ECU-41978",2014-12-05,2010,"Ecuador","Horacio Manuel Cartes Jara",5.59999990463257,2013-05-24,2017-05-24,3.5,"Rafael Vicente Correa Delgado3","Derecha","Centro",FALSE
"2931-PRY-ECU-42396",2016-01-26,2015,"Ecuador","Horacio Manuel Cartes Jara",5.59999990463257,2013-05-24,2017-05-24,3.5,"Rafael Vicente Correa Delgado3","Derecha","Centro",FALSE
"2931-PRY-ECU-42879",2017-05-24,2015,"Ecuador","Horacio Manuel Cartes Jara",5.59999990463257,2017-05-24,2021-05-24,6,"Lenín Moreno Garcés","Derecha","Derecha",TRUE
"844-PRY-PER-34365",1994-01-31,1990,"Peru","Juan Carlos Maria Wasmosy Monti",5.75,1990-07-28,1995-07-28,4.78000020980835,"Alberto Kenya Fujimori Fujimori1","Derecha","Centro",FALSE
"844-PRY-PER-34907",1995-07-27,1995,"Peru","Juan Carlos Maria Wasmosy Monti",5.75,1990-07-28,1995-07-28,4.78000020980835,"Alberto Kenya Fujimori Fujimori1","Derecha","Centro",FALSE
"1395-PRY-PER-37100",2001-07-28,2000,"Peru","Luis Angel Gonzalez Macchi",5.75,2001-07-28,2006-07-28,4.67000007629395,"Alejandro Celestino Toledo Manrique","Derecha","Centro",FALSE
"1395-PRY-PER-37219",2001-11-23,2000,"Peru","Luis Angel Gonzalez Macchi",5.75,2001-07-28,2006-07-28,4.67000007629395,"Alejandro Celestino Toledo Manrique","Derecha","Centro",FALSE
"1849-PRY-PER-38926",2006-07-28,2005,"Peru","Oscar Nicanor Duarte Frutos",3.79999995231628,2006-07-28,2011-07-28,5.67000007629395,"Alan Gabriel Ludwig Garcia Perez2","Centro","Derecha",FALSE
"1849-PRY-PER-39583",2008-05-15,2005,"Peru","Oscar Nicanor Duarte Frutos",3.79999995231628,2006-07-28,2011-07-28,5.67000007629395,"Alan Gabriel Ludwig Garcia Perez2","Centro","Derecha",FALSE
"2386-PRY-PER-40365",2010-07-06,2010,"Peru","Fernando Armindo Lugo Mendez",2.59999990463257,2006-07-28,2011-07-28,5.67000007629395,"Alan Gabriel Ludwig Garcia Perez2","Izquierda","Derecha",FALSE
"2931-PRY-PER-42579",2016-07-28,2015,"Peru","Horacio Manuel Cartes Jara",5.59999990463257,2016-07-28,2018-03-23,6.4,"Pedro Pablo Kuczynski","Derecha","Derecha",TRUE
"844-PRY-URY-34351",1994-01-17,1990,"Uruguay","Juan Carlos Maria Wasmosy Monti",5.75,1990-03-01,1995-03-01,5.3600001335144,"Luis Alberto Lacalle de Herrera","Derecha","Derecha",TRUE
"844-PRY-URY-34496",1994-06-11,1990,"Uruguay","Juan Carlos Maria Wasmosy Monti",5.75,1990-03-01,1995-03-01,5.3600001335144,"Luis Alberto Lacalle de Herrera","Derecha","Derecha",TRUE
"844-PRY-URY-34759",1995-03-01,1995,"Uruguay","Juan Carlos Maria Wasmosy Monti",5.75,1995-03-01,2000-03-01,4.82000017166138,"Julio Maria Sanguinetti Coirolo2","Derecha","Centro",FALSE
"844-PRY-URY-35039",1995-12-06,1995,"Uruguay","Juan Carlos Maria Wasmosy Monti",5.75,1995-03-01,2000-03-01,4.82000017166138,"Julio Maria Sanguinetti Coirolo2","Derecha","Centro",FALSE
"844-PRY-URY-35203",1996-05-18,1995,"Uruguay","Juan Carlos Maria Wasmosy Monti",5.75,1995-03-01,2000-03-01,4.82000017166138,"Julio Maria Sanguinetti Coirolo2","Derecha","Centro",FALSE
"844-PRY-URY-35768",1997-12-04,1995,"Uruguay","Juan Carlos Maria Wasmosy Monti",5.75,1995-03-01,2000-03-01,4.82000017166138,"Julio Maria Sanguinetti Coirolo2","Derecha","Centro",FALSE
"844-PRY-URY-35781",1997-12-17,1995,"Uruguay","Juan Carlos Maria Wasmosy Monti",5.75,1995-03-01,2000-03-01,4.82000017166138,"Julio Maria Sanguinetti Coirolo2","Derecha","Centro",FALSE
"1395-PRY-URY-36502",1999-12-08,1995,"Uruguay","Luis Angel Gonzalez Macchi",5.75,1995-03-01,2000-03-01,4.82000017166138,"Julio Maria Sanguinetti Coirolo2","Derecha","Centro",FALSE
"1395-PRY-URY-37245",2001-12-20,2000,"Uruguay","Luis Angel Gonzalez Macchi",5.75,2000-03-01,2005-03-01,5.44999980926514,"Jorge Luis Batlle Ibanez","Derecha","Derecha",TRUE
"1849-PRY-URY-37971",2003-12-16,2000,"Uruguay","Oscar Nicanor Duarte Frutos",3.79999995231628,2000-03-01,2005-03-01,5.44999980926514,"Jorge Luis Batlle Ibanez","Centro","Derecha",FALSE
"1849-PRY-URY-38412",2005-03-01,2005,"Uruguay","Oscar Nicanor Duarte Frutos",3.79999995231628,2005-03-01,2010-03-01,3,"Tabare Ramon Vazquez Rosas","Centro","Centro",TRUE
"1849-PRY-URY-38499",2005-05-27,2005,"Uruguay","Oscar Nicanor Duarte Frutos",3.79999995231628,2005-03-01,2010-03-01,3,"Tabare Ramon Vazquez Rosas","Centro","Centro",TRUE
"1849-PRY-URY-38695",2005-12-08,2005,"Uruguay","Oscar Nicanor Duarte Frutos",3.79999995231628,2005-03-01,2010-03-01,3,"Tabare Ramon Vazquez Rosas","Centro","Centro",TRUE
"1849-PRY-URY-39024",2006-11-03,2005,"Uruguay","Oscar Nicanor Duarte Frutos",3.79999995231628,2005-03-01,2010-03-01,3,"Tabare Ramon Vazquez Rosas","Centro","Centro",TRUE
"1849-PRY-URY-39434",2007-12-18,2005,"Uruguay","Oscar Nicanor Duarte Frutos",3.79999995231628,2005-03-01,2010-03-01,3,"Tabare Ramon Vazquez Rosas","Centro","Centro",TRUE
"2386-PRY-URY-39899",2009-03-27,2005,"Uruguay","Fernando Armindo Lugo Mendez",2.59999990463257,2005-03-01,2010-03-01,3,"Tabare Ramon Vazquez Rosas","Izquierda","Centro",FALSE
"2386-PRY-URY-40154",2009-12-07,2005,"Uruguay","Fernando Armindo Lugo Mendez",2.59999990463257,2005-03-01,2010-03-01,3,"Tabare Ramon Vazquez Rosas","Izquierda","Centro",FALSE
"2386-PRY-URY-40238",2010-03-01,2010,"Uruguay","Fernando Armindo Lugo Mendez",2.59999990463257,2010-03-01,2015-03-01,2.5,"Jose Alberto Mujica Cordano","Izquierda","Izquierda",TRUE
"2386-PRY-URY-40897",2011-12-19,2010,"Uruguay","Fernando Armindo Lugo Mendez",2.59999990463257,2010-03-01,2015-03-01,2.5,"Jose Alberto Mujica Cordano","Izquierda","Izquierda",TRUE
"2931-PRY-URY-41572",2013-10-25,2010,"Uruguay","Horacio Manuel Cartes Jara",5.59999990463257,2010-03-01,2015-03-01,2.5,"Jose Alberto Mujica Cordano","Derecha","Izquierda",FALSE
"2931-PRY-URY-42064",2015-03-01,2015,"Uruguay","Horacio Manuel Cartes Jara",5.59999990463257,2015-03-01,2020-03-01,2.83,"Tabaré Vázquez","Derecha","Izquierda",FALSE
"2931-PRY-URY-42180",2015-06-25,2015,"Uruguay","Horacio Manuel Cartes Jara",5.59999990463257,2015-03-01,2020-03-01,2.83,"Tabaré Vázquez","Derecha","Izquierda",FALSE
"2931-PRY-URY-43026",2017-10-18,2015,"Uruguay","Horacio Manuel Cartes Jara",5.59999990463257,2015-03-01,2020-03-01,2.83,"Tabaré Vázquez","Derecha","Izquierda",FALSE
"3481-PRY-URY-43452",2018-12-18,2015,"Uruguay","Mario Abdo Beníte",6.6,2015-03-01,2020-03-01,2.83,"Tabaré Vázquez","Derecha","Izquierda",FALSE
"3481-PRY-URY-43891",2020-03-01,2020,"Uruguay","Mario Abdo Beníte",6.6,2020-03-01,2025-03-01,5.83,"Luis Alberto Lacalle Pou","Derecha","Derecha",TRUE
"3481-PRY-URY-44243",2021-02-16,2020,"Uruguay","Mario Abdo Beníte",6.6,2020-03-01,2025-03-01,5.83,"Luis Alberto Lacalle Pou","Derecha","Derecha",TRUE
"3481-PRY-URY-44901",2022-12-06,2020,"Uruguay","Mario Abdo Beníte",6.6,2020-03-01,2025-03-01,5.83,"Luis Alberto Lacalle Pou","Derecha","Derecha",TRUE
"3481-PRY-URY-44924",2022-12-29,2020,"Uruguay","Mario Abdo Beníte",6.6,2020-03-01,2025-03-01,5.83,"Luis Alberto Lacalle Pou","Derecha","Derecha",TRUE
"1849-PRY-VEN-38308",2004-11-17,2000,"Venezuela","Oscar Nicanor Duarte Frutos",3.79999995231628,2000-08-19,2007-01-10,1.62999999523163,"Hugo Chavez2","Centro","Izquierda",FALSE
"1849-PRY-VEN-38902",2006-07-04,2005,"Venezuela","Oscar Nicanor Duarte Frutos",3.79999995231628,2000-08-19,2007-01-10,1.62999999523163,"Hugo Chavez2","Centro","Izquierda",FALSE
"1849-PRY-VEN-39188",2007-04-16,2005,"Venezuela","Oscar Nicanor Duarte Frutos",3.79999995231628,2007-01-10,2013-03-05,1.25,"Hugo Chavez3","Centro","Izquierda",FALSE
"2386-PRY-VEN-39919",2009-04-16,2005,"Venezuela","Fernando Armindo Lugo Mendez",2.59999990463257,2007-01-10,2013-03-05,1.25,"Hugo Chavez3","Izquierda","Izquierda",TRUE
"2386-PRY-VEN-40081",2009-09-25,2005,"Venezuela","Fernando Armindo Lugo Mendez",2.59999990463257,2007-01-10,2013-03-05,1.25,"Hugo Chavez3","Izquierda","Izquierda",TRUE
"2386-PRY-VEN-40729",2011-07-05,2010,"Venezuela","Fernando Armindo Lugo Mendez",2.59999990463257,2007-01-10,2013-03-05,1.25,"Hugo Chavez3","Izquierda","Izquierda",TRUE
"2386-PRY-VEN-40879",2011-12-02,2010,"Venezuela","Fernando Armindo Lugo Mendez",2.59999990463257,2007-01-10,2013-03-05,1.25,"Hugo Chavez3","Izquierda","Izquierda",TRUE
"2931-PRY-VEN-41669",2014-01-30,2010,"Venezuela","Horacio Manuel Cartes Jara",5.59999990463257,2013-04-19,2019-01-10,1.37999999523163,"Nicolas Maduro Moros","Derecha","Izquierda",FALSE
"2931-PRY-VEN-41849",2014-07-28,2010,"Venezuela","Horacio Manuel Cartes Jara",5.59999990463257,2013-04-19,2019-01-10,1.37999999523163,"Nicolas Maduro Moros","Derecha","Izquierda",FALSE
"448-PER-ARG-34687",1994-12-19,1990,"Argentina","Alberto Kenya Fujimori Fujimori1",4.78000020980835,1989-07-08,1995-07-08,6.09999990463257,"Carlos Saul Menem1","Centro","Derecha",FALSE
"448-PER-ARG-34988",1995-10-16,1995,"Argentina","Alberto Kenya Fujimori Fujimori2",5.44000005722046,1995-07-08,1999-12-10,6.30000019073486,"Carlos Saul Menem2","Derecha","Derecha",TRUE
"1654-PER-ARG-37766",2003-05-25,2000,"Argentina","Alejandro Celestino Toledo Manrique",4.67000007629395,2003-05-25,2007-12-10,2.79999995231628,"Nestor Carlos Kirchner","Centro","Izquierda",FALSE
"1654-PER-ARG-38660",2005-11-04,2005,"Argentina","Alejandro Celestino Toledo Manrique",4.67000007629395,2003-05-25,2007-12-10,2.79999995231628,"Nestor Carlos Kirchner","Centro","Izquierda",FALSE
"198-PER-ARG-40053",2009-08-28,2005,"Argentina","Alan Gabriel Ludwig Garcia Perez2",5.67000007629395,2007-12-10,2011-12-10,2.5,"Cristina Fernandez1","Derecha","Izquierda",FALSE
"198-PER-ARG-40451",2010-09-30,2010,"Argentina","Alan Gabriel Ludwig Garcia Perez2",5.67000007629395,2007-12-10,2011-12-10,2.5,"Cristina Fernandez1","Derecha","Izquierda",FALSE
"198-PER-ARG-40515",2010-12-03,2010,"Argentina","Alan Gabriel Ludwig Garcia Perez2",5.67000007629395,2007-12-10,2011-12-10,2.5,"Cristina Fernandez1","Derecha","Izquierda",FALSE
"2703-PER-ARG-41240",2012-11-27,2010,"Argentina","Ollanta Moises Humala Tasso",4.55999994277954,2011-12-10,2015-12-10,1.89999997615814,"Cristina Fernandez2","Centro","Izquierda",FALSE
"2703-PER-ARG-42348",2015-12-10,2015,"Argentina","Ollanta Moises Humala Tasso",4.55999994277954,2015-12-10,2019-12-10,6.3,"Mauricio Macri","Centro","Derecha",FALSE
"3245-PER-ARG-43041",2017-11-02,2015,"Argentina","Pedro Pablo Kuczynski",6.4,2015-12-10,2019-12-10,6.3,"Mauricio Macri","Derecha","Derecha",TRUE
"448-PER-BOL-34588",1994-09-11,1990,"Bolivia","Alberto Kenya Fujimori Fujimori1",4.78000020980835,1993-08-06,1997-08-06,5.90000009536743,"Gonzalo Sanchez de Lozada","Centro","Derecha",FALSE
"448-PER-BOL-34966",1995-09-24,1995,"Bolivia","Alberto Kenya Fujimori Fujimori2",5.44000005722046,1993-08-06,1997-08-06,5.90000009536743,"Gonzalo Sanchez de Lozada","Derecha","Derecha",TRUE
"448-PER-BOL-35210",1996-05-25,1995,"Bolivia","Alberto Kenya Fujimori Fujimori2",5.44000005722046,1993-08-06,1997-08-06,5.90000009536743,"Gonzalo Sanchez de Lozada","Derecha","Derecha",TRUE
"448-PER-BOL-35311",1996-09-03,1995,"Bolivia","Alberto Kenya Fujimori Fujimori2",5.44000005722046,1993-08-06,1997-08-06,5.90000009536743,"Gonzalo Sanchez de Lozada","Derecha","Derecha",TRUE
"448-PER-BOL-35524",1997-04-04,1995,"Bolivia","Alberto Kenya Fujimori Fujimori2",5.44000005722046,1993-08-06,1997-08-06,5.90000009536743,"Gonzalo Sanchez de Lozada","Derecha","Derecha",TRUE
"448-PER-BOL-35938",1998-05-23,1995,"Bolivia","Alberto Kenya Fujimori Fujimori2",5.44000005722046,1997-08-06,2001-08-06,6.5,"Hugo Banzer Suarez","Derecha","Derecha",TRUE
"448-PER-BOL-36312",1999-06-01,1995,"Bolivia","Alberto Kenya Fujimori Fujimori2",5.44000005722046,1997-08-06,2001-08-06,6.5,"Hugo Banzer Suarez","Derecha","Derecha",TRUE
"1654-PER-BOL-37939",2003-11-14,2000,"Bolivia","Alejandro Celestino Toledo Manrique",4.67000007629395,2003-10-17,2005-06-09,4.5,"Carlos Diego Mesa Gisbert","Centro","Centro",TRUE
"1654-PER-BOL-38210",2004-08-11,2000,"Bolivia","Alejandro Celestino Toledo Manrique",4.67000007629395,2003-10-17,2005-06-09,4.5,"Carlos Diego Mesa Gisbert","Centro","Centro",TRUE
"1654-PER-BOL-38739",2006-01-22,2005,"Bolivia","Alejandro Celestino Toledo Manrique",4.67000007629395,2006-01-22,2010-01-22,2.20000004768372,"Juan Evo Morales Ayma1","Centro","Izquierda",FALSE
"198-PER-BOL-39059",2006-12-08,2005,"Bolivia","Alan Gabriel Ludwig Garcia Perez2",5.67000007629395,2006-01-22,2010-01-22,2.20000004768372,"Juan Evo Morales Ayma1","Derecha","Izquierda",FALSE
"198-PER-BOL-39246",2007-06-13,2005,"Bolivia","Alan Gabriel Ludwig Garcia Perez2",5.67000007629395,2006-01-22,2010-01-22,2.20000004768372,"Juan Evo Morales Ayma1","Derecha","Izquierda",FALSE
"2703-PER-BOL-41803",2014-06-13,2010,"Bolivia","Ollanta Moises Humala Tasso",4.55999994277954,2010-01-22,2015-01-22,2.90000009536743,"Juan Evo Morales Ayma2","Centro","Izquierda",FALSE
"3245-PER-BOL-42678",2016-11-04,2015,"Bolivia","Pedro Pablo Kuczynski",6.4,2015-01-22,2019-11-10,4,"Juan Evo Morales Ayma3","Derecha","Centro",FALSE
"3432-PER-BOL-43218",2018-04-28,2015,"Bolivia","Martín Vizcarra",4.5,2015-01-22,2019-11-10,4,"Juan Evo Morales Ayma3","Centro","Centro",TRUE
"3432-PER-BOL-43346",2018-09-03,2015,"Bolivia","Martín Vizcarra",4.5,2015-01-22,2019-11-10,4,"Juan Evo Morales Ayma3","Centro","Centro",TRUE
"448-PER-BRA-34335",1995-01-01,1995,"Brazil","Alberto Kenya Fujimori Fujimori1",4.78000020980835,1995-01-01,1999-01-01,4.78000020980835,"Fernando Henrique Cardoso1","Centro","Centro",TRUE
"448-PER-BRA-34586",1994-09-09,1990,"Brazil","Alberto Kenya Fujimori Fujimori1",4.78000020980835,1992-12-29,1995-01-01,4.44000005722046,"Itamar Augusto Cautiero Franco","Centro","Centro",TRUE
"448-PER-BRA-34946",1995-09-04,1995,"Brazil","Alberto Kenya Fujimori Fujimori2",5.44000005722046,1995-01-01,1999-01-01,4.78000020980835,"Fernando Henrique Cardoso1","Derecha","Centro",FALSE
"448-PER-BRA-35120",1996-02-25,1995,"Brazil","Alberto Kenya Fujimori Fujimori2",5.44000005722046,1995-01-01,1999-01-01,4.78000020980835,"Fernando Henrique Cardoso1","Derecha","Centro",FALSE
"448-PER-BRA-35214",1996-05-29,1995,"Brazil","Alberto Kenya Fujimori Fujimori2",5.44000005722046,1995-01-01,1999-01-01,4.78000020980835,"Fernando Henrique Cardoso1","Derecha","Centro",FALSE
"448-PER-BRA-35310",1996-09-02,1995,"Brazil","Alberto Kenya Fujimori Fujimori2",5.44000005722046,1995-01-01,1999-01-01,4.78000020980835,"Fernando Henrique Cardoso1","Derecha","Centro",FALSE
"448-PER-BRA-35930",1998-05-15,1995,"Brazil","Alberto Kenya Fujimori Fujimori2",5.44000005722046,1995-01-01,1999-01-01,4.78000020980835,"Fernando Henrique Cardoso1","Derecha","Centro",FALSE
"448-PER-BRA-36020",1998-08-13,1995,"Brazil","Alberto Kenya Fujimori Fujimori2",5.44000005722046,1995-01-01,1999-01-01,4.78000020980835,"Fernando Henrique Cardoso1","Derecha","Centro",FALSE
"448-PER-BRA-36065",1998-09-27,1995,"Brazil","Alberto Kenya Fujimori Fujimori2",5.44000005722046,1995-01-01,1999-01-01,4.78000020980835,"Fernando Henrique Cardoso1","Derecha","Centro",FALSE
"448-PER-BRA-36075",1998-10-07,1995,"Brazil","Alberto Kenya Fujimori Fujimori2",5.44000005722046,1995-01-01,1999-01-01,4.78000020980835,"Fernando Henrique Cardoso1","Derecha","Centro",FALSE
"448-PER-BRA-36094",1998-10-26,1995,"Brazil","Alberto Kenya Fujimori Fujimori2",5.44000005722046,1995-01-01,1999-01-01,4.78000020980835,"Fernando Henrique Cardoso1","Derecha","Centro",FALSE
"448-PER-BRA-36164",1999-01-01,1995,"Brazil","Alberto Kenya Fujimori Fujimori2",5.44000005722046,1999-01-01,2003-01-01,4.78000020980835,"Fernando Henrique Cardoso2","Derecha","Centro",FALSE
"448-PER-BRA-36497",1999-12-03,1995,"Brazil","Alberto Kenya Fujimori Fujimori2",5.44000005722046,1999-01-01,2003-01-01,4.78000020980835,"Fernando Henrique Cardoso2","Derecha","Centro",FALSE
"448-PER-BRA-36768",2000-08-30,2000,"Brazil","Alberto Kenya Fujimori Fujimori3",5.78000020980835,1999-01-01,2003-01-01,4.78000020980835,"Fernando Henrique Cardoso2","Derecha","Centro",FALSE
"1654-PER-BRA-37324",2002-03-09,2000,"Brazil","Alejandro Celestino Toledo Manrique",4.67000007629395,1999-01-01,2003-01-01,4.78000020980835,"Fernando Henrique Cardoso2","Centro","Centro",TRUE
"1654-PER-BRA-37610",2002-12-20,2000,"Brazil","Alejandro Celestino Toledo Manrique",4.67000007629395,1999-01-01,2003-01-01,4.78000020980835,"Fernando Henrique Cardoso2","Centro","Centro",TRUE
"1654-PER-BRA-37620",2002-12-30,2000,"Brazil","Alejandro Celestino Toledo Manrique",4.67000007629395,1999-01-01,2003-01-01,4.78000020980835,"Fernando Henrique Cardoso2","Centro","Centro",TRUE
"1654-PER-BRA-37721",2003-04-10,2000,"Brazil","Alejandro Celestino Toledo Manrique",4.67000007629395,2003-01-01,2007-01-01,2.44000005722046,"Luiz Inacio Lula da Silva1","Centro","Izquierda",FALSE
"1654-PER-BRA-38294",2004-11-03,2000,"Brazil","Alejandro Celestino Toledo Manrique",4.67000007629395,2003-01-01,2007-01-01,2.44000005722046,"Luiz Inacio Lula da Silva1","Centro","Izquierda",FALSE
"1654-PER-BRA-38624",2005-09-29,2005,"Brazil","Alejandro Celestino Toledo Manrique",4.67000007629395,2003-01-01,2007-01-01,2.44000005722046,"Luiz Inacio Lula da Silva1","Centro","Izquierda",FALSE
"1654-PER-BRA-38738",2006-01-21,2005,"Brazil","Alejandro Celestino Toledo Manrique",4.67000007629395,2003-01-01,2007-01-01,2.44000005722046,"Luiz Inacio Lula da Silva1","Centro","Izquierda",FALSE
"198-PER-BRA-39030",2006-11-09,2005,"Brazil","Alan Gabriel Ludwig Garcia Perez2",5.67000007629395,2003-01-01,2007-01-01,2.44000005722046,"Luiz Inacio Lula da Silva1","Derecha","Izquierda",FALSE
"198-PER-BRA-39931",2009-04-28,2005,"Brazil","Alan Gabriel Ludwig Garcia Perez2",5.67000007629395,2007-01-01,2011-01-01,2.55999994277954,"Luiz Inacio Lula da Silva2","Derecha","Izquierda",FALSE
"2703-PER-BRA-41080",2012-06-20,2010,"Brazil","Ollanta Moises Humala Tasso",4.55999994277954,2011-01-01,2015-01-01,3,"Dilma Rousseff","Centro","Centro",TRUE
"2703-PER-BRA-41836",2014-07-16,2010,"Brazil","Ollanta Moises Humala Tasso",4.55999994277954,2011-01-01,2015-01-01,3,"Dilma Rousseff","Centro","Centro",TRUE
"3432-PER-BRA-43465",2018-12-31,2015,"Brazil","Martín Vizcarra",4.5,2016-08-31,2019-01-01,5.1,"Michel Temmer","Centro","Derecha",FALSE
"3432-PER-BRA-43466",2019-01-01,2015,"Brazil","Martín Vizcarra",4.5,2019-01-01,2023-01-01,6.6,"Jair Messias Bolsonaro","Centro","Derecha",FALSE
"448-PER-CHL-35378",1996-11-09,1995,"Chile","Alberto Kenya Fujimori Fujimori2",5.44000005722046,1994-03-11,2000-03-11,4.1399998664856,"Eduardo Frei Ruiz-Tagle","Derecha","Centro",FALSE
"448-PER-CHL-35902",1998-04-17,1995,"Chile","Alberto Kenya Fujimori Fujimori2",5.44000005722046,1994-03-11,2000-03-11,4.1399998664856,"Eduardo Frei Ruiz-Tagle","Derecha","Centro",FALSE
"448-PER-CHL-36493",1999-11-29,1995,"Chile","Alberto Kenya Fujimori Fujimori2",5.44000005722046,1994-03-11,2000-03-11,4.1399998664856,"Eduardo Frei Ruiz-Tagle","Derecha","Centro",FALSE
"1654-PER-CHL-37119",2001-08-16,2000,"Chile","Alejandro Celestino Toledo Manrique",4.67000007629395,2000-03-11,2006-03-11,3.5699999332428,"Ricardo Froilin Lagos Escobar","Centro","Centro",TRUE
"1654-PER-CHL-37490",2002-08-22,2000,"Chile","Alejandro Celestino Toledo Manrique",4.67000007629395,2000-03-11,2006-03-11,3.5699999332428,"Ricardo Froilin Lagos Escobar","Centro","Centro",TRUE
"1654-PER-CHL-38311",2004-11-20,2000,"Chile","Alejandro Celestino Toledo Manrique",4.67000007629395,2000-03-11,2006-03-11,3.5699999332428,"Ricardo Froilin Lagos Escobar","Centro","Centro",TRUE
"1654-PER-CHL-38787",2006-03-11,2005,"Chile","Alejandro Celestino Toledo Manrique",4.67000007629395,2006-03-11,2010-03-11,2.85999989509583,"Veronica Michelle Bachelet Jeria","Centro","Izquierda",FALSE
"198-PER-CHL-39394",2007-11-08,2005,"Chile","Alan Gabriel Ludwig Garcia Perez2",5.67000007629395,2006-03-11,2010-03-11,2.85999989509583,"Veronica Michelle Bachelet Jeria","Derecha","Izquierda",FALSE
"198-PER-CHL-40239",2010-03-02,2010,"Chile","Alan Gabriel Ludwig Garcia Perez2",5.67000007629395,2006-03-11,2010-03-11,2.85999989509583,"Veronica Michelle Bachelet Jeria","Derecha","Izquierda",FALSE
"198-PER-CHL-40248",2010-03-11,2010,"Chile","Alan Gabriel Ludwig Garcia Perez2",5.67000007629395,2010-03-11,2014-03-11,5.69999980926514,"Sebastian Pinera","Derecha","Derecha",TRUE
"198-PER-CHL-40562",2011-01-19,2010,"Chile","Alan Gabriel Ludwig Garcia Perez2",5.67000007629395,2010-03-11,2014-03-11,5.69999980926514,"Sebastian Pinera","Derecha","Derecha",TRUE
"2703-PER-CHL-41066",2012-06-06,2010,"Chile","Ollanta Moises Humala Tasso",4.55999994277954,2010-03-11,2014-03-11,5.69999980926514,"Sebastian Pinera","Centro","Derecha",FALSE
"2703-PER-CHL-41300",2013-01-26,2010,"Chile","Ollanta Moises Humala Tasso",4.55999994277954,2010-03-11,2014-03-11,5.69999980926514,"Sebastian Pinera","Centro","Derecha",FALSE
"2703-PER-CHL-41493",2013-08-07,2010,"Chile","Ollanta Moises Humala Tasso",4.55999994277954,2010-03-11,2014-03-11,5.69999980926514,"Sebastian Pinera","Centro","Derecha",FALSE
"2703-PER-CHL-41708",2014-03-10,2010,"Chile","Ollanta Moises Humala Tasso",4.55999994277954,2010-03-11,2014-03-11,5.69999980926514,"Sebastian Pinera","Centro","Derecha",FALSE
"2703-PER-CHL-42551",2016-06-30,2015,"Chile","Ollanta Moises Humala Tasso",4.55999994277954,2014-03-11,2018-03-11,2.9,"Michelle Bachelet","Centro","Izquierda",FALSE
"3245-PER-CHL-43169",2018-03-10,2015,"Chile","Pedro Pablo Kuczynski",6.4,2014-03-11,2018-03-11,2.9,"Michelle Bachelet","Derecha","Izquierda",FALSE
"3432-PER-CHL-43431",2018-11-27,2015,"Chile","Martín Vizcarra",4.5,2018-03-11,2022-03-11,5.81,"Sebastián Piñera2","Centro","Derecha",FALSE
"3432-PER-CHL-43546",2019-03-22,2015,"Chile","Martín Vizcarra",4.5,2018-03-11,2022-03-11,5.81,"Sebastián Piñera2","Centro","Derecha",FALSE
"448-PER-COL-34379",1994-02-14,1990,"Colombia","Alberto Kenya Fujimori Fujimori1",4.78000020980835,1990-08-07,1994-08-07,5.42999982833862,"Cesar Augusto Gaviria Trujillo","Centro","Derecha",FALSE
"448-PER-COL-34499",1994-06-14,1990,"Colombia","Alberto Kenya Fujimori Fujimori1",4.78000020980835,1990-08-07,1994-08-07,5.42999982833862,"Cesar Augusto Gaviria Trujillo","Centro","Derecha",FALSE
"448-PER-COL-34553",1994-08-07,1990,"Colombia","Alberto Kenya Fujimori Fujimori1",4.78000020980835,1994-08-07,1998-08-07,4.1399998664856,"Ernesto Samper Pizano","Centro","Centro",TRUE
"448-PER-COL-36306",1999-05-26,1995,"Colombia","Alberto Kenya Fujimori Fujimori2",5.44000005722046,1998-08-07,2002-08-07,6,"Andres Pastrana Arango","Derecha","Derecha",TRUE
"448-PER-COL-36693",2000-06-16,2000,"Colombia","Alberto Kenya Fujimori Fujimori2",5.44000005722046,1998-08-07,2002-08-07,6,"Andres Pastrana Arango","Derecha","Derecha",TRUE
"1654-PER-COL-38093",2004-04-16,2000,"Colombia","Alejandro Celestino Toledo Manrique",4.67000007629395,2002-08-07,2006-08-07,6.8600001335144,"Alvaro Uribe Velez1","Centro","Derecha",FALSE
"1654-PER-COL-38214",2004-08-15,2000,"Colombia","Alejandro Celestino Toledo Manrique",4.67000007629395,2002-08-07,2006-08-07,6.8600001335144,"Alvaro Uribe Velez1","Centro","Derecha",FALSE
"198-PER-COL-39649",2008-07-20,2005,"Colombia","Alan Gabriel Ludwig Garcia Perez2",5.67000007629395,2006-08-07,2010-08-07,6.8600001335144,"Alvaro Uribe Velez2","Derecha","Derecha",TRUE
"198-PER-COL-40397",2010-08-07,2010,"Colombia","Alan Gabriel Ludwig Garcia Perez2",5.67000007629395,2010-08-07,2014-08-07,4.57000017166138,"Juan Manuel Santos Calderon","Derecha","Centro",FALSE
"198-PER-COL-40625",2011-03-23,2010,"Colombia","Alan Gabriel Ludwig Garcia Perez2",5.67000007629395,2010-08-07,2014-08-07,4.57000017166138,"Juan Manuel Santos Calderon","Derecha","Centro",FALSE
"2703-PER-COL-41013",2012-04-14,2010,"Colombia","Ollanta Moises Humala Tasso",4.55999994277954,2010-08-07,2014-08-07,4.57000017166138,"Juan Manuel Santos Calderon","Centro","Centro",TRUE
"2703-PER-COL-41417",2013-05-23,2010,"Colombia","Ollanta Moises Humala Tasso",4.55999994277954,2010-08-07,2014-08-07,4.57000017166138,"Juan Manuel Santos Calderon","Centro","Centro",TRUE
"2703-PER-COL-41680",2014-02-10,2010,"Colombia","Ollanta Moises Humala Tasso",4.55999994277954,2010-08-07,2014-08-07,4.57000017166138,"Juan Manuel Santos Calderon","Centro","Centro",TRUE
"2703-PER-COL-41758",2014-04-29,2010,"Colombia","Ollanta Moises Humala Tasso",4.55999994277954,2010-08-07,2014-08-07,4.57000017166138,"Juan Manuel Santos Calderon","Centro","Centro",TRUE
"2703-PER-COL-42307",2015-10-30,2015,"Colombia","Ollanta Moises Humala Tasso",4.55999994277954,2014-08-07,2018-08-07,5,"Juan Manuel Santos Calderon2","Centro","Derecha",FALSE
"3245-PER-COL-42671",2016-10-28,2015,"Colombia","Pedro Pablo Kuczynski",6.4,2014-08-07,2018-08-07,5,"Juan Manuel Santos Calderon2","Derecha","Derecha",TRUE
"3245-PER-COL-42915",2017-06-29,2015,"Colombia","Pedro Pablo Kuczynski",6.4,2014-08-07,2018-08-07,5,"Juan Manuel Santos Calderon2","Derecha","Derecha",TRUE
"3245-PER-COL-43157",2018-02-26,2015,"Colombia","Pedro Pablo Kuczynski",6.4,2014-08-07,2018-08-07,5,"Juan Manuel Santos Calderon2","Derecha","Derecha",TRUE
"3432-PER-COL-43714",2019-09-06,2015,"Colombia","Martín Vizcarra",4.5,2018-08-07,2022-08-07,6,"Iván Duque Márquez","Centro","Derecha",FALSE
"448-PER-ECU-34947",1995-09-05,1995,"Ecuador","Alberto Kenya Fujimori Fujimori2",5.44000005722046,1992-08-10,1996-08-10,6.5,"Sixto Alfonso Duran Ballen Cordovez","Derecha","Derecha",TRUE
"448-PER-ECU-35830",1998-02-04,1995,"Ecuador","Alberto Kenya Fujimori Fujimori2",5.44000005722046,1997-02-11,1998-08-10,5,"Fabian Ernesto Alarcon Rivera","Derecha","Derecha",TRUE
"448-PER-ECU-35888",1998-04-03,1995,"Ecuador","Alberto Kenya Fujimori Fujimori2",5.44000005722046,1997-02-11,1998-08-10,5,"Fabian Ernesto Alarcon Rivera","Derecha","Derecha",TRUE
"448-PER-ECU-36459",1999-10-26,1995,"Ecuador","Alberto Kenya Fujimori Fujimori2",5.44000005722046,1998-08-10,2000-01-21,6.17000007629395,"Jorge Jamil Mahuad Witt","Derecha","Derecha",TRUE
"1654-PER-ECU-37118",2001-08-15,2000,"Ecuador","Alejandro Celestino Toledo Manrique",4.67000007629395,2000-01-22,2003-01-15,6.32999992370605,"Gustavo Jose Joaquin Noboa Bejarano","Centro","Derecha",FALSE
"1654-PER-ECU-37180",2001-10-16,2000,"Ecuador","Alejandro Celestino Toledo Manrique",4.67000007629395,2000-01-22,2003-01-15,6.32999992370605,"Gustavo Jose Joaquin Noboa Bejarano","Centro","Derecha",FALSE
"1654-PER-ECU-37636",2003-01-15,2000,"Ecuador","Alejandro Celestino Toledo Manrique",4.67000007629395,2003-01-15,2005-04-20,5.32999992370605,"Lucio Edwin Gutierrez Borba","Centro","Derecha",FALSE
"1654-PER-ECU-38880",2006-06-12,2005,"Ecuador","Alejandro Celestino Toledo Manrique",4.67000007629395,2005-04-20,2007-01-15,4.5,"Luis Alfredo Palacio Gonzalez","Centro","Centro",TRUE
"198-PER-ECU-39735",2008-10-14,2005,"Ecuador","Alan Gabriel Ludwig Garcia Perez2",5.67000007629395,2007-01-15,2009-08-10,1.83000004291534,"Rafael Vicente Correa Delgado1","Derecha","Izquierda",FALSE
"198-PER-ECU-39746",2008-10-25,2005,"Ecuador","Alan Gabriel Ludwig Garcia Perez2",5.67000007629395,2007-01-15,2009-08-10,1.83000004291534,"Rafael Vicente Correa Delgado1","Derecha","Izquierda",FALSE
"198-PER-ECU-40218",2010-02-09,2010,"Ecuador","Alan Gabriel Ludwig Garcia Perez2",5.67000007629395,2009-08-10,2013-05-24,2.82999992370606,"Rafael Vicente Correa Delgado2","Derecha","Izquierda",FALSE
"198-PER-ECU-40477",2010-10-26,2010,"Ecuador","Alan Gabriel Ludwig Garcia Perez2",5.67000007629395,2009-08-10,2013-05-24,2.82999992370606,"Rafael Vicente Correa Delgado2","Derecha","Izquierda",FALSE
"198-PER-ECU-40683",2011-05-20,2010,"Ecuador","Alan Gabriel Ludwig Garcia Perez2",5.67000007629395,2009-08-10,2013-05-24,2.82999992370606,"Rafael Vicente Correa Delgado2","Derecha","Izquierda",FALSE
"2703-PER-ECU-41236",2012-11-23,2010,"Ecuador","Ollanta Moises Humala Tasso",4.55999994277954,2009-08-10,2013-05-24,2.82999992370606,"Rafael Vicente Correa Delgado2","Centro","Izquierda",FALSE
"2703-PER-ECU-42396",2016-01-27,2015,"Ecuador","Ollanta Moises Humala Tasso",4.55999994277954,2013-05-24,2017-05-24,3.5,"Rafael Vicente Correa Delgado3","Centro","Centro",TRUE
"2703-PER-ECU-42487",2016-04-27,2015,"Ecuador","Ollanta Moises Humala Tasso",4.55999994277954,2013-05-24,2017-05-24,3.5,"Rafael Vicente Correa Delgado3","Centro","Centro",TRUE
"3245-PER-ECU-42879",2017-05-24,2015,"Ecuador","Pedro Pablo Kuczynski",6.4,2017-05-24,2021-05-24,6,"Lenín Moreno Garcés","Derecha","Derecha",TRUE
"3432-PER-ECU-43398",2018-10-25,2015,"Ecuador","Martín Vizcarra",4.5,2017-05-24,2021-05-24,6,"Lenín Moreno Garcés","Centro","Derecha",FALSE
"2703-PER-PRY-40844",2011-10-28,2010,"Paraguay","Ollanta Moises Humala Tasso",4.55999994277954,2008-08-15,2012-06-22,2.59999990463257,"Fernando Armindo Lugo Mendez","Centro","Izquierda",FALSE
"2703-PER-PRY-41501",2013-08-15,2010,"Paraguay","Ollanta Moises Humala Tasso",4.55999994277954,2013-08-15,2018-08-15,5.59999990463257,"Horacio Manuel Cartes Jara","Centro","Derecha",FALSE
"448-PER-URY-34759",1995-03-01,1995,"Uruguay","Alberto Kenya Fujimori Fujimori1",4.78000020980835,1995-03-01,2000-03-01,4.82000017166138,"Julio Maria Sanguinetti Coirolo2","Centro","Centro",TRUE
"1654-PER-URY-38411",2005-02-28,2005,"Uruguay","Alejandro Celestino Toledo Manrique",4.67000007629395,2000-03-01,2005-03-01,5.44999980926514,"Jorge Luis Batlle Ibanez","Centro","Derecha",FALSE
"2703-PER-URY-42064",2015-03-01,2015,"Uruguay","Ollanta Moises Humala Tasso",4.55999994277954,2015-03-01,2020-03-01,2.83,"Tabaré Vázquez","Centro","Izquierda",FALSE
"448-PER-VEN-34731",1995-02-01,1995,"Venezuela","Alberto Kenya Fujimori Fujimori1",4.78000020980835,1994-02-02,1999-02-02,4.13000011444092,"Rafael Antonio Caldera Rodriguez","Centro","Centro",TRUE
"448-PER-VEN-34766",1995-03-08,1995,"Venezuela","Alberto Kenya Fujimori Fujimori1",4.78000020980835,1994-02-02,1999-02-02,4.13000011444092,"Rafael Antonio Caldera Rodriguez","Centro","Centro",TRUE
"448-PER-VEN-35074",1996-01-10,1995,"Venezuela","Alberto Kenya Fujimori Fujimori2",5.44000005722046,1994-02-02,1999-02-02,4.13000011444092,"Rafael Antonio Caldera Rodriguez","Derecha","Centro",FALSE
"2703-PER-VEN-40914",2012-01-06,2010,"Venezuela","Ollanta Moises Humala Tasso",4.55999994277954,2007-01-10,2013-03-05,1.25,"Hugo Chavez3","Centro","Izquierda",FALSE
"191-URY-ARG-35239",1996-06-23,1995,"Argentina","Julio Maria Sanguinetti Coirolo2",4.82000017166138,1995-07-08,1999-12-10,6.30000019073486,"Carlos Saul Menem2","Centro","Derecha",FALSE
"191-URY-ARG-35999",1998-07-23,1995,"Argentina","Julio Maria Sanguinetti Coirolo2",4.82000017166138,1995-07-08,1999-12-10,6.30000019073486,"Carlos Saul Menem2","Centro","Derecha",FALSE
"191-URY-ARG-36117",1998-11-18,1995,"Argentina","Julio Maria Sanguinetti Coirolo2",4.82000017166138,1995-07-08,1999-12-10,6.30000019073486,"Carlos Saul Menem2","Centro","Derecha",FALSE
"1514-URY-ARG-36707",2000-06-30,2000,"Argentina","Jorge Luis Batlle Ibanez",5.44999980926514,1999-12-10,2001-12-20,5.90000009536743,"Fernando de la Rua","Derecha","Derecha",TRUE
"1514-URY-ARG-37411",2002-06-04,2000,"Argentina","Jorge Luis Batlle Ibanez",5.44999980926514,2002-01-01,2003-05-25,4.59999990463257,"Eduardo Alberto Duhalde","Derecha","Centro",FALSE
"1514-URY-ARG-37440",2002-07-03,2000,"Argentina","Jorge Luis Batlle Ibanez",5.44999980926514,2002-01-01,2003-05-25,4.59999990463257,"Eduardo Alberto Duhalde","Derecha","Centro",FALSE
"1514-URY-ARG-37766",2003-05-25,2000,"Argentina","Jorge Luis Batlle Ibanez",5.44999980926514,2003-05-25,2007-12-10,2.79999995231628,"Nestor Carlos Kirchner","Derecha","Izquierda",FALSE
"1514-URY-ARG-38175",2004-07-07,2000,"Argentina","Jorge Luis Batlle Ibanez",5.44999980926514,2003-05-25,2007-12-10,2.79999995231628,"Nestor Carlos Kirchner","Derecha","Izquierda",FALSE
"2029-URY-ARG-38477",2005-05-05,2005,"Argentina","Tabare Ramon Vazquez Rosas",3,2003-05-25,2007-12-10,2.79999995231628,"Nestor Carlos Kirchner","Centro","Izquierda",FALSE
"2029-URY-ARG-38660",2005-11-04,2005,"Argentina","Tabare Ramon Vazquez Rosas",3,2003-05-25,2007-12-10,2.79999995231628,"Nestor Carlos Kirchner","Centro","Izquierda",FALSE
"2029-URY-ARG-38777",2006-03-01,2005,"Argentina","Tabare Ramon Vazquez Rosas",3,2003-05-25,2007-12-10,2.79999995231628,"Nestor Carlos Kirchner","Centro","Izquierda",FALSE
"2029-URY-ARG-38799",2006-03-23,2005,"Argentina","Tabare Ramon Vazquez Rosas",3,2003-05-25,2007-12-10,2.79999995231628,"Nestor Carlos Kirchner","Centro","Izquierda",FALSE
"2029-URY-ARG-38918",2006-07-20,2005,"Argentina","Tabare Ramon Vazquez Rosas",3,2003-05-25,2007-12-10,2.79999995231628,"Nestor Carlos Kirchner","Centro","Izquierda",FALSE
"2029-URY-ARG-39426",2007-12-10,2005,"Argentina","Tabare Ramon Vazquez Rosas",3,2007-12-10,2011-12-10,2.5,"Cristina Fernandez1","Centro","Izquierda",FALSE
"2029-URY-ARG-39629",2008-06-30,2005,"Argentina","Tabare Ramon Vazquez Rosas",3,2007-12-10,2011-12-10,2.5,"Cristina Fernandez1","Centro","Izquierda",FALSE
"2029-URY-ARG-40053",2009-08-28,2005,"Argentina","Tabare Ramon Vazquez Rosas",3,2007-12-10,2011-12-10,2.5,"Cristina Fernandez1","Centro","Izquierda",FALSE
"2552-URY-ARG-40273",2010-04-05,2010,"Argentina","Jose Alberto Mujica Cordano",2.5,2007-12-10,2011-12-10,2.5,"Cristina Fernandez1","Izquierda","Izquierda",TRUE
"2552-URY-ARG-40296",2010-04-28,2010,"Argentina","Jose Alberto Mujica Cordano",2.5,2007-12-10,2011-12-10,2.5,"Cristina Fernandez1","Izquierda","Izquierda",TRUE
"2552-URY-ARG-40302",2010-05-04,2010,"Argentina","Jose Alberto Mujica Cordano",2.5,2007-12-10,2011-12-10,2.5,"Cristina Fernandez1","Izquierda","Izquierda",TRUE
"2552-URY-ARG-40323",2010-05-25,2010,"Argentina","Jose Alberto Mujica Cordano",2.5,2007-12-10,2011-12-10,2.5,"Cristina Fernandez1","Izquierda","Izquierda",TRUE
"2552-URY-ARG-40387",2010-07-28,2010,"Argentina","Jose Alberto Mujica Cordano",2.5,2007-12-10,2011-12-10,2.5,"Cristina Fernandez1","Izquierda","Izquierda",TRUE
"2552-URY-ARG-40392",2010-08-02,2010,"Argentina","Jose Alberto Mujica Cordano",2.5,2007-12-10,2011-12-10,2.5,"Cristina Fernandez1","Izquierda","Izquierda",TRUE
"2552-URY-ARG-40452",2010-10-01,2010,"Argentina","Jose Alberto Mujica Cordano",2.5,2007-12-10,2011-12-10,2.5,"Cristina Fernandez1","Izquierda","Izquierda",TRUE
"2552-URY-ARG-40479",2010-10-28,2010,"Argentina","Jose Alberto Mujica Cordano",2.5,2007-12-10,2011-12-10,2.5,"Cristina Fernandez1","Izquierda","Izquierda",TRUE
"2552-URY-ARG-40515",2010-12-03,2010,"Argentina","Jose Alberto Mujica Cordano",2.5,2007-12-10,2011-12-10,2.5,"Cristina Fernandez1","Izquierda","Izquierda",TRUE
"2552-URY-ARG-40599",2011-02-25,2010,"Argentina","Jose Alberto Mujica Cordano",2.5,2007-12-10,2011-12-10,2.5,"Cristina Fernandez1","Izquierda","Izquierda",TRUE
"2552-URY-ARG-40757",2011-08-02,2010,"Argentina","Jose Alberto Mujica Cordano",2.5,2007-12-10,2011-12-10,2.5,"Cristina Fernandez1","Izquierda","Izquierda",TRUE
"2552-URY-ARG-40887",2011-12-10,2010,"Argentina","Jose Alberto Mujica Cordano",2.5,2011-12-10,2015-12-10,1.89999997615814,"Cristina Fernandez2","Izquierda","Izquierda",TRUE
"2552-URY-ARG-41088",2012-06-28,2010,"Argentina","Jose Alberto Mujica Cordano",2.5,2011-12-10,2015-12-10,1.89999997615814,"Cristina Fernandez2","Izquierda","Izquierda",TRUE
"2552-URY-ARG-41200",2012-10-18,2010,"Argentina","Jose Alberto Mujica Cordano",2.5,2011-12-10,2015-12-10,1.89999997615814,"Cristina Fernandez2","Izquierda","Izquierda",TRUE
"2552-URY-ARG-41546",2013-09-29,2010,"Argentina","Jose Alberto Mujica Cordano",2.5,2011-12-10,2015-12-10,1.89999997615814,"Cristina Fernandez2","Izquierda","Izquierda",TRUE
"2552-URY-ARG-41990",2014-12-16,2010,"Argentina","Jose Alberto Mujica Cordano",2.5,2011-12-10,2015-12-10,1.89999997615814,"Cristina Fernandez2","Izquierda","Izquierda",TRUE
"2029-URY-ARG-42348",2015-12-10,2015,"Argentina","Tabaré Vázquez",2.83,2015-12-10,2019-12-10,6.3,"Mauricio Macri","Izquierda","Derecha",FALSE
"2029-URY-ARG-42667",2016-10-24,2015,"Argentina","Tabaré Vázquez",2.83,2015-12-10,2019-12-10,6.3,"Mauricio Macri","Izquierda","Derecha",FALSE
"2029-URY-ARG-42937",2017-07-21,2015,"Argentina","Tabaré Vázquez",2.83,2015-12-10,2019-12-10,6.3,"Mauricio Macri","Izquierda","Derecha",FALSE
"2029-URY-ARG-43012",2017-10-04,2015,"Argentina","Tabaré Vázquez",2.83,2015-12-10,2019-12-10,6.3,"Mauricio Macri","Izquierda","Derecha",FALSE
"2029-URY-ARG-43079",2017-12-10,2015,"Argentina","Tabaré Vázquez",2.83,2015-12-10,2019-12-10,6.3,"Mauricio Macri","Izquierda","Derecha",FALSE
"2029-URY-ARG-43270",2018-06-19,2015,"Argentina","Tabaré Vázquez",2.83,2015-12-10,2019-12-10,6.3,"Mauricio Macri","Izquierda","Derecha",FALSE
"2029-URY-ARG-43543",2019-03-19,2015,"Argentina","Tabaré Vázquez",2.83,2015-12-10,2019-12-10,6.3,"Mauricio Macri","Izquierda","Derecha",FALSE
"2029-URY-ARG-43662",2019-07-16,2015,"Argentina","Tabaré Vázquez",2.83,2015-12-10,2019-12-10,6.3,"Mauricio Macri","Izquierda","Derecha",FALSE
"2029-URY-ARG-43809",2019-12-10,2015,"Argentina","Tabaré Vázquez",2.83,2019-12-10,2023-12-10,3,"Alberto Fernandez","Izquierda","Centro",FALSE
"3698-URY-ARG-44421",2021-08-13,2020,"Argentina","Luis Alberto Lacalle Pou",5.83,2019-12-10,2023-12-10,3,"Alberto Fernandez","Derecha","Centro",FALSE
"3698-URY-ARG-44950",2023-01-24,2020,"Argentina","Luis Alberto Lacalle Pou",5.83,2019-12-10,2023-12-10,3,"Alberto Fernandez","Derecha","Centro",FALSE
"3698-URY-ARG-45110",2023-07-03,2020,"Argentina","Luis Alberto Lacalle Pou",5.83,2019-12-10,2023-12-10,3,"Alberto Fernandez","Derecha","Centro",FALSE
"3698-URY-ARG-45269",2023-12-09,2020,"Argentina","Luis Alberto Lacalle Pou",5.83,2019-12-10,2023-12-10,3,"Alberto Fernandez","Derecha","Centro",FALSE
"1514-URY-BOL-37939",2003-11-14,2000,"Bolivia","Jorge Luis Batlle Ibanez",5.44999980926514,2003-10-17,2005-06-09,4.5,"Carlos Diego Mesa Gisbert","Derecha","Centro",FALSE
"2029-URY-BOL-38788",2006-03-12,2005,"Bolivia","Tabare Ramon Vazquez Rosas",3,2006-01-22,2010-01-22,2.20000004768372,"Juan Evo Morales Ayma1","Centro","Izquierda",FALSE
"2029-URY-BOL-39060",2006-12-09,2005,"Bolivia","Tabare Ramon Vazquez Rosas",3,2006-01-22,2010-01-22,2.20000004768372,"Juan Evo Morales Ayma1","Centro","Izquierda",FALSE
"2552-URY-BOL-41459",2013-07-04,2010,"Bolivia","Jose Alberto Mujica Cordano",2.5,2010-01-22,2015-01-22,2.90000009536743,"Juan Evo Morales Ayma2","Izquierda","Izquierda",TRUE
"2552-URY-BOL-41805",2014-06-15,2010,"Bolivia","Jose Alberto Mujica Cordano",2.5,2010-01-22,2015-01-22,2.90000009536743,"Juan Evo Morales Ayma2","Izquierda","Izquierda",TRUE
"392-URY-BRA-34685",1994-12-17,1990,"Brazil","Luis Alberto Lacalle de Herrera",5.3600001335144,1992-12-29,1995-01-01,4.44000005722046,"Itamar Augusto Cautiero Franco","Derecha","Centro",FALSE
"392-URY-BRA-34701",1995-01-02,1995,"Brazil","Luis Alberto Lacalle de Herrera",5.3600001335144,1995-01-01,1999-01-01,4.78000020980835,"Fernando Henrique Cardoso1","Derecha","Centro",FALSE
"191-URY-BRA-35554",1997-05-04,1995,"Brazil","Julio Maria Sanguinetti Coirolo2",4.82000017166138,1995-01-01,1999-01-01,4.78000020980835,"Fernando Henrique Cardoso1","Centro","Centro",TRUE
"191-URY-BRA-36139",1998-12-10,1995,"Brazil","Julio Maria Sanguinetti Coirolo2",4.82000017166138,1995-01-01,1999-01-01,4.78000020980835,"Fernando Henrique Cardoso1","Centro","Centro",TRUE
"191-URY-BRA-36194",1999-02-03,1995,"Brazil","Julio Maria Sanguinetti Coirolo2",4.82000017166138,1999-01-01,2003-01-01,4.78000020980835,"Fernando Henrique Cardoso2","Centro","Centro",TRUE
"191-URY-BRA-36212",1999-02-21,1995,"Brazil","Julio Maria Sanguinetti Coirolo2",4.82000017166138,1999-01-01,2003-01-01,4.78000020980835,"Fernando Henrique Cardoso2","Centro","Centro",TRUE
"191-URY-BRA-36339",1999-06-28,1995,"Brazil","Julio Maria Sanguinetti Coirolo2",4.82000017166138,1999-01-01,2003-01-01,4.78000020980835,"Fernando Henrique Cardoso2","Centro","Centro",TRUE
"1514-URY-BRA-37347",2002-04-01,2000,"Brazil","Jorge Luis Batlle Ibanez",5.44999980926514,1999-01-01,2003-01-01,4.78000020980835,"Fernando Henrique Cardoso2","Derecha","Centro",FALSE
"1514-URY-BRA-37595",2002-12-05,2000,"Brazil","Jorge Luis Batlle Ibanez",5.44999980926514,1999-01-01,2003-01-01,4.78000020980835,"Fernando Henrique Cardoso2","Derecha","Centro",FALSE
"1514-URY-BRA-37622",2003-01-01,2000,"Brazil","Jorge Luis Batlle Ibanez",5.44999980926514,2003-01-01,2007-01-01,2.44000005722046,"Luiz Inacio Lula da Silva1","Derecha","Izquierda",FALSE
"1514-URY-BRA-37753",2003-05-12,2000,"Brazil","Jorge Luis Batlle Ibanez",5.44999980926514,2003-01-01,2007-01-01,2.44000005722046,"Luiz Inacio Lula da Silva1","Derecha","Izquierda",FALSE
"1514-URY-BRA-38232",2004-09-02,2000,"Brazil","Jorge Luis Batlle Ibanez",5.44999980926514,2003-01-01,2007-01-01,2.44000005722046,"Luiz Inacio Lula da Silva1","Derecha","Izquierda",FALSE
"1514-URY-BRA-38295",2004-11-04,2000,"Brazil","Jorge Luis Batlle Ibanez",5.44999980926514,2003-01-01,2007-01-01,2.44000005722046,"Luiz Inacio Lula da Silva1","Derecha","Izquierda",FALSE
"1514-URY-BRA-38337",2004-12-16,2000,"Brazil","Jorge Luis Batlle Ibanez",5.44999980926514,2003-01-01,2007-01-01,2.44000005722046,"Luiz Inacio Lula da Silva1","Derecha","Izquierda",FALSE
"2029-URY-BRA-38443",2005-03-31,2005,"Brazil","Tabare Ramon Vazquez Rosas",3,2003-01-01,2007-01-01,2.44000005722046,"Luiz Inacio Lula da Silva1","Centro","Izquierda",FALSE
"2029-URY-BRA-38481",2005-05-09,2005,"Brazil","Tabare Ramon Vazquez Rosas",3,2003-01-01,2007-01-01,2.44000005722046,"Luiz Inacio Lula da Silva1","Centro","Izquierda",FALSE
"2029-URY-BRA-38792",2006-03-16,2005,"Brazil","Tabare Ramon Vazquez Rosas",3,2003-01-01,2007-01-01,2.44000005722046,"Luiz Inacio Lula da Silva1","Centro","Izquierda",FALSE
"2029-URY-BRA-38968",2006-09-08,2005,"Brazil","Tabare Ramon Vazquez Rosas",3,2003-01-01,2007-01-01,2.44000005722046,"Luiz Inacio Lula da Silva1","Centro","Izquierda",FALSE
"2029-URY-BRA-39100",2007-01-18,2005,"Brazil","Tabare Ramon Vazquez Rosas",3,2007-01-01,2011-01-01,2.55999994277954,"Luiz Inacio Lula da Silva2","Centro","Izquierda",FALSE
"2029-URY-BRA-39798",2008-12-15,2005,"Brazil","Tabare Ramon Vazquez Rosas",3,2007-01-01,2011-01-01,2.55999994277954,"Luiz Inacio Lula da Silva2","Centro","Izquierda",FALSE
"2029-URY-BRA-39882",2009-03-10,2005,"Brazil","Tabare Ramon Vazquez Rosas",3,2007-01-01,2011-01-01,2.55999994277954,"Luiz Inacio Lula da Silva2","Centro","Izquierda",FALSE
"2552-URY-BRA-40266",2010-03-29,2010,"Brazil","Jose Alberto Mujica Cordano",2.5,2007-01-01,2011-01-01,2.55999994277954,"Luiz Inacio Lula da Silva2","Izquierda","Izquierda",TRUE
"2552-URY-BRA-40389",2010-07-30,2010,"Brazil","Jose Alberto Mujica Cordano",2.5,2007-01-01,2011-01-01,2.55999994277954,"Luiz Inacio Lula da Silva2","Izquierda","Izquierda",TRUE
"2552-URY-BRA-40518",2010-12-06,2010,"Brazil","Jose Alberto Mujica Cordano",2.5,2007-01-01,2011-01-01,2.55999994277954,"Luiz Inacio Lula da Silva2","Izquierda","Izquierda",TRUE
"2552-URY-BRA-40526",2010-12-14,2010,"Brazil","Jose Alberto Mujica Cordano",2.5,2007-01-01,2011-01-01,2.55999994277954,"Luiz Inacio Lula da Silva2","Izquierda","Izquierda",TRUE
"2552-URY-BRA-40544",2011-01-01,2010,"Brazil","Jose Alberto Mujica Cordano",2.5,2011-01-01,2015-01-01,3,"Dilma Rousseff","Izquierda","Centro",FALSE
"2552-URY-BRA-41081",2012-06-20,2010,"Brazil","Jose Alberto Mujica Cordano",2.5,2011-01-01,2015-01-01,3,"Dilma Rousseff","Izquierda","Centro",FALSE
"2552-URY-BRA-41121",2012-07-31,2010,"Brazil","Jose Alberto Mujica Cordano",2.5,2011-01-01,2015-01-01,3,"Dilma Rousseff","Izquierda","Centro",FALSE
"2552-URY-BRA-41249",2012-12-06,2010,"Brazil","Jose Alberto Mujica Cordano",2.5,2011-01-01,2015-01-01,3,"Dilma Rousseff","Izquierda","Centro",FALSE
"2552-URY-BRA-41835",2014-07-16,2010,"Brazil","Jose Alberto Mujica Cordano",2.5,2011-01-01,2015-01-01,3,"Dilma Rousseff","Izquierda","Centro",FALSE
"2552-URY-BRA-41892",2014-09-10,2010,"Brazil","Jose Alberto Mujica Cordano",2.5,2011-01-01,2015-01-01,3,"Dilma Rousseff","Izquierda","Centro",FALSE
"2552-URY-BRA-41950",2014-11-06,2010,"Brazil","Jose Alberto Mujica Cordano",2.5,2011-01-01,2015-01-01,3,"Dilma Rousseff","Izquierda","Centro",FALSE
"2552-URY-BRA-42005",2015-01-01,2015,"Brazil","Jose Alberto Mujica Cordano",2.5,2015-01-01,2016-08-31,2.6,"Dilma Rousseff2","Izquierda","Izquierda",TRUE
"2552-URY-BRA-42041",2015-02-06,2015,"Brazil","Jose Alberto Mujica Cordano",2.5,2015-01-01,2016-08-31,2.6,"Dilma Rousseff2","Izquierda","Izquierda",TRUE
"2029-URY-BRA-42143",2015-05-19,2015,"Brazil","Tabaré Vázquez",2.83,2015-01-01,2016-08-31,2.6,"Dilma Rousseff2","Izquierda","Izquierda",TRUE
"2029-URY-BRA-42202",2015-07-16,2015,"Brazil","Tabaré Vázquez",2.83,2015-01-01,2016-08-31,2.6,"Dilma Rousseff2","Izquierda","Izquierda",TRUE
"2029-URY-BRA-42695",2016-11-21,2015,"Brazil","Tabaré Vázquez",2.83,2016-08-31,2019-01-01,5.1,"Michel Temmer","Izquierda","Derecha",FALSE
"2029-URY-BRA-43090",2017-12-21,2015,"Brazil","Tabaré Vázquez",2.83,2016-08-31,2019-01-01,5.1,"Michel Temmer","Izquierda","Derecha",FALSE
"2029-URY-BRA-43466",2019-01-01,2015,"Brazil","Tabaré Vázquez",2.83,2019-01-01,2023-01-01,6.6,"Jair Messias Bolsonaro","Izquierda","Derecha",FALSE
"3698-URY-BRA-44230",2021-02-03,2020,"Brazil","Luis Alberto Lacalle Pou",5.83,2019-01-01,2023-01-01,6.6,"Jair Messias Bolsonaro","Derecha","Derecha",TRUE
"1514-URY-CHL-36596",2000-03-11,2000,"Chile","Jorge Luis Batlle Ibanez",5.44999980926514,2000-03-11,2006-03-11,3.5699999332428,"Ricardo Froilin Lagos Escobar","Derecha","Centro",FALSE
"1514-URY-CHL-36815",2000-10-16,2000,"Chile","Jorge Luis Batlle Ibanez",5.44999980926514,2000-03-11,2006-03-11,3.5699999332428,"Ricardo Froilin Lagos Escobar","Derecha","Centro",FALSE
"1514-URY-CHL-37165",2001-10-01,2000,"Chile","Jorge Luis Batlle Ibanez",5.44999980926514,2000-03-11,2006-03-11,3.5699999332428,"Ricardo Froilin Lagos Escobar","Derecha","Centro",FALSE
"2029-URY-CHL-38665",2005-11-09,2005,"Chile","Tabare Ramon Vazquez Rosas",3,2000-03-11,2006-03-11,3.5699999332428,"Ricardo Froilin Lagos Escobar","Centro","Centro",TRUE
"2029-URY-CHL-38786",2006-03-10,2005,"Chile","Tabare Ramon Vazquez Rosas",3,2000-03-11,2006-03-11,3.5699999332428,"Ricardo Froilin Lagos Escobar","Centro","Centro",TRUE
"2029-URY-CHL-39181",2007-04-09,2005,"Chile","Tabare Ramon Vazquez Rosas",3,2006-03-11,2010-03-11,2.85999989509583,"Veronica Michelle Bachelet Jeria","Centro","Izquierda",FALSE
"2029-URY-CHL-39393",2007-11-08,2005,"Chile","Tabare Ramon Vazquez Rosas",3,2006-03-11,2010-03-11,2.85999989509583,"Veronica Michelle Bachelet Jeria","Centro","Izquierda",FALSE
"2029-URY-CHL-39706",2008-09-15,2005,"Chile","Tabare Ramon Vazquez Rosas",3,2006-03-11,2010-03-11,2.85999989509583,"Veronica Michelle Bachelet Jeria","Centro","Izquierda",FALSE
"2029-URY-CHL-39899",2009-03-27,2005,"Chile","Tabare Ramon Vazquez Rosas",3,2006-03-11,2010-03-11,2.85999989509583,"Veronica Michelle Bachelet Jeria","Centro","Izquierda",FALSE
"2552-URY-CHL-40921",2012-01-13,2010,"Chile","Jose Alberto Mujica Cordano",2.5,2010-03-11,2014-03-11,5.69999980926514,"Sebastian Pinera","Izquierda","Derecha",FALSE
"2552-URY-CHL-41299",2013-01-26,2010,"Chile","Jose Alberto Mujica Cordano",2.5,2010-03-11,2014-03-11,5.69999980926514,"Sebastian Pinera","Izquierda","Derecha",FALSE
"2552-URY-CHL-41708",2014-03-11,2010,"Chile","Jose Alberto Mujica Cordano",2.5,2014-03-11,2018-03-11,2.9,"Michelle Bachelet","Izquierda","Izquierda",TRUE
"2029-URY-CHL-42342",2015-12-04,2015,"Chile","Tabaré Vázquez",2.83,2014-03-11,2018-03-11,2.9,"Michelle Bachelet","Izquierda","Izquierda",TRUE
"3698-URY-CHL-44630",2022-03-10,2020,"Chile","Luis Alberto Lacalle Pou",5.83,2018-03-11,2022-03-11,5.81,"Sebastián Piñera2","Derecha","Derecha",TRUE
"191-URY-COL-35842",1998-02-16,1995,"Colombia","Julio Maria Sanguinetti Coirolo2",4.82000017166138,1994-08-07,1998-08-07,4.1399998664856,"Ernesto Samper Pizano","Centro","Centro",TRUE
"1514-URY-COL-37956",2003-12-01,2000,"Colombia","Jorge Luis Batlle Ibanez",5.44999980926514,2002-08-07,2006-08-07,6.8600001335144,"Alvaro Uribe Velez1","Derecha","Derecha",TRUE
"2029-URY-COL-38613",2005-09-18,2005,"Colombia","Tabare Ramon Vazquez Rosas",3,2002-08-07,2006-08-07,6.8600001335144,"Alvaro Uribe Velez1","Centro","Derecha",FALSE
"2552-URY-COL-40396",2010-08-06,2010,"Colombia","Jose Alberto Mujica Cordano",2.5,2006-08-07,2010-08-07,6.8600001335144,"Alvaro Uribe Velez2","Izquierda","Derecha",FALSE
"2552-URY-COL-41013",2012-04-13,2010,"Colombia","Jose Alberto Mujica Cordano",2.5,2010-08-07,2014-08-07,4.57000017166138,"Juan Manuel Santos Calderon","Izquierda","Centro",FALSE
"3698-URY-COL-44742",2022-06-30,2020,"Colombia","Luis Alberto Lacalle Pou",5.83,2018-08-07,2022-08-07,6,"Iván Duque Márquez","Derecha","Derecha",TRUE
"2029-URY-ECU-39310",2007-08-16,2005,"Ecuador","Tabare Ramon Vazquez Rosas",3,2007-01-15,2009-08-10,1.83000004291534,"Rafael Vicente Correa Delgado1","Centro","Izquierda",FALSE
"2552-URY-ECU-40498",2010-11-16,2010,"Ecuador","Jose Alberto Mujica Cordano",2.5,2009-08-10,2013-05-24,2.82999992370606,"Rafael Vicente Correa Delgado2","Izquierda","Izquierda",TRUE
"2552-URY-ECU-41977",2014-12-04,2010,"Ecuador","Jose Alberto Mujica Cordano",2.5,2013-05-24,2017-05-24,3.5,"Rafael Vicente Correa Delgado3","Izquierda","Centro",FALSE
"2029-URY-ECU-42268",2015-09-21,2015,"Ecuador","Tabaré Vázquez",2.83,2013-05-24,2017-05-24,3.5,"Rafael Vicente Correa Delgado3","Izquierda","Centro",FALSE
"191-URY-PRY-34916",1995-08-05,1995,"Paraguay","Julio Maria Sanguinetti Coirolo2",4.82000017166138,1993-08-15,1998-08-15,5.75,"Juan Carlos Maria Wasmosy Monti","Centro","Derecha",FALSE
"191-URY-PRY-35600",1997-06-19,1995,"Paraguay","Julio Maria Sanguinetti Coirolo2",4.82000017166138,1993-08-15,1998-08-15,5.75,"Juan Carlos Maria Wasmosy Monti","Centro","Derecha",FALSE
"191-URY-PRY-35665",1997-08-23,1995,"Paraguay","Julio Maria Sanguinetti Coirolo2",4.82000017166138,1993-08-15,1998-08-15,5.75,"Juan Carlos Maria Wasmosy Monti","Centro","Derecha",FALSE
"191-URY-PRY-36325",1999-06-14,1995,"Paraguay","Julio Maria Sanguinetti Coirolo2",4.82000017166138,1999-03-28,2003-08-15,5.75,"Luis Angel Gonzalez Macchi","Centro","Derecha",FALSE
"1514-URY-PRY-36792",2000-09-23,2000,"Paraguay","Jorge Luis Batlle Ibanez",5.44999980926514,1999-03-28,2003-08-15,5.75,"Luis Angel Gonzalez Macchi","Derecha","Derecha",TRUE
"1514-URY-PRY-37064",2001-06-22,2000,"Paraguay","Jorge Luis Batlle Ibanez",5.44999980926514,1999-03-28,2003-08-15,5.75,"Luis Angel Gonzalez Macchi","Derecha","Derecha",TRUE
"1514-URY-PRY-37790",2003-06-18,2000,"Paraguay","Jorge Luis Batlle Ibanez",5.44999980926514,1999-03-28,2003-08-15,5.75,"Luis Angel Gonzalez Macchi","Derecha","Derecha",TRUE
"1514-URY-PRY-37848",2003-08-15,2000,"Paraguay","Jorge Luis Batlle Ibanez",5.44999980926514,2003-08-15,2008-08-15,3.79999995231628,"Oscar Nicanor Duarte Frutos","Derecha","Centro",FALSE
"2029-URY-PRY-38483",2005-05-11,2005,"Paraguay","Tabare Ramon Vazquez Rosas",3,2003-08-15,2008-08-15,3.79999995231628,"Oscar Nicanor Duarte Frutos","Centro","Centro",TRUE
"2029-URY-PRY-38522",2005-06-19,2005,"Paraguay","Tabare Ramon Vazquez Rosas",3,2003-08-15,2008-08-15,3.79999995231628,"Oscar Nicanor Duarte Frutos","Centro","Centro",TRUE
"2029-URY-PRY-38793",2006-03-17,2005,"Paraguay","Tabare Ramon Vazquez Rosas",3,2003-08-15,2008-08-15,3.79999995231628,"Oscar Nicanor Duarte Frutos","Centro","Centro",TRUE
"2029-URY-PRY-38825",2006-04-18,2005,"Paraguay","Tabare Ramon Vazquez Rosas",3,2003-08-15,2008-08-15,3.79999995231628,"Oscar Nicanor Duarte Frutos","Centro","Centro",TRUE
"2029-URY-PRY-39262",2007-06-29,2005,"Paraguay","Tabare Ramon Vazquez Rosas",3,2003-08-15,2008-08-15,3.79999995231628,"Oscar Nicanor Duarte Frutos","Centro","Centro",TRUE
"2029-URY-PRY-39675",2008-08-15,2005,"Paraguay","Tabare Ramon Vazquez Rosas",3,2008-08-15,2012-06-22,2.59999990463257,"Fernando Armindo Lugo Mendez","Centro","Izquierda",FALSE
"2029-URY-PRY-39946",2009-05-13,2005,"Paraguay","Tabare Ramon Vazquez Rosas",3,2008-08-15,2012-06-22,2.59999990463257,"Fernando Armindo Lugo Mendez","Centro","Izquierda",FALSE
"2029-URY-PRY-40018",2009-07-24,2005,"Paraguay","Tabare Ramon Vazquez Rosas",3,2008-08-15,2012-06-22,2.59999990463257,"Fernando Armindo Lugo Mendez","Centro","Izquierda",FALSE
"2552-URY-PRY-40405",2010-08-15,2010,"Paraguay","Jose Alberto Mujica Cordano",2.5,2008-08-15,2012-06-22,2.59999990463257,"Fernando Armindo Lugo Mendez","Izquierda","Izquierda",TRUE
"2552-URY-PRY-40529",2010-12-17,2010,"Paraguay","Jose Alberto Mujica Cordano",2.5,2008-08-15,2012-06-22,2.59999990463257,"Fernando Armindo Lugo Mendez","Izquierda","Izquierda",TRUE
"2552-URY-PRY-40722",2011-06-28,2010,"Paraguay","Jose Alberto Mujica Cordano",2.5,2008-08-15,2012-06-22,2.59999990463257,"Fernando Armindo Lugo Mendez","Izquierda","Izquierda",TRUE
"2552-URY-PRY-41501",2013-08-15,2010,"Paraguay","Jose Alberto Mujica Cordano",2.5,2013-08-15,2018-08-15,5.59999990463257,"Horacio Manuel Cartes Jara","Izquierda","Derecha",FALSE
"2552-URY-PRY-41838",2014-07-18,2010,"Paraguay","Jose Alberto Mujica Cordano",2.5,2013-08-15,2018-08-15,5.59999990463257,"Horacio Manuel Cartes Jara","Izquierda","Derecha",FALSE
"2029-URY-PRY-42359",2015-12-21,2015,"Paraguay","Tabaré Vázquez",2.83,2013-08-15,2018-08-15,5.59999990463257,"Horacio Manuel Cartes Jara","Izquierda","Derecha",FALSE
"2029-URY-PRY-43269",2018-06-18,2015,"Paraguay","Tabaré Vázquez",2.83,2013-08-15,2018-08-15,5.59999990463257,"Horacio Manuel Cartes Jara","Izquierda","Derecha",FALSE
"2029-URY-PRY-43328",2018-08-16,2015,"Paraguay","Tabaré Vázquez",2.83,2018-08-15,2023-08-15,6.6,"Mario Abdo Beníte","Izquierda","Derecha",FALSE
"3698-URY-PRY-44694",2022-05-13,2020,"Paraguay","Luis Alberto Lacalle Pou",5.83,2018-08-15,2023-08-15,6.6,"Mario Abdo Beníte","Derecha","Derecha",TRUE
"3698-URY-PRY-44763",2022-07-21,2020,"Paraguay","Luis Alberto Lacalle Pou",5.83,2018-08-15,2023-08-15,6.6,"Mario Abdo Beníte","Derecha","Derecha",TRUE
"2552-URY-PER-40568",2011-01-25,2010,"Peru","Jose Alberto Mujica Cordano",2.5,2006-07-28,2011-07-28,5.67000007629395,"Alan Gabriel Ludwig Garcia Perez2","Izquierda","Derecha",FALSE
"2552-URY-PER-40752",2011-07-28,2010,"Peru","Jose Alberto Mujica Cordano",2.5,2011-07-28,2016-07-28,4.55999994277954,"Ollanta Moises Humala Tasso","Izquierda","Centro",FALSE
"2552-URY-PER-41183",2012-10-01,2010,"Peru","Jose Alberto Mujica Cordano",2.5,2011-07-28,2016-07-28,4.55999994277954,"Ollanta Moises Humala Tasso","Izquierda","Centro",FALSE
"2552-URY-PER-41243",2012-11-30,2010,"Peru","Jose Alberto Mujica Cordano",2.5,2011-07-28,2016-07-28,4.55999994277954,"Ollanta Moises Humala Tasso","Izquierda","Centro",FALSE
"2029-URY-PER-43203",2018-04-13,2015,"Peru","Tabaré Vázquez",2.83,2018-03-23,2020-11-09,4.5,"Martín Vizcarra","Izquierda","Centro",FALSE
"191-URY-VEN-35569",1997-05-19,1995,"Venezuela","Julio Maria Sanguinetti Coirolo2",4.82000017166138,1994-02-02,1999-02-02,4.13000011444092,"Rafael Antonio Caldera Rodriguez","Centro","Centro",TRUE
"191-URY-VEN-36191",1999-01-31,1995,"Venezuela","Julio Maria Sanguinetti Coirolo2",4.82000017166138,1994-02-02,1999-02-02,4.13000011444092,"Rafael Antonio Caldera Rodriguez","Centro","Centro",TRUE
"1514-URY-VEN-36718",2000-07-11,2000,"Venezuela","Jorge Luis Batlle Ibanez",5.44999980926514,1999-02-02,2000-08-19,2.13000011444092,"Hugo Chavez1","Derecha","Izquierda",FALSE
"2029-URY-VEN-38789",2006-03-13,2005,"Venezuela","Tabare Ramon Vazquez Rosas",3,2000-08-19,2007-01-10,1.62999999523163,"Hugo Chavez2","Centro","Izquierda",FALSE
"2029-URY-VEN-38902",2006-07-04,2005,"Venezuela","Tabare Ramon Vazquez Rosas",3,2000-08-19,2007-01-10,1.62999999523163,"Hugo Chavez2","Centro","Izquierda",FALSE
"2029-URY-VEN-40080",2009-09-24,2005,"Venezuela","Tabare Ramon Vazquez Rosas",3,2007-01-10,2013-03-05,1.25,"Hugo Chavez3","Centro","Izquierda",FALSE
"2552-URY-VEN-40275",2010-04-07,2010,"Venezuela","Jose Alberto Mujica Cordano",2.5,2007-01-10,2013-03-05,1.25,"Hugo Chavez3","Izquierda","Izquierda",TRUE
"2552-URY-VEN-40569",2011-01-26,2010,"Venezuela","Jose Alberto Mujica Cordano",2.5,2007-01-10,2013-03-05,1.25,"Hugo Chavez3","Izquierda","Izquierda",TRUE
"2552-URY-VEN-40729",2011-07-05,2010,"Venezuela","Jose Alberto Mujica Cordano",2.5,2007-01-10,2013-03-05,1.25,"Hugo Chavez3","Izquierda","Izquierda",TRUE
"2552-URY-VEN-40879",2011-12-02,2010,"Venezuela","Jose Alberto Mujica Cordano",2.5,2007-01-10,2013-03-05,1.25,"Hugo Chavez3","Izquierda","Izquierda",TRUE
"2552-URY-VEN-41012",2012-04-13,2010,"Venezuela","Jose Alberto Mujica Cordano",2.5,2007-01-10,2013-03-05,1.25,"Hugo Chavez3","Izquierda","Izquierda",TRUE
"2552-URY-VEN-41590",2013-11-12,2010,"Venezuela","Jose Alberto Mujica Cordano",2.5,2013-04-19,2019-01-10,1.37999999523163,"Nicolas Maduro Moros","Izquierda","Izquierda",TRUE
"2552-URY-VEN-41848",2014-07-28,2010,"Venezuela","Jose Alberto Mujica Cordano",2.5,2013-04-19,2019-01-10,1.37999999523163,"Nicolas Maduro Moros","Izquierda","Izquierda",TRUE
"2552-URY-VEN-41976",2014-12-03,2010,"Venezuela","Jose Alberto Mujica Cordano",2.5,2013-04-19,2019-01-10,1.37999999523163,"Nicolas Maduro Moros","Izquierda","Izquierda",TRUE
"898-VEN-ARG-35008",1995-11-05,1995,"Argentina","Rafael Antonio Caldera Rodriguez",4.13000011444092,1995-07-08,1999-12-10,6.30000019073486,"Carlos Saul Menem2","Centro","Derecha",FALSE
"1383-VEN-ARG-37766",2003-05-25,2000,"Argentina","Hugo Chavez2",1.62999999523163,2003-05-25,2007-12-10,2.79999995231628,"Nestor Carlos Kirchner","Izquierda","Izquierda",TRUE
"1383-VEN-ARG-37850",2003-08-17,2000,"Argentina","Hugo Chavez2",1.62999999523163,2003-05-25,2007-12-10,2.79999995231628,"Nestor Carlos Kirchner","Izquierda","Izquierda",TRUE
"1383-VEN-ARG-38175",2004-07-07,2000,"Argentina","Hugo Chavez2",1.62999999523163,2003-05-25,2007-12-10,2.79999995231628,"Nestor Carlos Kirchner","Izquierda","Izquierda",TRUE
"1383-VEN-ARG-38383",2005-01-31,2005,"Argentina","Hugo Chavez2",1.62999999523163,2003-05-25,2007-12-10,2.79999995231628,"Nestor Carlos Kirchner","Izquierda","Izquierda",TRUE
"1383-VEN-ARG-38575",2005-08-11,2005,"Argentina","Hugo Chavez2",1.62999999523163,2003-05-25,2007-12-10,2.79999995231628,"Nestor Carlos Kirchner","Izquierda","Izquierda",TRUE
"1383-VEN-ARG-38659",2005-11-03,2005,"Argentina","Hugo Chavez2",1.62999999523163,2003-05-25,2007-12-10,2.79999995231628,"Nestor Carlos Kirchner","Izquierda","Izquierda",TRUE
"1383-VEN-ARG-38841",2006-05-04,2005,"Argentina","Hugo Chavez2",1.62999999523163,2003-05-25,2007-12-10,2.79999995231628,"Nestor Carlos Kirchner","Izquierda","Izquierda",TRUE
"1383-VEN-ARG-38918",2006-07-20,2005,"Argentina","Hugo Chavez2",1.62999999523163,2003-05-25,2007-12-10,2.79999995231628,"Nestor Carlos Kirchner","Izquierda","Izquierda",TRUE
"1383-VEN-ARG-39058",2006-12-07,2005,"Argentina","Hugo Chavez2",1.62999999523163,2003-05-25,2007-12-10,2.79999995231628,"Nestor Carlos Kirchner","Izquierda","Izquierda",TRUE
"1383-VEN-ARG-39150",2007-03-09,2005,"Argentina","Hugo Chavez3",1.25,2003-05-25,2007-12-10,2.79999995231628,"Nestor Carlos Kirchner","Izquierda","Izquierda",TRUE
"1383-VEN-ARG-39300",2007-08-06,2005,"Argentina","Hugo Chavez3",1.25,2003-05-25,2007-12-10,2.79999995231628,"Nestor Carlos Kirchner","Izquierda","Izquierda",TRUE
"1383-VEN-ARG-39425",2007-12-09,2005,"Argentina","Hugo Chavez3",1.25,2003-05-25,2007-12-10,2.79999995231628,"Nestor Carlos Kirchner","Izquierda","Izquierda",TRUE
"1383-VEN-ARG-39629",2008-06-30,2005,"Argentina","Hugo Chavez3",1.25,2007-12-10,2011-12-10,2.5,"Cristina Fernandez1","Izquierda","Izquierda",TRUE
"1383-VEN-ARG-39664",2008-08-04,2005,"Argentina","Hugo Chavez3",1.25,2007-12-10,2011-12-10,2.5,"Cristina Fernandez1","Izquierda","Izquierda",TRUE
"1383-VEN-ARG-40053",2009-08-28,2005,"Argentina","Hugo Chavez3",1.25,2007-12-10,2011-12-10,2.5,"Cristina Fernandez1","Izquierda","Izquierda",TRUE
"1383-VEN-ARG-40302",2010-05-04,2010,"Argentina","Hugo Chavez3",1.25,2007-12-10,2011-12-10,2.5,"Cristina Fernandez1","Izquierda","Izquierda",TRUE
"1383-VEN-ARG-40323",2010-05-25,2010,"Argentina","Hugo Chavez3",1.25,2007-12-10,2011-12-10,2.5,"Cristina Fernandez1","Izquierda","Izquierda",TRUE
"1383-VEN-ARG-40479",2010-10-28,2010,"Argentina","Hugo Chavez3",1.25,2007-12-10,2011-12-10,2.5,"Cristina Fernandez1","Izquierda","Izquierda",TRUE
"1383-VEN-ARG-40630",2011-03-28,2010,"Argentina","Hugo Chavez3",1.25,2007-12-10,2011-12-10,2.5,"Cristina Fernandez1","Izquierda","Izquierda",TRUE
"2179-VEN-ARG-41402",2013-05-08,2010,"Argentina","Nicolas Maduro Moros",1.37999999523163,2011-12-10,2015-12-10,1.89999997615814,"Cristina Fernandez2","Izquierda","Izquierda",TRUE
"2179-VEN-ARG-41990",2014-12-17,2010,"Argentina","Nicolas Maduro Moros",1.37999999523163,2011-12-10,2015-12-10,1.89999997615814,"Cristina Fernandez2","Izquierda","Izquierda",TRUE
"898-VEN-BOL-35311",1996-09-03,1995,"Bolivia","Rafael Antonio Caldera Rodriguez",4.13000011444092,1993-08-06,1997-08-06,5.90000009536743,"Gonzalo Sanchez de Lozada","Centro","Derecha",FALSE
"898-VEN-BOL-35541",1997-04-21,1995,"Bolivia","Rafael Antonio Caldera Rodriguez",4.13000011444092,1993-08-06,1997-08-06,5.90000009536743,"Gonzalo Sanchez de Lozada","Centro","Derecha",FALSE
"1383-VEN-BOL-36766",2000-08-28,2000,"Bolivia","Hugo Chavez2",1.62999999523163,1997-08-06,2001-08-06,6.5,"Hugo Banzer Suarez","Izquierda","Derecha",FALSE
"1383-VEN-BOL-37939",2003-11-14,2000,"Bolivia","Hugo Chavez2",1.62999999523163,2003-10-17,2005-06-09,4.5,"Carlos Diego Mesa Gisbert","Izquierda","Centro",FALSE
"1383-VEN-BOL-38862",2006-05-25,2005,"Bolivia","Hugo Chavez2",1.62999999523163,2006-01-22,2010-01-22,2.20000004768372,"Juan Evo Morales Ayma1","Izquierda","Izquierda",TRUE
"1383-VEN-BOL-39059",2006-12-08,2005,"Bolivia","Hugo Chavez2",1.62999999523163,2006-01-22,2010-01-22,2.20000004768372,"Juan Evo Morales Ayma1","Izquierda","Izquierda",TRUE
"1383-VEN-BOL-39151",2007-03-10,2005,"Bolivia","Hugo Chavez3",1.25,2006-01-22,2010-01-22,2.20000004768372,"Juan Evo Morales Ayma1","Izquierda","Izquierda",TRUE
"1383-VEN-BOL-39303",2007-08-09,2005,"Bolivia","Hugo Chavez3",1.25,2006-01-22,2010-01-22,2.20000004768372,"Juan Evo Morales Ayma1","Izquierda","Izquierda",TRUE
"1383-VEN-BOL-40010",2009-07-16,2005,"Bolivia","Hugo Chavez3",1.25,2006-01-22,2010-01-22,2.20000004768372,"Juan Evo Morales Ayma1","Izquierda","Izquierda",TRUE
"1383-VEN-BOL-40102",2009-10-16,2005,"Bolivia","Hugo Chavez3",1.25,2006-01-22,2010-01-22,2.20000004768372,"Juan Evo Morales Ayma1","Izquierda","Izquierda",TRUE
"1383-VEN-BOL-40200",2010-01-22,2010,"Bolivia","Hugo Chavez3",1.25,2010-01-22,2015-01-22,2.90000009536743,"Juan Evo Morales Ayma2","Izquierda","Izquierda",TRUE
"1383-VEN-BOL-40633",2011-03-31,2010,"Bolivia","Hugo Chavez3",1.25,2010-01-22,2015-01-22,2.90000009536743,"Juan Evo Morales Ayma2","Izquierda","Izquierda",TRUE
"2179-VEN-BOL-41419",2013-05-25,2010,"Bolivia","Nicolas Maduro Moros",1.37999999523163,2010-01-22,2015-01-22,2.90000009536743,"Juan Evo Morales Ayma2","Izquierda","Izquierda",TRUE
"2179-VEN-BOL-41459",2013-07-04,2010,"Bolivia","Nicolas Maduro Moros",1.37999999523163,2010-01-22,2015-01-22,2.90000009536743,"Juan Evo Morales Ayma2","Izquierda","Izquierda",TRUE
"2179-VEN-BOL-41804",2014-06-14,2010,"Bolivia","Nicolas Maduro Moros",1.37999999523163,2010-01-22,2015-01-22,2.90000009536743,"Juan Evo Morales Ayma2","Izquierda","Izquierda",TRUE
"2179-VEN-BOL-42026",2015-01-22,2015,"Bolivia","Nicolas Maduro Moros",1.37999999523163,2015-01-22,2019-11-10,4,"Juan Evo Morales Ayma3","Izquierda","Centro",FALSE
"2179-VEN-BOL-43059",2017-11-20,2015,"Bolivia","Nicolas Maduro Moros",1.37999999523163,2015-01-22,2019-11-10,4,"Juan Evo Morales Ayma3","Izquierda","Centro",FALSE
"898-VEN-BRA-34585",1994-09-08,1990,"Brazil","Rafael Antonio Caldera Rodriguez",4.13000011444092,1992-12-29,1995-01-01,4.44000005722046,"Itamar Augusto Cautiero Franco","Centro","Centro",TRUE
"898-VEN-BRA-35204",1996-05-19,1995,"Brazil","Rafael Antonio Caldera Rodriguez",4.13000011444092,1995-01-01,1999-01-01,4.78000020980835,"Fernando Henrique Cardoso1","Centro","Centro",TRUE
"898-VEN-BRA-35531",1997-04-11,1995,"Brazil","Rafael Antonio Caldera Rodriguez",4.13000011444092,1995-01-01,1999-01-01,4.78000020980835,"Fernando Henrique Cardoso1","Centro","Centro",TRUE
"1383-VEN-BRA-36286",1999-05-06,1995,"Brazil","Hugo Chavez1",2.13000011444092,1999-01-01,2003-01-01,4.78000020980835,"Fernando Henrique Cardoso2","Izquierda","Centro",FALSE
"1383-VEN-BRA-36768",2000-08-30,2000,"Brazil","Hugo Chavez2",1.62999999523163,1999-01-01,2003-01-01,4.78000020980835,"Fernando Henrique Cardoso2","Izquierda","Centro",FALSE
"1383-VEN-BRA-36984",2001-04-03,2000,"Brazil","Hugo Chavez2",1.62999999523163,1999-01-01,2003-01-01,4.78000020980835,"Fernando Henrique Cardoso2","Izquierda","Centro",FALSE
"1383-VEN-BRA-37622",2003-01-01,2000,"Brazil","Hugo Chavez2",1.62999999523163,2003-01-01,2007-01-01,2.44000005722046,"Luiz Inacio Lula da Silva1","Izquierda","Izquierda",TRUE
"1383-VEN-BRA-37646",2003-01-25,2000,"Brazil","Hugo Chavez2",1.62999999523163,2003-01-01,2007-01-01,2.44000005722046,"Luiz Inacio Lula da Silva1","Izquierda","Izquierda",TRUE
"1383-VEN-BRA-37736",2003-04-25,2000,"Brazil","Hugo Chavez2",1.62999999523163,2003-01-01,2007-01-01,2.44000005722046,"Luiz Inacio Lula da Silva1","Izquierda","Izquierda",TRUE
"1383-VEN-BRA-37786",2003-06-14,2000,"Brazil","Hugo Chavez2",1.62999999523163,2003-01-01,2007-01-01,2.44000005722046,"Luiz Inacio Lula da Silva1","Izquierda","Izquierda",TRUE
"1383-VEN-BRA-38245",2004-09-15,2000,"Brazil","Hugo Chavez2",1.62999999523163,2003-01-01,2007-01-01,2.44000005722046,"Luiz Inacio Lula da Silva1","Izquierda","Izquierda",TRUE
"1383-VEN-BRA-38294",2004-11-03,2000,"Brazil","Hugo Chavez2",1.62999999523163,2003-01-01,2007-01-01,2.44000005722046,"Luiz Inacio Lula da Silva1","Izquierda","Izquierda",TRUE
"1383-VEN-BRA-38336",2004-12-15,2000,"Brazil","Hugo Chavez2",1.62999999523163,2003-01-01,2007-01-01,2.44000005722046,"Luiz Inacio Lula da Silva1","Izquierda","Izquierda",TRUE
"1383-VEN-BRA-38382",2005-01-30,2005,"Brazil","Hugo Chavez2",1.62999999523163,2003-01-01,2007-01-01,2.44000005722046,"Luiz Inacio Lula da Silva1","Izquierda","Izquierda",TRUE
"1383-VEN-BRA-38481",2005-05-09,2005,"Brazil","Hugo Chavez2",1.62999999523163,2003-01-01,2007-01-01,2.44000005722046,"Luiz Inacio Lula da Silva1","Izquierda","Izquierda",TRUE
"1383-VEN-BRA-38575",2005-08-11,2005,"Brazil","Hugo Chavez2",1.62999999523163,2003-01-01,2007-01-01,2.44000005722046,"Luiz Inacio Lula da Silva1","Izquierda","Izquierda",TRUE
"1383-VEN-BRA-38624",2005-09-29,2005,"Brazil","Hugo Chavez2",1.62999999523163,2003-01-01,2007-01-01,2.44000005722046,"Luiz Inacio Lula da Silva1","Izquierda","Izquierda",TRUE
"1383-VEN-BRA-38702",2005-12-16,2005,"Brazil","Hugo Chavez2",1.62999999523163,2003-01-01,2007-01-01,2.44000005722046,"Luiz Inacio Lula da Silva1","Izquierda","Izquierda",TRUE
"1383-VEN-BRA-38736",2006-01-19,2005,"Brazil","Hugo Chavez2",1.62999999523163,2003-01-01,2007-01-01,2.44000005722046,"Luiz Inacio Lula da Silva1","Izquierda","Izquierda",TRUE
"1383-VEN-BRA-38827",2006-04-20,2005,"Brazil","Hugo Chavez2",1.62999999523163,2003-01-01,2007-01-01,2.44000005722046,"Luiz Inacio Lula da Silva1","Izquierda","Izquierda",TRUE
"1383-VEN-BRA-38833",2006-04-26,2005,"Brazil","Hugo Chavez2",1.62999999523163,2003-01-01,2007-01-01,2.44000005722046,"Luiz Inacio Lula da Silva1","Izquierda","Izquierda",TRUE
"1383-VEN-BRA-39057",2006-12-06,2005,"Brazil","Hugo Chavez2",1.62999999523163,2003-01-01,2007-01-01,2.44000005722046,"Luiz Inacio Lula da Silva1","Izquierda","Izquierda",TRUE
"1383-VEN-BRA-39100",2007-01-18,2005,"Brazil","Hugo Chavez3",1.25,2007-01-01,2011-01-01,2.55999994277954,"Luiz Inacio Lula da Silva2","Izquierda","Izquierda",TRUE
"1383-VEN-BRA-39345",2007-09-20,2005,"Brazil","Hugo Chavez3",1.25,2007-01-01,2011-01-01,2.55999994277954,"Luiz Inacio Lula da Silva2","Izquierda","Izquierda",TRUE
"1383-VEN-BRA-39533",2008-03-26,2005,"Brazil","Hugo Chavez3",1.25,2007-01-01,2011-01-01,2.55999994277954,"Luiz Inacio Lula da Silva2","Izquierda","Izquierda",TRUE
"1383-VEN-BRA-39591",2008-05-23,2005,"Brazil","Hugo Chavez3",1.25,2007-01-01,2011-01-01,2.55999994277954,"Luiz Inacio Lula da Silva2","Izquierda","Izquierda",TRUE
"1383-VEN-BRA-39798",2008-12-16,2005,"Brazil","Hugo Chavez3",1.25,2007-01-01,2011-01-01,2.55999994277954,"Luiz Inacio Lula da Silva2","Izquierda","Izquierda",TRUE
"1383-VEN-BRA-39842",2009-01-29,2005,"Brazil","Hugo Chavez3",1.25,2007-01-01,2011-01-01,2.55999994277954,"Luiz Inacio Lula da Silva2","Izquierda","Izquierda",TRUE
"1383-VEN-BRA-39959",2009-05-26,2005,"Brazil","Hugo Chavez3",1.25,2007-01-01,2011-01-01,2.55999994277954,"Luiz Inacio Lula da Silva2","Izquierda","Izquierda",TRUE
"1383-VEN-BRA-40296",2010-04-28,2010,"Brazil","Hugo Chavez3",1.25,2007-01-01,2011-01-01,2.55999994277954,"Luiz Inacio Lula da Silva2","Izquierda","Izquierda",TRUE
"1383-VEN-BRA-40544",2011-01-01,2010,"Brazil","Hugo Chavez3",1.25,2011-01-01,2015-01-01,3,"Dilma Rousseff","Izquierda","Centro",FALSE
"1383-VEN-BRA-40700",2011-06-06,2010,"Brazil","Hugo Chavez3",1.25,2011-01-01,2015-01-01,3,"Dilma Rousseff","Izquierda","Centro",FALSE
"1383-VEN-BRA-41120",2012-07-30,2010,"Brazil","Hugo Chavez3",1.25,2011-01-01,2015-01-01,3,"Dilma Rousseff","Izquierda","Centro",FALSE
"2179-VEN-BRA-41403",2013-05-09,2010,"Brazil","Nicolas Maduro Moros",1.37999999523163,2011-01-01,2015-01-01,3,"Dilma Rousseff","Izquierda","Centro",FALSE
"2179-VEN-BRA-41835",2014-07-15,2010,"Brazil","Nicolas Maduro Moros",1.37999999523163,2011-01-01,2015-01-01,3,"Dilma Rousseff","Izquierda","Centro",FALSE
"2179-VEN-BRA-42202",2015-07-17,2015,"Brazil","Nicolas Maduro Moros",1.37999999523163,2015-01-01,2016-08-31,2.6,"Dilma Rousseff2","Izquierda","Izquierda",TRUE
"898-VEN-CHL-35379",1996-11-10,1995,"Chile","Rafael Antonio Caldera Rodriguez",4.13000011444092,1994-03-11,2000-03-11,4.1399998664856,"Eduardo Frei Ruiz-Tagle","Centro","Centro",TRUE
"898-VEN-CHL-35902",1998-04-17,1995,"Chile","Rafael Antonio Caldera Rodriguez",4.13000011444092,1994-03-11,2000-03-11,4.1399998664856,"Eduardo Frei Ruiz-Tagle","Centro","Centro",TRUE
"1383-VEN-CHL-37120",2001-08-17,2000,"Chile","Hugo Chavez2",1.62999999523163,2000-03-11,2006-03-11,3.5699999332428,"Ricardo Froilin Lagos Escobar","Izquierda","Centro",FALSE
"1383-VEN-CHL-38787",2006-03-11,2005,"Chile","Hugo Chavez2",1.62999999523163,2006-03-11,2010-03-11,2.85999989509583,"Veronica Michelle Bachelet Jeria","Izquierda","Izquierda",TRUE
"1383-VEN-CHL-39394",2007-11-08,2005,"Chile","Hugo Chavez3",1.25,2006-03-11,2010-03-11,2.85999989509583,"Veronica Michelle Bachelet Jeria","Izquierda","Izquierda",TRUE
"898-VEN-COL-34498",1994-06-13,1990,"Colombia","Rafael Antonio Caldera Rodriguez",4.13000011444092,1990-08-07,1994-08-07,5.42999982833862,"Cesar Augusto Gaviria Trujillo","Centro","Derecha",FALSE
"898-VEN-COL-34948",1995-09-06,1995,"Colombia","Rafael Antonio Caldera Rodriguez",4.13000011444092,1994-08-07,1998-08-07,4.1399998664856,"Ernesto Samper Pizano","Centro","Centro",TRUE
"1383-VEN-COL-36306",1999-05-26,1995,"Colombia","Hugo Chavez1",2.13000011444092,1998-08-07,2002-08-07,6,"Andres Pastrana Arango","Izquierda","Derecha",FALSE
"1383-VEN-COL-36692",2000-06-15,2000,"Colombia","Hugo Chavez1",2.13000011444092,1998-08-07,2002-08-07,6,"Andres Pastrana Arango","Izquierda","Derecha",FALSE
"1383-VEN-COL-36998",2001-04-17,2000,"Colombia","Hugo Chavez2",1.62999999523163,1998-08-07,2002-08-07,6,"Andres Pastrana Arango","Izquierda","Derecha",FALSE
"1383-VEN-COL-37015",2001-05-04,2000,"Colombia","Hugo Chavez2",1.62999999523163,1998-08-07,2002-08-07,6,"Andres Pastrana Arango","Izquierda","Derecha",FALSE
"1383-VEN-COL-37158",2001-09-24,2000,"Colombia","Hugo Chavez2",1.62999999523163,1998-08-07,2002-08-07,6,"Andres Pastrana Arango","Izquierda","Derecha",FALSE
"1383-VEN-COL-37475",2002-08-07,2000,"Colombia","Hugo Chavez2",1.62999999523163,2002-08-07,2006-08-07,6.8600001335144,"Alvaro Uribe Velez1","Izquierda","Derecha",FALSE
"1383-VEN-COL-37573",2002-11-13,2000,"Colombia","Hugo Chavez2",1.62999999523163,2002-08-07,2006-08-07,6.8600001335144,"Alvaro Uribe Velez1","Izquierda","Derecha",FALSE
"1383-VEN-COL-37799",2003-06-27,2000,"Colombia","Hugo Chavez2",1.62999999523163,2002-08-07,2006-08-07,6.8600001335144,"Alvaro Uribe Velez1","Izquierda","Derecha",FALSE
"1383-VEN-COL-38300",2004-11-09,2000,"Colombia","Hugo Chavez2",1.62999999523163,2002-08-07,2006-08-07,6.8600001335144,"Alvaro Uribe Velez1","Izquierda","Derecha",FALSE
"1383-VEN-COL-38703",2005-12-17,2005,"Colombia","Hugo Chavez2",1.62999999523163,2002-08-07,2006-08-07,6.8600001335144,"Alvaro Uribe Velez1","Izquierda","Derecha",FALSE
"1383-VEN-COL-39325",2007-08-31,2005,"Colombia","Hugo Chavez3",1.25,2006-08-07,2010-08-07,6.8600001335144,"Alvaro Uribe Velez2","Izquierda","Derecha",FALSE
"1383-VEN-COL-39367",2007-10-12,2005,"Colombia","Hugo Chavez3",1.25,2006-08-07,2010-08-07,6.8600001335144,"Alvaro Uribe Velez2","Izquierda","Derecha",FALSE
"1383-VEN-COL-39837",2009-01-24,2005,"Colombia","Hugo Chavez3",1.25,2006-08-07,2010-08-07,6.8600001335144,"Alvaro Uribe Velez2","Izquierda","Derecha",FALSE
"1383-VEN-COL-40400",2010-08-10,2010,"Colombia","Hugo Chavez3",1.25,2010-08-07,2014-08-07,4.57000017166138,"Juan Manuel Santos Calderon","Izquierda","Centro",FALSE
"1383-VEN-COL-40642",2011-04-09,2010,"Colombia","Hugo Chavez3",1.25,2010-08-07,2014-08-07,4.57000017166138,"Juan Manuel Santos Calderon","Izquierda","Centro",FALSE
"1383-VEN-COL-41274",2012-12-31,2010,"Colombia","Hugo Chavez3",1.25,2010-08-07,2014-08-07,4.57000017166138,"Juan Manuel Santos Calderon","Izquierda","Centro",FALSE
"2179-VEN-COL-41852",2014-08-01,2010,"Colombia","Nicolas Maduro Moros",1.37999999523163,2010-08-07,2014-08-07,4.57000017166138,"Juan Manuel Santos Calderon","Izquierda","Centro",FALSE
"2179-VEN-COL-42639",2016-09-26,2015,"Colombia","Nicolas Maduro Moros",1.37999999523163,2014-08-07,2018-08-07,5,"Juan Manuel Santos Calderon2","Izquierda","Derecha",FALSE
"898-VEN-ECU-34946",1995-09-04,1995,"Ecuador","Rafael Antonio Caldera Rodriguez",4.13000011444092,1992-08-10,1996-08-10,6.5,"Sixto Alfonso Duran Ballen Cordovez","Centro","Derecha",FALSE
"898-VEN-ECU-35889",1998-04-04,1995,"Ecuador","Rafael Antonio Caldera Rodriguez",4.13000011444092,1997-02-11,1998-08-10,5,"Fabian Ernesto Alarcon Rivera","Centro","Derecha",FALSE
"1383-VEN-ECU-37463",2002-07-26,2000,"Ecuador","Hugo Chavez2",1.62999999523163,2000-01-22,2003-01-15,6.32999992370605,"Gustavo Jose Joaquin Noboa Bejarano","Izquierda","Derecha",FALSE
"1383-VEN-ECU-37589",2002-11-29,2000,"Ecuador","Hugo Chavez2",1.62999999523163,2000-01-22,2003-01-15,6.32999992370605,"Gustavo Jose Joaquin Noboa Bejarano","Izquierda","Derecha",FALSE
"1383-VEN-ECU-37635",2003-01-14,2000,"Ecuador","Hugo Chavez2",1.62999999523163,2000-01-22,2003-01-15,6.32999992370605,"Gustavo Jose Joaquin Noboa Bejarano","Izquierda","Derecha",FALSE
"1383-VEN-ECU-38180",2004-07-12,2000,"Ecuador","Hugo Chavez2",1.62999999523163,2003-01-15,2005-04-20,5.32999992370605,"Lucio Edwin Gutierrez Borba","Izquierda","Derecha",FALSE
"1383-VEN-ECU-38867",2006-05-30,2005,"Ecuador","Hugo Chavez2",1.62999999523163,2005-04-20,2007-01-15,4.5,"Luis Alfredo Palacio Gonzalez","Izquierda","Centro",FALSE
"1383-VEN-ECU-39097",2007-01-15,2005,"Ecuador","Hugo Chavez3",1.25,2007-01-15,2009-08-10,1.83000004291534,"Rafael Vicente Correa Delgado1","Izquierda","Izquierda",TRUE
"1383-VEN-ECU-39303",2007-08-09,2005,"Ecuador","Hugo Chavez3",1.25,2007-01-15,2009-08-10,1.83000004291534,"Rafael Vicente Correa Delgado1","Izquierda","Izquierda",TRUE
"1383-VEN-ECU-39749",2008-10-28,2005,"Ecuador","Hugo Chavez3",1.25,2007-01-15,2009-08-10,1.83000004291534,"Rafael Vicente Correa Delgado1","Izquierda","Izquierda",TRUE
"1383-VEN-ECU-39956",2009-05-23,2005,"Ecuador","Hugo Chavez3",1.25,2007-01-15,2009-08-10,1.83000004291534,"Rafael Vicente Correa Delgado1","Izquierda","Izquierda",TRUE
"1383-VEN-ECU-40034",2009-08-09,2005,"Ecuador","Hugo Chavez3",1.25,2007-01-15,2009-08-10,1.83000004291534,"Rafael Vicente Correa Delgado1","Izquierda","Izquierda",TRUE
"1383-VEN-ECU-40263",2010-03-26,2010,"Ecuador","Hugo Chavez3",1.25,2009-08-10,2013-05-24,2.82999992370606,"Rafael Vicente Correa Delgado2","Izquierda","Izquierda",TRUE
"1383-VEN-ECU-40354",2010-06-25,2010,"Ecuador","Hugo Chavez3",1.25,2009-08-10,2013-05-24,2.82999992370606,"Rafael Vicente Correa Delgado2","Izquierda","Izquierda",TRUE
"1383-VEN-ECU-40701",2011-06-07,2010,"Ecuador","Hugo Chavez3",1.25,2009-08-10,2013-05-24,2.82999992370606,"Rafael Vicente Correa Delgado2","Izquierda","Izquierda",TRUE
"2179-VEN-ECU-41418",2013-05-24,2010,"Ecuador","Nicolas Maduro Moros",1.37999999523163,2013-05-24,2017-05-24,3.5,"Rafael Vicente Correa Delgado3","Izquierda","Centro",FALSE
"2179-VEN-ECU-41978",2014-12-05,2010,"Ecuador","Nicolas Maduro Moros",1.37999999523163,2013-05-24,2017-05-24,3.5,"Rafael Vicente Correa Delgado3","Izquierda","Centro",FALSE
"2179-VEN-ECU-42268",2015-09-21,2015,"Ecuador","Nicolas Maduro Moros",1.37999999523163,2013-05-24,2017-05-24,3.5,"Rafael Vicente Correa Delgado3","Izquierda","Centro",FALSE
"2179-VEN-ECU-42396",2016-01-27,2015,"Ecuador","Nicolas Maduro Moros",1.37999999523163,2013-05-24,2017-05-24,3.5,"Rafael Vicente Correa Delgado3","Izquierda","Centro",FALSE
"2179-VEN-ECU-42660",2016-10-17,2015,"Ecuador","Nicolas Maduro Moros",1.37999999523163,2013-05-24,2017-05-24,3.5,"Rafael Vicente Correa Delgado3","Izquierda","Centro",FALSE
"1383-VEN-PRY-37063",2001-06-21,2000,"Paraguay","Hugo Chavez2",1.62999999523163,1999-03-28,2003-08-15,5.75,"Luis Angel Gonzalez Macchi","Izquierda","Derecha",FALSE
"1383-VEN-PRY-37789",2003-06-17,2000,"Paraguay","Hugo Chavez2",1.62999999523163,1999-03-28,2003-08-15,5.75,"Luis Angel Gonzalez Macchi","Izquierda","Derecha",FALSE
"1383-VEN-PRY-37847",2003-08-14,2000,"Paraguay","Hugo Chavez2",1.62999999523163,1999-03-28,2003-08-15,5.75,"Luis Angel Gonzalez Macchi","Izquierda","Derecha",FALSE
"1383-VEN-PRY-38522",2005-06-19,2005,"Paraguay","Hugo Chavez2",1.62999999523163,2003-08-15,2008-08-15,3.79999995231628,"Oscar Nicanor Duarte Frutos","Izquierda","Centro",FALSE
"1383-VEN-PRY-38696",2005-12-10,2005,"Paraguay","Hugo Chavez2",1.62999999523163,2003-08-15,2008-08-15,3.79999995231628,"Oscar Nicanor Duarte Frutos","Izquierda","Centro",FALSE
"1383-VEN-PRY-38826",2006-04-19,2005,"Paraguay","Hugo Chavez2",1.62999999523163,2003-08-15,2008-08-15,3.79999995231628,"Oscar Nicanor Duarte Frutos","Izquierda","Centro",FALSE
"1383-VEN-PRY-39675",2008-08-15,2005,"Paraguay","Hugo Chavez3",1.25,2008-08-15,2012-06-22,2.59999990463257,"Fernando Armindo Lugo Mendez","Izquierda","Izquierda",TRUE
"898-VEN-PER-34907",1995-07-27,1995,"Peru","Rafael Antonio Caldera Rodriguez",4.13000011444092,1990-07-28,1995-07-28,4.78000020980835,"Alberto Kenya Fujimori Fujimori1","Centro","Centro",TRUE
"898-VEN-PER-35904",1998-04-19,1995,"Peru","Rafael Antonio Caldera Rodriguez",4.13000011444092,1995-07-28,2000-07-28,5.44000005722046,"Alberto Kenya Fujimori Fujimori2","Centro","Derecha",FALSE
"1383-VEN-PER-36685",2000-06-08,2000,"Peru","Hugo Chavez1",2.13000011444092,1995-07-28,2000-07-28,5.44000005722046,"Alberto Kenya Fujimori Fujimori2","Izquierda","Derecha",FALSE
"1383-VEN-PER-37218",2001-11-23,2000,"Peru","Hugo Chavez2",1.62999999523163,2001-07-28,2006-07-28,4.67000007629395,"Alejandro Celestino Toledo Manrique","Izquierda","Centro",FALSE
"1383-VEN-PER-37763",2003-05-22,2000,"Peru","Hugo Chavez2",1.62999999523163,2001-07-28,2006-07-28,4.67000007629395,"Alejandro Celestino Toledo Manrique","Izquierda","Centro",FALSE
"1383-VEN-PER-38329",2004-12-08,2000,"Peru","Hugo Chavez2",1.62999999523163,2001-07-28,2006-07-28,4.67000007629395,"Alejandro Celestino Toledo Manrique","Izquierda","Centro",FALSE
"1383-VEN-PER-38550",2005-07-17,2005,"Peru","Hugo Chavez2",1.62999999523163,2001-07-28,2006-07-28,4.67000007629395,"Alejandro Celestino Toledo Manrique","Izquierda","Centro",FALSE
"1383-VEN-PER-39584",2008-05-16,2005,"Peru","Hugo Chavez3",1.25,2006-07-28,2011-07-28,5.67000007629395,"Alan Gabriel Ludwig Garcia Perez2","Izquierda","Derecha",FALSE
"898-VEN-URY-35010",1995-11-07,1995,"Uruguay","Rafael Antonio Caldera Rodriguez",4.13000011444092,1995-03-01,2000-03-01,4.82000017166138,"Julio Maria Sanguinetti Coirolo2","Centro","Centro",TRUE
"1383-VEN-URY-37849",2003-08-16,2000,"Uruguay","Hugo Chavez2",1.62999999523163,2000-03-01,2005-03-01,5.44999980926514,"Jorge Luis Batlle Ibanez","Izquierda","Derecha",FALSE
"1383-VEN-URY-38412",2005-03-01,2005,"Uruguay","Hugo Chavez2",1.62999999523163,2005-03-01,2010-03-01,3,"Tabare Ramon Vazquez Rosas","Izquierda","Centro",FALSE
"1383-VEN-URY-38574",2005-08-10,2005,"Uruguay","Hugo Chavez2",1.62999999523163,2005-03-01,2010-03-01,3,"Tabare Ramon Vazquez Rosas","Izquierda","Centro",FALSE
"1383-VEN-URY-38694",2005-12-08,2005,"Uruguay","Hugo Chavez2",1.62999999523163,2005-03-01,2010-03-01,3,"Tabare Ramon Vazquez Rosas","Izquierda","Centro",FALSE
"1383-VEN-URY-39059",2006-12-08,2005,"Uruguay","Hugo Chavez2",1.62999999523163,2005-03-01,2010-03-01,3,"Tabare Ramon Vazquez Rosas","Izquierda","Centro",FALSE
"1383-VEN-URY-39301",2007-08-07,2005,"Uruguay","Hugo Chavez3",1.25,2005-03-01,2010-03-01,3,"Tabare Ramon Vazquez Rosas","Izquierda","Centro",FALSE
"1383-VEN-URY-39433",2007-12-17,2005,"Uruguay","Hugo Chavez3",1.25,2005-03-01,2010-03-01,3,"Tabare Ramon Vazquez Rosas","Izquierda","Centro",FALSE
"1383-VEN-URY-40238",2010-03-01,2010,"Uruguay","Hugo Chavez3",1.25,2010-03-01,2015-03-01,2.5,"Jose Alberto Mujica Cordano","Izquierda","Izquierda",TRUE
"1383-VEN-URY-40632",2011-03-30,2010,"Uruguay","Hugo Chavez3",1.25,2010-03-01,2015-03-01,2.5,"Jose Alberto Mujica Cordano","Izquierda","Izquierda",TRUE
"1383-VEN-URY-40897",2011-12-20,2010,"Uruguay","Hugo Chavez3",1.25,2010-03-01,2015-03-01,2.5,"Jose Alberto Mujica Cordano","Izquierda","Izquierda",TRUE
"2179-VEN-URY-41401",2013-05-07,2010,"Uruguay","Nicolas Maduro Moros",1.37999999523163,2010-03-01,2015-03-01,2.5,"Jose Alberto Mujica Cordano","Izquierda","Izquierda",TRUE
"PELATAM-ARG-96",2000-12-14,2000,"Brazil","Fernando de la Rua",5.90000009536743,1999-01-01,2003-01-01,4.78000020980835,"Fernando Henrique Cardoso2","Derecha","Centro",FALSE
"PELATAM-ARG-103",2001-08-17,2000,"Chile","Fernando de la Rua",5.90000009536743,2000-03-11,2006-03-11,3.5699999332428,"Ricardo Froilin Lagos Escobar","Derecha","Centro",FALSE
"PELATAM-ARG-174",2008-02-22,2005,"Brazil","Cristina Fernandez1",2.5,2007-01-01,2011-01-01,2.55999994277954,"Luiz Inacio Lula da Silva2","Izquierda","Izquierda",TRUE
"PELATAM-ARG-181",2008-06-01,2005,"Venezuela","Cristina Fernandez1",2.5,2007-01-10,2013-03-05,1.25,"Hugo Chavez3","Izquierda","Izquierda",TRUE
"PELATAM-ARG-281",2014-06-14,2010,"Bolivia","Cristina Fernandez2",1.89999997615814,2010-01-22,2015-01-22,2.90000009536743,"Juan Evo Morales Ayma2","Izquierda","Izquierda",TRUE
"PELATAM-ARG-325",2017-05-24,2015,"Ecuador","Mauricio Macri",6.3,2017-05-24,2021-05-24,6,"Lenín Moreno Garcés","Derecha","Derecha",TRUE
"PELATAM-ARG-337",2018-08-15,2015,"Paraguay","Mauricio Macri",6.3,2018-08-15,2023-08-15,6.6,"Mario Abdo Beníte","Derecha","Derecha",TRUE
"PELATAM-ARG-339",2018-12-18,2015,"Uruguay","Mauricio Macri",6.3,2015-03-01,2020-03-01,2.83,"Tabaré Vázquez","Derecha","Izquierda",FALSE
"PELATAM-BRA-3",2000-03-29,2000,"Venezuela","Fernando Henrique Cardoso2",4.78000020980835,1999-02-02,2000-08-19,2.13000011444092,"Hugo Chavez1","Centro","Izquierda",FALSE
"PELATAM-BRA-75",2006-11-03,2005,"Uruguay","Luiz Inacio Lula da Silva1",2.44000005722046,2005-03-01,2010-03-01,3,"Tabare Ramon Vazquez Rosas","Izquierda","Centro",FALSE
"PELATAM-BRA-170",2014-06-14,2010,"Bolivia","Dilma Rousseff",3,2010-01-22,2015-01-22,2.90000009536743,"Juan Evo Morales Ayma2","Centro","Izquierda",FALSE
"PELATAM-BRA-184",2015-12-21,2015,"Paraguay","Dilma Rousseff2",2.6,2013-08-15,2018-08-15,5.59999990463257,"Horacio Manuel Cartes Jara","Izquierda","Derecha",FALSE
"PELATAM-BRA-189",2016-10-03,2015,"Argentina","Michel Temmer",5.1,2015-12-10,2019-12-10,6.3,"Mauricio Macri","Derecha","Derecha",TRUE
"PELATAM-BRA-201",2018-08-15,2015,"Paraguay","Michel Temmer",5.1,2018-08-15,2023-08-15,6.6,"Mario Abdo Beníte","Derecha","Derecha",TRUE
"PELATAM-BRA-349",2000-03-01,2000,"Uruguay","Fernando Henrique Cardoso2",4.78000020980835,2000-03-01,2005-03-01,5.44999980926514,"Jorge Luis Batlle Ibanez","Centro","Derecha",FALSE
"PELATAM-BRA-358",2002-07-04,2000,"Argentina","Fernando Henrique Cardoso2",4.78000020980835,2002-01-01,2003-05-25,4.59999990463257,"Eduardo Alberto Duhalde","Centro","Centro",TRUE
"PELATAM-CHL-1",2000-06-29,2000,"Argentina","Ricardo Froilin Lagos Escobar",3.5699999332428,1999-12-10,2001-12-20,5.90000009536743,"Fernando de la Rua","Centro","Derecha",FALSE
"PELATAM-CHL-38",2007-01-15,2005,"Ecuador","Veronica Michelle Bachelet Jeria",2.85999989509583,2007-01-15,2009-08-10,1.83000004291534,"Rafael Vicente Correa Delgado1","Izquierda","Izquierda",TRUE
"PELATAM-CHL-44",2008-05-16,2005,"Peru","Veronica Michelle Bachelet Jeria",2.85999989509583,2006-07-28,2011-07-28,5.67000007629395,"Alan Gabriel Ludwig Garcia Perez2","Izquierda","Derecha",FALSE
"PELATAM-CHL-45",2008-05-23,2005,"Brazil","Veronica Michelle Bachelet Jeria",2.85999989509583,2007-01-01,2011-01-01,2.55999994277954,"Luiz Inacio Lula da Silva2","Izquierda","Izquierda",TRUE
"PELATAM-CHL-49",2008-12-16,2005,"Brazil","Veronica Michelle Bachelet Jeria",2.85999989509583,2007-01-01,2011-01-01,2.55999994277954,"Luiz Inacio Lula da Silva2","Izquierda","Izquierda",TRUE
"PELATAM-CHL-67",2010-12-03,2010,"Argentina","Sebastian Pinera",5.69999980926514,2007-12-10,2011-12-10,2.5,"Cristina Fernandez1","Derecha","Izquierda",FALSE
"PELATAM-CHL-69",2011-04-28,2010,"Peru","Sebastian Pinera",5.69999980926514,2006-07-28,2011-07-28,5.67000007629395,"Alan Gabriel Ludwig Garcia Perez2","Derecha","Derecha",TRUE
"PELATAM-CHL-72",2011-10-28,2010,"Paraguay","Sebastian Pinera",5.69999980926514,2008-08-15,2012-06-22,2.59999990463257,"Fernando Armindo Lugo Mendez","Derecha","Izquierda",FALSE
"PELATAM-CHL-75",2012-04-14,2010,"Colombia","Sebastian Pinera",5.69999980926514,2010-08-07,2014-08-07,4.57000017166138,"Juan Manuel Santos Calderon","Derecha","Centro",FALSE
"PELATAM-CHL-82",2013-08-15,2010,"Paraguay","Sebastian Pinera",5.69999980926514,2013-08-15,2018-08-15,5.59999990463257,"Horacio Manuel Cartes Jara","Derecha","Derecha",TRUE
"PELATAM-CHL-84",2014-02-10,2010,"Colombia","Sebastian Pinera",5.69999980926514,2010-08-07,2014-08-07,4.57000017166138,"Juan Manuel Santos Calderon","Derecha","Centro",FALSE
"PELATAM-CHL-89",2015-03-01,2015,"Uruguay","Michelle Bachelet",2.9,2015-03-01,2020-03-01,2.83,"Tabaré Vázquez","Izquierda","Izquierda",TRUE
"PELATAM-CHL-94",2015-07-02,2015,"Peru","Michelle Bachelet",2.9,2011-07-28,2016-07-28,4.55999994277954,"Ollanta Moises Humala Tasso","Izquierda","Centro",FALSE
"PELATAM-CHL-98",2016-01-27,2015,"Ecuador","Michelle Bachelet",2.9,2013-05-24,2017-05-24,3.5,"Rafael Vicente Correa Delgado3","Izquierda","Centro",FALSE
"PELATAM-CHL-206",2000-12-14,2000,"Brazil","Ricardo Froilin Lagos Escobar",3.5699999332428,1999-01-01,2003-01-01,4.78000020980835,"Fernando Henrique Cardoso2","Centro","Centro",TRUE
"PELATAM-CHL-215",2001-12-20,2000,"Uruguay","Ricardo Froilin Lagos Escobar",3.5699999332428,2000-03-01,2005-03-01,5.44999980926514,"Jorge Luis Batlle Ibanez","Centro","Derecha",FALSE
"PELATAM-CHL-236",2003-05-25,2000,"Argentina","Ricardo Froilin Lagos Escobar",3.5699999332428,2003-05-25,2007-12-10,2.79999995231628,"Nestor Carlos Kirchner","Centro","Izquierda",FALSE
"PELATAM-CHL-237",2003-06-18,2000,"Paraguay","Ricardo Froilin Lagos Escobar",3.5699999332428,1999-03-28,2003-08-15,5.75,"Luis Angel Gonzalez Macchi","Centro","Derecha",FALSE
"PELATAM-CHL-245",2003-12-15,2000,"Uruguay","Ricardo Froilin Lagos Escobar",3.5699999332428,2000-03-01,2005-03-01,5.44999980926514,"Jorge Luis Batlle Ibanez","Centro","Derecha",FALSE
"PELATAM-CHL-258",2004-07-07,2000,"Argentina","Ricardo Froilin Lagos Escobar",3.5699999332428,2003-05-25,2007-12-10,2.79999995231628,"Nestor Carlos Kirchner","Centro","Izquierda",FALSE
"PELATAM-CHL-262",2004-08-31,2000,"Argentina","Ricardo Froilin Lagos Escobar",3.5699999332428,2003-05-25,2007-12-10,2.79999995231628,"Nestor Carlos Kirchner","Centro","Izquierda",FALSE
"PELATAM-CHL-288",2005-09-01,2005,"Colombia","Ricardo Froilin Lagos Escobar",3.5699999332428,2002-08-07,2006-08-07,6.8600001335144,"Alvaro Uribe Velez1","Centro","Derecha",FALSE
"PELATAM-CHL-290",2005-09-29,2005,"Brazil","Ricardo Froilin Lagos Escobar",3.5699999332428,2003-01-01,2007-01-01,2.44000005722046,"Luiz Inacio Lula da Silva1","Centro","Izquierda",FALSE
"PELATAM-CHL-299",2005-12-08,2005,"Uruguay","Ricardo Froilin Lagos Escobar",3.5699999332428,2005-03-01,2010-03-01,3,"Tabare Ramon Vazquez Rosas","Centro","Centro",TRUE
"PELATAM-CHL-310",2009-08-10,2005,"Ecuador","Veronica Michelle Bachelet Jeria",2.85999989509583,2009-08-10,2013-05-24,2.82999992370606,"Rafael Vicente Correa Delgado2","Izquierda","Izquierda",TRUE
"PELATAM-CHL-313",2010-05-25,2010,"Argentina","Sebastian Pinera",5.69999980926514,2007-12-10,2011-12-10,2.5,"Cristina Fernandez1","Derecha","Izquierda",FALSE
"PELATAM-CHL-314",2010-10-28,2010,"Argentina","Sebastian Pinera",5.69999980926514,2007-12-10,2011-12-10,2.5,"Cristina Fernandez1","Derecha","Izquierda",FALSE
"PELATAM-CHL-323",2011-12-02,2010,"Venezuela","Sebastian Pinera",5.69999980926514,2007-01-10,2013-03-05,1.25,"Hugo Chavez3","Derecha","Izquierda",FALSE
"PELATAM-PRY-4",2000-12-01,2000,"Brazil","Luis Angel Gonzalez Macchi",5.75,1999-01-01,2003-01-01,4.78000020980835,"Fernando Henrique Cardoso2","Derecha","Centro",FALSE
"PELATAM-PRY-7",2001-12-01,2000,"Uruguay","Luis Angel Gonzalez Macchi",5.75,2000-03-01,2005-03-01,5.44999980926514,"Jorge Luis Batlle Ibanez","Derecha","Derecha",TRUE
"PELATAM-PRY-8",2002-07-26,2000,"Ecuador","Luis Angel Gonzalez Macchi",5.75,2000-01-22,2003-01-15,6.32999992370605,"Gustavo Jose Joaquin Noboa Bejarano","Derecha","Derecha",TRUE
"PELATAM-PRY-11",2003-01-01,2000,"Brazil","Luis Angel Gonzalez Macchi",5.75,2003-01-01,2007-01-01,2.44000005722046,"Luiz Inacio Lula da Silva1","Derecha","Izquierda",FALSE
"PELATAM-PRY-12",2003-05-25,2000,"Argentina","Luis Angel Gonzalez Macchi",5.75,2003-05-25,2007-12-10,2.79999995231628,"Nestor Carlos Kirchner","Derecha","Izquierda",FALSE
"PELATAM-PRY-15",2003-12-01,2000,"Uruguay","Oscar Nicanor Duarte Frutos",3.79999995231628,2000-03-01,2005-03-01,5.44999980926514,"Jorge Luis Batlle Ibanez","Centro","Derecha",FALSE
"PELATAM-PRY-16",2004-07-01,2000,"Argentina","Oscar Nicanor Duarte Frutos",3.79999995231628,2003-05-25,2007-12-10,2.79999995231628,"Nestor Carlos Kirchner","Centro","Izquierda",FALSE
"PELATAM-PRY-18",2004-12-16,2000,"Brazil","Oscar Nicanor Duarte Frutos",3.79999995231628,2003-01-01,2007-01-01,2.44000005722046,"Luiz Inacio Lula da Silva1","Centro","Izquierda",FALSE
"PELATAM-PRY-26",2006-12-01,2005,"Brazil","Oscar Nicanor Duarte Frutos",3.79999995231628,2003-01-01,2007-01-01,2.44000005722046,"Luiz Inacio Lula da Silva1","Centro","Izquierda",FALSE
"PELATAM-PRY-47",2009-12-19,2005,"Uruguay","Fernando Armindo Lugo Mendez",2.59999990463257,2005-03-01,2010-03-01,3,"Tabare Ramon Vazquez Rosas","Izquierda","Centro",FALSE
"PELATAM-PRY-60",2012-06-03,2010,"Bolivia","Fernando Armindo Lugo Mendez",2.59999990463257,2010-01-22,2015-01-22,2.90000009536743,"Juan Evo Morales Ayma2","Izquierda","Izquierda",TRUE
"PELATAM-PRY-89",2016-07-12,2015,"Uruguay","Horacio Manuel Cartes Jara",5.59999990463257,2015-03-01,2020-03-01,2.83,"Tabaré Vázquez","Derecha","Izquierda",FALSE
"PELATAM-PRY-113",2019-08-23,2015,"Argentina","Mario Abdo Beníte",6.6,2015-12-10,2019-12-10,6.3,"Mauricio Macri","Derecha","Derecha",TRUE
"PELATAM-PRY-125",2022-02-17,2020,"Chile","Mario Abdo Beníte",6.6,2018-03-11,2022-03-11,5.81,"Sebastián Piñera2","Derecha","Derecha",TRUE
"PELATAM-PRY-130",2022-08-31,2020,"Brazil","Mario Abdo Beníte",6.6,2019-01-01,2023-01-01,6.6,"Jair Messias Bolsonaro","Derecha","Derecha",TRUE
"PELATAM-URY-2",2000-08-31,2000,"Brazil","Jorge Luis Batlle Ibanez",5.44999980926514,1999-01-01,2003-01-01,4.78000020980835,"Fernando Henrique Cardoso2","Derecha","Centro",FALSE
"PELATAM-URY-7",2002-02-18,2000,"Argentina","Jorge Luis Batlle Ibanez",5.44999980926514,2002-01-01,2003-05-25,4.59999990463257,"Eduardo Alberto Duhalde","Derecha","Centro",FALSE
"PELATAM-URY-55",2010-03-11,2010,"Chile","Jose Alberto Mujica Cordano",2.5,2010-03-11,2014-03-11,5.69999980926514,"Sebastian Pinera","Izquierda","Derecha",FALSE
"PELATAM-URY-63",2011-11-08,2010,"Brazil","Jose Alberto Mujica Cordano",2.5,2011-01-01,2015-01-01,3,"Dilma Rousseff","Izquierda","Centro",FALSE
"PELATAM-URY-155",2011-05-14,2010,"Paraguay","Jose Alberto Mujica Cordano",2.5,2008-08-15,2012-06-22,2.59999990463257,"Fernando Armindo Lugo Mendez","Izquierda","Izquierda",TRUE
"PELATAM-URY-157",2012-04-09,2010,"Argentina","Jose Alberto Mujica Cordano",2.5,2011-12-10,2015-12-10,1.89999997615814,"Cristina Fernandez2","Izquierda","Izquierda",TRUE
"PELATAM-URY-159",2013-11-10,2010,"Brazil","Jose Alberto Mujica Cordano",2.5,2011-01-01,2015-01-01,3,"Dilma Rousseff","Izquierda","Centro",FALSE
"PELATAM-URY-162",2013-04-18,2010,"Peru","Jose Alberto Mujica Cordano",2.5,2011-07-28,2016-07-28,4.55999994277954,"Ollanta Moises Humala Tasso","Izquierda","Centro",FALSE
"PELATAM-URY-163",2013-04-19,2010,"Venezuela","Jose Alberto Mujica Cordano",2.5,2013-04-19,2019-01-10,1.37999999523163,"Nicolas Maduro Moros","Izquierda","Izquierda",TRUE
"PELATAM-URY-170",2014-07-12,2010,"Argentina","Jose Alberto Mujica Cordano",2.5,2011-12-10,2015-12-10,1.89999997615814,"Cristina Fernandez2","Izquierda","Izquierda",TRUE
"PELATAM-BOL-1",1994-04-26,1990,"Argentina","Gonzalo Sanchez de Lozada",5.90000009536743,1989-07-08,1995-07-08,6.09999990463257,"Carlos Saul Menem1","Derecha","Derecha",TRUE
"PELATAM-BOL-2",1995-06-09,1995,"Argentina","Gonzalo Sanchez de Lozada",5.90000009536743,1989-07-08,1995-07-08,6.09999990463257,"Carlos Saul Menem1","Derecha","Derecha",TRUE
"PELATAM-BOL-3",1996-11-10,1995,"Chile","Gonzalo Sanchez de Lozada",5.90000009536743,1994-03-11,2000-03-11,4.1399998664856,"Eduardo Frei Ruiz-Tagle","Derecha","Centro",FALSE
"PELATAM-BOL-4",1998-04-18,1995,"Chile","Hugo Banzer Suarez",6.5,1994-03-11,2000-03-11,4.1399998664856,"Eduardo Frei Ruiz-Tagle","Derecha","Centro",FALSE
"PELATAM-BOL-5",1997-11-08,1995,"Venezuela","Hugo Banzer Suarez",6.5,1994-02-02,1999-02-02,4.13000011444092,"Rafael Antonio Caldera Rodriguez","Derecha","Centro",FALSE
"PELATAM-BOL-8",1998-04-04,1995,"Ecuador","Hugo Banzer Suarez",6.5,1997-02-11,1998-08-10,5,"Fabian Ernesto Alarcon Rivera","Derecha","Derecha",TRUE
"PELATAM-CHL-325",1997-11-08,1995,"Venezuela","Eduardo Frei Ruiz-Tagle",4.1399998664856,1994-02-02,1999-02-02,4.13000011444092,"Rafael Antonio Caldera Rodriguez","Centro","Centro",TRUE
"PELATAM-PER-1",1997-11-08,1995,"Venezuela","Alberto Kenya Fujimori Fujimori2",5.44000005722046,1994-02-02,1999-02-02,4.13000011444092,"Rafael Antonio Caldera Rodriguez","Derecha","Centro",FALSE
"PELATAM-PER-4",2008-05-23,2005,"Brazil","Alan Gabriel Ludwig Garcia Perez2",5.67000007629395,2007-01-01,2011-01-01,2.55999994277954,"Luiz Inacio Lula da Silva2","Derecha","Izquierda",FALSE
"PELATAM-COL-3",2001-11-23,2000,"Peru","Andres Pastrana Arango",6,2001-07-28,2006-07-28,4.67000007629395,"Alejandro Celestino Toledo Manrique","Derecha","Centro",FALSE
"PELATAM-COL-5",2010-03-10,2010,"Chile","Alvaro Uribe Velez2",6.8600001335144,2006-03-11,2010-03-11,2.85999989509583,"Veronica Michelle Bachelet Jeria","Derecha","Izquierda",FALSE
