"TripID","LeaderID","LeaderCountryOrIGO","LeaderCountryISO","LeaderRegion","LeaderSubregion","PriorityLeader","LeaderRole","LeaderTitle","LeaderSurname","LeaderFullName","Exiled","CountryVisited","CountryVisitedISO","RegionVisited","SubRegionVisited","CityVisited","DisputedTerritory","SemiAutoTerritory","TripYear","TripStartDate","TripEndDate","TripDuration","SubHOGSTravelWithHOGS","CotravelHOGS","MetHostHoGS","HostHOGSName","SubHOGSmetHostSubHOGS","HostSubHOGSName","AttendedMultilatEvent","NameMultilatEvent","AttendedMultilatMinisterialEvent","NameMultilatMinisterialEvent","MetNonhostHOGS","NonhostHOGSNames","PublicAddress","SignedAgreement","CulturalSiteOrCeremony","BusinessLeaderOrForum","MetIGOLeader","IGOLeaderName","Notes","Confidence(1-5)","SourceLink1","SourceLink2","SourceLink3","SourceLink4","SourceLink5","SourceLink6","SourceLink7","SourceLink8","SourceLink9","SourceLink10","SourceLink11","SourceLink12","SourceLink13","SourceLink14","SourceLink15","SourceLink16","SourceLink17","SourceLink18","SourceLink19","SourceLink20","SourceLink21","SourceLink22","SourceLink23","SourceLink24","SourceLink25","SourceLink26","SourceLink27","SourceLink28","SourceLink29","SourceLink30","SourceLink31","SourceLink32","SourceLink33","Year","Periodo5","Mes","Pais_ES","Leader_key","Leader_nombre","Leader_etiqueta","Anio_mandato","Visit_Category","Region_perfil","presidents","country","Pais_base_viajes","Mandato_asignado_inicio","Mandato_asignado_fin","ideology","economy","geopolitics","style","usa","sovereignty","development","reputation","es_latam","es_usa","es_china","es_europa","Year_viaje","bloque_origen","bloque_destino_europa","leader_nombre_europa"
"334-ARG-FRA-35121","334","Argentina","ARG","Latin America and the Caribbean","South America","Yes","GS","President","Menem","Carlos Saul Menem","0","France","FRA","Europe","Western Europe","Paris","No","No",1996,1996-02-26,1996-02-27,2,"No",NA,"Yes","President Jacques Chirac","No",NA,"No",NA,"No",NA,"No",NA,"No","No","No","No","No",NA,"Mercosur signs agreement with the EU.","1","http://du.idm.oclc.org/login?url=https://search-proquest-com.du.idm.oclc.org/docview/312457565?accountid=14608","http://www.gettyimages.com/license/583334450",NA,NA,NA,NA,NA,NA,NA,NA,NA,NA,NA,NA,NA,NA,NA,NA,NA,NA,NA,NA,NA,NA,NA,NA,NA,NA,NA,NA,NA,NA,NA,1996,1995,"feb","Argentina","carlos saul menem","Carlos Saul Menem","Carlos Saul Menem (1989-1999)",7,"Bilateral","Europa","Carlos Saul Menem2","Argentina","Argentina",1995-07-08,1999-12-10,6.30000019073486,6.19999980926514,5.80000019073486,4.69999980926514,6.09999990463257,3.09999990463257,4.40000009536743,4.40000009536743,FALSE,FALSE,FALSE,TRUE,1996,"Derecha","Derecha","Chirac"
"334-ARG-DEU-35576","334","Argentina","ARG","Latin America and the Caribbean","South America","Yes","GS","President","Menem","Carlos Saul Menem","0","Germany","DEU","Europe","Western Europe","Bonn","No","No",1997,1997-05-26,1997-05-27,2,"No",NA,"Yes","Chancellor Helmut Kohl","No",NA,"No",NA,"No",NA,"No",NA,"No","No","No","No","No",NA,NA,"2","http://du.idm.oclc.org/login?url=https://search-proquest-com.du.idm.oclc.org/docview/384680494?accountid=14608","http://www.gettyimages.com/license/542864523","http://du.idm.oclc.org/login?url=https://search-proquest-com.du.idm.oclc.org/docview/384680494?accountid=14608",NA,NA,NA,NA,NA,NA,NA,NA,NA,NA,NA,NA,NA,NA,NA,NA,NA,NA,NA,NA,NA,NA,NA,NA,NA,NA,NA,NA,NA,NA,1997,1995,"may","Argentina","carlos saul menem","Carlos Saul Menem","Carlos Saul Menem (1989-1999)",8,"Bilateral","Europa","Carlos Saul Menem2","Argentina","Argentina",1995-07-08,1999-12-10,6.30000019073486,6.19999980926514,5.80000019073486,4.69999980926514,6.09999990463257,3.09999990463257,4.40000009536743,4.40000009536743,FALSE,FALSE,FALSE,TRUE,1997,"Derecha","Derecha","Kohl"
"334-ARG-SWE-35940","334","Argentina","ARG","Latin America and the Caribbean","South America","Yes","GS","President","Menem","Carlos Saul Menem","0","Sweden","SWE","Europe","Northern Europe","Stockholm","No","No",1998,1998-05-25,1998-05-28,4,"No",NA,"Yes","Prime Minister Goran Persson","No",NA,"No",NA,"No",NA,"No",NA,"No","Yes","No","Yes","No",NA,NA,"1","http://du.idm.oclc.org/login?url=https://search-proquest-com.du.idm.oclc.org/docview/454025238?accountid=14608","http://du.idm.oclc.org/login?url=https://search-proquest-com.du.idm.oclc.org/docview/454029061?accountid=14608",NA,NA,NA,NA,NA,NA,NA,NA,NA,NA,NA,NA,NA,NA,NA,NA,NA,NA,NA,NA,NA,NA,NA,NA,NA,NA,NA,NA,NA,NA,NA,1998,1995,"may","Argentina","carlos saul menem","Carlos Saul Menem","Carlos Saul Menem (1989-1999)",9,"Bilateral","Europa","Carlos Saul Menem2","Argentina","Argentina",1995-07-08,1999-12-10,6.30000019073486,6.19999980926514,5.80000019073486,4.69999980926514,6.09999990463257,3.09999990463257,4.40000009536743,4.40000009536743,FALSE,FALSE,FALSE,TRUE,1998,"Derecha","Izquierda","Persson"
"334-ARG-FIN-35946","334","Argentina","ARG","Latin America and the Caribbean","South America","Yes","GS","President","Menem","Carlos Saul Menem","0","Finland","FIN","Europe","Northern Europe","Helsinki","No","No",1998,1998-05-31,1998-06-01,2,"No",NA,"Yes","President Martti Ahtisaari","No",NA,"No",NA,"No",NA,"No",NA,"No","No","No","No","No",NA,NA,"1","http://du.idm.oclc.org/login?url=https://search-proquest-com.du.idm.oclc.org/docview/454024445?accountid=14608",NA,NA,NA,NA,NA,NA,NA,NA,NA,NA,NA,NA,NA,NA,NA,NA,NA,NA,NA,NA,NA,NA,NA,NA,NA,NA,NA,NA,NA,NA,NA,NA,1998,1995,"may","Argentina","carlos saul menem","Carlos Saul Menem","Carlos Saul Menem (1989-1999)",9,"Bilateral","Europa","Carlos Saul Menem2","Argentina","Argentina",1995-07-08,1999-12-10,6.30000019073486,6.19999980926514,5.80000019073486,4.69999980926514,6.09999990463257,3.09999990463257,4.40000009536743,4.40000009536743,FALSE,FALSE,FALSE,TRUE,1998,"Derecha","Izquierda","Marthi Ahtisaari"
"334-ARG-RUS-35971","334","Argentina","ARG","Latin America and the Caribbean","South America","Yes","GS","President","Menem","Carlos Saul Menem","0","Russia","RUS","Europe","Eastern Europe","Moscow","No","No",1998,1998-06-25,1998-06-28,4,"No",NA,"Yes","President Boris Yeltsin","No",NA,"No",NA,"No",NA,"No",NA,"No","Yes","No","Yes","No",NA,NA,"1","http://du.idm.oclc.org/login?url=https://search-proquest-com.du.idm.oclc.org/docview/454227275?accountid=14608","http://du.idm.oclc.org/login?url=https://search-proquest-com.du.idm.oclc.org/docview/454213474?accountid=14608","http://du.idm.oclc.org/login?url=https://search-proquest-com.du.idm.oclc.org/docview/454224459?accountid=14608","http://du.idm.oclc.org/login?url=https://search-proquest-com.du.idm.oclc.org/docview/454221697?accountid=14608","http://du.idm.oclc.org/login?url=https://search-proquest-com.du.idm.oclc.org/docview/454002730?accountid=14608",NA,NA,NA,NA,NA,NA,NA,NA,NA,NA,NA,NA,NA,NA,NA,NA,NA,NA,NA,NA,NA,NA,NA,NA,NA,NA,NA,NA,1998,1995,"jun","Argentina","carlos saul menem","Carlos Saul Menem","Carlos Saul Menem (1989-1999)",9,"Bilateral","Europa","Carlos Saul Menem2","Argentina","Argentina",1995-07-08,1999-12-10,6.30000019073486,6.19999980926514,5.80000019073486,4.69999980926514,6.09999990463257,3.09999990463257,4.40000009536743,4.40000009536743,FALSE,FALSE,FALSE,TRUE,1998,"Derecha","Derecha","Yeltsin"
"334-ARG-UKR-35974","334","Argentina","ARG","Latin America and the Caribbean","South America","Yes","GS","President","Menem","Carlos Saul Menem","0","Ukraine","UKR","Europe","Eastern Europe","Kyiv","No","No",1998,1998-06-28,1998-06-30,3,"No",NA,"Yes","President Leonid Kuchma","No",NA,"No",NA,"No",NA,"No",NA,"No","Yes","No","Yes","No",NA,NA,"1","http://du.idm.oclc.org/login?url=https://search-proquest-com.du.idm.oclc.org/docview/454223890?accountid=14608","http://du.idm.oclc.org/login?url=https://search-proquest-com.du.idm.oclc.org/docview/454007972?accountid=14608",NA,NA,NA,NA,NA,NA,NA,NA,NA,NA,NA,NA,NA,NA,NA,NA,NA,NA,NA,NA,NA,NA,NA,NA,NA,NA,NA,NA,NA,NA,NA,1998,1995,"jun","Argentina","carlos saul menem","Carlos Saul Menem","Carlos Saul Menem (1989-1999)",9,"Bilateral","Europa","Carlos Saul Menem2","Argentina","Argentina",1995-07-08,1999-12-10,6.30000019073486,6.19999980926514,5.80000019073486,4.69999980926514,6.09999990463257,3.09999990463257,4.40000009536743,4.40000009536743,FALSE,FALSE,FALSE,TRUE,1998,"Derecha",NA,"Kuchma"
"334-ARG-FRA-36080","334","Argentina","ARG","Latin America and the Caribbean","South America","Yes","GS","President","Menem","Carlos Saul Menem","0","France","FRA","Europe","Western Europe","Paris","No","No",1998,1998-10-12,1998-10-14,3,"No",NA,"Yes","President Jacques Chirac","No",NA,"No",NA,"No",NA,"No",NA,"No","No","No","No","No",NA,NA,"1","http://du.idm.oclc.org/login?url=https://search-proquest-com.du.idm.oclc.org/docview/452221567?accountid=14608","http://du.idm.oclc.org/login?url=https://search-proquest-com.du.idm.oclc.org/docview/452600123?accountid=14608","http://du.idm.oclc.org/login?url=https://search-proquest-com.du.idm.oclc.org/docview/451783403?accountid=14608","http://du.idm.oclc.org/login?url=https://search-proquest-com.du.idm.oclc.org/docview/451798720?accountid=14608",NA,NA,NA,NA,NA,NA,NA,NA,NA,NA,NA,NA,NA,NA,NA,NA,NA,NA,NA,NA,NA,NA,NA,NA,NA,NA,NA,NA,NA,1998,1995,"oct","Argentina","carlos saul menem","Carlos Saul Menem","Carlos Saul Menem (1989-1999)",10,"Bilateral","Europa","Carlos Saul Menem2","Argentina","Argentina",1995-07-08,1999-12-10,6.30000019073486,6.19999980926514,5.80000019073486,4.69999980926514,6.09999990463257,3.09999990463257,4.40000009536743,4.40000009536743,FALSE,FALSE,FALSE,TRUE,1998,"Derecha","Derecha","Chirac"
"334-ARG-GBR-36096","334","Argentina","ARG","Latin America and the Caribbean","South America","Yes","GS","President","Menem","Carlos Saul Menem","0","United Kingdom","GBR","Europe","Northern Europe","London","No","No",1998,1998-10-28,1998-11-02,6,"No",NA,"Yes","Prime Minister Tony Blair","No",NA,"No",NA,"No",NA,"No",NA,"Yes","Yes","No","No","No",NA,NA,"1","http://du.idm.oclc.org/login?url=https://search-proquest-com.du.idm.oclc.org/docview/452226633?accountid=14608","http://du.idm.oclc.org/login?url=https://search-proquest-com.du.idm.oclc.org/docview/452222484?accountid=14608","http://du.idm.oclc.org/login?url=https://search-proquest-com.du.idm.oclc.org/docview/452228018?accountid=14608","http://www.gettyimages.com/license/52016170","http://www.gettyimages.com/license/52016143",NA,NA,NA,NA,NA,NA,NA,NA,NA,NA,NA,NA,NA,NA,NA,NA,NA,NA,NA,NA,NA,NA,NA,NA,NA,NA,NA,NA,1998,1995,"oct","Argentina","carlos saul menem","Carlos Saul Menem","Carlos Saul Menem (1989-1999)",10,"Bilateral","Europa","Carlos Saul Menem2","Argentina","Argentina",1995-07-08,1999-12-10,6.30000019073486,6.19999980926514,5.80000019073486,4.69999980926514,6.09999990463257,3.09999990463257,4.40000009536743,4.40000009536743,FALSE,FALSE,FALSE,TRUE,1998,"Derecha","Izquierda","Blair"
"334-ARG-VAT-36142","334","Argentina","ARG","Latin America and the Caribbean","South America","Yes","GS","President","Menem","Carlos Saul Menem","0","Holy See","VAT","Europe","Southern Europe","Vatican City","No","No",1998,1998-12-13,1998-12-13,1,"No",NA,"Yes","Pope John Paul II","No",NA,"No",NA,"No",NA,"No",NA,"No","No","No","No","No",NA,NA,"1","http://du.idm.oclc.org/login?url=https://search-proquest-com.du.idm.oclc.org/docview/452598092?accountid=14608","http://du.idm.oclc.org/login?url=https://search-proquest-com.du.idm.oclc.org/docview/452228720?accountid=14608",NA,NA,NA,NA,NA,NA,NA,NA,NA,NA,NA,NA,NA,NA,NA,NA,NA,NA,NA,NA,NA,NA,NA,NA,NA,NA,NA,NA,NA,NA,NA,1998,1995,"dic","Argentina","carlos saul menem","Carlos Saul Menem","Carlos Saul Menem (1989-1999)",10,"Bilateral","Europa","Carlos Saul Menem2","Argentina","Argentina",1995-07-08,1999-12-10,6.30000019073486,6.19999980926514,5.80000019073486,4.69999980926514,6.09999990463257,3.09999990463257,4.40000009536743,4.40000009536743,FALSE,FALSE,FALSE,TRUE,1998,"Derecha",NA,NA
"334-ARG-ITA-36247","334","Argentina","ARG","Latin America and the Caribbean","South America","Yes","GS","President","Menem","Carlos Saul Menem","0","Italy","ITA","Europe","Southern Europe","Rome","No","No",1999,1999-03-28,1999-03-31,4,"No",NA,"Yes","Prime Minister Massimo D'Alema","No",NA,"No",NA,"No",NA,"No",NA,"Yes","No","No","No","No",NA,NA,"1","http://du.idm.oclc.org/login?url=https://search-proquest-com.du.idm.oclc.org/docview/452230378?accountid=14608","http://du.idm.oclc.org/login?url=https://search-proquest-com.du.idm.oclc.org/docview/452796699?accountid=14608","http://du.idm.oclc.org/login?url=https://search-proquest-com.du.idm.oclc.org/docview/454192065?accountid=14608",NA,NA,NA,NA,NA,NA,NA,NA,NA,NA,NA,NA,NA,NA,NA,NA,NA,NA,NA,NA,NA,NA,NA,NA,NA,NA,NA,NA,NA,NA,1999,1995,"mar","Argentina","carlos saul menem","Carlos Saul Menem","Carlos Saul Menem (1989-1999)",10,"Bilateral","Europa","Carlos Saul Menem2","Argentina","Argentina",1995-07-08,1999-12-10,6.30000019073486,6.19999980926514,5.80000019073486,4.69999980926514,6.09999990463257,3.09999990463257,4.40000009536743,4.40000009536743,FALSE,FALSE,FALSE,TRUE,1999,"Derecha","Izquierda","D'Alema"
"334-ARG-VAT-36485","334","Argentina","ARG","Latin America and the Caribbean","South America","Yes","GS","President","Menem","Carlos Saul Menem","0","Holy See","VAT","Europe","Southern Europe","Vatican City","No","No",1999,1999-11-21,1999-11-21,1,"No",NA,"Yes","Pope John Paul II","No",NA,"No",NA,"No",NA,"No",NA,"No","No","Yes","No","No",NA,"Attended ceremony presided over by John Paul II at St. Peter's Basilica","1","http://du.idm.oclc.org/login?url=https://search-proquest-com.du.idm.oclc.org/docview/452220085?accountid=14608","http://du.idm.oclc.org/login?url=https://search-proquest-com.du.idm.oclc.org/docview/352926192?accountid=14608","http://du.idm.oclc.org/login?url=https://search-proquest-com.du.idm.oclc.org/docview/252662635?accountid=14608",NA,NA,NA,NA,NA,NA,NA,NA,NA,NA,NA,NA,NA,NA,NA,NA,NA,NA,NA,NA,NA,NA,NA,NA,NA,NA,NA,NA,NA,NA,1999,1995,"nov","Argentina","carlos saul menem","Carlos Saul Menem","Carlos Saul Menem (1989-1999)",11,"Bilateral","Europa","Carlos Saul Menem2","Argentina","Argentina",1995-07-08,1999-12-10,6.30000019073486,6.19999980926514,5.80000019073486,4.69999980926514,6.09999990463257,3.09999990463257,4.40000009536743,4.40000009536743,FALSE,FALSE,FALSE,TRUE,1999,"Derecha",NA,NA
"1473-ARG-ESP-36823","1473","Argentina","ARG","Latin America and the Caribbean","South America","Yes","GS","President","de la Rua","Fernando de la Rua","0","Spain","ESP","Europe","Southern Europe","Madrid","No","No",2000,2000-10-24,2000-10-27,4,"No",NA,"Yes","Prime Minister Jose Maria Aznar","No",NA,"No",NA,"No",NA,"No",NA,"No","No","No","No","No",NA,"Met with Prime Minister Jose Maria Aznar in Madrid","3","http://du.idm.oclc.org/login?url=https://search-proquest-com.du.idm.oclc.org/docview/249026314?accountid=14608","http://du.idm.oclc.org/login?url=https://search-proquest-com.du.idm.oclc.org/docview/452694158?accountid=14608","http://du.idm.oclc.org/login?url=https://search-proquest-com.du.idm.oclc.org/docview/452559864?accountid=14608","https://reuters.screenocean.com/record/974139",NA,NA,NA,NA,NA,NA,NA,NA,NA,NA,NA,NA,NA,NA,NA,NA,NA,NA,NA,NA,NA,NA,NA,NA,NA,NA,NA,NA,NA,2000,2000,"oct","Argentina","fernando de la rua","Fernando de la Rua","Fernando de la Rua (1999-2001)",1,"Bilateral","Europa","Fernando de la Rua","Argentina","Argentina",1999-12-10,2001-12-20,5.90000009536743,6.09999990463257,5.5,4.59999990463257,5.90000009536743,3,4,4.09999990463257,FALSE,FALSE,FALSE,TRUE,2000,"Derecha","Derecha","Aznar"
"1473-ARG-ITA-36983","1473","Argentina","ARG","Latin America and the Caribbean","South America","Yes","GS","President","de la Rua","Fernando de la Rua","0","Italy","ITA","Europe","Southern Europe","Roma","No","No",2001,2001-04-02,2001-04-05,4,"No",NA,"Yes","President Carlo Azeglio Ciampi","No",NA,"No",NA,"No",NA,"No",NA,"No","No","No","No","No",NA,NA,"1","http://www.gettyimages.com/license/108873112","http://www.gettyimages.com/license/51393384","http://du.idm.oclc.org/login?url=https://search-proquest-com.du.idm.oclc.org/docview/452235655?accountid=14608",NA,NA,NA,NA,NA,NA,NA,NA,NA,NA,NA,NA,NA,NA,NA,NA,NA,NA,NA,NA,NA,NA,NA,NA,NA,NA,NA,NA,NA,NA,2001,2000,"abr","Argentina","fernando de la rua","Fernando de la Rua","Fernando de la Rua (1999-2001)",2,"Bilateral","Europa","Fernando de la Rua","Argentina","Argentina",1999-12-10,2001-12-20,5.90000009536743,6.09999990463257,5.5,4.59999990463257,5.90000009536743,3,4,4.09999990463257,FALSE,FALSE,FALSE,TRUE,2001,"Derecha","Derecha","Berlusconi"
"1473-ARG-VAT-36986","1473","Argentina","ARG","Latin America and the Caribbean","South America","Yes","GS","President","de la Rua","Fernando de la Rua","0","Holy See","VAT","Europe","Southern Europe","Ciudad del Vaticano","No","No",2001,2001-04-05,2001-04-05,1,"No",NA,"Yes","Pope John Paul II","No",NA,"No",NA,"No",NA,"No",NA,"No","No","No","Yes","No",NA,NA,"1","http://www.gettyimages.com/license/478687153","http://du.idm.oclc.org/login?url=https://search-proquest-com.du.idm.oclc.org/docview/452235655?accountid=14608",NA,NA,NA,NA,NA,NA,NA,NA,NA,NA,NA,NA,NA,NA,NA,NA,NA,NA,NA,NA,NA,NA,NA,NA,NA,NA,NA,NA,NA,NA,NA,2001,2000,"abr","Argentina","fernando de la rua","Fernando de la Rua","Fernando de la Rua (1999-2001)",2,"Bilateral","Europa","Fernando de la Rua","Argentina","Argentina",1999-12-10,2001-12-20,5.90000009536743,6.09999990463257,5.5,4.59999990463257,5.90000009536743,3,4,4.09999990463257,FALSE,FALSE,FALSE,TRUE,2001,"Derecha",NA,NA
"1473-ARG-PRT-37210","1473","Argentina","ARG","Latin America and the Caribbean","South America","Yes","GS","President","de la Rua","Fernando de la Rua","0","Portugal","PRT","Europe","Southern Europe",NA,"No","No",2001,2001-11-15,2001-11-17,3,"No",NA,"Yes","President Jorge Sampaio","No",NA,"No",NA,"No",NA,"No",NA,"No","Yes","No","No","No",NA,NA,"1","http://du.idm.oclc.org/login?url=https://search-proquest-com.du.idm.oclc.org/docview/451951059?accountid=14608","http://du.idm.oclc.org/login?url=https://search-proquest-com.du.idm.oclc.org/docview/453617297?accountid=14608","http://du.idm.oclc.org/login?url=https://search-proquest-com.du.idm.oclc.org/docview/451950011?accountid=14608",NA,NA,NA,NA,NA,NA,NA,NA,NA,NA,NA,NA,NA,NA,NA,NA,NA,NA,NA,NA,NA,NA,NA,NA,NA,NA,NA,NA,NA,NA,2001,2000,"nov","Argentina","fernando de la rua","Fernando de la Rua","Fernando de la Rua (1999-2001)",2,"Bilateral","Europa","Fernando de la Rua","Argentina","Argentina",1999-12-10,2001-12-20,5.90000009536743,6.09999990463257,5.5,4.59999990463257,5.90000009536743,3,4,4.09999990463257,FALSE,FALSE,FALSE,TRUE,2001,"Derecha","Izquierda","Sampaio"
"1689-ARG-ITA-37396","1689","Argentina","ARG","Latin America and the Caribbean","South America","Yes","GS","President (Acting)","Duhalde","Eduardo Duhalde","0","Italy","ITA","Europe","Southern Europe","Roma","No","No",2002,2002-05-20,2002-05-22,3,"No",NA,"Yes","Prime Minister Silvio Berlusconi","No",NA,"No",NA,"No",NA,"No",NA,"No","No","No","No","No",NA,NA,"1","http://du.idm.oclc.org/login?url=https://search-proquest-com.du.idm.oclc.org/docview/457567045?accountid=14608","http://du.idm.oclc.org/login?url=https://search-proquest-com.du.idm.oclc.org/docview/452207758?accountid=14608","http://www.gettyimages.com/license/110158365",NA,NA,NA,NA,NA,NA,NA,NA,NA,NA,NA,NA,NA,NA,NA,NA,NA,NA,NA,NA,NA,NA,NA,NA,NA,NA,NA,NA,NA,NA,2002,2000,"may","Argentina","eduardo duhalde","Eduardo Duhalde","Eduardo Duhalde (2002-2003)",1,"Bilateral","Europa","Eduardo Alberto Duhalde","Argentina","Argentina",2002-01-01,2003-05-25,4.59999990463257,4.32999992370605,4,5.09999990463257,4.09999990463257,3.40000009536743,4.19999980926514,3.79999995231628,FALSE,FALSE,FALSE,TRUE,2002,"Centro","Derecha","Berlusconi"
"1689-ARG-VAT-37717","1689","Argentina","ARG","Latin America and the Caribbean","South America","Yes","GS","President (Acting)","Duhalde","Eduardo Duhalde","0","Holy See","VAT","Europe","Southern Europe","Ciudad del Vaticano","No","No",2003,2003-04-06,2003-04-07,2,"No",NA,"Yes","Pope John Paul II","No",NA,"No",NA,"No",NA,"No",NA,"No","No","No","No","No",NA,NA,"1","http://du.idm.oclc.org/login?url=https://search-proquest-com.du.idm.oclc.org/docview/452490471?accountid=14608","http://du.idm.oclc.org/login?url=https://search-proquest-com.du.idm.oclc.org/docview/452201690?accountid=14608","http://du.idm.oclc.org/login?url=https://search-proquest-com.du.idm.oclc.org/docview/452485978?accountid=14608",NA,NA,NA,NA,NA,NA,NA,NA,NA,NA,NA,NA,NA,NA,NA,NA,NA,NA,NA,NA,NA,NA,NA,NA,NA,NA,NA,NA,NA,NA,2003,2000,"abr","Argentina","eduardo duhalde","Eduardo Duhalde","Eduardo Duhalde (2002-2003)",2,"Bilateral","Europa","Eduardo Alberto Duhalde","Argentina","Argentina",2002-01-01,2003-05-25,4.59999990463257,4.32999992370605,4,5.09999990463257,4.09999990463257,3.40000009536743,4.19999980926514,3.79999995231628,FALSE,FALSE,FALSE,TRUE,2003,"Centro",NA,NA
"1689-ARG-ESP-37719","1689","Argentina","ARG","Latin America and the Caribbean","South America","Yes","GS","President (Acting)","Duhalde","Eduardo Duhalde","0","Spain","ESP","Europe","Southern Europe","Madrid","No","No",2003,2003-04-08,2003-04-10,3,"No",NA,"Yes","Prime Minister Jose Maria Aznar","No",NA,"No",NA,"No",NA,"No",NA,"No","No","No","No","No",NA,NA,"1","http://du.idm.oclc.org/login?url=https://search-proquest-com.du.idm.oclc.org/docview/452195096?accountid=14608","http://du.idm.oclc.org/login?url=https://search-proquest-com.du.idm.oclc.org/docview/451736149?accountid=14608",NA,NA,NA,NA,NA,NA,NA,NA,NA,NA,NA,NA,NA,NA,NA,NA,NA,NA,NA,NA,NA,NA,NA,NA,NA,NA,NA,NA,NA,NA,NA,2003,2000,"abr","Argentina","eduardo duhalde","Eduardo Duhalde","Eduardo Duhalde (2002-2003)",2,"Bilateral","Europa","Eduardo Alberto Duhalde","Argentina","Argentina",2002-01-01,2003-05-25,4.59999990463257,4.32999992370605,4,5.09999990463257,4.09999990463257,3.40000009536743,4.19999980926514,3.79999995231628,FALSE,FALSE,FALSE,TRUE,2003,"Centro","Derecha","Aznar"
"1826-ARG-FRA-37817","1826","Argentina","ARG","Latin America and the Caribbean","South America","Yes","GS","President","Kirchner","Nestor Kirchner","0","France","FRA","Europe","Western Europe","Paris","No","No",2003,2003-07-15,2003-07-16,2,"No",NA,"Yes","President Jacques Chirac","No",NA,"No",NA,"No",NA,"No",NA,"No","No","No","No","No",NA,NA,"1","http://du.idm.oclc.org/login?url=https://search-proquest-com.du.idm.oclc.org/docview/451816825?accountid=14608","http://du.idm.oclc.org/login?url=https://search-proquest-com.du.idm.oclc.org/docview/453172439?accountid=14608",NA,NA,NA,NA,NA,NA,NA,NA,NA,NA,NA,NA,NA,NA,NA,NA,NA,NA,NA,NA,NA,NA,NA,NA,NA,NA,NA,NA,NA,NA,NA,2003,2000,"jul","Argentina","nestor kirchner","Nestor Kirchner","Nestor Kirchner (2003-2007)",1,"Bilateral","Europa","Nestor Carlos Kirchner","Argentina","Argentina",2003-05-25,2007-12-10,2.79999995231628,2.70000004768372,2.20000004768372,3.20000004768372,2.79999995231628,3.59999990463257,3.70000004768372,4,FALSE,FALSE,FALSE,TRUE,2003,"Izquierda","Derecha","Chirac"
"1826-ARG-ESP-37818","1826","Argentina","ARG","Latin America and the Caribbean","South America","Yes","GS","President","Kirchner","Nestor Kirchner","0","Spain","ESP","Europe","Southern Europe","Madrid","No","No",2003,2003-07-16,2003-07-17,2,"No",NA,"Yes","Prime Minister Jose Maria Aznar","No",NA,"No",NA,"No",NA,"No",NA,"No","No","No","No","No",NA,NA,"1","http://www.gettyimages.com/license/2353383","http://du.idm.oclc.org/login?url=https://search-proquest-com.du.idm.oclc.org/docview/453173493?accountid=14608","http://du.idm.oclc.org/login?url=https://search-proquest-com.du.idm.oclc.org/docview/315920056?accountid=14608",NA,NA,NA,NA,NA,NA,NA,NA,NA,NA,NA,NA,NA,NA,NA,NA,NA,NA,NA,NA,NA,NA,NA,NA,NA,NA,NA,NA,NA,NA,2003,2000,"jul","Argentina","nestor kirchner","Nestor Kirchner","Nestor Kirchner (2003-2007)",1,"Bilateral","Europa","Nestor Carlos Kirchner","Argentina","Argentina",2003-05-25,2007-12-10,2.79999995231628,2.70000004768372,2.20000004768372,3.20000004768372,2.79999995231628,3.59999990463257,3.70000004768372,4,FALSE,FALSE,FALSE,TRUE,2003,"Izquierda","Derecha","Aznar"
"1826-ARG-ESP-38013","1826","Argentina","ARG","Latin America and the Caribbean","South America","Yes","GS","President","Kirchner","Nestor Kirchner","0","Spain","ESP","Europe","Southern Europe","Madrid","No","No",2004,2004-01-27,2004-01-28,2,"No",NA,"Yes","Prime Minister Jose Maria Aznar","No",NA,"No",NA,"No",NA,"No",NA,"No","No","No","Yes","No",NA,"Met with business and banking executives in Madrid;Attended a dinner with King Juan Carlos I","1","http://du.idm.oclc.org/login?url=https://search-proquest-com.du.idm.oclc.org/docview/466462569?accountid=14608","http://du.idm.oclc.org/login?url=https://search-proquest-com.du.idm.oclc.org/docview/460208283?accountid=14608","http://du.idm.oclc.org/login?url=https://search-proquest-com.du.idm.oclc.org/docview/452465680?accountid=14608","http://www.gettyimages.com/license/2907814","http://www.gettyimages.com/license/107559903",NA,NA,NA,NA,NA,NA,NA,NA,NA,NA,NA,NA,NA,NA,NA,NA,NA,NA,NA,NA,NA,NA,NA,NA,NA,NA,NA,NA,2004,2000,"ene","Argentina","nestor kirchner","Nestor Kirchner","Nestor Kirchner (2003-2007)",1,"Bilateral","Europa","Nestor Carlos Kirchner","Argentina","Argentina",2003-05-25,2007-12-10,2.79999995231628,2.70000004768372,2.20000004768372,3.20000004768372,2.79999995231628,3.59999990463257,3.70000004768372,4,FALSE,FALSE,FALSE,TRUE,2004,"Izquierda","Izquierda","Rodriguez Zapatero"
"1826-ARG-FRA-38371","1826","Argentina","ARG","Latin America and the Caribbean","South America","Yes","GS","President","Kirchner","Nestor Kirchner","0","France","FRA","Europe","Western Europe","Paris","No","No",2005,2005-01-19,2005-01-20,2,"No",NA,"Yes","President Jacques Chirac","No",NA,"No",NA,"No",NA,"No",NA,"No","No","No","No","No",NA,NA,"1","http://du.idm.oclc.org/login?url=https://search-proquest-com.du.idm.oclc.org/docview/467439915?accountid=14608","http://du.idm.oclc.org/login?url=https://search-proquest-com.du.idm.oclc.org/docview/452826074?accountid=14608","http://www.gettyimages.com/license/106155757",NA,NA,NA,NA,NA,NA,NA,NA,NA,NA,NA,NA,NA,NA,NA,NA,NA,NA,NA,NA,NA,NA,NA,NA,NA,NA,NA,NA,NA,NA,2005,2005,"ene","Argentina","nestor kirchner","Nestor Kirchner","Nestor Kirchner (2003-2007)",2,"Bilateral","Europa","Nestor Carlos Kirchner","Argentina","Argentina",2003-05-25,2007-12-10,2.79999995231628,2.70000004768372,2.20000004768372,3.20000004768372,2.79999995231628,3.59999990463257,3.70000004768372,4,FALSE,FALSE,FALSE,TRUE,2005,"Izquierda","Derecha","Chirac"
"1826-ARG-DEU-38453","1826","Argentina","ARG","Latin America and the Caribbean","South America","Yes","GS","President","Kirchner","Nestor Kirchner","0","Germany","DEU","Europe","Western Europe","Berlin","No","No",2005,2005-04-11,2005-04-14,4,"No",NA,"Yes","Chancellor Gerhard Schroder","No",NA,"No",NA,"No",NA,"No",NA,"No","No","No","No","No",NA,NA,"1","http://du.idm.oclc.org/login?url=https://search-proquest-com.du.idm.oclc.org/docview/460194824?accountid=14608","http://du.idm.oclc.org/login?url=https://search-proquest-com.du.idm.oclc.org/docview/460190366?accountid=14608","http://www.gettyimages.com/license/545062811",NA,NA,NA,NA,NA,NA,NA,NA,NA,NA,NA,NA,NA,NA,NA,NA,NA,NA,NA,NA,NA,NA,NA,NA,NA,NA,NA,NA,NA,NA,2005,2005,"abr","Argentina","nestor kirchner","Nestor Kirchner","Nestor Kirchner (2003-2007)",2,"Bilateral","Europa","Nestor Carlos Kirchner","Argentina","Argentina",2003-05-25,2007-12-10,2.79999995231628,2.70000004768372,2.20000004768372,3.20000004768372,2.79999995231628,3.59999990463257,3.70000004768372,4,FALSE,FALSE,FALSE,TRUE,2005,"Izquierda","Derecha","Merkel"
"1826-ARG-ESP-38889","1826","Argentina","ARG","Latin America and the Caribbean","South America","Yes","GS","President","Kirchner","Nestor Kirchner","0","Spain","ESP","Europe","Southern Europe","Madrid","No","No",2006,2006-06-21,2006-06-24,4,"No",NA,"Yes","Prime Minister Jose Luis Rodriguez Zapatero","No",NA,"No",NA,"No",NA,"No",NA,"Yes","Yes","No","Yes","No",NA,"Met with business leaders in Madrid;Signed the Strategic Association Plan;Attended a lunch hosted by King Juan Carlos I","1","http://du.idm.oclc.org/login?url=https://search-proquest-com.du.idm.oclc.org/docview/192443897?accountid=14608","http://du.idm.oclc.org/login?url=https://search-proquest-com.du.idm.oclc.org/docview/228921116?accountid=14608","http://du.idm.oclc.org/login?url=https://search-proquest-com.du.idm.oclc.org/docview/452502702?accountid=14608","http://www.gettyimages.com/license/71254622",NA,NA,NA,NA,NA,NA,NA,NA,NA,NA,NA,NA,NA,NA,NA,NA,NA,NA,NA,NA,NA,NA,NA,NA,NA,NA,NA,NA,NA,2006,2005,"jun","Argentina","nestor kirchner","Nestor Kirchner","Nestor Kirchner (2003-2007)",4,"Bilateral","Europa","Nestor Carlos Kirchner","Argentina","Argentina",2003-05-25,2007-12-10,2.79999995231628,2.70000004768372,2.20000004768372,3.20000004768372,2.79999995231628,3.59999990463257,3.70000004768372,4,FALSE,FALSE,FALSE,TRUE,2006,"Izquierda","Izquierda","Rodriguez Zapatero"
"2320-ARG-FRA-39544","2320","Argentina","ARG","Latin America and the Caribbean","South America","Yes","GS","President","Fernandez de Kirchner","Cristina Fernandez de Kirchner","0","France","FRA","Europe","Western Europe","Paris","No","No",2008,2008-04-06,2008-04-07,2,"No",NA,"Yes","President Nicolas Sarkozy","No",NA,"No",NA,"No",NA,"No",NA,"No","No","Yes","Yes","No",NA,"inaugurated in Paris the Garden of the Mothers and Grandmothers of the Plaza de Mayo;in the company of the mayor of the French capital;Bertrand Delante","1","http://du.idm.oclc.org/login?url=https://search-proquest-com.du.idm.oclc.org/docview/428318855?accountid=14608","http://www.gettyimages.com/license/108389101",NA,NA,NA,NA,NA,NA,NA,NA,NA,NA,NA,NA,NA,NA,NA,NA,NA,NA,NA,NA,NA,NA,NA,NA,NA,NA,NA,NA,NA,NA,NA,2008,2005,"abr","Argentina","cristina fernandez de kirchner","Cristina Fernandez de Kirchner","Cristina Fernandez de Kirchner (2007-2015)",1,"Bilateral","Europa","Cristina Fernandez1","Argentina","Argentina",2007-12-10,2011-12-10,2.5,2,2,2.5,2.20000004768372,3.5,3.20000004768372,3.40000009536743,FALSE,FALSE,FALSE,TRUE,2008,"Izquierda","Derecha","Sarkozy"
"2320-ARG-RUS-39791","2320","Argentina","ARG","Latin America and the Caribbean","South America","Yes","GS","President","Fernandez de Kirchner","Cristina Fernandez de Kirchner","0","Russia","RUS","Europe","Eastern Europe","Moscow","No","No",2008,2008-12-09,2008-12-11,3,"No",NA,"Yes","President Dmitry Medvedev","No",NA,"No",NA,"No",NA,"No",NA,"No","Yes","Yes","Yes","No",NA,"Laid a wreath at the tomb of the Unknown Soldier","1","http://du.idm.oclc.org/login?url=https://search-proquest-com.du.idm.oclc.org/docview/460418358?accountid=14608","http://du.idm.oclc.org/login?url=https://search-proquest-com.du.idm.oclc.org/docview/456210473?accountid=14608","http://www.gettyimages.com/license/83978885",NA,NA,NA,NA,NA,NA,NA,NA,NA,NA,NA,NA,NA,NA,NA,NA,NA,NA,NA,NA,NA,NA,NA,NA,NA,NA,NA,NA,NA,NA,2008,2005,"dic","Argentina","cristina fernandez de kirchner","Cristina Fernandez de Kirchner","Cristina Fernandez de Kirchner (2007-2015)",1,"Bilateral","Europa","Cristina Fernandez1","Argentina","Argentina",2007-12-10,2011-12-10,2.5,2,2,2.5,2.20000004768372,3.5,3.20000004768372,3.40000009536743,FALSE,FALSE,FALSE,TRUE,2008,"Izquierda","Derecha","Putin"
"2320-ARG-ESP-39853","2320","Argentina","ARG","Latin America and the Caribbean","South America","Yes","GS","President","Fernandez de Kirchner","Cristina Fernandez de Kirchner","0","Spain","ESP","Europe","Southern Europe","Madrid","No","No",2009,2009-02-09,2009-02-11,3,"No",NA,"Yes","Prime Minister Jose Luis Rodriguez Zapatero","No",NA,"No",NA,"No",NA,"No",NA,"Yes","No","No","No","No",NA,"Also met King Juan Carlos I","1","http://du.idm.oclc.org/login?url=https://search-proquest-com.du.idm.oclc.org/docview/428764503?accountid=14608","http://du.idm.oclc.org/login?url=https://search-proquest-com.du.idm.oclc.org/docview/433353902?accountid=14608","http://du.idm.oclc.org/login?url=https://search-proquest-com.du.idm.oclc.org/docview/433351209?accountid=14608","http://www.gettyimages.com/license/84702882",NA,NA,NA,NA,NA,NA,NA,NA,NA,NA,NA,NA,NA,NA,NA,NA,NA,NA,NA,NA,NA,NA,NA,NA,NA,NA,NA,NA,NA,2009,2005,"feb","Argentina","cristina fernandez de kirchner","Cristina Fernandez de Kirchner","Cristina Fernandez de Kirchner (2007-2015)",2,"Bilateral","Europa","Cristina Fernandez1","Argentina","Argentina",2007-12-10,2011-12-10,2.5,2,2,2.5,2.20000004768372,3.5,3.20000004768372,3.40000009536743,FALSE,FALSE,FALSE,TRUE,2009,"Izquierda","Izquierda","Rodriguez Zapatero"
"2320-ARG-DEU-40454","2320","Argentina","ARG","Latin America and the Caribbean","South America","Yes","GS","President","Fernandez de Kirchner","Cristina Fernandez de Kirchner","0","Germany","DEU","Europe","Western Europe","Frankfurt","No","No",2010,2010-10-03,2010-10-05,3,"No",NA,"Yes","Chancellor Angela Merkel","No",NA,"No",NA,"No",NA,"No",NA,"Yes","Yes","No","Yes","No",NA,NA,"1","http://du.idm.oclc.org/login?url=https://search-proquest-com.du.idm.oclc.org/docview/756788773?accountid=14608","http://du.idm.oclc.org/login?url=https://search-proquest-com.du.idm.oclc.org/docview/756952099?accountid=14608","http://www.gettyimages.com/license/104944818","http://www.gettyimages.com/license/104872681",NA,NA,NA,NA,NA,NA,NA,NA,NA,NA,NA,NA,NA,NA,NA,NA,NA,NA,NA,NA,NA,NA,NA,NA,NA,NA,NA,NA,NA,2010,2010,"oct","Argentina","cristina fernandez de kirchner","Cristina Fernandez de Kirchner","Cristina Fernandez de Kirchner (2007-2015)",3,"Bilateral","Europa","Cristina Fernandez1","Argentina","Argentina",2007-12-10,2011-12-10,2.5,2,2,2.5,2.20000004768372,3.5,3.20000004768372,3.40000009536743,FALSE,FALSE,FALSE,TRUE,2010,"Izquierda","Derecha","Merkel"
"2320-ARG-ITA-40695","2320","Argentina","ARG","Latin America and the Caribbean","South America","Yes","GS","President","Fernandez de Kirchner","Cristina Fernandez de Kirchner","0","Italy","ITA","Europe","Southern Europe","Rome","No","No",2011,2011-06-01,2011-06-03,3,"No",NA,"Yes","Prime Minister Silvio Berlusconi","No",NA,"No",NA,"No",NA,"No",NA,"No","Yes","Yes","No","No",NA,"Took part in 150th anniversary celebrations of Italian reunification","1","http://du.idm.oclc.org/login?url=https://search-proquest-com.du.idm.oclc.org/docview/869389184?accountid=14608","http://du.idm.oclc.org/login?url=https://search-proquest-com.du.idm.oclc.org/docview/869526674?accountid=14608","http://www.gettyimages.com/license/115123925","http://www.gettyimages.com/license/115099908",NA,NA,NA,NA,NA,NA,NA,NA,NA,NA,NA,NA,NA,NA,NA,NA,NA,NA,NA,NA,NA,NA,NA,NA,NA,NA,NA,NA,NA,2011,2010,"jun","Argentina","cristina fernandez de kirchner","Cristina Fernandez de Kirchner","Cristina Fernandez de Kirchner (2007-2015)",4,"Bilateral","Europa","Cristina Fernandez1","Argentina","Argentina",2007-12-10,2011-12-10,2.5,2,2,2.5,2.20000004768372,3.5,3.20000004768372,3.40000009536743,FALSE,FALSE,FALSE,TRUE,2011,"Izquierda","Derecha","Monti"
"2320-ARG-FRA-40799","2320","Argentina","ARG","Latin America and the Caribbean","South America","Yes","GS","President","Fernandez de Kirchner","Cristina Fernandez de Kirchner","0","France","FRA","Europe","Western Europe","Paris","No","No",2011,2011-09-12,2011-09-14,2,"No",NA,"Yes","President Nicolas Sarkozy","No",NA,"No",NA,"No",NA,"No",NA,"Yes","No","Yes","No","No",NA,"Attended a ceremony to honor Argentine NGO ""Grandmothers of the Plaza de Mayo"" with UNESCO's 2010 Felix Houphouet-Boigny Peace Prize","1","http://du.idm.oclc.org/login?url=https://search-proquest-com.du.idm.oclc.org/docview/891715431?accountid=14608","http://www.gettyimages.com/license/124931597","http://www.gettyimages.com/license/124924186",NA,NA,NA,NA,NA,NA,NA,NA,NA,NA,NA,NA,NA,NA,NA,NA,NA,NA,NA,NA,NA,NA,NA,NA,NA,NA,NA,NA,NA,NA,2011,2010,"sep","Argentina","cristina fernandez de kirchner","Cristina Fernandez de Kirchner","Cristina Fernandez de Kirchner (2007-2015)",4,"Bilateral","Europa","Cristina Fernandez1","Argentina","Argentina",2007-12-10,2011-12-10,2.5,2,2,2.5,2.20000004768372,3.5,3.20000004768372,3.40000009536743,FALSE,FALSE,FALSE,TRUE,2011,"Izquierda","Derecha","Sarkozy"
"2320-ARG-VAT-41350","2320","Argentina","ARG","Latin America and the Caribbean","South America","Yes","GS","President","Fernandez de Kirchner","Cristina Fernandez de Kirchner","0","Holy See","VAT","Europe","Southern Europe","Vatican City","No","No",2013,2013-03-18,2013-03-19,2,"No",NA,"Yes","Pope Francis","No",NA,"No",NA,"No",NA,"No",NA,"No","No","Yes","No","No",NA,"Attended enthronement mass for Pope Francis","1","http://du.idm.oclc.org/login?url=https://search-proquest-com.du.idm.oclc.org/docview/1317540452?accountid=14608","http://du.idm.oclc.org/login?url=https://search-proquest-com.du.idm.oclc.org/docview/1317513231?accountid=14608","http://www.gettyimages.com/license/163935384","http://www.gettyimages.com/license/163994808",NA,NA,NA,NA,NA,NA,NA,NA,NA,NA,NA,NA,NA,NA,NA,NA,NA,NA,NA,NA,NA,NA,NA,NA,NA,NA,NA,NA,NA,2013,2010,"mar","Argentina","cristina fernandez de kirchner","Cristina Fernandez de Kirchner","Cristina Fernandez de Kirchner (2007-2015)",6,"Bilateral","Europa","Cristina Fernandez2","Argentina","Argentina",2011-12-10,2015-12-10,1.89999997615814,1.70000004768372,2,2,1.70000004768372,3.5,3.40000009536743,3.40000009536743,FALSE,FALSE,FALSE,TRUE,2013,"Izquierda",NA,NA
"2320-ARG-VAT-41714","2320","Argentina","ARG","Latin America and the Caribbean","South America","Yes","GS","President","Fernandez de Kirchner","Cristina Fernandez de Kirchner","0","Holy See","VAT","Europe","Southern Europe","Vatican City","No","No",2014,2014-03-16,2014-03-17,2,"No",NA,"Yes","Pope Francis","No",NA,"No",NA,"No",NA,"No",NA,"No","No","No","No","No",NA,NA,"1","http://du.idm.oclc.org/login?url=https://search-proquest-com.du.idm.oclc.org/docview/1509222031?accountid=14608","http://www.gettyimages.com/license/479225507",NA,NA,NA,NA,NA,NA,NA,NA,NA,NA,NA,NA,NA,NA,NA,NA,NA,NA,NA,NA,NA,NA,NA,NA,NA,NA,NA,NA,NA,NA,NA,2014,2010,"mar","Argentina","cristina fernandez de kirchner","Cristina Fernandez de Kirchner","Cristina Fernandez de Kirchner (2007-2015)",7,"Bilateral","Europa","Cristina Fernandez2","Argentina","Argentina",2011-12-10,2015-12-10,1.89999997615814,1.70000004768372,2,2,1.70000004768372,3.5,3.40000009536743,3.40000009536743,FALSE,FALSE,FALSE,TRUE,2014,"Izquierda",NA,NA
"2320-ARG-FRA-41717","2320","Argentina","ARG","Latin America and the Caribbean","South America","Yes","GS","President","Fernandez de Kirchner","Cristina Fernandez de Kirchner","0","France","FRA","Europe","Western Europe","Paris","No","No",2014,2014-03-19,2014-03-21,3,"No",NA,"Yes","President Francois Hollande","No",NA,"No",NA,"No",NA,"No",NA,"No","No","No","No","No",NA,NA,"1","http://du.idm.oclc.org/login?url=https://search-proquest-com.du.idm.oclc.org/docview/1523678535?accountid=14608","http://du.idm.oclc.org/login?url=https://search-proquest-com.du.idm.oclc.org/docview/1508942443?accountid=14608","http://www.gettyimages.com/license/479508535",NA,NA,NA,NA,NA,NA,NA,NA,NA,NA,NA,NA,NA,NA,NA,NA,NA,NA,NA,NA,NA,NA,NA,NA,NA,NA,NA,NA,NA,NA,2014,2010,"mar","Argentina","cristina fernandez de kirchner","Cristina Fernandez de Kirchner","Cristina Fernandez de Kirchner (2007-2015)",7,"Bilateral","Europa","Cristina Fernandez2","Argentina","Argentina",2011-12-10,2015-12-10,1.89999997615814,1.70000004768372,2,2,1.70000004768372,3.5,3.40000009536743,3.40000009536743,FALSE,FALSE,FALSE,TRUE,2014,"Izquierda","Izquierda","Hollande"
"2320-ARG-VAT-41902","2320","Argentina","ARG","Latin America and the Caribbean","South America","Yes","GS","President","Fernandez de Kirchner","Cristina Fernandez de Kirchner","0","Holy See","VAT","Europe","Southern Europe","Vatican City","No","No",2014,2014-09-20,2014-09-20,1,"No",NA,"Yes","Pope Francis","No",NA,"No",NA,"No",NA,"No",NA,"No","No","No","No","No",NA,NA,"1","http://du.idm.oclc.org/login?url=https://search-proquest-com.du.idm.oclc.org/docview/1564145167?accountid=14608","http://du.idm.oclc.org/login?url=https://search-proquest-com.du.idm.oclc.org/docview/1563819971?accountid=14608","http://www.gettyimages.com/license/455774196",NA,NA,NA,NA,NA,NA,NA,NA,NA,NA,NA,NA,NA,NA,NA,NA,NA,NA,NA,NA,NA,NA,NA,NA,NA,NA,NA,NA,NA,NA,2014,2010,"sep","Argentina","cristina fernandez de kirchner","Cristina Fernandez de Kirchner","Cristina Fernandez de Kirchner (2007-2015)",7,"Bilateral","Europa","Cristina Fernandez2","Argentina","Argentina",2011-12-10,2015-12-10,1.89999997615814,1.70000004768372,2,2,1.70000004768372,3.5,3.40000009536743,3.40000009536743,FALSE,FALSE,FALSE,TRUE,2014,"Izquierda",NA,NA
"2320-ARG-RUS-42114","2320","Argentina","ARG","Latin America and the Caribbean","South America","Yes","GS","President","Fernandez de Kirchner","Cristina Fernandez de Kirchner","0","Russia","RUS","Europe","Eastern Europe","Moscow","No","No",2015,2015-04-21,2015-04-23,5,"No",NA,"Yes","President Vladimir Putin","No",NA,"No",NA,"No",NA,"No",NA,"No","Yes","Yes","No","No",NA,"Laid a wreath at the tomb of the Unknown Soldier in Moscow","1","http://du.idm.oclc.org/login?url=https://search-proquest-com.du.idm.oclc.org/docview/1675072441?accountid=14608","http://du.idm.oclc.org/login?url=https://search-proquest-com.du.idm.oclc.org/docview/1675072082?accountid=14608","http://du.idm.oclc.org/login?url=https://search-proquest-com.du.idm.oclc.org/docview/1674963149?accountid=14608","http://www.gettyimages.com/license/470799014","http://www.gettyimages.com/license/470792226",NA,NA,NA,NA,NA,NA,NA,NA,NA,NA,NA,NA,NA,NA,NA,NA,NA,NA,NA,NA,NA,NA,NA,NA,NA,NA,NA,NA,2015,2015,"abr","Argentina","cristina fernandez de kirchner","Cristina Fernandez de Kirchner","Cristina Fernandez de Kirchner (2007-2015)",8,"Bilateral","Europa","Cristina Fernandez2","Argentina","Argentina",2011-12-10,2015-12-10,1.89999997615814,1.70000004768372,2,2,1.70000004768372,3.5,3.40000009536743,3.40000009536743,FALSE,FALSE,FALSE,TRUE,2015,"Izquierda","Derecha","Putin"
"2320-ARG-VAT-42162","2320","Argentina","ARG","Latin America and the Caribbean","South America","Yes","GS","President","Fernandez de Kirchner","Cristina Fernandez de Kirchner","0","Holy See","VAT","Europe","Southern Europe","Vatican City","No","No",2015,2015-06-07,2015-06-07,1,"No",NA,"Yes","Pope Francis","No",NA,"No",NA,"No",NA,"No",NA,"No","No","No","No","No",NA,NA,"1","http://du.idm.oclc.org/login?url=https://search-proquest-com.du.idm.oclc.org/docview/1686887281?accountid=14608","http://du.idm.oclc.org/login?url=https://search-proquest-com.du.idm.oclc.org/docview/1686730416?accountid=14608","http://www.gettyimages.com/license/527636062",NA,NA,NA,NA,NA,NA,NA,NA,NA,NA,NA,NA,NA,NA,NA,NA,NA,NA,NA,NA,NA,NA,NA,NA,NA,NA,NA,NA,NA,NA,2015,2015,"jun","Argentina","cristina fernandez de kirchner","Cristina Fernandez de Kirchner","Cristina Fernandez de Kirchner (2007-2015)",8,"Bilateral","Europa","Cristina Fernandez2","Argentina","Argentina",2011-12-10,2015-12-10,1.89999997615814,1.70000004768372,2,2,1.70000004768372,3.5,3.40000009536743,3.40000009536743,FALSE,FALSE,FALSE,TRUE,2015,"Izquierda",NA,NA
"3169-ARG-ITA-42427","3169","Argentina","ARG","Latin America and the Caribbean","South America","Yes","GS","President","Macri","Mauricio Macri","0","Italy","ITA","Europe","Southern Europe","Rome","No","No",2016,2016-02-27,2016-02-28,2,"No",NA,"Yes","Prime Minister Matteo Renzi","No",NA,"No",NA,"No",NA,"No",NA,"No","No","No","No","No",NA,"Met with Prime Minister Matteo Renzi in Rome","1","http://du.idm.oclc.org/login?url=https://search-proquest-com.du.idm.oclc.org/docview/1768398107?accountid=14608","http://www.gettyimages.com/license/512611748","http://du.idm.oclc.org/login?url=https://search-proquest-com.du.idm.oclc.org/docview/1768546144?accountid=14608",NA,NA,NA,NA,NA,NA,NA,NA,NA,NA,NA,NA,NA,NA,NA,NA,NA,NA,NA,NA,NA,NA,NA,NA,NA,NA,NA,NA,NA,NA,2016,2015,"feb","Argentina","mauricio macri","Mauricio Macri","Mauricio Macri (2015-2019)",1,"Bilateral","Europa","Mauricio Macri","Argentina","Argentina",2015-12-10,2019-12-10,6.3,5.9,5.9,3.5,6,2.2,4.3,4.6,FALSE,FALSE,FALSE,TRUE,2016,"Derecha","Izquierda","Gentiloni"
"3169-ARG-VAT-42428","3169","Argentina","ARG","Latin America and the Caribbean","South America","Yes","GS","President","Macri","Mauricio Macri","0","Holy See","VAT","Europe","Southern Europe","Vatican City","No","No",2016,2016-02-27,2016-02-27,2,"No",NA,"Yes","Pope Francis","No",NA,"No",NA,"No",NA,"No",NA,"No","No","No","No","No",NA,NA,"1","http://www.gettyimages.com/license/512610184","http://du.idm.oclc.org/login?url=https://search-proquest-com.du.idm.oclc.org/docview/1768546144?accountid=14608",NA,NA,NA,NA,NA,NA,NA,NA,NA,NA,NA,NA,NA,NA,NA,NA,NA,NA,NA,NA,NA,NA,NA,NA,NA,NA,NA,NA,NA,NA,NA,2016,2015,"feb","Argentina","mauricio macri","Mauricio Macri","Mauricio Macri (2015-2019)",1,"Bilateral","Europa","Mauricio Macri","Argentina","Argentina",2015-12-10,2019-12-10,6.3,5.9,5.9,3.5,6,2.2,4.3,4.6,FALSE,FALSE,FALSE,TRUE,2016,"Derecha",NA,NA
"3169-ARG-FRA-42553","3169","Argentina","ARG","Latin America and the Caribbean","South America","Yes","GS","President","Macri","Mauricio Macri","0","France","FRA","Europe","Western Europe","Paris","No","No",2016,2016-07-02,2016-07-02,1,"No",NA,"Yes","President Francois Hollande","No",NA,"No",NA,"No",NA,"No",NA,"No","No","No","No","No",NA,NA,"1","http://du.idm.oclc.org/login?url=https://search-proquest-com.du.idm.oclc.org/docview/1801315769?accountid=14608","http://du.idm.oclc.org/login?url=https://search-proquest-com.du.idm.oclc.org/docview/1801388587?accountid=14608","http://www.gettyimages.com/license/458368547",NA,NA,NA,NA,NA,NA,NA,NA,NA,NA,NA,NA,NA,NA,NA,NA,NA,NA,NA,NA,NA,NA,NA,NA,NA,NA,NA,NA,NA,NA,2016,2015,"jul","Argentina","mauricio macri","Mauricio Macri","Mauricio Macri (2015-2019)",1,"Bilateral","Europa","Mauricio Macri","Argentina","Argentina",2015-12-10,2019-12-10,6.3,5.9,5.9,3.5,6,2.2,4.3,4.6,FALSE,FALSE,FALSE,TRUE,2016,"Derecha","Izquierda","Hollande"
"3169-ARG-BEL-42554","3169","Argentina","ARG","Latin America and the Caribbean","South America","Yes","GS","President","Macri","Mauricio Macri","0","Belgium","BEL","Europe","Western Europe","Brussels","No","No",2016,2016-07-03,2016-07-04,2,"No",NA,"Yes","King Philippe","No",NA,"No",NA,"No",NA,"No",NA,"No","No","No","Yes","Yes","European Council President Donald Tusk",NA,"1","http://du.idm.oclc.org/login?url=https://search-proquest-com.du.idm.oclc.org/docview/1801388587?accountid=14608","http://du.idm.oclc.org/login?url=https://search-proquest-com.du.idm.oclc.org/docview/1801737117?accountid=14608","http://www.gettyimages.com/license/544864650","http://www.gettyimages.com/license/544842730",NA,NA,NA,NA,NA,NA,NA,NA,NA,NA,NA,NA,NA,NA,NA,NA,NA,NA,NA,NA,NA,NA,NA,NA,NA,NA,NA,NA,NA,2016,2015,"jul","Argentina","mauricio macri","Mauricio Macri","Mauricio Macri (2015-2019)",1,"Bilateral","Europa","Mauricio Macri","Argentina","Argentina",2015-12-10,2019-12-10,6.3,5.9,5.9,3.5,6,2.2,4.3,4.6,FALSE,FALSE,FALSE,TRUE,2016,"Derecha","Derecha","Charles Michel"
"3169-ARG-DEU-42556","3169","Argentina","ARG","Latin America and the Caribbean","South America","Yes","GS","President","Macri","Mauricio Macri","0","Germany","DEU","Europe","Western Europe","Berlin","No","No",2016,2016-07-05,2016-07-06,2,"No",NA,"Yes","Chancellor Angela Merkel","No",NA,"No",NA,"No",NA,"No",NA,"No","No","No","No","No",NA,NA,"1","http://du.idm.oclc.org/login?url=https://search-proquest-com.du.idm.oclc.org/docview/1801831332?accountid=14608","http://www.gettyimages.com/license/545063944",NA,NA,NA,NA,NA,NA,NA,NA,NA,NA,NA,NA,NA,NA,NA,NA,NA,NA,NA,NA,NA,NA,NA,NA,NA,NA,NA,NA,NA,NA,NA,2016,2015,"jul","Argentina","mauricio macri","Mauricio Macri","Mauricio Macri (2015-2019)",1,"Bilateral","Europa","Mauricio Macri","Argentina","Argentina",2015-12-10,2019-12-10,6.3,5.9,5.9,3.5,6,2.2,4.3,4.6,FALSE,FALSE,FALSE,TRUE,2016,"Derecha","Derecha","Merkel"
"3169-ARG-VAT-42658","3169","Argentina","ARG","Latin America and the Caribbean","South America","Yes","GS","President","Macri","Mauricio Macri","0","Holy See","VAT","Europe","Southern Europe","Vatican City","No","No",2016,2016-10-15,2016-10-16,2,"No",NA,"Yes","Pope Francis","No",NA,"No",NA,"No",NA,"No",NA,"No","No","Yes","No","No",NA,"Participated in CaNonization Ceremony for Argentinian Priest Jose Gabriel Rosario Brochero","1","http://du.idm.oclc.org/login?url=https://search-proquest-com.du.idm.oclc.org/docview/1830669382?accountid=14608","http://du.idm.oclc.org/login?url=https://search-proquest-com.du.idm.oclc.org/docview/1829537785?accountid=14609","http://www.gettyimages.com/license/615003634",NA,NA,NA,NA,NA,NA,NA,NA,NA,NA,NA,NA,NA,NA,NA,NA,NA,NA,NA,NA,NA,NA,NA,NA,NA,NA,NA,NA,NA,NA,2016,2015,"oct","Argentina","mauricio macri","Mauricio Macri","Mauricio Macri (2015-2019)",1,"Bilateral","Europa","Mauricio Macri","Argentina","Argentina",2015-12-10,2019-12-10,6.3,5.9,5.9,3.5,6,2.2,4.3,4.6,FALSE,FALSE,FALSE,TRUE,2016,"Derecha",NA,NA
"3169-ARG-ESP-42790","3169","Argentina","ARG","Latin America and the Caribbean","South America","Yes","GS","President","Macri","Mauricio Macri","0","Spain","ESP","Europe","Southern Europe","Madrid","No","No",2017,2017-02-20,2017-02-25,2,"No",NA,"Yes","Prime Minister Mariano Rajoy","No",NA,"No",NA,"No",NA,"No",NA,"Yes","Yes","Yes","Yes","No",NA,"art fair;also met King Felipe VI","1","https://www.gettyimages.fr/detail/photo-d'actualit%C3%A9/argentinas-president-mauricio-macri-receives-the-photo-dactualit%C3%A9/644915292","https://advance-lexis-com.du.idm.oclc.org/document/?pdmfid=1516831&crid=df066f47-6db3-433c-a7da-c9a98b02a2b5&pddocfullpath=%2Fshared%2Fdocument%2Fnews%2Furn%3AcontentItem%3A5MXV-07H1-JCR6-R1N3-00000-00&pddocid=urn%3AcontentItem%3A5MXV-07H1-JCR6-R1N3-00000-00&pdcontentcomponentid=310181&pdteaserkey=sr2&pditab=allpods&ecomp=5ynk&earg=sr2&prid=5c411056-7174-4587-a118-45b2fd0792a9",NA,NA,NA,NA,NA,NA,NA,NA,NA,NA,NA,NA,NA,NA,NA,NA,NA,NA,NA,NA,NA,NA,NA,NA,NA,NA,NA,NA,NA,NA,NA,2017,2015,"feb","Argentina","mauricio macri","Mauricio Macri","Mauricio Macri (2015-2019)",2,"Bilateral","Europa","Mauricio Macri","Argentina","Argentina",2015-12-10,2019-12-10,6.3,5.9,5.9,3.5,6,2.2,4.3,4.6,FALSE,FALSE,FALSE,TRUE,2017,"Derecha","Derecha","Rajoy Brey"
"3169-ARG-NLD-42822","3169","Argentina","ARG","Latin America and the Caribbean","South America","Yes","GS","President","Macri","Mauricio Macri","0","Netherlands","NLD","Europe","Western Europe","Amsterdam","No","No",2017,2017-03-27,2017-03-28,2,"No",NA,"Yes","Prime Minister Mark Rutte","No",NA,"No",NA,"No",NA,"No",NA,"No","No","Yes","No","No",NA,"theatre;also met King Willem-Alexander","1","https://wwwgettyimagesfr/detail/photo-d'actualit%C3%A9/king-willem-alexander-and-queen-maxima-of-the-photo-dactualit%C3%A9/659287250","https://wwwgettyimagesfr/detail/photo-d'actualit%C3%A9/president-mauricio-macri-and-his-wife-juliana-awada-photo-dactualit%C3%A9/659269110","https://advance-lexis-com.du.idm.oclc.org/document/?pdmfid=1516831&crid=b933d369-09a9-492c-abb8-9e40493d432d&pddocfullpath=%2Fshared%2Fdocument%2Fnews%2Furn%3AcontentItem%3A5N7V-M081-DYDJ-X4SG-00000-00&pddocid=urn%3AcontentItem%3A5N7V-M081-DYDJ-X4SG-00000-00&pdcontentcomponentid=172820&pdteaserkey=sr1&pditab=allpods&ecomp=5ynk&earg=sr1&prid=2384706c-41d2-4267-8a15-e1a0b02277d3",NA,NA,NA,NA,NA,NA,NA,NA,NA,NA,NA,NA,NA,NA,NA,NA,NA,NA,NA,NA,NA,NA,NA,NA,NA,NA,NA,NA,NA,NA,2017,2015,"mar","Argentina","mauricio macri","Mauricio Macri","Mauricio Macri (2015-2019)",2,"Bilateral","Europa","Mauricio Macri","Argentina","Argentina",2015-12-10,2019-12-10,6.3,5.9,5.9,3.5,6,2.2,4.3,4.6,FALSE,FALSE,FALSE,TRUE,2017,"Derecha","Derecha","M. Rutte"
"3169-ARG-RUS-43122","3169","Argentina","ARG","Latin America and the Caribbean","South America","Yes","GS","President","Macri","Mauricio Macri","0","Russia","RUS","Europe","Eastern Europe","Moscow","No","No",2018,2018-01-22,2018-01-23,2,"No",NA,"Yes","President Vladimir Putin","No",NA,"No",NA,"No",NA,"No",NA,"No","Yes","Yes","Yes","No",NA,"laid a wreath at the Tomb of the Unknown Soldier","2","https://advance-lexis-com.du.idm.oclc.org/api/permalink/52b7d030-beb6-4d7e-91cb-fcfcffd26156/?context=1516831","https://advance-lexis-com.du.idm.oclc.org/api/permalink/2181e554-3942-4ea3-9f76-1fd96afe0861/?context=1516831","https://advance-lexis-com.du.idm.oclc.org/api/permalink/2181e554-3942-4ea3-9f76-1fd96afe0861/?context=1516831","https://advance-lexis-com.du.idm.oclc.org/api/permalink/5c3b09bd-b83a-4fc3-9ba5-b0ad5ef50c92/?context=1516831","https://advance-lexis-com.du.idm.oclc.org/api/permalink/dd2ccccf-f5ab-4ed6-a439-3ed62a4d4084/?context=1516831","https://www.casarosada.gob.ar/slider-principal/41710-el-presidente-macri-se-reunio-con-el-presidente-putin-en-el-kremlin","https://www.casarosada.gob.ar/slider-principal/41704-macri-espero-que-podamos-abrir-campos-de-cooperacion-con-los-rusos",NA,NA,NA,NA,NA,NA,NA,NA,NA,NA,NA,NA,NA,NA,NA,NA,NA,NA,NA,NA,NA,NA,NA,NA,NA,NA,2018,2015,"ene","Argentina","mauricio macri","Mauricio Macri","Mauricio Macri (2015-2019)",3,"Bilateral","Europa","Mauricio Macri","Argentina","Argentina",2015-12-10,2019-12-10,6.3,5.9,5.9,3.5,6,2.2,4.3,4.6,FALSE,FALSE,FALSE,TRUE,2018,"Derecha","Derecha","Putin"
"3169-ARG-FRA-43126","3169","Argentina","ARG","Latin America and the Caribbean","South America","Yes","GS","President","Macri","Mauricio Macri","0","France","FRA","Europe","Western Europe","Paris","No","No",2018,2018-01-26,2018-01-27,2,"No",NA,"Yes","President Emmanuel Macron","No",NA,"No",NA,"No",NA,"No",NA,"No","No","Yes","Yes","No",NA,"attended a Paris Saint Germain soccer match","2","https://advance-lexis-com.du.idm.oclc.org/api/permalink/36a45621-2ed3-4c70-b689-fa5100c8558b/?context=1516831","https://www.casarosada.gob.ar/slider-principal/41772-macri-estamos-en-el-camino-correcto","https://advance-lexis-com.du.idm.oclc.org/api/permalink/d5606105-ef35-4419-90f6-e82da91b6a38/?context=1516831",NA,NA,NA,NA,NA,NA,NA,NA,NA,NA,NA,NA,NA,NA,NA,NA,NA,NA,NA,NA,NA,NA,NA,NA,NA,NA,NA,NA,NA,NA,2018,2015,"ene","Argentina","mauricio macri","Mauricio Macri","Mauricio Macri (2015-2019)",3,"Bilateral","Europa","Mauricio Macri","Argentina","Argentina",2015-12-10,2019-12-10,6.3,5.9,5.9,3.5,6,2.2,4.3,4.6,FALSE,FALSE,FALSE,TRUE,2018,"Derecha","Derecha","Macron"
"3670-ARG-VAT-43861","3670","Argentina","ARG","Latin America and the Caribbean","South America","Yes","GS","President","Fernandez","Alberto Fernandez","0","Holy See","VAT","Europe","Southern Europe","Vatican City","No","No",2020,2020-01-31,2020-01-31,1,"No",NA,"Yes","Pope Francis","No",NA,"No",NA,"No",NA,"No",NA,"No","No","No","No","No",NA,"met Secretary of State Pietro Parolin","1","https://advance-lexis-com.du.idm.oclc.org/document/?pdmfid=1516831&crid=ead8db2f-8274-4673-b4c4-01cbbcafd8d8&pddocfullpath=%2Fshared%2Fdocument%2Fnews%2Furn%3AcontentItem%3A5Y33-X711-F03R-N3C5-00000-00&pdcontentcomponentid=299488&pdteaserkey=sr0&pditab=allpods&ecomp=fzx2k&earg=sr0&prid=505d2a63-e2be-42d8-bca7-e39a7bfba729","https://advance-lexis-com.du.idm.oclc.org/document/?pdmfid=1516831&crid=d721ac35-510f-4e21-ad40-66fec06b1879&pddocfullpath=%2Fshared%2Fdocument%2Fnews%2Furn%3AcontentItem%3A5Y3P-FKJ1-DY9S-T3FF-00000-00&pdcontentcomponentid=253760&pdteaserkey=sr2&pditab=allpods&ecomp=fzx2k&earg=sr2&prid=289e4bdf-b219-4980-89d8-6f2c0c9107ae","https://en.mercopress.com/2020/01/27/argentine-president-begins-a-quick-tour-of-europe-in-search-of-support","https://advance-lexis-com.du.idm.oclc.org/document/?pdmfid=1516831&crid=4605bdb2-3544-4cb0-b588-4084112ab6c1&pddocfullpath=%2Fshared%2Fdocument%2Fnews%2Furn%3AcontentItem%3A5Y3P-TBJ1-DY2T-61XH-00000-00&pdcontentcomponentid=10882&pdteaserkey=sr3&pditab=allpods&ecomp=fzx2k&earg=sr3&prid=289e4bdf-b219-4980-89d8-6f2c0c9107ae",NA,NA,NA,NA,NA,NA,NA,NA,NA,NA,NA,NA,NA,NA,NA,NA,NA,NA,NA,NA,NA,NA,NA,NA,NA,NA,NA,NA,NA,2020,2020,"ene","Argentina","alberto fernandez","Alberto Fernandez","Alberto Fernandez (2019-2023)",1,"Bilateral","Europa","Alberto Fernandez","Argentina","Argentina",2019-12-10,2023-12-10,3,2.4,3.1,3,3,3.4,3.3,2.5,FALSE,FALSE,FALSE,TRUE,2020,"Centro",NA,NA
"3670-ARG-ITA-43861","3670","Argentina","ARG","Latin America and the Caribbean","South America","Yes","GS","President","Fernandez","Alberto Fernandez","0","Italy","ITA","Europe","Southern Europe","Rome","No","No",2020,2020-01-31,2020-01-31,2,"No",NA,"Yes","Prime Minister Giuseppe Conte","No",NA,"No",NA,"No",NA,"No",NA,"No","No","No","No","Yes","Food and Agriculture Organization (FAO) Director-General Qu Dongyu","met President Sergio Mattarella","1","https://advance-lexis-com.du.idm.oclc.org/document/?pdmfid=1516831&crid=ead8db2f-8274-4673-b4c4-01cbbcafd8d8&pddocfullpath=%2Fshared%2Fdocument%2Fnews%2Furn%3AcontentItem%3A5Y33-X711-F03R-N3C5-00000-00&pdcontentcomponentid=299488&pdteaserkey=sr0&pditab=allpods&ecomp=fzx2k&earg=sr0&prid=505d2a63-e2be-42d8-bca7-e39a7bfba729","http://www.xinhuanet.com/english/2020-02/01/c_138746560.htm","https://en.mercopress.com/2020/01/27/argentine-president-begins-a-quick-tour-of-europe-in-search-of-support","https://en.mercopress.com/2020/01/31/argentine-president-meets-pope-francis-and-later-italian-premier-and-president","https://www.nurphoto.com/en/gallery/254464","https://www.unmultimedia.org/tv/unifeed/asset/2527/2527807/","https://advance-lexis-com.du.idm.oclc.org/document/?pdmfid=1516831&crid=48a34abf-33bc-4736-abe1-ea93345109d2&pddocfullpath=%2Fshared%2Fdocument%2Fnews%2Furn%3AcontentItem%3A5Y4K-NNJ1-F11P-X2MW-00000-00&pdcontentcomponentid=343637&pdteaserkey=sr1&pditab=allpods&ecomp=fzx2k&earg=sr1&prid=18b74236-8b72-4091-b4a2-3ef1bfedf302",NA,NA,NA,NA,NA,NA,NA,NA,NA,NA,NA,NA,NA,NA,NA,NA,NA,NA,NA,NA,NA,NA,NA,NA,NA,NA,2020,2020,"ene","Argentina","alberto fernandez","Alberto Fernandez","Alberto Fernandez (2019-2023)",1,"Bilateral","Europa","Alberto Fernandez","Argentina","Argentina",2019-12-10,2023-12-10,3,2.4,3.1,3,3,3.4,3.3,2.5,FALSE,FALSE,FALSE,TRUE,2020,"Centro",NA,"Conte"
"3670-ARG-DEU-43863","3670","Argentina","ARG","Latin America and the Caribbean","South America","Yes","GS","President","Fernandez","Alberto Fernandez","0","Germany","DEU","Europe","Western Europe","Berlin","No","No",2020,2020-02-03,2020-02-03,2,"No",NA,"Yes","Chancellor Angela Merkel","No",NA,"No",NA,"No",NA,"No",NA,"No","No","No","Yes","No",NA,"met with German industry and finances leaders","1","https://en.mercopress.com/2020/02/03/argentine-president-meets-angela-merkel-monday-evening-and-on-tuesday-will-be-in-spain","https://advance-lexis-com.du.idm.oclc.org/document/?pdmfid=1516831&crid=5f1bd912-b0a2-4ab7-8eda-387bd4553540&pddocfullpath=%2Fshared%2Fdocument%2Fnews%2Furn%3AcontentItem%3A5Y4K-NNJ1-F11P-X2N7-00000-00&pdcontentcomponentid=343637&pdteaserkey=sr5&pditab=allpods&ecomp=fzx2k&earg=sr5&prid=535b8941-e6d3-4292-ac72-c8d326ffeb6c","https://advance-lexis-com.du.idm.oclc.org/document/?pdmfid=1516831&crid=0699b6ff-b717-4718-93ac-fdc30404fe6b&pddocfullpath=%2Fshared%2Fdocument%2Fnews%2Furn%3AcontentItem%3A5Y4H-R081-JBJN-M18B-00000-00&pdcontentcomponentid=443607&pdteaserkey=sr1&pditab=allpods&ecomp=fzx2k&earg=sr1&prid=535b8941-e6d3-4292-ac72-c8d326ffeb6c","https://www.batimes.com.ar/news/argentina/alberto-meets-with-merkel-amid-imf-negotiations.phtml",NA,NA,NA,NA,NA,NA,NA,NA,NA,NA,NA,NA,NA,NA,NA,NA,NA,NA,NA,NA,NA,NA,NA,NA,NA,NA,NA,NA,NA,2020,2020,"feb","Argentina","alberto fernandez","Alberto Fernandez","Alberto Fernandez (2019-2023)",1,"Bilateral","Europa","Alberto Fernandez","Argentina","Argentina",2019-12-10,2023-12-10,3,2.4,3.1,3,3,3.4,3.3,2.5,FALSE,FALSE,FALSE,TRUE,2020,"Centro","Derecha","Merkel"
"3670-ARG-ESP-43864","3670","Argentina","ARG","Latin America and the Caribbean","South America","Yes","GS","President","Fernandez","Alberto Fernandez","0","Spain","ESP","Europe","Southern Europe","Madrid","No","No",2020,2020-02-04,2020-02-04,2,"No",NA,"Yes","Prime Minister Pedro Sanchez","No",NA,"No",NA,"No",NA,"No",NA,"No","No","No","No","No",NA,"met King Felipe VI","1","https://advance-lexis-com.du.idm.oclc.org/document/?pdmfid=1516831&crid=8c356f51-9b33-4e45-9709-6e653b6e40af&pddocfullpath=%2Fshared%2Fdocument%2Fnews%2Furn%3AcontentItem%3A5Y4R-P671-DY1R-B1DM-00000-00&pdcontentcomponentid=443607&pdteaserkey=sr3&pditab=allpods&ecomp=fzx2k&earg=sr3&prid=da0ce514-ffe2-4490-a8c9-d515687d42ad","https://www.shutterstock.com/editorial/news/president-of-argentina-alberto-fernandez-visit-to-madrid-2020-02-04","https://advance-lexis-com.du.idm.oclc.org/document/?pdmfid=1516831&crid=8c356f51-9b33-4e45-9709-6e653b6e40af&pddocfullpath=%2Fshared%2Fdocument%2Fnews%2Furn%3AcontentItem%3A5Y4R-P671-DY1R-B1DM-00000-00&pdcontentcomponentid=443607&pdteaserkey=sr3&pditab=allpods&ecomp=fzx2k&earg=sr3&prid=da0ce514-ffe2-4490-a8c9-d515687d42ad","https://advance-lexis-com.du.idm.oclc.org/document/?pdmfid=1516831&crid=0ec038d7-220e-44c4-9d00-bb36b819e17c&pddocfullpath=%2Fshared%2Fdocument%2Fnews%2Furn%3AcontentItem%3A5Y4R-P5Y1-JBJN-M3X7-00000-00&pdcontentcomponentid=443607&pdteaserkey=sr7&pditab=allpods&ecomp=fzx2k&earg=sr7&prid=da0ce514-ffe2-4490-a8c9-d515687d42ad","https://advance-lexis-com.du.idm.oclc.org/document/?pdmfid=1516831&crid=961974e9-1f43-4f82-8813-ffbaa255349e&pddocfullpath=%2Fshared%2Fdocument%2Fnews%2Furn%3AcontentItem%3A5Y4T-6181-JCBF-S1T8-00000-00&pdcontentcomponentid=8058&pdteaserkey=sr31&pditab=allpods&ecomp=fzx2k&earg=sr31&prid=0d02c1bb-7060-426e-8467-ecfc97ed3db3","https://en.mercopress.com/2020/02/05/fernandez-in-paris-the-last-leg-of-the-european-tour-after-support-for-its-debt-restructuring-strategy",NA,NA,NA,NA,NA,NA,NA,NA,NA,NA,NA,NA,NA,NA,NA,NA,NA,NA,NA,NA,NA,NA,NA,NA,NA,NA,NA,2020,2020,"feb","Argentina","alberto fernandez","Alberto Fernandez","Alberto Fernandez (2019-2023)",1,"Bilateral","Europa","Alberto Fernandez","Argentina","Argentina",2019-12-10,2023-12-10,3,2.4,3.1,3,3,3.4,3.3,2.5,FALSE,FALSE,FALSE,TRUE,2020,"Centro","Izquierda","Sanchez"
"3670-ARG-FRA-43866","3670","Argentina","ARG","Latin America and the Caribbean","South America","Yes","GS","President","Fernandez","Alberto Fernandez","0","France","FRA","Europe","Western Europe","Paris","No","No",2020,2020-02-05,2020-02-05,1,"No",NA,"Yes","President Emmanuel Macron","No",NA,"No",NA,"No",NA,"No",NA,"No","No","No","Yes","No",NA,"attended a conference at the prestigious Sciences Po Paris;attended working breakfast with French business leaders;met with mining companies","1","https://en.mercopress.com/2020/02/05/fernandez-in-paris-the-last-leg-of-the-european-tour-after-support-for-its-debt-restructuring-strategy","http://www.xinhuanet.com/english/2020-02/06/c_138760182.htm","https://advance-lexis-com.du.idm.oclc.org/document/?pdmfid=1516831&crid=838ae657-25b7-4358-8e03-4dc42c645cd9&pddocfullpath=%2Fshared%2Fdocument%2Fnews%2Furn%3AcontentItem%3A5Y51-31T1-JC8S-C107-00000-00&pdcontentcomponentid=10962&pdteaserkey=sr13&pditab=allpods&ecomp=fzx2k&earg=sr13&prid=5cb25ef2-87ad-4055-aea8-acfc60738de0",NA,NA,NA,NA,NA,NA,NA,NA,NA,NA,NA,NA,NA,NA,NA,NA,NA,NA,NA,NA,NA,NA,NA,NA,NA,NA,NA,NA,NA,NA,2020,2020,"feb","Argentina","alberto fernandez","Alberto Fernandez","Alberto Fernandez (2019-2023)",1,"Bilateral","Europa","Alberto Fernandez","Argentina","Argentina",2019-12-10,2023-12-10,3,2.4,3.1,3,3,3.4,3.3,2.5,FALSE,FALSE,FALSE,TRUE,2020,"Centro","Derecha","Macron"
"3670-ARG-PRT-44325","3670","Argentina","ARG","Latin America and the Caribbean","South America","Yes","GS","President","Fernandez","Alberto Fernandez","0","Portugal","PRT","Europe","Southern Europe","Lisbon","No","No",2021,2021-05-09,2021-05-10,1,"No",NA,"Yes","President Marcelo Rebelo de Sousa","No",NA,"No",NA,"No",NA,"No",NA,"No","No","No","No","No",NA,"Fernandez also met with Prime Minister Antonio Costa, who expressed support for Argentina's IMF debt negotiations;This was a brief stop-over visit before traveling to Spain","1","https://advance-lexis-com.du.idm.oclc.org/document/?pdmfid=1516831&crid=b3353629-4e1f-4f27-ad63-e0f19328a88d&pddocfullpath=%2Fshared%2Fdocument%2Fnews%2Furn%3AcontentItem%3A62N2-3XK1-DY1R-B04W-00000-00&pdcontentcomponentid=443607&pdteaserkey=sr1&pditab=allpods&ecomp=1bvnk&earg=sr1&prid=e1350b60-c8a6-42e9-a666-396ca07b605f","https://www.casarosada.gob.ar/slider-principal/47745-el-presidente-fue-recibido-por-su-par-de-portugal-en-el-inicio-de-su-gira-por-europa?fbclid=IwAR3OPM_rfo5kEO0L2IpEjZrpt1WbX_54d2pI6ZqMoAzTlkfluJBX39HktN4","https://www.perfil.com/noticias/politica/las-fotos-de-los-primeros-dos-dias-de-alberto-fernandez-en-su-gira-europea.phtml",NA,NA,NA,NA,NA,NA,NA,NA,NA,NA,NA,NA,NA,NA,NA,NA,NA,NA,NA,NA,NA,NA,NA,NA,NA,NA,NA,NA,NA,NA,2021,2020,"may","Argentina","alberto fernandez","Alberto Fernandez","Alberto Fernandez (2019-2023)",2,"Bilateral","Europa","Alberto Fernandez","Argentina","Argentina",2019-12-10,2023-12-10,3,2.4,3.1,3,3,3.4,3.3,2.5,FALSE,FALSE,FALSE,TRUE,2021,"Centro",NA,NA
"3670-ARG-ESP-44325","3670","Argentina","ARG","Latin America and the Caribbean","South America","Yes","GS","President","Fernandez","Alberto Fernandez","0","Spain","ESP","Europe","Southern Europe","Madrid","No","No",2021,2021-05-10,2021-05-11,3,"No",NA,"Yes","Prime Minister Pedro Sanchez","No",NA,"No",NA,"No",NA,"No",NA,"No","No","No","No","No",NA,"Fernandez and Sanchez discussed Argentina's IMF debt negotiations, vaccination programs, and the Paris Club;Brief welcome with King Felipe VI","1","https://advance-lexis-com.du.idm.oclc.org/document/?pdmfid=1516831&crid=e5b7c4f8-7898-4151-b441-ce685653c40a&pddocfullpath=%2Fshared%2Fdocument%2Fnews%2Furn%3AcontentItem%3A62N8-33W1-DY1R-B0RG-00000-00&pdcontentcomponentid=443607&pdteaserkey=sr3&pditab=allpods&ecomp=1bvnk&earg=sr3&prid=b09c9781-b3fc-4883-8ee5-81c4f6638d2c","https://advance-lexis-com.du.idm.oclc.org/document/?pdmfid=1516831&crid=2024a773-e509-4734-9082-7fa87ac2c207&pddocfullpath=%2Fshared%2Fdocument%2Fnews%2Furn%3AcontentItem%3A62N8-33V1-DY1R-B398-00000-00&pdcontentcomponentid=443607&pdteaserkey=sr8&pditab=allpods&ecomp=1bvnk&earg=sr8&prid=b09c9781-b3fc-4883-8ee5-81c4f6638d2c","https://twitter.com/desdelamoncloa/status/1392072429632200706?ref_src=twsrc%5Etfw%7Ctwcamp%5Etweetembed%7Ctwterm%5E1392072429632200706%7Ctwgr%5E%7Ctwcon%5Es1_&ref_url=https%3A%2F%2Fwww.dw.com%2Fes%2Falberto-fernC3A1ndez-inicia-en-espaC3B1a-su-gira-por-europa%2Fa-57497447",NA,NA,NA,NA,NA,NA,NA,NA,NA,NA,NA,NA,NA,NA,NA,NA,NA,NA,NA,NA,NA,NA,NA,NA,NA,NA,NA,NA,NA,NA,2021,2020,"may","Argentina","alberto fernandez","Alberto Fernandez","Alberto Fernandez (2019-2023)",2,"Bilateral","Europa","Alberto Fernandez","Argentina","Argentina",2019-12-10,2023-12-10,3,2.4,3.1,3,3,3.4,3.3,2.5,FALSE,FALSE,FALSE,TRUE,2021,"Centro",NA,NA
"3670-ARG-FRA-44327","3670","Argentina","ARG","Latin America and the Caribbean","South America","Yes","GS","President","Fernandez","Alberto Fernandez","0","France","FRA","Europe","Western Europe","Paris","No","No",2021,2021-05-11,2021-05-12,3,"No",NA,"Yes","President Emmanuel Macron","No",NA,"No",NA,"No",NA,"No",NA,"No","No","No","Yes","No",NA,"Fernandez met with businessmen at Argentine Embassy in Paris;Fernandez and Macron discussed support for Argentina's IMF debt negotiations","1","https://advance-lexis-com.du.idm.oclc.org/document/?pdmfid=1516831&crid=13c8f1cf-dfc2-41e1-813d-2b82f3cecf16&pddocfullpath=%2Fshared%2Fdocument%2Fnews%2Furn%3AcontentItem%3A62NG-2DS1-JBJN-M33T-00000-00&pdcontentcomponentid=443607&pdteaserkey=sr6&pditab=allpods&ecomp=1bvnk&earg=sr6&prid=4ee634e1-9622-4150-8a52-c0c88eafa26f","https://pledgetimes.com/alberto-fernandez-met-in-paris-with-businessmen-with-investments-in-the-country/",NA,NA,NA,NA,NA,NA,NA,NA,NA,NA,NA,NA,NA,NA,NA,NA,NA,NA,NA,NA,NA,NA,NA,NA,NA,NA,NA,NA,NA,NA,NA,2021,2020,"may","Argentina","alberto fernandez","Alberto Fernandez","Alberto Fernandez (2019-2023)",2,"Bilateral","Europa","Alberto Fernandez","Argentina","Argentina",2019-12-10,2023-12-10,3,2.4,3.1,3,3,3.4,3.3,2.5,FALSE,FALSE,FALSE,TRUE,2021,"Centro",NA,NA
"3670-ARG-VAT-44329","3670","Argentina","ARG","Latin America and the Caribbean","South America","Yes","GS","President","Fernandez","Alberto Fernandez","0","Holy See","VAT","Europe","Southern Europe","Ciudad del Vaticano","No","No",2021,2021-05-13,2021-05-13,1,"No",NA,"Yes","Pope Francis","No",NA,"No",NA,"No",NA,"No",NA,"No","No","No","No","No",NA,"Fernandez  met separately with Cardinal Secretary of State Pietro Parolin and Secretary for Relations with States Archbishop Paul Richard Gallagher","1","https://www.vaticannews.va/en/pope/news/2021-05/pope-francis-audience-argentina-president-alberto-fernandez.html","https://advance-lexis-com.du.idm.oclc.org/document/?pdmfid=1516831&crid=c6984030-3661-4137-ace0-e3f1675ab66b&pddocfullpath=%2Fshared%2Fdocument%2Fnews%2Furn%3AcontentItem%3A62NP-1XS1-JBJN-M41T-00000-00&pdcontentcomponentid=443607&pdteaserkey=sr2&pditab=allpods&ecomp=1bvnk&earg=sr2&prid=6b6d031e-116b-4e5a-a6a6-7696a26aea47","https://www.france24.com/es/am%C3%A9rica-latina/20210514-argentina-fernandez-gira-europa-respaldo-renegociacion-deuda-fmi",NA,NA,NA,NA,NA,NA,NA,NA,NA,NA,NA,NA,NA,NA,NA,NA,NA,NA,NA,NA,NA,NA,NA,NA,NA,NA,NA,NA,NA,NA,2021,2020,"may","Argentina","alberto fernandez","Alberto Fernandez","Alberto Fernandez (2019-2023)",2,"Bilateral","Europa","Alberto Fernandez","Argentina","Argentina",2019-12-10,2023-12-10,3,2.4,3.1,3,3,3.4,3.3,2.5,FALSE,FALSE,FALSE,TRUE,2021,"Centro",NA,NA
"3670-ARG-RUS-44595","3670","Argentina","ARG","Latin America and the Caribbean","South America","Yes","GS","President","Fernandez","Alberto Fernandez","0","Russia","RUS","Europe","Eastern Europe","Moscow","No","No",2022,2022-02-03,2022-02-03,2,"No",NA,"Yes","President Vladimir Putin","No",NA,"No",NA,"No",NA,"No",NA,"No","No","No","No","No",NA,"Discusses Sputnik V vaccine and the pandemic","2","https://oicanadian.com/alberto-fernandez-arrived-in-russia-he-will-meet-with-vladimir-putin/","https://www.reuters.com/markets/europe/argentinas-fernandez-russia-says-must-end-economic-dependence-us-imf-2022-02-03/","https://tass.com/politics/1397379","https://advance-lexis-com.du.idm.oclc.org/api/permalink/40b078ba-24a6-4cd6-9a9e-0d4848fa268a/?context=1516831","https://www.facebook.com/permalink.php?story_fbid=3281308248759195&id=1786813798208655",NA,NA,NA,NA,NA,NA,NA,NA,NA,NA,NA,NA,NA,NA,NA,NA,NA,NA,NA,NA,NA,NA,NA,NA,NA,NA,NA,NA,2022,2020,"feb","Argentina","alberto fernandez","Alberto Fernandez","Alberto Fernandez (2019-2023)",3,"Bilateral","Europa","Alberto Fernandez","Argentina","Argentina",2019-12-10,2023-12-10,3,2.4,3.1,3,3,3.4,3.3,2.5,FALSE,FALSE,FALSE,TRUE,2022,"Centro",NA,NA
"3670-ARG-ESP-44690","3670","Argentina","ARG","Latin America and the Caribbean","South America","Yes","GS","President","Fernandez","Alberto Fernandez","0","Spain","ESP","Europe","Southern Europe","Madrid","No","No",2022,2022-05-10,2022-05-10,3,"No",NA,"Yes","Prime Minister Pedro Sanchez","No",NA,"No",NA,"No",NA,"No",NA,"No","No","Yes","Yes","No",NA,"Met with the royal family of Spain at the Royal palaces;Met with business leaders to promote investment","1","https://batimes.com.ar/news/argentina/president-fernandez-puts-domestic-tensions-on-pause-with-european-tour.phtml","https://www.zyri.net/2022/05/10/alberto-fernandez-in-europe-live-the-president-arrived-in-spain-and-starts-his-tour-in-search-of-international-support/","https://batimes.com.ar/news/argentina/alberto-jabs-at-cristina-as-he-talks-up-opportunities-for-europe.phtml","https://advance-lexis-com.du.idm.oclc.org/api/permalink/1d7933ab-1268-453f-aa9c-bb421713ec78/?context=1516831",NA,NA,NA,NA,NA,NA,NA,NA,NA,NA,NA,NA,NA,NA,NA,NA,NA,NA,NA,NA,NA,NA,NA,NA,NA,NA,NA,NA,NA,2022,2020,"may","Argentina","alberto fernandez","Alberto Fernandez","Alberto Fernandez (2019-2023)",3,"Bilateral","Europa","Alberto Fernandez","Argentina","Argentina",2019-12-10,2023-12-10,3,2.4,3.1,3,3,3.4,3.3,2.5,FALSE,FALSE,FALSE,TRUE,2022,"Centro",NA,NA
"3670-ARG-DEU-44692","3670","Argentina","ARG","Latin America and the Caribbean","South America","Yes","GS","President","Fernandez","Alberto Fernandez","0","Germany","DEU","Europe","Western Europe","Berlin","No","No",2022,2022-05-11,2022-05-11,3,"No",NA,"Yes","Chancellor Olaf Scholz","No",NA,"No",NA,"No",NA,"No",NA,"No","No","No","Yes","No",NA,"Met with business leaders to promote investment","1","https://batimes.com.ar/news/argentina/president-fernandez-puts-domestic-tensions-on-pause-with-european-tour.phtml","https://batimes.com.ar/news/argentina/alberto-jabs-at-cristina-as-he-talks-up-opportunities-for-europe.phtml","https://advance-lexis-com.du.idm.oclc.org/api/permalink/abe0d24f-749a-4455-bb3b-341ae5874c45/?context=1516831",NA,NA,NA,NA,NA,NA,NA,NA,NA,NA,NA,NA,NA,NA,NA,NA,NA,NA,NA,NA,NA,NA,NA,NA,NA,NA,NA,NA,NA,NA,2022,2020,"may","Argentina","alberto fernandez","Alberto Fernandez","Alberto Fernandez (2019-2023)",3,"Bilateral","Europa","Alberto Fernandez","Argentina","Argentina",2019-12-10,2023-12-10,3,2.4,3.1,3,3,3.4,3.3,2.5,FALSE,FALSE,FALSE,TRUE,2022,"Centro",NA,NA
"3670-ARG-FRA-44694","3670","Argentina","ARG","Latin America and the Caribbean","South America","Yes","GS","President","Fernandez","Alberto Fernandez","0","France","FRA","Europe","Western Europe","Paris","No","No",2022,2022-05-12,2022-05-14,2,"No",NA,"Yes","President Emmanuel Macron","No",NA,"No",NA,"No",NA,"No",NA,"No","No","No","Yes","No",NA,"Met with business leaders to promote investment","1","https://batimes.com.ar/news/argentina/president-fernandez-puts-domestic-tensions-on-pause-with-european-tour.phtml","https://newswep.com/news/the-president-will-travel-to-france-to-meet-with-macron/","https://batimes.com.ar/news/argentina/alberto-jabs-at-cristina-as-he-talks-up-opportunities-for-europe.phtml","https://advance-lexis-com.du.idm.oclc.org/api/permalink/1d7933ab-1268-453f-aa9c-bb421713ec78/?context=1516831",NA,NA,NA,NA,NA,NA,NA,NA,NA,NA,NA,NA,NA,NA,NA,NA,NA,NA,NA,NA,NA,NA,NA,NA,NA,NA,NA,NA,NA,2022,2020,"may","Argentina","alberto fernandez","Alberto Fernandez","Alberto Fernandez (2019-2023)",3,"Bilateral","Europa","Alberto Fernandez","Argentina","Argentina",2019-12-10,2023-12-10,3,2.4,3.1,3,3,3.4,3.3,2.5,FALSE,FALSE,FALSE,TRUE,2022,"Centro",NA,NA
"2117-BOL-AUT-43537","2117","Bolivia","BOL","Latin America and the Caribbean","South America","Yes","GS","President","Morales","Evo Morales","0","Austria","AUT","Europe","Western Europe",NA,"No","No",2019,2019-03-13,2019-03-14,2,"No",NA,"Yes","President Alexander Van der Bellen","No",NA,"No",NA,"No",NA,"No",NA,"Yes","No","No","Yes","No",NA,"participated and spoke at UN Commission on Narcotic Drugs to discuss success of Bolivian drug enforcement policies;held meeting with local businessmen in Vienna","2","https://search-proquest-com.du.idm.oclc.org/central/docview/2190542776/C9EC0D71A3F54BFDPQ/6?accountid=14608","https://search-proquest-com.du.idm.oclc.org/central/docview/2191769782/1B9E5E6777A54C08PQ/1?accountid=14608","https://search-proquest-com.du.idm.oclc.org/central/docview/2191094453/C9EC0D71A3F54BFDPQ/17?accountid=14608","https://www.presidencia.gob.bo/index.php/prensa/noticias/348-morales-presenta-en-viena-exitoso-modelo-antidroga-de-bolivia-2",NA,NA,NA,NA,NA,NA,NA,NA,NA,NA,NA,NA,NA,NA,NA,NA,NA,NA,NA,NA,NA,NA,NA,NA,NA,NA,NA,NA,NA,2019,2015,"mar","Bolivia","evo morales","Evo Morales","Evo Morales (2006-2019)",14,"Bilateral","Europa","Juan Evo Morales Ayma3","Bolivia","Bolivia",2015-01-22,2019-11-10,4,4,3,5,1,4,4,4,FALSE,FALSE,FALSE,TRUE,2019,"Centro","Derecha","Bierlein"
"2117-BOL-BLR-41521","2117","Bolivia","BOL","Latin America and the Caribbean","South America","Yes","GS","President","Morales","Evo Morales","0","Belarus","BLR","Europe","Eastern Europe",NA,"No","No",2013,2013-09-04,2013-09-05,2,"No",NA,"Yes","President Alyaksandr Lukashenka","No",NA,"No",NA,"No",NA,"No",NA,"No","Yes","No","No","No",NA,NA,"1","https://search-proquest-com.du.idm.oclc.org/docview/1430221201/A1306C277A414347PQ/1?accountid=14608","http://wnc.eastview.com.du.idm.oclc.org/wnc/article?id=35931512",NA,NA,NA,NA,NA,NA,NA,NA,NA,NA,NA,NA,NA,NA,NA,NA,NA,NA,NA,NA,NA,NA,NA,NA,NA,NA,NA,NA,NA,NA,NA,2013,2010,"sep","Bolivia","evo morales","Evo Morales","Evo Morales (2006-2019)",8,"Bilateral","Europa","Juan Evo Morales Ayma2","Bolivia","Bolivia",2010-01-22,2015-01-22,2.90000009536743,3.59999990463257,2.20000004768372,2.79999995231628,1.70000004768372,4.80000019073486,4.59999990463257,3.90000009536743,FALSE,FALSE,FALSE,TRUE,2013,"Izquierda","Izquierda","Lukashenko"
"840-BOL-BEL-34983","840","Bolivia","BOL","Latin America and the Caribbean","South America","Yes","GS","President","Sanchez de Lozada","Gonzalo Sanchez de Lozada","0","Belgium","BEL","Europe","Western Europe",NA,"No","No",1995,1995-10-11,1995-10-13,3,"No",NA,"Yes","Prime Minister Jean Luc Dehaene","No",NA,"No",NA,"No",NA,"No",NA,"No","Yes","No","No","Yes","European Commission (EC) President Jacques Santer","Also me King Albert II","1","http://docs.newsbank.com.du.idm.oclc.org/openurl?ctx_ver=z39.88-2004&rft_id=info:sid/iw.newsbank.com:FBISX&rft_val_format=info:ofi/fmt:kev:mtx:ctx&rft_dat=12180E12FA70D890&svc_dat=HistArchive:fbisdoc&req_dat=756A2F2418E841258B15CB5C2C5A3A92",NA,NA,NA,NA,NA,NA,NA,NA,NA,NA,NA,NA,NA,NA,NA,NA,NA,NA,NA,NA,NA,NA,NA,NA,NA,NA,NA,NA,NA,NA,NA,NA,1995,1995,"oct","Bolivia","gonzalo sanchez de lozada","Gonzalo Sanchez de Lozada","Gonzalo Sanchez de Lozada (1993-1997; 2002-2003)",3,"Bilateral","Europa","Gonzalo Sanchez de Lozada","Bolivia","Bolivia",1993-08-06,1997-08-06,5.90000009536743,6.40000009536743,6.09999990463257,5.59999990463257,6.69999980926514,2.40000009536743,3.90000009536743,4.59999990463257,FALSE,FALSE,FALSE,TRUE,1995,"Derecha","Centro","Dehaene"
"2117-BOL-FIN-40319","2117","Bolivia","BOL","Latin America and the Caribbean","South America","Yes","GS","President","Morales","Evo Morales","0","Finland","FIN","Europe","Northern Europe",NA,"No","No",2010,2010-05-21,2010-05-22,2,"No",NA,"Yes","President Tarja Halonen","No",NA,"No",NA,"No",NA,"No",NA,"Yes","No","No","No","No",NA,NA,"1","https://search-proquest-com.du.idm.oclc.org/docview/312303233/3CD2D391B743402DPQ/1?accountid=14608","https://search-proquest-com.du.idm.oclc.org/docview/313877632/3CD2D391B743402DPQ/2?accountid=14608","http://wnc.eastview.com.du.idm.oclc.org/wnc/article?id=32312576",NA,NA,NA,NA,NA,NA,NA,NA,NA,NA,NA,NA,NA,NA,NA,NA,NA,NA,NA,NA,NA,NA,NA,NA,NA,NA,NA,NA,NA,NA,2010,2010,"may","Bolivia","evo morales","Evo Morales","Evo Morales (2006-2019)",5,"Bilateral","Europa","Juan Evo Morales Ayma2","Bolivia","Bolivia",2010-01-22,2015-01-22,2.90000009536743,3.59999990463257,2.20000004768372,2.79999995231628,1.70000004768372,4.80000019073486,4.59999990463257,3.90000009536743,FALSE,FALSE,FALSE,TRUE,2010,"Izquierda","Izquierda","Halonen"
"840-BOL-FRA-34981","840","Bolivia","BOL","Latin America and the Caribbean","South America","Yes","GS","President","Sanchez de Lozada","Gonzalo Sanchez de Lozada","0","France","FRA","Europe","Western Europe",NA,"No","No",1995,1995-10-09,1995-10-10,2,"No",NA,"Yes","President Jacques Chirac","No",NA,"No",NA,"No",NA,"No",NA,"No","No","No","No","No",NA,NA,"1","http://docs.newsbank.com.du.idm.oclc.org/openurl?ctx_ver=z39.88-2004&rft_id=info:sid/iw.newsbank.com:FBISX&rft_val_format=info:ofi/fmt:kev:mtx:ctx&rft_dat=12194B5E3AF9D2F8&svc_dat=HistArchive:fbisdoc&req_dat=756A2F2418E841258B15CB5C2C5A3A92",NA,NA,NA,NA,NA,NA,NA,NA,NA,NA,NA,NA,NA,NA,NA,NA,NA,NA,NA,NA,NA,NA,NA,NA,NA,NA,NA,NA,NA,NA,NA,NA,1995,1995,"oct","Bolivia","gonzalo sanchez de lozada","Gonzalo Sanchez de Lozada","Gonzalo Sanchez de Lozada (1993-1997; 2002-2003)",3,"Bilateral","Europa","Gonzalo Sanchez de Lozada","Bolivia","Bolivia",1993-08-06,1997-08-06,5.90000009536743,6.40000009536743,6.09999990463257,5.59999990463257,6.69999980926514,2.40000009536743,3.90000009536743,4.59999990463257,FALSE,FALSE,FALSE,TRUE,1995,"Derecha","Derecha","Chirac"
"2117-BOL-FRA-39861","2117","Bolivia","BOL","Latin America and the Caribbean","South America","Yes","GS","President","Morales","Evo Morales","0","France","FRA","Europe","Western Europe",NA,"No","No",2009,2009-02-17,2009-02-17,1,"No",NA,"Yes","President Nicolas Sarkozy","No",NA,"No",NA,"No",NA,"No",NA,"Yes","No","No","Yes","No",NA,NA,"1","https://search-proquest-com.du.idm.oclc.org/docview/433349378/2CC5B3BD94334E77PQ/6?accountid=14608","http://wnc.eastview.com.du.idm.oclc.org/wnc/article?id=32008074","http://wnc.eastview.com.du.idm.oclc.org/wnc/article?id=39644216",NA,NA,NA,NA,NA,NA,NA,NA,NA,NA,NA,NA,NA,NA,NA,NA,NA,NA,NA,NA,NA,NA,NA,NA,NA,NA,NA,NA,NA,NA,2009,2005,"feb","Bolivia","evo morales","Evo Morales","Evo Morales (2006-2019)",4,"Bilateral","Europa","Juan Evo Morales Ayma1","Bolivia","Bolivia",2006-01-22,2010-01-22,2.20000004768372,3.20000004768372,1.70000004768372,2,1.29999995231628,4.90000009536743,4.5,3.79999995231628,FALSE,FALSE,FALSE,TRUE,2009,"Izquierda","Derecha","Sarkozy"
"2117-BOL-FRA-41345","2117","Bolivia","BOL","Latin America and the Caribbean","South America","Yes","GS","President","Morales","Evo Morales","0","France","FRA","Europe","Western Europe",NA,"No","No",2013,2013-03-12,2013-03-13,2,"No",NA,"Yes","President Francois Hollande","No",NA,"No",NA,"No",NA,"No",NA,"No","No","No","Yes","No",NA,NA,"1","https://search-proquest-com.du.idm.oclc.org/docview/1315832602/D320FE8934DF4546PQ/4?accountid=14608","https://search-proquest-com.du.idm.oclc.org/docview/1316106998/D320FE8934DF4546PQ/6?accountid=14608","http://www.gettyimages.com/license/163606068",NA,NA,NA,NA,NA,NA,NA,NA,NA,NA,NA,NA,NA,NA,NA,NA,NA,NA,NA,NA,NA,NA,NA,NA,NA,NA,NA,NA,NA,NA,2013,2010,"mar","Bolivia","evo morales","Evo Morales","Evo Morales (2006-2019)",8,"Bilateral","Europa","Juan Evo Morales Ayma2","Bolivia","Bolivia",2010-01-22,2015-01-22,2.90000009536743,3.59999990463257,2.20000004768372,2.79999995231628,1.70000004768372,4.80000019073486,4.59999990463257,3.90000009536743,FALSE,FALSE,FALSE,TRUE,2013,"Izquierda","Izquierda","Hollande"
"2117-BOL-FRA-42317","2117","Bolivia","BOL","Latin America and the Caribbean","South America","Yes","GS","President","Morales","Evo Morales","0","France","FRA","Europe","Western Europe",NA,"No","No",2015,2015-11-09,2015-11-10,2,"No",NA,"Yes","President Francois Hollande","No",NA,"No",NA,"No",NA,"No",NA,"No","Yes","No","No","No",NA,NA,"1","https://search-proquest-com.du.idm.oclc.org/docview/1731820799/E1F58B1DEE73477DPQ/5?accountid=14608","https://search-proquest-com.du.idm.oclc.org/docview/1731794212/E1F58B1DEE73477DPQ/21?accountid=14608","http://www.gettyimages.com/license/496368234",NA,NA,NA,NA,NA,NA,NA,NA,NA,NA,NA,NA,NA,NA,NA,NA,NA,NA,NA,NA,NA,NA,NA,NA,NA,NA,NA,NA,NA,NA,2015,2015,"nov","Bolivia","evo morales","Evo Morales","Evo Morales (2006-2019)",10,"Bilateral","Europa","Juan Evo Morales Ayma3","Bolivia","Bolivia",2015-01-22,2019-11-10,4,4,3,5,1,4,4,4,FALSE,FALSE,FALSE,TRUE,2015,"Centro","Izquierda","Hollande"
"1245-BOL-DEU-36705","1245","Bolivia","BOL","Latin America and the Caribbean","South America","Yes","GS","President","Banzer Suarez","Hugo Banzer Suarez","0","Germany","DEU","Europe","Western Europe",NA,"No","No",2000,2000-06-28,2000-06-30,3,"No",NA,"Yes","Chancellor Gerhard Schroder","No",NA,"No",NA,"No",NA,"No",NA,"No","No","No","No","No",NA,NA,"1","http://wnc.eastview.com.du.idm.oclc.org/wnc/article?id=36868436","https://search-proquest-com.du.idm.oclc.org/docview/454436157/32F6270293464335PQ/1?accountid=14608",NA,NA,NA,NA,NA,NA,NA,NA,NA,NA,NA,NA,NA,NA,NA,NA,NA,NA,NA,NA,NA,NA,NA,NA,NA,NA,NA,NA,NA,NA,NA,2000,2000,"jun","Bolivia","hugo banzer suarez","Hugo Banzer Suarez","Hugo Banzer Suarez (1997-2001)",3,"Bilateral","Europa","Hugo Banzer Suarez","Bolivia","Bolivia",1997-08-06,2001-08-06,6.5,6.40000009536743,6.30000019073486,5.5,6.69999980926514,2.29999995231628,3,4.19999980926514,FALSE,FALSE,FALSE,TRUE,2000,"Derecha","Izquierda","Schroder"
"2117-BOL-DEU-42311","2117","Bolivia","BOL","Latin America and the Caribbean","South America","Yes","GS","President","Morales","Evo Morales","0","Germany","DEU","Europe","Western Europe",NA,"No","No",2015,2015-11-03,2015-11-06,4,"No",NA,"Yes","Chancellor Angela Merkel","No",NA,"No",NA,"No",NA,"No",NA,"Yes","Yes","No","No","No",NA,NA,"1","https://search-proquest-com.du.idm.oclc.org/docview/1730767413/C17556FDC0F14172PQ/50?accountid=14608","https://search-proquest-com.du.idm.oclc.org/docview/1729393863/A291618E0ED348A2PQ/1?accountid=14608","http://www.gettyimages.com/license/495586906","https://search-proquest-com.du.idm.oclc.org/docview/1729257757/E1F58B1DEE73477DPQ/19?accountid=14608",NA,NA,NA,NA,NA,NA,NA,NA,NA,NA,NA,NA,NA,NA,NA,NA,NA,NA,NA,NA,NA,NA,NA,NA,NA,NA,NA,NA,NA,2015,2015,"nov","Bolivia","evo morales","Evo Morales","Evo Morales (2006-2019)",10,"Bilateral","Europa","Juan Evo Morales Ayma3","Bolivia","Bolivia",2015-01-22,2019-11-10,4,4,3,5,1,4,4,4,FALSE,FALSE,FALSE,TRUE,2015,"Centro","Derecha","Merkel"
"2117-BOL-GRC-43538","2117","Bolivia","BOL","Latin America and the Caribbean","South America","Yes","GS","President","Morales","Evo Morales","0","Greece","GRC","Europe","Southern Europe",NA,"No","No",2019,2019-03-14,2019-03-15,2,"No",NA,"Yes","Prime Minister Alexis Tsipras","No",NA,"No",NA,"No",NA,"No",NA,"Yes","No","No","No","No",NA,"gave public lecture at University of Athens","1","https://www.presidencia.gob.bo/index.php/prensa/noticias/353-morales-comparte-logros-sociales-politicos-y-economicos-de-bolivia-en-conferencia-dictada-en-grecia","https://www.presidencia.gob.bo/index.php/prensa/noticias/354-morales-plantea-foro-de-fuerzas-de-izquierda-de-europa-y-america-latina-y-recibe-apoyo-de-tsipras","https://search-proquest-com.du.idm.oclc.org/central/docview/2191412067/C9EC0D71A3F54BFDPQ/2?accountid=14608","https://www.foxnews.com/world/bolivias-morales-in-greece-backs-venezuelas-maduro",NA,NA,NA,NA,NA,NA,NA,NA,NA,NA,NA,NA,NA,NA,NA,NA,NA,NA,NA,NA,NA,NA,NA,NA,NA,NA,NA,NA,NA,2019,2015,"mar","Bolivia","evo morales","Evo Morales","Evo Morales (2006-2019)",14,"Bilateral","Europa","Juan Evo Morales Ayma3","Bolivia","Bolivia",2015-01-22,2019-11-10,4,4,3,5,1,4,4,4,FALSE,FALSE,FALSE,TRUE,2019,"Centro","Derecha","Kyriakos Mitsotakis"
"2117-BOL-VAT-40315","2117","Bolivia","BOL","Latin America and the Caribbean","South America","Yes","GS","President","Morales","Evo Morales","0","Holy See","VAT","Europe","Southern Europe",NA,"No","No",2010,2010-05-17,2010-05-17,1,"No",NA,"Yes","Pope Benedict XVI","No",NA,"No",NA,"No",NA,"No",NA,"No","No","No","No","No",NA,NA,"1","https://search-proquest-com.du.idm.oclc.org/docview/288207732/12F769166A2E40F9PQ/1?accountid=14608","http://www.gettyimages.com/license/99637845",NA,NA,NA,NA,NA,NA,NA,NA,NA,NA,NA,NA,NA,NA,NA,NA,NA,NA,NA,NA,NA,NA,NA,NA,NA,NA,NA,NA,NA,NA,NA,2010,2010,"may","Bolivia","evo morales","Evo Morales","Evo Morales (2006-2019)",5,"Bilateral","Europa","Juan Evo Morales Ayma2","Bolivia","Bolivia",2010-01-22,2015-01-22,2.90000009536743,3.59999990463257,2.20000004768372,2.79999995231628,1.70000004768372,4.80000019073486,4.59999990463257,3.90000009536743,FALSE,FALSE,FALSE,TRUE,2010,"Izquierda",NA,NA
"2117-BOL-VAT-41523","2117","Bolivia","BOL","Latin America and the Caribbean","South America","Yes","GS","President","Morales","Evo Morales","0","Holy See","VAT","Europe","Southern Europe",NA,"No","No",2013,2013-09-06,2013-09-06,1,"No",NA,"Yes","Pope Francis","No",NA,"No",NA,"No",NA,"No",NA,"No","No","No","No","No",NA,NA,"1","http://wnc.eastview.com.du.idm.oclc.org/wnc/article?id=35958335","http://www.gettyimages.com/license/179652241",NA,NA,NA,NA,NA,NA,NA,NA,NA,NA,NA,NA,NA,NA,NA,NA,NA,NA,NA,NA,NA,NA,NA,NA,NA,NA,NA,NA,NA,NA,NA,2013,2010,"sep","Bolivia","evo morales","Evo Morales","Evo Morales (2006-2019)",8,"Bilateral","Europa","Juan Evo Morales Ayma2","Bolivia","Bolivia",2010-01-22,2015-01-22,2.90000009536743,3.59999990463257,2.20000004768372,2.79999995231628,1.70000004768372,4.80000019073486,4.59999990463257,3.90000009536743,FALSE,FALSE,FALSE,TRUE,2013,"Izquierda",NA,NA
"2117-BOL-VAT-43084","2117","Bolivia","BOL","Latin America and the Caribbean","South America","Yes","GS","President","Morales","Evo Morales","0","Holy See","VAT","Europe","Southern Europe",NA,"No","No",2017,2017-12-15,2017-12-16,2,"No",NA,"Yes","Pope Francis","No",NA,"No",NA,"No",NA,"No",NA,"No","No","No","No","No",NA,NA,"1","https://www.gettyimages.fr/detail/photo-d'actualit%C3%A9/pope-francis-meets-president-of-bolivia-juan-evo-photo-dactualit%C3%A9/893414168",NA,NA,NA,NA,NA,NA,NA,NA,NA,NA,NA,NA,NA,NA,NA,NA,NA,NA,NA,NA,NA,NA,NA,NA,NA,NA,NA,NA,NA,NA,NA,NA,2017,2015,"dic","Bolivia","evo morales","Evo Morales","Evo Morales (2006-2019)",12,"Bilateral","Europa","Juan Evo Morales Ayma3","Bolivia","Bolivia",2015-01-22,2019-11-10,4,4,3,5,1,4,4,4,FALSE,FALSE,FALSE,TRUE,2017,"Centro",NA,NA
"2117-BOL-VAT-43279","2117","Bolivia","BOL","Latin America and the Caribbean","South America","Yes","GS","President","Morales","Evo Morales","0","Holy See","VAT","Europe","Southern Europe",NA,"No","No",2018,2018-06-28,2018-06-30,3,"No",NA,"Yes","Pope Francis","No",NA,"No",NA,"No",NA,"No",NA,"No","No","No","No","No",NA,NA,"2","https://www.gettyimages.com/photos/evo-morales?begindate=2018-01-01&enddate=2018-12-31&events=775182160&family=editorial&phrase=Evo%20Morales&recency=daterange&sort=oldest#license","https://www.gettyimages.com/photos/evo-morales?begindate=2018-01-01&enddate=2018-12-31&events=775183460&family=editorial&phrase=Evo%20Morales&recency=daterange&sort=oldest#license","https://advance-lexis-com.du.idm.oclc.org/api/permalink/03ff8525-65a4-4239-8e8d-8b9cde206769/?context=1516831",NA,NA,NA,NA,NA,NA,NA,NA,NA,NA,NA,NA,NA,NA,NA,NA,NA,NA,NA,NA,NA,NA,NA,NA,NA,NA,NA,NA,NA,NA,2018,2015,"jun","Bolivia","evo morales","Evo Morales","Evo Morales (2006-2019)",13,"Bilateral","Europa","Juan Evo Morales Ayma3","Bolivia","Bolivia",2015-01-22,2019-11-10,4,4,3,5,1,4,4,4,FALSE,FALSE,FALSE,TRUE,2018,"Centro",NA,NA
"2117-BOL-IRL-42315","2117","Bolivia","BOL","Latin America and the Caribbean","South America","Yes","GS","President","Morales","Evo Morales","0","Ireland","IRL","Europe","Northern Europe",NA,"No","No",2015,2015-11-07,2015-11-09,3,"No",NA,"Yes","President Michael D. Higgins","No",NA,"No",NA,"No",NA,"No",NA,"No","No","No","No","No",NA,NA,"1","https://search-proquest-com.du.idm.oclc.org/docview/1731602043/C17556FDC0F14172PQ/2?accountid=14608","https://search-proquest-com.du.idm.oclc.org/docview/1731714162/30F5F154398B45CDPQ/7?accountid=14608","https://search-proquest-com.du.idm.oclc.org/docview/1731731495/30F5F154398B45CDPQ/3?accountid=14608",NA,NA,NA,NA,NA,NA,NA,NA,NA,NA,NA,NA,NA,NA,NA,NA,NA,NA,NA,NA,NA,NA,NA,NA,NA,NA,NA,NA,NA,NA,2015,2015,"nov","Bolivia","evo morales","Evo Morales","Evo Morales (2006-2019)",10,"Bilateral","Europa","Juan Evo Morales Ayma3","Bolivia","Bolivia",2015-01-22,2019-11-10,4,4,3,5,1,4,4,4,FALSE,FALSE,FALSE,TRUE,2015,"Centro","Derecha","E. Kenny"
"1245-BOL-ITA-36703","1245","Bolivia","BOL","Latin America and the Caribbean","South America","Yes","GS","President","Banzer Suarez","Hugo Banzer Suarez","0","Italy","ITA","Europe","Southern Europe",NA,"No","No",2000,2000-06-26,2000-06-27,2,"No",NA,"Yes","President Carlo Azeglio Ciampi","No",NA,"No",NA,"No",NA,"No",NA,"No","No","No","No","No",NA,"Purpose of visit unknown;trip dates not explicit [PE-Latam 2026-08-30: MetHostHoGS corregido de 'No' a 'Yes'. Fuente: https://archivio.quirinale.it/aspr/fotografico;jsessionid=C5B1C1887829837A057F8AC6921BEC7E/PHOTO-003-038994/presidente/carlo-azeglio-ciampi/il-preside] [PE-Latam 2026-08-30: HostHOGSName corregido de '' a 'President Carlo Azeglio Ciampi'. Fuente: https://archivio.quirinale.it/aspr/fotografico;jsessionid=C5B1C1887829837A057F8AC6921BEC7E/PHOTO-003-038994/presidente/carlo-azeglio-ciampi/il-preside] [PE-Latam 2026-08-30: revisado, TripStartDate/TripEndDate queda No_verificable -Se confirmo que el viaje a Italia ocurrio (reunion con el presidente Ciampi, ver correccion de MetHostHoGS/HostHOGSName), pero no se hallo una fuente -]","3","http://wnc.eastview.com.du.idm.oclc.org/wnc/article?id=36868436",NA,NA,NA,NA,NA,NA,NA,NA,NA,NA,NA,NA,NA,NA,NA,NA,NA,NA,NA,NA,NA,NA,NA,NA,NA,NA,NA,NA,NA,NA,NA,NA,2000,2000,"jun","Bolivia","hugo banzer suarez","Hugo Banzer Suarez","Hugo Banzer Suarez (1997-2001)",3,"Bilateral","Europa","Hugo Banzer Suarez","Bolivia","Bolivia",1997-08-06,2001-08-06,6.5,6.40000009536743,6.30000019073486,5.5,6.69999980926514,2.29999995231628,3,4.19999980926514,FALSE,FALSE,FALSE,TRUE,2000,"Derecha","Izquierda","Amato"
"2117-BOL-ITA-39383","2117","Bolivia","BOL","Latin America and the Caribbean","South America","Yes","GS","President","Morales","Evo Morales","0","Italy","ITA","Europe","Southern Europe",NA,"No","No",2007,2007-10-28,2007-10-30,3,"No",NA,"Yes","Prime Minister Romano Prodi","No",NA,"No",NA,"No",NA,"No",NA,"Yes","No","No","Yes","No",NA,"Also met President Giorgio Napolitano","1","http://wnc.eastview.com.du.idm.oclc.org/wnc/article?id=32112714","http://wnc.eastview.com.du.idm.oclc.org/wnc/article?id=32102906","http://wnc.eastview.com.du.idm.oclc.org/wnc/article?id=32256191","https://search-proquest-com.du.idm.oclc.org/docview/460174419/CEE46D979B5B43FDPQ/4?accountid=14608",NA,NA,NA,NA,NA,NA,NA,NA,NA,NA,NA,NA,NA,NA,NA,NA,NA,NA,NA,NA,NA,NA,NA,NA,NA,NA,NA,NA,NA,2007,2005,"oct","Bolivia","evo morales","Evo Morales","Evo Morales (2006-2019)",2,"Bilateral","Europa","Juan Evo Morales Ayma1","Bolivia","Bolivia",2006-01-22,2010-01-22,2.20000004768372,3.20000004768372,1.70000004768372,2,1.29999995231628,4.90000009536743,4.5,3.79999995231628,FALSE,FALSE,FALSE,TRUE,2007,"Izquierda","Izquierda","Prodi"
"2117-BOL-ITA-41522","2117","Bolivia","BOL","Latin America and the Caribbean","South America","Yes","GS","President","Morales","Evo Morales","0","Italy","ITA","Europe","Southern Europe",NA,"No","No",2013,2013-09-05,2013-09-05,1,"No",NA,"Yes","President Giorgio Napolitano","No",NA,"No",NA,"No",NA,"No",NA,"No","No","No","No","No",NA,NA,"1","http://wnc.eastview.com.du.idm.oclc.org/wnc/article?id=35938056","http://www.gettyimages.com/license/179551869",NA,NA,NA,NA,NA,NA,NA,NA,NA,NA,NA,NA,NA,NA,NA,NA,NA,NA,NA,NA,NA,NA,NA,NA,NA,NA,NA,NA,NA,NA,NA,2013,2010,"sep","Bolivia","evo morales","Evo Morales","Evo Morales (2006-2019)",8,"Bilateral","Europa","Juan Evo Morales Ayma2","Bolivia","Bolivia",2010-01-22,2015-01-22,2.90000009536743,3.59999990463257,2.20000004768372,2.79999995231628,1.70000004768372,4.80000019073486,4.59999990463257,3.90000009536743,FALSE,FALSE,FALSE,TRUE,2013,"Izquierda","Izquierda","Letta"
"840-BOL-NLD-35199","840","Bolivia","BOL","Latin America and the Caribbean","South America","Yes","GS","President","Sanchez de Lozada","Gonzalo Sanchez de Lozada","0","Netherlands","NLD","Europe","Western Europe",NA,"No","No",1996,1996-05-14,1996-05-17,4,"No",NA,"Yes","Prime Minister Wim Kok","No",NA,"No",NA,"No",NA,"No",NA,"No","No","No","Yes","No",NA,"Also met with Queen Beatrix","1","http://docs.newsbank.com.du.idm.oclc.org/openurl?ctx_ver=z39.88-2004&rft_id=info:sid/iw.newsbank.com:FBISX&rft_val_format=info:ofi/fmt:kev:mtx:ctx&rft_dat=121F7F15353189D8&svc_dat=HistArchive:fbisdoc&req_dat=756A2F2418E841258B15CB5C2C5A3A92","http://docs.newsbank.com.du.idm.oclc.org/openurl?ctx_ver=z39.88-2004&rft_id=info:sid/iw.newsbank.com:FBISX&rft_val_format=info:ofi/fmt:kev:mtx:ctx&rft_dat=1217F3C0A1E16E70&svc_dat=HistArchive:fbisdoc&req_dat=756A2F2418E841258B15CB5C2C5A3A92",NA,NA,NA,NA,NA,NA,NA,NA,NA,NA,NA,NA,NA,NA,NA,NA,NA,NA,NA,NA,NA,NA,NA,NA,NA,NA,NA,NA,NA,NA,NA,1996,1995,"may","Bolivia","gonzalo sanchez de lozada","Gonzalo Sanchez de Lozada","Gonzalo Sanchez de Lozada (1993-1997; 2002-2003)",3,"Bilateral","Europa","Gonzalo Sanchez de Lozada","Bolivia","Bolivia",1993-08-06,1997-08-06,5.90000009536743,6.40000009536743,6.09999990463257,5.59999990463257,6.69999980926514,2.40000009536743,3.90000009536743,4.59999990463257,FALSE,FALSE,FALSE,TRUE,1996,"Derecha","Izquierda","Kok"
"2117-BOL-NLD-39048","2117","Bolivia","BOL","Latin America and the Caribbean","South America","Yes","GS","President","Morales","Evo Morales","0","Netherlands","NLD","Europe","Western Europe",NA,"No","No",2006,2006-11-27,2006-11-28,2,"No",NA,"Yes","Queen Beatrix","No",NA,"No",NA,"No",NA,"No",NA,"No","No","No","Yes","No",NA,NA,"1","https://search-proquest-com.du.idm.oclc.org/docview/249948258/F3AF2A0EF214B5BPQ/4?accountid=14608","http://wnc.eastview.com.du.idm.oclc.org/wnc/article?id=33285030","http://www.gettyimages.com/license/72651168",NA,NA,NA,NA,NA,NA,NA,NA,NA,NA,NA,NA,NA,NA,NA,NA,NA,NA,NA,NA,NA,NA,NA,NA,NA,NA,NA,NA,NA,NA,2006,2005,"nov","Bolivia","evo morales","Evo Morales","Evo Morales (2006-2019)",1,"Bilateral","Europa","Juan Evo Morales Ayma1","Bolivia","Bolivia",2006-01-22,2010-01-22,2.20000004768372,3.20000004768372,1.70000004768372,2,1.29999995231628,4.90000009536743,4.5,3.79999995231628,FALSE,FALSE,FALSE,TRUE,2006,"Izquierda","Centro","Jan Peter Balkenende"
"2117-BOL-RUS-39859","2117","Bolivia","BOL","Latin America and the Caribbean","South America","Yes","GS","President","Morales","Evo Morales","0","Russia","RUS","Europe","Eastern Europe",NA,"No","No",2009,2009-02-15,2009-02-16,2,"No",NA,"Yes","President Dmitry Medvedev","No",NA,"No",NA,"No",NA,"No",NA,"No","Yes","Yes","No","No",NA,"Laid a wreath at the tomb of the unknown soldier","1","https://search-proquest-com.du.idm.oclc.org/docview/223211224/2CC5B3BD94334E77PQ/3?accountid=14608","https://search-proquest-com.du.idm.oclc.org/docview/444074336/2CC5B3BD94334E77PQ/4?accountid=14608","http://www.gettyimages.com/license/84813933","http://www.gettyimages.com/license/84814950",NA,NA,NA,NA,NA,NA,NA,NA,NA,NA,NA,NA,NA,NA,NA,NA,NA,NA,NA,NA,NA,NA,NA,NA,NA,NA,NA,NA,NA,2009,2005,"feb","Bolivia","evo morales","Evo Morales","Evo Morales (2006-2019)",4,"Bilateral","Europa","Juan Evo Morales Ayma1","Bolivia","Bolivia",2006-01-22,2010-01-22,2.20000004768372,3.20000004768372,1.70000004768372,2,1.29999995231628,4.90000009536743,4.5,3.79999995231628,FALSE,FALSE,FALSE,TRUE,2009,"Izquierda","Derecha","Putin"
"2117-BOL-RUS-43263","2117","Bolivia","BOL","Latin America and the Caribbean","South America","Yes","GS","President","Morales","Evo Morales","0","Russia","RUS","Europe","Eastern Europe",NA,"No","No",2018,2018-06-12,2018-06-15,4,"No",NA,"Yes","President Vladimir Putin","No",NA,"No",NA,"No",NA,"No",NA,"No","Yes","Yes","Yes","No",NA,"Attended the opening of the World Cup","2","https://www.gettyimages.com/photos/evo-morales?begindate=2018-01-01&enddate=2018-12-31&events=775137941&family=editorial&phrase=Evo%20Morales&recency=daterange&sort=oldest#license","https://advance-lexis-com.du.idm.oclc.org/api/permalink/835e771b-51a1-4077-9e2e-a04e4398574f/?context=1516831","https://advance-lexis-com.du.idm.oclc.org/api/permalink/69aa6047-0a67-4bc6-b0c8-b1101ba1dc7f/?context=1516831","https://advance-lexis-com.du.idm.oclc.org/api/permalink/70b90004-65fa-4c72-901b-cb6da0a7a990/?context=1516831",NA,NA,NA,NA,NA,NA,NA,NA,NA,NA,NA,NA,NA,NA,NA,NA,NA,NA,NA,NA,NA,NA,NA,NA,NA,NA,NA,NA,NA,2018,2015,"jun","Bolivia","evo morales","Evo Morales","Evo Morales (2006-2019)",13,"Bilateral","Europa","Juan Evo Morales Ayma3","Bolivia","Bolivia",2015-01-22,2019-11-10,4,4,3,5,1,4,4,4,FALSE,FALSE,FALSE,TRUE,2018,"Centro","Derecha","Putin"
"2117-BOL-RUS-43657","2117","Bolivia","BOL","Latin America and the Caribbean","South America","Yes","GS","President","Morales","Evo Morales","0","Russia","RUS","Europe","Eastern Europe",NA,"No","No",2019,2019-07-11,2019-07-12,2,"No",NA,"Yes","President Vladimir Putin","No",NA,"No",NA,"No",NA,"No",NA,"No","Yes","No","No","No",NA,"awarded Doctor Honoris Causa from the Russian University of Peoples' Friendship;signed variety of bilateral agreements","1","https://www.presidencia.gob.bo/index.php/prensa/noticias/696-morales-y-putin-coinciden-que-injerencia-en-asuntos-soberanos-de-venezuela-es-inaceptable","https://www.presidencia.gob.bo/index.php/prensa/noticias/695-morales-aboga-por-la-ciudadania-universal-y-un-planeta-plurinacional-en-reunion-con-putin","https://www.presidencia.gob.bo/index.php/prensa/noticias/693-universidad-rusa-de-la-amistad-de-los-pueblos-entrega-doctor-honoris-causa-a-presidente-boliviano-2","https://www.presidencia.gob.bo/index.php/prensa/noticias/694-morales-inicia-reunion-bilateral-con-su-homologo-ruso-vladimir-putin-para-repasar-agenda-bilateral","http://en.kremlin.ru/events/president/news/60980",NA,NA,NA,NA,NA,NA,NA,NA,NA,NA,NA,NA,NA,NA,NA,NA,NA,NA,NA,NA,NA,NA,NA,NA,NA,NA,NA,NA,2019,2015,"jul","Bolivia","evo morales","Evo Morales","Evo Morales (2006-2019)",14,"Bilateral","Europa","Juan Evo Morales Ayma3","Bolivia","Bolivia",2015-01-22,2019-11-10,4,4,3,5,1,4,4,4,FALSE,FALSE,FALSE,TRUE,2019,"Centro","Derecha","Putin"
"3766-BOL-RUS-45447","3766","Bolivia","BOL","Latin America and the Caribbean","South America","Yes","GS","President","Arce","Luis Arce","0","Russia","RUS","Europe","Eastern Europe",NA,"No","No",2024,2024-06-04,2024-06-07,4,"No",NA,"Yes","President Vladimir Putin","No",NA,"No",NA,"No",NA,"No",NA,"No","No","No","Yes","No",NA,"Met with President Vladimir Putin to discuss Russian-Bolivian cooperation in the trade, economic, cultural and humanitarian fields;also discussed Bolivia's possible accession to the BRICS bloc;attended St. Petersburg Economic Forum [PE-Latam 2026-08-30: TripEndDate corregido de '2024-06-08' a '2024-06-07'. Fuente: https://ahoraelpueblo.bo/index.php/nacional/politica/arce-regresa-a-bolivia-tras-asegurar-nueve-acuerdos-con-rusia-en-beneficio-del-pais; https://abi.] [PE-Latam 2026-08-30: TripDuration corregido de '5' a '4'. Fuente: https://ahoraelpueblo.bo/index.php/nacional/politica/arce-regresa-a-bolivia-tras-asegurar-nueve-acuerdos-con-rusia-en-beneficio-del-pais]","1","https://advance-lexis-com.du.idm.oclc.org/document/?pdmfid=1516831&crid=2662e7b0-961f-4338-a296-002343985f80&pddocfullpath=%2Fshared%2Fdocument%2Fnews%2Furn%3AcontentItem%3A6C63-DNC1-JCG7-84TV-00000-00&pdcontentcomponentid=443607&pdteaserkey=sr0&pditab=allpods&ecomp=hmnyk&earg=sr0&prid=005f15f5-97a8-46a5-b143-5b3df5e73a26","https://advance-lexis-com.du.idm.oclc.org/document/?pdmfid=1516831&crid=d68e7f7b-cfdf-4ff8-a7e1-a4d64b72807c&pddocfullpath=%2Fshared%2Fdocument%2Fnews%2Furn%3AcontentItem%3A6C63-DN81-JCG7-8189-00000-00&pdcontentcomponentid=443607&pdteaserkey=sr2&pditab=allpods&ecomp=hmnyk&earg=sr2&prid=005f15f5-97a8-46a5-b143-5b3df5e73a26","https://advance-lexis-com.du.idm.oclc.org/document/?pdmfid=1516831&crid=f7e90550-2cad-4d33-ac41-669f62191a86&pddocfullpath=%2Fshared%2Fdocument%2Fnews%2Furn%3AcontentItem%3A6C69-DD11-JCG7-841T-00000-00&pdcontentcomponentid=443607&pdteaserkey=sr1&pditab=allpods&ecomp=hmnyk&earg=sr1&prid=005f15f5-97a8-46a5-b143-5b3df5e73a26",NA,NA,NA,NA,NA,NA,NA,NA,NA,NA,NA,NA,NA,NA,NA,NA,NA,NA,NA,NA,NA,NA,NA,NA,NA,NA,NA,NA,NA,NA,2024,2020,"jun","Bolivia","luis arce","Luis Arce","Luis Arce (2020-2025)",4,"Bilateral","Europa","Luis Arce","Bolivia","Bolivia",2020-11-08,2025-11-08,5,4,4,5,2,4,4,3,FALSE,FALSE,FALSE,TRUE,2024,"Derecha",NA,NA
"2117-BOL-ESP-40069","2117","Bolivia","BOL","Latin America and the Caribbean","South America","Yes","GS","President","Morales","Evo Morales","0","Spain","ESP","Europe","Southern Europe",NA,"No","No",2009,2009-09-13,2009-09-15,3,"No",NA,"Yes","Prime Minister Jose Luis Rodriguez Zapatero","No",NA,"No",NA,"No",NA,"No",NA,"No","Yes","No","Yes","No",NA,"Also met King Juan Carlos II","1","http://wnc.eastview.com.du.idm.oclc.org/wnc/article?id=32433477","http://wnc.eastview.com.du.idm.oclc.org/wnc/article?id=32463170","http://wnc.eastview.com.du.idm.oclc.org/wnc/article?id=32404780",NA,NA,NA,NA,NA,NA,NA,NA,NA,NA,NA,NA,NA,NA,NA,NA,NA,NA,NA,NA,NA,NA,NA,NA,NA,NA,NA,NA,NA,NA,2009,2005,"sep","Bolivia","evo morales","Evo Morales","Evo Morales (2006-2019)",4,"Bilateral","Europa","Juan Evo Morales Ayma1","Bolivia","Bolivia",2006-01-22,2010-01-22,2.20000004768372,3.20000004768372,1.70000004768372,2,1.29999995231628,4.90000009536743,4.5,3.79999995231628,FALSE,FALSE,FALSE,TRUE,2009,"Izquierda","Izquierda","Rodriguez Zapatero"
"2117-BOL-ESP-41252","2117","Bolivia","BOL","Latin America and the Caribbean","South America","Yes","GS","President","Morales","Evo Morales","0","Spain","ESP","Europe","Southern Europe",NA,"No","No",2012,2012-12-09,2012-12-14,6,"No",NA,"Yes","Prime Minister Mariano Rajoy","No",NA,"No",NA,"No",NA,"No",NA,"No","No","No","No","No",NA,NA,"1","http://wnc.eastview.com.du.idm.oclc.org/wnc/article?id=30116377","http://wnc.eastview.com.du.idm.oclc.org/wnc/article?id=30175383","http://wnc.eastview.com.du.idm.oclc.org/wnc/article?id=30187930",NA,NA,NA,NA,NA,NA,NA,NA,NA,NA,NA,NA,NA,NA,NA,NA,NA,NA,NA,NA,NA,NA,NA,NA,NA,NA,NA,NA,NA,NA,2012,2010,"dic","Bolivia","evo morales","Evo Morales","Evo Morales (2006-2019)",7,"Bilateral","Europa","Juan Evo Morales Ayma2","Bolivia","Bolivia",2010-01-22,2015-01-22,2.90000009536743,3.59999990463257,2.20000004768372,2.79999995231628,1.70000004768372,4.80000019073486,4.59999990463257,3.90000009536743,FALSE,FALSE,FALSE,TRUE,2012,"Izquierda","Derecha","Rajoy Brey"
"2117-BOL-ESP-41520","2117","Bolivia","BOL","Latin America and the Caribbean","South America","Yes","GS","President","Morales","Evo Morales","0","Spain","ESP","Europe","Southern Europe",NA,"No","No",2013,2013-09-03,2013-09-04,2,"No",NA,"Yes","Prime Minister Mariano Rajoy","No",NA,"No",NA,"No",NA,"No",NA,"No","No","No","No","No",NA,"Also met King Juan Carlos II","1","http://wnc.eastview.com.du.idm.oclc.org/wnc/article?id=38340262","http://www.gettyimages.com/license/179431580",NA,NA,NA,NA,NA,NA,NA,NA,NA,NA,NA,NA,NA,NA,NA,NA,NA,NA,NA,NA,NA,NA,NA,NA,NA,NA,NA,NA,NA,NA,NA,2013,2010,"sep","Bolivia","evo morales","Evo Morales","Evo Morales (2006-2019)",8,"Bilateral","Europa","Juan Evo Morales Ayma2","Bolivia","Bolivia",2010-01-22,2015-01-22,2.90000009536743,3.59999990463257,2.20000004768372,2.79999995231628,1.70000004768372,4.80000019073486,4.59999990463257,3.90000009536743,FALSE,FALSE,FALSE,TRUE,2013,"Izquierda","Derecha","Rajoy Brey"
"2117-BOL-ESP-43174","2117","Bolivia","BOL","Latin America and the Caribbean","South America","Yes","GS","President","Morales","Evo Morales","0","Spain","ESP","Europe","Southern Europe",NA,"No","No",2018,2018-03-15,2018-03-16,2,"No",NA,"Yes","Prime Minister Mariano Rajoy","No",NA,"No",NA,"No",NA,"No",NA,"No","No","No","Yes","No",NA,"met with King Philip VI","2","https://www.gettyimages.com/photos/evo-morales?begindate=2018-01-01&enddate=2018-12-31&events=775138937&family=editorial&phrase=Evo%20Morales&recency=daterange&sort=newest#license","https://www.gettyimages.com/photos/evo-morales?begindate=2018-01-01&enddate=2018-12-31&events=775138937&family=editorial&phrase=Evo%20Morales&recency=daterange&sort=newest#license","https://advance-lexis-com.du.idm.oclc.org/api/permalink/078c59bd-a9c5-4f39-9147-aa8aacfe87a0/?context=1516831","https://advance-lexis-com.du.idm.oclc.org/api/permalink/130b3b6a-a5c6-4b0e-a7ad-c87102d64c95/?context=1516831","https://advance-lexis-com.du.idm.oclc.org/api/permalink/29fd7d0a-d379-4ef0-aaca-ce107bfced5e/?context=1516831","https://www.gettyimages.com/detail/news-photo/king-felipe-vi-of-spain-meets-president-of-bolivia-evo-news-photo/932780916?adppopup=true",NA,NA,NA,NA,NA,NA,NA,NA,NA,NA,NA,NA,NA,NA,NA,NA,NA,NA,NA,NA,NA,NA,NA,NA,NA,NA,NA,2018,2015,"mar","Bolivia","evo morales","Evo Morales","Evo Morales (2006-2019)",13,"Bilateral","Europa","Juan Evo Morales Ayma3","Bolivia","Bolivia",2015-01-22,2019-11-10,4,4,3,5,1,4,4,4,FALSE,FALSE,FALSE,TRUE,2018,"Centro","Izquierda","Sanchez"
"840-BOL-SWE-35197","840","Bolivia","BOL","Latin America and the Caribbean","South America","Yes","GS","President","Sanchez de Lozada","Gonzalo Sanchez de Lozada","0","Sweden","SWE","Europe","Northern Europe",NA,"No","No",1996,1996-05-12,1996-05-13,2,"No",NA,"Yes","King Carl XVI Gustaf","No",NA,"No",NA,"No",NA,"No",NA,"No","Yes","No","Yes","No",NA,NA,"1","http://docs.newsbank.com.du.idm.oclc.org/openurl?ctx_ver=z39.88-2004&rft_id=info:sid/iw.newsbank.com:FBISX&rft_val_format=info:ofi/fmt:kev:mtx:ctx&rft_dat=121F7BBF675C1C60&svc_dat=HistArchive:fbisdoc&req_dat=756A2F2418E841258B15CB5C2C5A3A92","http://docs.newsbank.com.du.idm.oclc.org/openurl?ctx_ver=z39.88-2004&rft_id=info:sid/iw.newsbank.com:FBISX&rft_val_format=info:ofi/fmt:kev:mtx:ctx&rft_dat=121F7F15353189D8&svc_dat=HistArchive:fbisdoc&req_dat=756A2F2418E841258B15CB5C2C5A3A92","http://docs.newsbank.com.du.idm.oclc.org/openurl?ctx_ver=z39.88-2004&rft_id=info:sid/iw.newsbank.com:FBISX&rft_val_format=info:ofi/fmt:kev:mtx:ctx&rft_dat=1217F3C0A1E16E70&svc_dat=HistArchive:fbisdoc&req_dat=756A2F2418E841258B15CB5C2C5A3A92",NA,NA,NA,NA,NA,NA,NA,NA,NA,NA,NA,NA,NA,NA,NA,NA,NA,NA,NA,NA,NA,NA,NA,NA,NA,NA,NA,NA,NA,NA,1996,1995,"may","Bolivia","gonzalo sanchez de lozada","Gonzalo Sanchez de Lozada","Gonzalo Sanchez de Lozada (1993-1997; 2002-2003)",3,"Bilateral","Europa","Gonzalo Sanchez de Lozada","Bolivia","Bolivia",1993-08-06,1997-08-06,5.90000009536743,6.40000009536743,6.09999990463257,5.59999990463257,6.69999980926514,2.40000009536743,3.90000009536743,4.59999990463257,FALSE,FALSE,FALSE,TRUE,1996,"Derecha","Izquierda","Persson"
"1780-BRA-BEL-39268","1780","Brazil","BRA","Latin America and the Caribbean","South America","Yes","GS","President","Lula da Silva","Luiz Inacio Lula da Silva","0","Belgium","BEL","Europe","Western Europe","Brussels","No","No",2007,2007-07-05,2007-07-05,1,"No",NA,"Yes","Prime Minister Guy Verhofstadt","No",NA,"No",NA,"No",NA,"No",NA,"No","Yes","No","No","No",NA,NA,"1","http://wwwbibliotecapresidenciagovbr/presidencia/ex-presidentes/luiz-inacio-lula-da-silva/viagens/viagens-internacionais-2o-mandato/viagens-internacionais-2007pdf/view",NA,NA,NA,NA,NA,NA,NA,NA,NA,NA,NA,NA,NA,NA,NA,NA,NA,NA,NA,NA,NA,NA,NA,NA,NA,NA,NA,NA,NA,NA,NA,NA,2007,2005,"jul","Brasil","luiz inacio lula da silva","Luiz Inacio Lula da Silva","Luiz Inacio Lula da Silva (2003-2011; 2023-2025)",5,"Bilateral","Europa","Luiz Inacio Lula da Silva2","Brasil","Brazil",2007-01-01,2011-01-01,2.55999994277954,3.22000002861023,2.10999989509583,3.22000002861023,2.10999989509583,4.32999992370605,4.78000020980835,4.32999992370605,FALSE,FALSE,FALSE,TRUE,2007,"Izquierda","Derecha","Verhofstadt"
"1780-BRA-BEL-40089","1780","Brazil","BRA","Latin America and the Caribbean","South America","Yes","GS","President","Lula da Silva","Luiz Inacio Lula da Silva","0","Belgium","BEL","Europe","Western Europe","Brussels","No","No",2009,2009-10-03,2009-10-05,3,"No",NA,"Yes","Prime Minister Herman Van Rompuy","No",NA,"No",NA,"No",NA,"No",NA,"No","Yes","No","Yes","No",NA,"Also met King Alberto II","1","http://wwwbibliotecapresidenciagovbr/presidencia/ex-presidentes/luiz-inacio-lula-da-silva/viagens/viagens-internacionais-2o-mandato/viagens-internacionais-2009pdf/view",NA,NA,NA,NA,NA,NA,NA,NA,NA,NA,NA,NA,NA,NA,NA,NA,NA,NA,NA,NA,NA,NA,NA,NA,NA,NA,NA,NA,NA,NA,NA,NA,2009,2005,"oct","Brasil","luiz inacio lula da silva","Luiz Inacio Lula da Silva","Luiz Inacio Lula da Silva (2003-2011; 2023-2025)",7,"Bilateral","Europa","Luiz Inacio Lula da Silva2","Brasil","Brazil",2007-01-01,2011-01-01,2.55999994277954,3.22000002861023,2.10999989509583,3.22000002861023,2.10999989509583,4.32999992370605,4.78000020980835,4.32999992370605,FALSE,FALSE,FALSE,TRUE,2009,"Izquierda","Centro","Leterme"
"2652-BRA-BEL-41693","2652","Brazil","BRA","Latin America and the Caribbean","South America","Yes","GS","President","Rousseff","Dilma Rousseff","0","Belgium","BEL","Europe","Western Europe","Bruselas","No","No",2014,2014-02-23,2014-02-24,2,"No",NA,"Yes","Prime Minister Elio Di Rupo","No",NA,"No",NA,"No",NA,"No",NA,"No","No","No","Yes","Yes","European Council President Herman Van Rompuy",NA,"1","http://www2.planalto.gov.br/area-de-imprensa/relatorios-da-secretaria-de-imprensa/viagens-internacionais-2014/view",NA,NA,NA,NA,NA,NA,NA,NA,NA,NA,NA,NA,NA,NA,NA,NA,NA,NA,NA,NA,NA,NA,NA,NA,NA,NA,NA,NA,NA,NA,NA,NA,2014,2010,"feb","Brasil","dilma rousseff","Dilma Rousseff","Dilma Rousseff (2011-2016)",4,"Bilateral","Europa","Dilma Rousseff","Brasil","Brazil",2011-01-01,2015-01-01,3,3.44000005722046,2.89000010490417,3.10999989509583,2.44000005722046,3.89000010490417,2.89000010490417,3.77999997138977,FALSE,FALSE,FALSE,TRUE,2014,"Centro","Derecha","Charles Michel"
"2652-BRA-BGR-40821","2652","Brazil","BRA","Latin America and the Caribbean","South America","Yes","GS","President","Rousseff","Dilma Rousseff","0","Bulgaria","BGR","Europe","Eastern Europe","Sofia","No","No",2011,2011-10-05,2011-10-06,2,"No",NA,"Yes","President Georgi Purvanov","No",NA,"No",NA,"No",NA,"No",NA,"Yes","Yes","Yes","Yes","No",NA,"Also met Prime Minister  Boiko Borisov and visited Fort Tsarevets","1","http://www2.planalto.gov.br/area-de-imprensa/relatorios-da-secretaria-de-imprensa/viagens-internacionais-2011/view",NA,NA,NA,NA,NA,NA,NA,NA,NA,NA,NA,NA,NA,NA,NA,NA,NA,NA,NA,NA,NA,NA,NA,NA,NA,NA,NA,NA,NA,NA,NA,NA,2011,2010,"oct","Brasil","dilma rousseff","Dilma Rousseff","Dilma Rousseff (2011-2016)",1,"Bilateral","Europa","Dilma Rousseff","Brasil","Brazil",2011-01-01,2015-01-01,3,3.44000005722046,2.89000010490417,3.10999989509583,2.44000005722046,3.89000010490417,2.89000010490417,3.77999997138977,FALSE,FALSE,FALSE,TRUE,2011,"Centro","Derecha","Boyko Borisov"
"1780-BRA-CZE-39549","1780","Brazil","BRA","Latin America and the Caribbean","South America","Yes","GS","President","Lula da Silva","Luiz Inacio Lula da Silva","0","Czechia","CZE","Europe","Eastern Europe","Praga","No","No",2008,2008-04-11,2008-04-12,2,"No",NA,"Yes","President Vaclav Klaus","No",NA,"No",NA,"No",NA,"No",NA,"Yes","Yes","Yes","No","No",NA,"Visited the Strahov Monastery","1","http://wwwbibliotecapresidenciagovbr/presidencia/ex-presidentes/luiz-inacio-lula-da-silva/viagens/viagens-internacionais-2o-mandato/viagens-internacionais-2008pdf/view","http://www.itamaraty.gov.br/images/ed_biblioteca/resenhas_peb/Resenha_N102_1Sem_2008.pdf",NA,NA,NA,NA,NA,NA,NA,NA,NA,NA,NA,NA,NA,NA,NA,NA,NA,NA,NA,NA,NA,NA,NA,NA,NA,NA,NA,NA,NA,NA,NA,2008,2005,"abr","Brasil","luiz inacio lula da silva","Luiz Inacio Lula da Silva","Luiz Inacio Lula da Silva (2003-2011; 2023-2025)",6,"Bilateral","Europa","Luiz Inacio Lula da Silva2","Brasil","Brazil",2007-01-01,2011-01-01,2.55999994277954,3.22000002861023,2.10999989509583,3.22000002861023,2.10999989509583,4.32999992370605,4.78000020980835,4.32999992370605,FALSE,FALSE,FALSE,TRUE,2008,"Izquierda","Derecha","Topolanek"
"1780-BRA-DNK-39337","1780","Brazil","BRA","Latin America and the Caribbean","South America","Yes","GS","President","Lula da Silva","Luiz Inacio Lula da Silva","0","Denmark","DNK","Europe","Northern Europe","Copenhagen","No","No",2007,2007-09-12,2007-09-13,2,"No",NA,"Yes","Prime Minister Anders Fogh Rasmussen","No",NA,"No",NA,"No",NA,"No",NA,"No","Yes","No","Yes","No",NA,NA,"1","http://wwwbibliotecapresidenciagovbr/presidencia/ex-presidentes/luiz-inacio-lula-da-silva/viagens/viagens-internacionais-2o-mandato/viagens-internacionais-2007pdf/view",NA,NA,NA,NA,NA,NA,NA,NA,NA,NA,NA,NA,NA,NA,NA,NA,NA,NA,NA,NA,NA,NA,NA,NA,NA,NA,NA,NA,NA,NA,NA,NA,2007,2005,"sep","Brasil","luiz inacio lula da silva","Luiz Inacio Lula da Silva","Luiz Inacio Lula da Silva (2003-2011; 2023-2025)",5,"Bilateral","Europa","Luiz Inacio Lula da Silva2","Brasil","Brazil",2007-01-01,2011-01-01,2.55999994277954,3.22000002861023,2.10999989509583,3.22000002861023,2.10999989509583,4.32999992370605,4.78000020980835,4.32999992370605,FALSE,FALSE,FALSE,TRUE,2007,"Izquierda","Derecha","Fogh Rasmussen"
"1780-BRA-DNK-40085","1780","Brazil","BRA","Latin America and the Caribbean","South America","Yes","GS","President","Lula da Silva","Luiz Inacio Lula da Silva","0","Denmark","DNK","Europe","Northern Europe","Copenhagen","No","No",2009,2009-09-29,2009-10-03,5,"No",NA,"Yes","Prime Minister Lars Lokke Rasmussen","No",NA,"No",NA,"No",NA,"No",NA,"Yes","Yes","No","No","No",NA,NA,"1","http://wwwbibliotecapresidenciagovbr/presidencia/ex-presidentes/luiz-inacio-lula-da-silva/viagens/viagens-internacionais-2o-mandato/viagens-internacionais-2009pdf/view","http://www.itamaraty.gov.br/images/ed_biblioteca/resenhas_peb/resenha105_2_2009.pdf",NA,NA,NA,NA,NA,NA,NA,NA,NA,NA,NA,NA,NA,NA,NA,NA,NA,NA,NA,NA,NA,NA,NA,NA,NA,NA,NA,NA,NA,NA,NA,2009,2005,"sep","Brasil","luiz inacio lula da silva","Luiz Inacio Lula da Silva","Luiz Inacio Lula da Silva (2003-2011; 2023-2025)",7,"Bilateral","Europa","Luiz Inacio Lula da Silva2","Brasil","Brazil",2007-01-01,2011-01-01,2.55999994277954,3.22000002861023,2.10999989509583,3.22000002861023,2.10999989509583,4.32999992370605,4.78000020980835,4.32999992370605,FALSE,FALSE,FALSE,TRUE,2009,"Izquierda","Derecha","Lars Lokke Rasmussen"
"1780-BRA-FIN-39334","1780","Brazil","BRA","Latin America and the Caribbean","South America","Yes","GS","President","Lula da Silva","Luiz Inacio Lula da Silva","0","Finland","FIN","Europe","Northern Europe","Helsinki","No","No",2007,2007-09-09,2007-09-11,3,"No",NA,"Yes","Prime Minister Matti Vanhanen","No",NA,"No",NA,"No",NA,"No",NA,"Yes","Yes","Yes","Yes","No",NA,"Also met President Tarja Halonen and participated in wreath laying ceremony","1","http://wwwbibliotecapresidenciagovbr/presidencia/ex-presidentes/luiz-inacio-lula-da-silva/viagens/viagens-internacionais-2o-mandato/viagens-internacionais-2007pdf/view","http://www.itamaraty.gov.br/images/ed_biblioteca/resenhas_peb/Resenha_N101_2Sem_2007.pdf",NA,NA,NA,NA,NA,NA,NA,NA,NA,NA,NA,NA,NA,NA,NA,NA,NA,NA,NA,NA,NA,NA,NA,NA,NA,NA,NA,NA,NA,NA,NA,2007,2005,"sep","Brasil","luiz inacio lula da silva","Luiz Inacio Lula da Silva","Luiz Inacio Lula da Silva (2003-2011; 2023-2025)",5,"Bilateral","Europa","Luiz Inacio Lula da Silva2","Brasil","Brazil",2007-01-01,2011-01-01,2.55999994277954,3.22000002861023,2.10999989509583,3.22000002861023,2.10999989509583,4.32999992370605,4.78000020980835,4.32999992370605,FALSE,FALSE,FALSE,TRUE,2007,"Izquierda","Izquierda","Halonen"
"2652-BRA-FIN-42297","2652","Brazil","BRA","Latin America and the Caribbean","South America","Yes","GS","President","Rousseff","Dilma Rousseff","0","Finland","FIN","Europe","Northern Europe","Helsinki","No","No",2015,2015-10-20,2015-10-20,1,"No",NA,"Yes","President Sauli Niinisto","No",NA,"No",NA,"No",NA,"No",NA,"No","No","No","Yes","No",NA,NA,"1","http://www2.planalto.gov.br/area-de-imprensa/relatorios-da-secretaria-de-imprensa/viagens-internacionais-2015.pdf/view",NA,NA,NA,NA,NA,NA,NA,NA,NA,NA,NA,NA,NA,NA,NA,NA,NA,NA,NA,NA,NA,NA,NA,NA,NA,NA,NA,NA,NA,NA,NA,NA,2015,2015,"oct","Brasil","dilma rousseff","Dilma Rousseff","Dilma Rousseff (2011-2016)",5,"Bilateral","Europa","Dilma Rousseff2","Brasil","Brazil",2015-01-01,2016-08-31,2.6,3.3,2.9,3.6,2.63,4.27,4,2.81,FALSE,FALSE,FALSE,TRUE,2015,"Izquierda","Derecha","Sauli Niinistö"
"994-BRA-FRA-35212","994","Brazil","BRA","Latin America and the Caribbean","South America","Yes","GS","President","Cardoso","Fernando Henrique Cardoso","0","France","FRA","Europe","Western Europe",NA,"No","No",1996,1996-05-27,1996-05-29,3,"No",NA,"Yes","President Jacques Chirac","No",NA,"No",NA,"No",NA,"No",NA,"Yes","No","No","Yes","No",NA,NA,"1","http://www.itamaraty.gov.br/images/ed_biblioteca/resenhas_peb/Resenha_N78_1Sem_1996.pdf",NA,NA,NA,NA,NA,NA,NA,NA,NA,NA,NA,NA,NA,NA,NA,NA,NA,NA,NA,NA,NA,NA,NA,NA,NA,NA,NA,NA,NA,NA,NA,NA,1996,1995,"may","Brasil","fernando henrique cardoso","Fernando Henrique Cardoso","Fernando Henrique Cardoso (1995-2003)",2,"Bilateral","Europa","Fernando Henrique Cardoso1","Brasil","Brazil",1995-01-01,1999-01-01,4.78000020980835,5,5,3.67000007629394,4.67000007629395,3.32999992370606,4.55999994277954,4.67000007629395,FALSE,FALSE,FALSE,TRUE,1996,"Centro","Derecha","Chirac"
"994-BRA-FRA-35759","994","Brazil","BRA","Latin America and the Caribbean","South America","Yes","GS","President","Cardoso","Fernando Henrique Cardoso","0","France","FRA","Europe","Western Europe",NA,"No","Yes",1997,1997-11-25,1997-11-25,1,"No",NA,"Yes","President Jacques Chirac","No",NA,"No",NA,"No",NA,"No",NA,"No","No","No","No","No",NA,"French Guiana","1","http://www1.folha.uol.com.br/fsp/brasil/fc251106.htm",NA,NA,NA,NA,NA,NA,NA,NA,NA,NA,NA,NA,NA,NA,NA,NA,NA,NA,NA,NA,NA,NA,NA,NA,NA,NA,NA,NA,NA,NA,NA,NA,1997,1995,"nov","Brasil","fernando henrique cardoso","Fernando Henrique Cardoso","Fernando Henrique Cardoso (1995-2003)",3,"Bilateral","Europa","Fernando Henrique Cardoso1","Brasil","Brazil",1995-01-01,1999-01-01,4.78000020980835,5,5,3.67000007629394,4.67000007629395,3.32999992370606,4.55999994277954,4.67000007629395,FALSE,FALSE,FALSE,TRUE,1997,"Centro","Derecha","Chirac"
"994-BRA-FRA-36680","994","Brazil","BRA","Latin America and the Caribbean","South America","Yes","GS","President","Cardoso","Fernando Henrique Cardoso","0","France","FRA","Europe","Western Europe","Paris","No","No",2000,2000-06-03,2000-06-06,4,"No",NA,"Yes","President Jacques Chirac","No",NA,"No",NA,"No",NA,"No",NA,"No","Yes","Yes","No","No",NA,"Visited Malmaison Castle","1","http://www1.folha.uol.com.br/fsp/brasil/fc0506200006.htm","http://www1.folha.uol.com.br/fsp/brasil/fc0506200007.htm",NA,NA,NA,NA,NA,NA,NA,NA,NA,NA,NA,NA,NA,NA,NA,NA,NA,NA,NA,NA,NA,NA,NA,NA,NA,NA,NA,NA,NA,NA,NA,2000,2000,"jun","Brasil","fernando henrique cardoso","Fernando Henrique Cardoso","Fernando Henrique Cardoso (1995-2003)",6,"Bilateral","Europa","Fernando Henrique Cardoso2","Brasil","Brazil",1999-01-01,2003-01-01,4.78000020980835,5,4.8899998664856,3.67000007629394,4.44000005722046,3.32999992370606,4.44000005722046,4.67000007629395,FALSE,FALSE,FALSE,TRUE,2000,"Centro","Derecha","Chirac"
"994-BRA-FRA-37193","994","Brazil","BRA","Latin America and the Caribbean","South America","Yes","GS","President","Cardoso","Fernando Henrique Cardoso","0","France","FRA","Europe","Western Europe","Paris","No","No",2001,2001-10-29,2001-10-29,1,"No",NA,"Yes","President Jacques Chirac","No",NA,"No",NA,"No",NA,"No",NA,"Yes","No","No","No","No",NA,NA,"1","Brazil: President Cardoso's visits to Spain;France previewed. BBC Monitoring Americas-Political 25 OCT 2001",NA,NA,NA,NA,NA,NA,NA,NA,NA,NA,NA,NA,NA,NA,NA,NA,NA,NA,NA,NA,NA,NA,NA,NA,NA,NA,NA,NA,NA,NA,NA,NA,2001,2000,"oct","Brasil","fernando henrique cardoso","Fernando Henrique Cardoso","Fernando Henrique Cardoso (1995-2003)",7,"Bilateral","Europa","Fernando Henrique Cardoso2","Brasil","Brazil",1999-01-01,2003-01-01,4.78000020980835,5,4.8899998664856,3.67000007629394,4.44000005722046,3.32999992370606,4.44000005722046,4.67000007629395,FALSE,FALSE,FALSE,TRUE,2001,"Centro","Derecha","Chirac"
"1780-BRA-FRA-37650","1780","Brazil","BRA","Latin America and the Caribbean","South America","Yes","GS","President","Lula da Silva","Luiz Inacio Lula da Silva","0","France","FRA","Europe","Western Europe","Paris","No","No",2003,2003-01-28,2003-01-29,1,"No",NA,"Yes","President Jacques Chirac","No",NA,"No",NA,"No",NA,"No",NA,"No","No","No","No","No",NA,NA,"1","http://imprensaacervo.planalto.gov.br/download/pdf/Viagens%20internacionais03.pdf","http://wwwbibliotecapresidenciagovbr/presidencia/ex-presidentes/luiz-inacio-lula-da-silva/viagens/viagens-internacionais-1o-mandato/viagens-internacionais-2003pdf/view",NA,NA,NA,NA,NA,NA,NA,NA,NA,NA,NA,NA,NA,NA,NA,NA,NA,NA,NA,NA,NA,NA,NA,NA,NA,NA,NA,NA,NA,NA,NA,2003,2000,"ene","Brasil","luiz inacio lula da silva","Luiz Inacio Lula da Silva","Luiz Inacio Lula da Silva (2003-2011; 2023-2025)",1,"Bilateral","Europa","Luiz Inacio Lula da Silva1","Brasil","Brazil",2003-01-01,2007-01-01,2.44000005722046,3.32999992370606,2,3.10999989509583,2,4.32999992370605,4.8899998664856,4.55999994277954,FALSE,FALSE,FALSE,TRUE,2003,"Izquierda","Derecha","Chirac"
"1780-BRA-FRA-38545","1780","Brazil","BRA","Latin America and the Caribbean","South America","Yes","GS","President","Lula da Silva","Luiz Inacio Lula da Silva","0","France","FRA","Europe","Western Europe","Paris","No","No",2005,2005-07-12,2005-07-15,4,"No",NA,"Yes","President Jacques Chirac","No",NA,"No",NA,"No",NA,"No",NA,"Yes","Yes","Yes","Yes","No",NA,"Also met Prime Minister Dominique de Villepin and witnessed a fireworks show at the Eiffel Tower","1","http://wwwbibliotecapresidenciagovbr/presidencia/ex-presidentes/luiz-inacio-lula-da-silva/viagens/viagens-internacionais-1o-mandato/viagens-internacionais-2005pdf/view",NA,NA,NA,NA,NA,NA,NA,NA,NA,NA,NA,NA,NA,NA,NA,NA,NA,NA,NA,NA,NA,NA,NA,NA,NA,NA,NA,NA,NA,NA,NA,NA,2005,2005,"jul","Brasil","luiz inacio lula da silva","Luiz Inacio Lula da Silva","Luiz Inacio Lula da Silva (2003-2011; 2023-2025)",3,"Bilateral","Europa","Luiz Inacio Lula da Silva1","Brasil","Brazil",2003-01-01,2007-01-01,2.44000005722046,3.32999992370606,2,3.10999989509583,2,4.32999992370605,4.8899998664856,4.55999994277954,FALSE,FALSE,FALSE,TRUE,2005,"Izquierda","Derecha","Chirac"
"1780-BRA-FRA-39489","1780","Brazil","BRA","Latin America and the Caribbean","South America","Yes","GS","President","Lula da Silva","Luiz Inacio Lula da Silva","0","France","FRA","Europe","Western Europe","Cayenne (Guayana Francesa)","No","Yes",2008,2008-02-11,2008-02-12,2,"No",NA,"Yes","President Nicolas Sarkozy","No",NA,"No",NA,"No",NA,"No",NA,"No","No","No","No","No",NA,"French Guiana","1","http://wwwbibliotecapresidenciagovbr/presidencia/ex-presidentes/luiz-inacio-lula-da-silva/viagens/viagens-internacionais-2o-mandato/viagens-internacionais-2008pdf/view",NA,NA,NA,NA,NA,NA,NA,NA,NA,NA,NA,NA,NA,NA,NA,NA,NA,NA,NA,NA,NA,NA,NA,NA,NA,NA,NA,NA,NA,NA,NA,NA,2008,2005,"feb","Brasil","luiz inacio lula da silva","Luiz Inacio Lula da Silva","Luiz Inacio Lula da Silva (2003-2011; 2023-2025)",6,"Bilateral","Europa","Luiz Inacio Lula da Silva2","Brasil","Brazil",2007-01-01,2011-01-01,2.55999994277954,3.22000002861023,2.10999989509583,3.22000002861023,2.10999989509583,4.32999992370605,4.78000020980835,4.32999992370605,FALSE,FALSE,FALSE,TRUE,2008,"Izquierda","Derecha","Sarkozy"
"1780-BRA-FRA-39904","1780","Brazil","BRA","Latin America and the Caribbean","South America","Yes","GS","President","Lula da Silva","Luiz Inacio Lula da Silva","0","France","FRA","Europe","Western Europe","Paris","No","No",2009,2009-04-01,2009-04-01,1,"No",NA,"Yes","President Nicolas Sarkozy","No",NA,"No",NA,"No",NA,"No",NA,"No","No","No","No","No",NA,NA,"1","http://wwwbibliotecapresidenciagovbr/presidencia/ex-presidentes/luiz-inacio-lula-da-silva/viagens/viagens-internacionais-2o-mandato/viagens-internacionais-2009pdf/view",NA,NA,NA,NA,NA,NA,NA,NA,NA,NA,NA,NA,NA,NA,NA,NA,NA,NA,NA,NA,NA,NA,NA,NA,NA,NA,NA,NA,NA,NA,NA,NA,2009,2005,"abr","Brasil","luiz inacio lula da silva","Luiz Inacio Lula da Silva","Luiz Inacio Lula da Silva (2003-2011; 2023-2025)",7,"Bilateral","Europa","Luiz Inacio Lula da Silva2","Brasil","Brazil",2007-01-01,2011-01-01,2.55999994277954,3.22000002861023,2.10999989509583,3.22000002861023,2.10999989509583,4.32999992370605,4.78000020980835,4.32999992370605,FALSE,FALSE,FALSE,TRUE,2009,"Izquierda","Derecha","Sarkozy"
"1780-BRA-FRA-39998","1780","Brazil","BRA","Latin America and the Caribbean","South America","Yes","GS","President","Lula da Silva","Luiz Inacio Lula da Silva","0","France","FRA","Europe","Western Europe",NA,"No","No",2009,2009-07-04,2009-07-07,4,"No",NA,"Yes","President Nicolas Sarkozy","No",NA,"No",NA,"No",NA,"Yes","Prime Minister Jose Socrates","Yes","No","Yes","No","No",NA,"Attended ceremony for the Felix Houphouet-Boigny Award for Peace","1","http://wwwbibliotecapresidenciagovbr/presidencia/ex-presidentes/luiz-inacio-lula-da-silva/viagens/viagens-internacionais-2o-mandato/viagens-internacionais-2009pdf/view","http://www.itamaraty.gov.br/images/ed_biblioteca/resenhas_peb/resenha105_2_2009.pdf",NA,NA,NA,NA,NA,NA,NA,NA,NA,NA,NA,NA,NA,NA,NA,NA,NA,NA,NA,NA,NA,NA,NA,NA,NA,NA,NA,NA,NA,NA,NA,2009,2005,"jul","Brasil","luiz inacio lula da silva","Luiz Inacio Lula da Silva","Luiz Inacio Lula da Silva (2003-2011; 2023-2025)",7,"Bilateral","Europa","Luiz Inacio Lula da Silva2","Brasil","Brazil",2007-01-01,2011-01-01,2.55999994277954,3.22000002861023,2.10999989509583,3.22000002861023,2.10999989509583,4.32999992370605,4.78000020980835,4.32999992370605,FALSE,FALSE,FALSE,TRUE,2009,"Izquierda","Derecha","Sarkozy"
"1780-BRA-FRA-40131","1780","Brazil","BRA","Latin America and the Caribbean","South America","Yes","GS","President","Lula da Silva","Luiz Inacio Lula da Silva","0","France","FRA","Europe","Western Europe","Paris","No","No",2009,2009-11-14,2009-11-14,1,"No",NA,"Yes","President Nicolas Sarkozy","No",NA,"No",NA,"No",NA,"No",NA,"No","No","No","No","No",NA,NA,"1","http://wwwbibliotecapresidenciagovbr/presidencia/ex-presidentes/luiz-inacio-lula-da-silva/viagens/viagens-internacionais-2o-mandato/viagens-internacionais-2009pdf/view",NA,NA,NA,NA,NA,NA,NA,NA,NA,NA,NA,NA,NA,NA,NA,NA,NA,NA,NA,NA,NA,NA,NA,NA,NA,NA,NA,NA,NA,NA,NA,NA,2009,2005,"nov","Brasil","luiz inacio lula da silva","Luiz Inacio Lula da Silva","Luiz Inacio Lula da Silva (2003-2011; 2023-2025)",7,"Bilateral","Europa","Luiz Inacio Lula da Silva2","Brasil","Brazil",2007-01-01,2011-01-01,2.55999994277954,3.22000002861023,2.10999989509583,3.22000002861023,2.10999989509583,4.32999992370605,4.78000020980835,4.32999992370605,FALSE,FALSE,FALSE,TRUE,2009,"Izquierda","Derecha","Sarkozy"
"2652-BRA-FRA-41253","2652","Brazil","BRA","Latin America and the Caribbean","South America","Yes","GS","President","Rousseff","Dilma Rousseff","0","France","FRA","Europe","Western Europe","Paris","No","No",2012,2012-12-10,2012-12-12,3,"No",NA,"Yes","President Francois Hollande","No",NA,"No",NA,"No",NA,"No",NA,"No","Yes","No","Yes","No",NA,NA,"1","http://www2.planalto.gov.br/area-de-imprensa/relatorios-da-secretaria-de-imprensa/viagens-internacionais-2012/view",NA,NA,NA,NA,NA,NA,NA,NA,NA,NA,NA,NA,NA,NA,NA,NA,NA,NA,NA,NA,NA,NA,NA,NA,NA,NA,NA,NA,NA,NA,NA,NA,2012,2010,"dic","Brasil","dilma rousseff","Dilma Rousseff","Dilma Rousseff (2011-2016)",2,"Bilateral","Europa","Dilma Rousseff","Brasil","Brazil",2011-01-01,2015-01-01,3,3.44000005722046,2.89000010490417,3.10999989509583,2.44000005722046,3.89000010490417,2.89000010490417,3.77999997138977,FALSE,FALSE,FALSE,TRUE,2012,"Centro","Izquierda","Hollande"
"994-BRA-DEU-34961","994","Brazil","BRA","Latin America and the Caribbean","South America","Yes","GS","President","Cardoso","Fernando Henrique Cardoso","0","Germany","DEU","Europe","Western Europe",NA,"No","No",1995,1995-09-19,1995-09-21,3,"No",NA,"Yes","Chancellor Helmut Kohl","No",NA,"No",NA,"No",NA,"No",NA,"Yes","No","No","Yes","No",NA,NA,"1","http://docs.newsbank.com/openurl?ctx_ver=z39.88-2004&rft_id=info:sid/iw.newsbank.com:FBISX&rft_val_format=info:ofi/fmt:kev:mtx:ctx&rft_dat=130D1E5F5B32B520&svc_dat=HistArchive:fbisdoc&req_dat=CCC2C333359F484A8EEF1DBBA42258B8","http://docs.newsbank.com/openurl?ctx_ver=z39.88-2004&rft_id=info:sid/iw.newsbank.com:FBISX&rft_val_format=info:ofi/fmt:kev:mtx:ctx&rft_dat=12385DA877DDE528&svc_dat=HistArchive:fbisdoc&req_dat=CCC2C333359F484A8EEF1DBBA42258B8","http://docs.newsbank.com/openurl?ctx_ver=z39.88-2004&rft_id=info:sid/iw.newsbank.com:FBISX&rft_val_format=info:ofi/fmt:kev:mtx:ctx&rft_dat=130D1E7E182123A8&svc_dat=HistArchive:fbisdoc&req_dat=CCC2C333359F484A8EEF1DBBA42258B8","http://docs.newsbank.com/openurl?ctx_ver=z39.88-2004&rft_id=info:sid/iw.newsbank.com:FBISX&rft_val_format=info:ofi/fmt:kev:mtx:ctx&rft_dat=124E0FABDD996480&svc_dat=HistArchive:fbisdoc&req_dat=CCC2C333359F484A8EEF1DBBA42258B8",NA,NA,NA,NA,NA,NA,NA,NA,NA,NA,NA,NA,NA,NA,NA,NA,NA,NA,NA,NA,NA,NA,NA,NA,NA,NA,NA,NA,NA,1995,1995,"sep","Brasil","fernando henrique cardoso","Fernando Henrique Cardoso","Fernando Henrique Cardoso (1995-2003)",1,"Bilateral","Europa","Fernando Henrique Cardoso1","Brasil","Brazil",1995-01-01,1999-01-01,4.78000020980835,5,5,3.67000007629394,4.67000007629395,3.32999992370606,4.55999994277954,4.67000007629395,FALSE,FALSE,FALSE,TRUE,1995,"Centro","Derecha","Kohl"
"994-BRA-DEU-35045","994","Brazil","BRA","Latin America and the Caribbean","South America","Yes","GS","President","Cardoso","Fernando Henrique Cardoso","0","Germany","DEU","Europe","Western Europe",NA,"No","No",1995,1995-12-12,1995-12-12,1,"No",NA,"Yes","President Roman Herzog","No",NA,"No",NA,"No",NA,"No",NA,"No","No","No","No","No",NA,NA,"1","http://www1.folha.uol.com.br/fsp/1995/12/12/brasil/32.html",NA,NA,NA,NA,NA,NA,NA,NA,NA,NA,NA,NA,NA,NA,NA,NA,NA,NA,NA,NA,NA,NA,NA,NA,NA,NA,NA,NA,NA,NA,NA,NA,1995,1995,"dic","Brasil","fernando henrique cardoso","Fernando Henrique Cardoso","Fernando Henrique Cardoso (1995-2003)",1,"Bilateral","Europa","Fernando Henrique Cardoso1","Brasil","Brazil",1995-01-01,1999-01-01,4.78000020980835,5,5,3.67000007629394,4.67000007629395,3.32999992370606,4.55999994277954,4.67000007629395,FALSE,FALSE,FALSE,TRUE,1995,"Centro","Derecha","Kohl"
"994-BRA-DEU-36265","994","Brazil","BRA","Latin America and the Caribbean","South America","Yes","GS","President","Cardoso","Fernando Henrique Cardoso","0","Germany","DEU","Europe","Western Europe",NA,"No","No",1999,1999-04-15,1999-04-16,2,"No",NA,"Yes","Chancellor Gerhard Schroder","No",NA,"No",NA,"No",NA,"No",NA,"No","No","No","No","No",NA,"[PE-Latam 2026-08-31: revisado, CityVisited/contexto queda No_verificable -No se hallo fuente especifica para este tramo de Alemania (15-16/4/1999) dentro de la gira europea de abril de 1999.-]","1","http://wnc.eastview.com/wnc/article?id=37032708","http://www.dgabc.com.br/noticia/235755/fhc-chega-esta-quarta-feira-a-alemanha?referencia=navegacao-lateral-detalhe-noticia",NA,NA,NA,NA,NA,NA,NA,NA,NA,NA,NA,NA,NA,NA,NA,NA,NA,NA,NA,NA,NA,NA,NA,NA,NA,NA,NA,NA,NA,NA,NA,1999,1995,"abr","Brasil","fernando henrique cardoso","Fernando Henrique Cardoso","Fernando Henrique Cardoso (1995-2003)",5,"Bilateral","Europa","Fernando Henrique Cardoso2","Brasil","Brazil",1999-01-01,2003-01-01,4.78000020980835,5,4.8899998664856,3.67000007629394,4.44000005722046,3.32999992370606,4.44000005722046,4.67000007629395,FALSE,FALSE,FALSE,TRUE,1999,"Centro","Izquierda","Schroder"
"994-BRA-DEU-36676","994","Brazil","BRA","Latin America and the Caribbean","South America","Yes","GS","President","Cardoso","Fernando Henrique Cardoso","0","Germany","DEU","Europe","Western Europe","Berlin","No","No",2000,2000-05-30,2000-06-03,5,"No",NA,"Yes","Chancellor Gerhard Schroder","No",NA,"No",NA,"No",NA,"No",NA,"Yes","No","Yes","No","No",NA,"Attended opening ceremony of Universal Exhibition of 2000","1","http://www.itamaraty.gov.br/images/ed_biblioteca/resenhas_peb/Resenha_N86_1Sem_2000.pdf","http://www.dgabc.com.br/noticia/228846/fhc-viaja-para-a-alemanha",NA,NA,NA,NA,NA,NA,NA,NA,NA,NA,NA,NA,NA,NA,NA,NA,NA,NA,NA,NA,NA,NA,NA,NA,NA,NA,NA,NA,NA,NA,NA,2000,2000,"may","Brasil","fernando henrique cardoso","Fernando Henrique Cardoso","Fernando Henrique Cardoso (1995-2003)",6,"Bilateral","Europa","Fernando Henrique Cardoso2","Brasil","Brazil",1999-01-01,2003-01-01,4.78000020980835,5,4.8899998664856,3.67000007629394,4.44000005722046,3.32999992370606,4.44000005722046,4.67000007629395,FALSE,FALSE,FALSE,TRUE,2000,"Centro","Izquierda","Schroder"
"994-BRA-DEU-36802","994","Brazil","BRA","Latin America and the Caribbean","South America","Yes","GS","President","Cardoso","Fernando Henrique Cardoso","0","Germany","DEU","Europe","Western Europe",NA,"No","No",2000,2000-10-03,2000-10-07,5,"No",NA,"Yes","Chancellor Gerhard Schroder","No",NA,"No",NA,"No",NA,"No",NA,"Yes","No","Yes","Yes","No",NA,"Attended a performance of the Berlin Philharmonic Orchestra","1","http://www1.folha.uol.com.br/fsp/brasil/fc0310200007.htm","http://www.itamaraty.gov.br/images/ed_biblioteca/resenhas_peb/Resenha_N87_2Sem_2000.pdf",NA,NA,NA,NA,NA,NA,NA,NA,NA,NA,NA,NA,NA,NA,NA,NA,NA,NA,NA,NA,NA,NA,NA,NA,NA,NA,NA,NA,NA,NA,NA,2000,2000,"oct","Brasil","fernando henrique cardoso","Fernando Henrique Cardoso","Fernando Henrique Cardoso (1995-2003)",6,"Bilateral","Europa","Fernando Henrique Cardoso2","Brasil","Brazil",1999-01-01,2003-01-01,4.78000020980835,5,4.8899998664856,3.67000007629394,4.44000005722046,3.32999992370606,4.44000005722046,4.67000007629395,FALSE,FALSE,FALSE,TRUE,2000,"Centro","Izquierda","Schroder"
"1780-BRA-DEU-37649","1780","Brazil","BRA","Latin America and the Caribbean","South America","Yes","GS","President","Lula da Silva","Luiz Inacio Lula da Silva","0","Germany","DEU","Europe","Western Europe","Berlin","No","No",2003,2003-01-27,2003-01-28,1,"No",NA,"Yes","Chancellor Gerhard Schroder","No",NA,"No",NA,"No",NA,"No",NA,"No","No","No","No","No",NA,NA,"1","http://imprensaacervo.planalto.gov.br/download/pdf/Viagens%20internacionais03.pdf","http://wwwbibliotecapresidenciagovbr/presidencia/ex-presidentes/luiz-inacio-lula-da-silva/viagens/viagens-internacionais-1o-mandato/viagens-internacionais-2003pdf/view",NA,NA,NA,NA,NA,NA,NA,NA,NA,NA,NA,NA,NA,NA,NA,NA,NA,NA,NA,NA,NA,NA,NA,NA,NA,NA,NA,NA,NA,NA,NA,2003,2000,"ene","Brasil","luiz inacio lula da silva","Luiz Inacio Lula da Silva","Luiz Inacio Lula da Silva (2003-2011; 2023-2025)",1,"Bilateral","Europa","Luiz Inacio Lula da Silva1","Brasil","Brazil",2003-01-01,2007-01-01,2.44000005722046,3.32999992370606,2,3.10999989509583,2,4.32999992370605,4.8899998664856,4.55999994277954,FALSE,FALSE,FALSE,TRUE,2003,"Izquierda","Izquierda","Schroder"
"1780-BRA-DEU-40149","1780","Brazil","BRA","Latin America and the Caribbean","South America","Yes","GS","President","Lula da Silva","Luiz Inacio Lula da Silva","0","Germany","DEU","Europe","Western Europe","Berlin","No","No",2009,2009-12-02,2009-12-04,3,"No",NA,"Yes","Chancellor Angela Merkel","No",NA,"No",NA,"No",NA,"No",NA,"No","Yes","Yes","Yes","No",NA,"Also met President Horst Kohler and laid wreath at memorial to victims of war and despotism","1","http://wwwbibliotecapresidenciagovbr/presidencia/ex-presidentes/luiz-inacio-lula-da-silva/viagens/viagens-internacionais-2o-mandato/viagens-internacionais-2009pdf/view",NA,NA,NA,NA,NA,NA,NA,NA,NA,NA,NA,NA,NA,NA,NA,NA,NA,NA,NA,NA,NA,NA,NA,NA,NA,NA,NA,NA,NA,NA,NA,NA,2009,2005,"dic","Brasil","luiz inacio lula da silva","Luiz Inacio Lula da Silva","Luiz Inacio Lula da Silva (2003-2011; 2023-2025)",7,"Bilateral","Europa","Luiz Inacio Lula da Silva2","Brasil","Brazil",2007-01-01,2011-01-01,2.55999994277954,3.22000002861023,2.10999989509583,3.22000002861023,2.10999989509583,4.32999992370605,4.78000020980835,4.32999992370605,FALSE,FALSE,FALSE,TRUE,2009,"Izquierda","Derecha","Merkel"
"1780-BRA-DEU-40515","1780","Brazil","BRA","Latin America and the Caribbean","South America","Yes","GS","President","Lula da Silva","Luiz Inacio Lula da Silva","0","Germany","DEU","Europe","Western Europe","Berlin","No","No",2010,2010-12-03,2010-12-04,2,"No",NA,"Yes","Chancellor Angela Merkel","No",NA,"No",NA,"No",NA,"No",NA,"Yes","Yes","Yes","Yes","No",NA,NA,"1","http://wwwbibliotecapresidenciagovbr/presidencia/ex-presidentes/luiz-inacio-lula-da-silva/viagens/viagens-internacionais-2o-mandato/viagens-internacionais-2010pdf/view",NA,NA,NA,NA,NA,NA,NA,NA,NA,NA,NA,NA,NA,NA,NA,NA,NA,NA,NA,NA,NA,NA,NA,NA,NA,NA,NA,NA,NA,NA,NA,NA,2010,2010,"dic","Brasil","luiz inacio lula da silva","Luiz Inacio Lula da Silva","Luiz Inacio Lula da Silva (2003-2011; 2023-2025)",8,"Bilateral","Europa","Luiz Inacio Lula da Silva2","Brasil","Brazil",2007-01-01,2011-01-01,2.55999994277954,3.22000002861023,2.10999989509583,3.22000002861023,2.10999989509583,4.32999992370605,4.78000020980835,4.32999992370605,FALSE,FALSE,FALSE,TRUE,2010,"Izquierda","Derecha","Merkel"
"2652-BRA-DEU-40973","2652","Brazil","BRA","Latin America and the Caribbean","South America","Yes","GS","President","Rousseff","Dilma Rousseff","0","Germany","DEU","Europe","Western Europe","Hannover","No","No",2012,2012-03-05,2012-03-06,2,"No",NA,"Yes","Chancellor Angela Merkel","No",NA,"No",NA,"No",NA,"No",NA,"No","Yes","Yes","Yes","No",NA,"Visited the Brazilian Pavilion at the International Fair of Information Technologies","1","http://www2.planalto.gov.br/area-de-imprensa/relatorios-da-secretaria-de-imprensa/viagens-internacionais-2012/view",NA,NA,NA,NA,NA,NA,NA,NA,NA,NA,NA,NA,NA,NA,NA,NA,NA,NA,NA,NA,NA,NA,NA,NA,NA,NA,NA,NA,NA,NA,NA,NA,2012,2010,"mar","Brasil","dilma rousseff","Dilma Rousseff","Dilma Rousseff (2011-2016)",2,"Bilateral","Europa","Dilma Rousseff","Brasil","Brazil",2011-01-01,2015-01-01,3,3.44000005722046,2.89000010490417,3.10999989509583,2.44000005722046,3.89000010490417,2.89000010490417,3.77999997138977,FALSE,FALSE,FALSE,TRUE,2012,"Centro","Derecha","Merkel"
"994-BRA-VAT-35472","994","Brazil","BRA","Latin America and the Caribbean","South America","Yes","GS","President","Cardoso","Fernando Henrique Cardoso","0","Holy See","VAT","Europe","Southern Europe",NA,"No","No",1997,1997-02-11,1997-02-12,2,"No",NA,"Yes","Pope John Paul II","No",NA,"No",NA,"No",NA,"No",NA,"No","No","No","No","No",NA,NA,"1","http://www1.folha.uol.com.br/fsp/brasil/fc140207.htm",NA,NA,NA,NA,NA,NA,NA,NA,NA,NA,NA,NA,NA,NA,NA,NA,NA,NA,NA,NA,NA,NA,NA,NA,NA,NA,NA,NA,NA,NA,NA,NA,1997,1995,"feb","Brasil","fernando henrique cardoso","Fernando Henrique Cardoso","Fernando Henrique Cardoso (1995-2003)",3,"Bilateral","Europa","Fernando Henrique Cardoso1","Brasil","Brazil",1995-01-01,1999-01-01,4.78000020980835,5,5,3.67000007629394,4.67000007629395,3.32999992370606,4.55999994277954,4.67000007629395,FALSE,FALSE,FALSE,TRUE,1997,"Centro",NA,NA
"994-BRA-VAT-36483","994","Brazil","BRA","Latin America and the Caribbean","South America","Yes","GS","President","Cardoso","Fernando Henrique Cardoso","0","Holy See","VAT","Europe","Southern Europe",NA,"No","No",1999,1999-11-19,1999-11-19,1,"No",NA,"Yes","Pope John Paul II","No",NA,"No",NA,"No",NA,"No",NA,"No","No","No","No","No",NA,"[PE-Latam 2026-08-31: revisado, CityVisited/contexto queda No_verificable -No se hallo fuente especifica para esta visita a la Santa Sede (19/11/1999); es geograficamente coherente como escala entre la Conferencia de la FAO e-]","1","http://www.itamaraty.gov.br/images/ed_biblioteca/resenhas_peb/Resenha_N85_2Sem_1999.pdf",NA,NA,NA,NA,NA,NA,NA,NA,NA,NA,NA,NA,NA,NA,NA,NA,NA,NA,NA,NA,NA,NA,NA,NA,NA,NA,NA,NA,NA,NA,NA,NA,1999,1995,"nov","Brasil","fernando henrique cardoso","Fernando Henrique Cardoso","Fernando Henrique Cardoso (1995-2003)",5,"Bilateral","Europa","Fernando Henrique Cardoso2","Brasil","Brazil",1999-01-01,2003-01-01,4.78000020980835,5,4.8899998664856,3.67000007629394,4.44000005722046,3.32999992370606,4.44000005722046,4.67000007629395,FALSE,FALSE,FALSE,TRUE,1999,"Centro",NA,NA
"1780-BRA-VAT-39765","1780","Brazil","BRA","Latin America and the Caribbean","South America","Yes","GS","President","Lula da Silva","Luiz Inacio Lula da Silva","0","Holy See","VAT","Europe","Southern Europe","Ciudad del Vaticano","No","No",2008,2008-11-13,2008-11-13,1,"No",NA,"Yes","Pope Benedict XVI","No",NA,"No",NA,"No",NA,"No",NA,"No","No","No","No","No",NA,NA,"1","http://wwwbibliotecapresidenciagovbr/presidencia/ex-presidentes/luiz-inacio-lula-da-silva/viagens/viagens-internacionais-2o-mandato/viagens-internacionais-2008pdf/view",NA,NA,NA,NA,NA,NA,NA,NA,NA,NA,NA,NA,NA,NA,NA,NA,NA,NA,NA,NA,NA,NA,NA,NA,NA,NA,NA,NA,NA,NA,NA,NA,2008,2005,"nov","Brasil","luiz inacio lula da silva","Luiz Inacio Lula da Silva","Luiz Inacio Lula da Silva (2003-2011; 2023-2025)",6,"Bilateral","Europa","Luiz Inacio Lula da Silva2","Brasil","Brazil",2007-01-01,2011-01-01,2.55999994277954,3.22000002861023,2.10999989509583,3.22000002861023,2.10999989509583,4.32999992370605,4.78000020980835,4.32999992370605,FALSE,FALSE,FALSE,TRUE,2008,"Izquierda",NA,NA
"2652-BRA-VAT-41352","2652","Brazil","BRA","Latin America and the Caribbean","South America","Yes","GS","President","Rousseff","Dilma Rousseff","0","Holy See","VAT","Europe","Southern Europe","Vatican City","No","No",2013,2013-03-19,2013-03-19,2,"No",NA,"Yes","Pope Francis","No",NA,"No",NA,"No",NA,"No",NA,"No","No","Yes","No","No",NA,"Attended Pope Francis' inaugural mass","1","http://www2.planalto.gov.br/area-de-imprensa/relatorios-da-secretaria-de-imprensa/viagens-internacionais-2013/view",NA,NA,NA,NA,NA,NA,NA,NA,NA,NA,NA,NA,NA,NA,NA,NA,NA,NA,NA,NA,NA,NA,NA,NA,NA,NA,NA,NA,NA,NA,NA,NA,2013,2010,"mar","Brasil","dilma rousseff","Dilma Rousseff","Dilma Rousseff (2011-2016)",3,"Bilateral","Europa","Dilma Rousseff","Brasil","Brazil",2011-01-01,2015-01-01,3,3.44000005722046,2.89000010490417,3.10999989509583,2.44000005722046,3.89000010490417,2.89000010490417,3.77999997138977,FALSE,FALSE,FALSE,TRUE,2013,"Centro",NA,NA
"2652-BRA-VAT-41691","2652","Brazil","BRA","Latin America and the Caribbean","South America","Yes","GS","President","Rousseff","Dilma Rousseff","0","Holy See","VAT","Europe","Southern Europe","Ciudad del Vaticano","No","No",2014,2014-02-21,2014-02-22,2,"No",NA,"Yes","Pope Francis","No",NA,"No",NA,"No",NA,"No",NA,"No","No","Yes","No","No",NA,"Attended ceremony for new Cardinals","1","http://www2.planalto.gov.br/area-de-imprensa/relatorios-da-secretaria-de-imprensa/viagens-internacionais-2014/view",NA,NA,NA,NA,NA,NA,NA,NA,NA,NA,NA,NA,NA,NA,NA,NA,NA,NA,NA,NA,NA,NA,NA,NA,NA,NA,NA,NA,NA,NA,NA,NA,2014,2010,"feb","Brasil","dilma rousseff","Dilma Rousseff","Dilma Rousseff (2011-2016)",4,"Bilateral","Europa","Dilma Rousseff","Brasil","Brazil",2011-01-01,2015-01-01,3,3.44000005722046,2.89000010490417,3.10999989509583,2.44000005722046,3.89000010490417,2.89000010490417,3.77999997138977,FALSE,FALSE,FALSE,TRUE,2014,"Centro",NA,NA
"3531-BRA-HUN-44609","3531","Brazil","BRA","Latin America and the Caribbean","South America","Yes","GS","President","Bolsonaro","Jair Bolsonaro","0","Hungary","HUN","Europe","Eastern Europe","Budapest","No","No",2022,2022-02-17,2022-02-17,1,"No",NA,"Yes","Prime Minister Viktor Orban","No",NA,"No",NA,"No",NA,"No",NA,"No","Yes","No","No","No",NA,"Signs two memorandums of understanding","1","https://agenciabrasil.ebc.com.br/en/politica/noticia/2022-02/bolsonaro-attends-deal-signing-ceremony-with-hungary","https://www.independent.co.uk/news/world/americas/us-politics/jair-bolsonaro-orban-hungary-brazil-budapest-b2017542.html","https://twitter.com/govbrazil/status/1494363304512401416","https://advance-lexis-com.du.idm.oclc.org/api/permalink/f40338b1-6ab5-4698-8650-335762dd8ab6/?context=1516831","https://www.facebook.com/watch/live/?ref=watch_permalink&v=3139750642972981",NA,NA,NA,NA,NA,NA,NA,NA,NA,NA,NA,NA,NA,NA,NA,NA,NA,NA,NA,NA,NA,NA,NA,NA,NA,NA,NA,NA,2022,2020,"feb","Brasil","jair bolsonaro","Jair Bolsonaro","Jair Bolsonaro (2019-2023)",4,"Bilateral","Europa","Jair Messias Bolsonaro","Brasil","Brazil",2019-01-01,2023-01-01,6.6,5.1,6.3,1.72,6.36,3.1,2.54,1.63,FALSE,FALSE,FALSE,TRUE,2022,"Derecha",NA,NA
"994-BRA-ITA-35473","994","Brazil","BRA","Latin America and the Caribbean","South America","Yes","GS","President","Cardoso","Fernando Henrique Cardoso","0","Italy","ITA","Europe","Southern Europe",NA,"No","No",1997,1997-02-12,1997-02-14,3,"No",NA,"Yes","Prime Minister Romano Prodi","No",NA,"No",NA,"No",NA,"No",NA,"No","No","No","No","No",NA,NA,"1","http://www1.folha.uol.com.br/fsp/brasil/fc140207.htm",NA,NA,NA,NA,NA,NA,NA,NA,NA,NA,NA,NA,NA,NA,NA,NA,NA,NA,NA,NA,NA,NA,NA,NA,NA,NA,NA,NA,NA,NA,NA,NA,1997,1995,"feb","Brasil","fernando henrique cardoso","Fernando Henrique Cardoso","Fernando Henrique Cardoso (1995-2003)",3,"Bilateral","Europa","Fernando Henrique Cardoso1","Brasil","Brazil",1995-01-01,1999-01-01,4.78000020980835,5,5,3.67000007629394,4.67000007629395,3.32999992370606,4.55999994277954,4.67000007629395,FALSE,FALSE,FALSE,TRUE,1997,"Centro","Izquierda","Prodi"
"1780-BRA-ITA-38640","1780","Brazil","BRA","Latin America and the Caribbean","South America","Yes","GS","President","Lula da Silva","Luiz Inacio Lula da Silva","0","Italy","ITA","Europe","Southern Europe","Rome","No","No",2005,2005-10-16,2005-10-17,3,"No",NA,"Yes","President Carlo Azeglio Ciampi","No",NA,"No",NA,"No",NA,"No",NA,"Yes","Yes","No","Yes","No",NA,NA,"1","http://wwwbibliotecapresidenciagovbr/presidencia/ex-presidentes/luiz-inacio-lula-da-silva/viagens/viagens-internacionais-1o-mandato/viagens-internacionais-2005pdf/view","http://www.itamaraty.gov.br/images/ed_biblioteca/resenhas_peb/Resenha_N97_2Sem_2005.pdf",NA,NA,NA,NA,NA,NA,NA,NA,NA,NA,NA,NA,NA,NA,NA,NA,NA,NA,NA,NA,NA,NA,NA,NA,NA,NA,NA,NA,NA,NA,NA,2005,2005,"oct","Brasil","luiz inacio lula da silva","Luiz Inacio Lula da Silva","Luiz Inacio Lula da Silva (2003-2011; 2023-2025)",3,"Bilateral","Europa","Luiz Inacio Lula da Silva1","Brasil","Brazil",2003-01-01,2007-01-01,2.44000005722046,3.32999992370606,2,3.10999989509583,2,4.32999992370605,4.8899998664856,4.55999994277954,FALSE,FALSE,FALSE,TRUE,2005,"Izquierda","Derecha","Berlusconi"
"1780-BRA-ITA-39761","1780","Brazil","BRA","Latin America and the Caribbean","South America","Yes","GS","President","Lula da Silva","Luiz Inacio Lula da Silva","0","Italy","ITA","Europe","Southern Europe","Roma","No","No",2008,2008-11-09,2008-11-12,4,"No",NA,"Yes","Prime Minister Silvio Berlusconi","No",NA,"No",NA,"No",NA,"No",NA,"Yes","Yes","Yes","Yes","No",NA,"Participated in ceremony of decorations and gift exchange","1","http://wwwbibliotecapresidenciagovbr/presidencia/ex-presidentes/luiz-inacio-lula-da-silva/viagens/viagens-internacionais-2o-mandato/viagens-internacionais-2008pdf/view",NA,NA,NA,NA,NA,NA,NA,NA,NA,NA,NA,NA,NA,NA,NA,NA,NA,NA,NA,NA,NA,NA,NA,NA,NA,NA,NA,NA,NA,NA,NA,NA,2008,2005,"nov","Brasil","luiz inacio lula da silva","Luiz Inacio Lula da Silva","Luiz Inacio Lula da Silva (2003-2011; 2023-2025)",6,"Bilateral","Europa","Luiz Inacio Lula da Silva2","Brasil","Brazil",2007-01-01,2011-01-01,2.55999994277954,3.22000002861023,2.10999989509583,3.22000002861023,2.10999989509583,4.32999992370605,4.78000020980835,4.32999992370605,FALSE,FALSE,FALSE,TRUE,2008,"Izquierda","Derecha","Berlusconi"
"2652-BRA-ITA-41350","2652","Brazil","BRA","Latin America and the Caribbean","South America","Yes","GS","President","Rousseff","Dilma Rousseff","0","Italy","ITA","Europe","Southern Europe","Roma","No","No",2013,2013-03-17,2013-03-19,3,"No",NA,"Yes","President Giorgio Napolitano","No",NA,"No",NA,"No",NA,"No",NA,"No","No","No","No","No",NA,NA,"1","http://www2.planalto.gov.br/area-de-imprensa/relatorios-da-secretaria-de-imprensa/viagens-internacionais-2013/view",NA,NA,NA,NA,NA,NA,NA,NA,NA,NA,NA,NA,NA,NA,NA,NA,NA,NA,NA,NA,NA,NA,NA,NA,NA,NA,NA,NA,NA,NA,NA,NA,2013,2010,"mar","Brasil","dilma rousseff","Dilma Rousseff","Dilma Rousseff (2011-2016)",3,"Bilateral","Europa","Dilma Rousseff","Brasil","Brazil",2011-01-01,2015-01-01,3,3.44000005722046,2.89000010490417,3.10999989509583,2.44000005722046,3.89000010490417,2.89000010490417,3.77999997138977,FALSE,FALSE,FALSE,TRUE,2013,"Centro","Izquierda","Letta"
"2652-BRA-ITA-42195","2652","Brazil","BRA","Latin America and the Caribbean","South America","Yes","GS","President","Rousseff","Dilma Rousseff","0","Italy","ITA","Europe","Southern Europe","Milan","No","No",2015,2015-07-10,2015-07-11,2,"No",NA,"Yes","President Sergio Mattarella","No",NA,"No",NA,"No",NA,"No",NA,"No","No","Yes","No","No",NA,"Also met Prime Minister Matteo Renzi. Visited the Brazilian pavilion at the Milan Expo 2015","1","http://www2.planalto.gov.br/area-de-imprensa/relatorios-da-secretaria-de-imprensa/viagens-internacionais-2015.pdf/view",NA,NA,NA,NA,NA,NA,NA,NA,NA,NA,NA,NA,NA,NA,NA,NA,NA,NA,NA,NA,NA,NA,NA,NA,NA,NA,NA,NA,NA,NA,NA,NA,2015,2015,"jul","Brasil","dilma rousseff","Dilma Rousseff","Dilma Rousseff (2011-2016)",5,"Bilateral","Europa","Dilma Rousseff2","Brasil","Brazil",2015-01-01,2016-08-31,2.6,3.3,2.9,3.6,2.63,4.27,4,2.81,FALSE,FALSE,FALSE,TRUE,2015,"Izquierda","Izquierda","Renzi"
"994-BRA-NLD-36807","994","Brazil","BRA","Latin America and the Caribbean","South America","Yes","GS","President","Cardoso","Fernando Henrique Cardoso","0","Netherlands","NLD","Europe","Western Europe",NA,"No","No",2000,2000-10-08,2000-10-11,4,"No",NA,"Yes","Queen Beatrix","No",NA,"No",NA,"No",NA,"No",NA,"Yes","Yes","Yes","Yes","No",NA,"Took a boat trip around Rotterdam","1","http://www.itamaraty.gov.br/images/ed_biblioteca/resenhas_peb/Resenha_N87_2Sem_2000.pdf",NA,NA,NA,NA,NA,NA,NA,NA,NA,NA,NA,NA,NA,NA,NA,NA,NA,NA,NA,NA,NA,NA,NA,NA,NA,NA,NA,NA,NA,NA,NA,NA,2000,2000,"oct","Brasil","fernando henrique cardoso","Fernando Henrique Cardoso","Fernando Henrique Cardoso (1995-2003)",6,"Bilateral","Europa","Fernando Henrique Cardoso2","Brasil","Brazil",1999-01-01,2003-01-01,4.78000020980835,5,4.8899998664856,3.67000007629394,4.44000005722046,3.32999992370606,4.44000005722046,4.67000007629395,FALSE,FALSE,FALSE,TRUE,2000,"Centro","Izquierda","Kok"
"1780-BRA-NLD-39547","1780","Brazil","BRA","Latin America and the Caribbean","South America","Yes","GS","President","Lula da Silva","Luiz Inacio Lula da Silva","0","Netherlands","NLD","Europe","Western Europe","La Haya","No","No",2008,2008-04-09,2008-04-11,3,"No",NA,"Yes","Prime Minister Jan Peter Balkenende","No",NA,"No",NA,"No",NA,"No",NA,"No","Yes","Yes","Yes","No",NA,"Paticipated in Brazilian cultural event","1","http://wwwbibliotecapresidenciagovbr/presidencia/ex-presidentes/luiz-inacio-lula-da-silva/viagens/viagens-internacionais-2o-mandato/viagens-internacionais-2008pdf/view",NA,NA,NA,NA,NA,NA,NA,NA,NA,NA,NA,NA,NA,NA,NA,NA,NA,NA,NA,NA,NA,NA,NA,NA,NA,NA,NA,NA,NA,NA,NA,NA,2008,2005,"abr","Brasil","luiz inacio lula da silva","Luiz Inacio Lula da Silva","Luiz Inacio Lula da Silva (2003-2011; 2023-2025)",6,"Bilateral","Europa","Luiz Inacio Lula da Silva2","Brasil","Brazil",2007-01-01,2011-01-01,2.55999994277954,3.22000002861023,2.10999989509583,3.22000002861023,2.10999989509583,4.32999992370605,4.78000020980835,4.32999992370605,FALSE,FALSE,FALSE,TRUE,2008,"Izquierda","Centro","Jan Peter Balkenende"
"1780-BRA-NOR-39338","1780","Brazil","BRA","Latin America and the Caribbean","South America","Yes","GS","President","Lula da Silva","Luiz Inacio Lula da Silva","0","Norway","NOR","Europe","Northern Europe","Oslo","No","No",2007,2007-09-13,2007-09-14,2,"No",NA,"Yes","Prime Minister Thorbjorn Jagland","No",NA,"No",NA,"No",NA,"No",NA,"No","Yes","Yes","Yes","No",NA,"Participated in wreath-laying ceremony","1","http://wwwbibliotecapresidenciagovbr/presidencia/ex-presidentes/luiz-inacio-lula-da-silva/viagens/viagens-internacionais-2o-mandato/viagens-internacionais-2007pdf/view",NA,NA,NA,NA,NA,NA,NA,NA,NA,NA,NA,NA,NA,NA,NA,NA,NA,NA,NA,NA,NA,NA,NA,NA,NA,NA,NA,NA,NA,NA,NA,NA,2007,2005,"sep","Brasil","luiz inacio lula da silva","Luiz Inacio Lula da Silva","Luiz Inacio Lula da Silva (2003-2011; 2023-2025)",5,"Bilateral","Europa","Luiz Inacio Lula da Silva2","Brasil","Brazil",2007-01-01,2011-01-01,2.55999994277954,3.22000002861023,2.10999989509583,3.22000002861023,2.10999989509583,4.32999992370605,4.78000020980835,4.32999992370605,FALSE,FALSE,FALSE,TRUE,2007,"Izquierda","Izquierda","Stoltenberg"
"3224-BRA-NOR-42908","3224","Brazil","BRA","Latin America and the Caribbean","South America","Yes","GS","President","Temer","Michel Temer","0","Norway","NOR","Europe","Northern Europe","Oslo","No","No",2017,2017-06-22,2017-06-23,3,"No",NA,"Yes","Prime Minister Erna Solberg","No",NA,"No",NA,"No",NA,"No",NA,"No","No","No","No","No",NA,"Also met with King Harald V","1","https://search-proquest-com.du.idm.oclc.org/central/docview/1911184916/6FEBE884C0A14178PQ/10?accountid=14608","https://search-proquest-com.du.idm.oclc.org/central/docview/1910811979/6FEBE884C0A14178PQ/18?accountid=14608","https://search-proquest-com.du.idm.oclc.org/central/docview/1913429036/6FEBE884C0A14178PQ/22?accountid=14608",NA,NA,NA,NA,NA,NA,NA,NA,NA,NA,NA,NA,NA,NA,NA,NA,NA,NA,NA,NA,NA,NA,NA,NA,NA,NA,NA,NA,NA,NA,2017,2015,"jun","Brasil","michel temer","Michel Temer","Michel Temer (2016-2019)",1,"Bilateral","Europa","Michel Temmer","Brasil","Brazil",2016-08-31,2019-01-01,5.1,4.9,5.1,4.45,4.45,3.18,4.54,3.27,FALSE,FALSE,FALSE,TRUE,2017,"Derecha","Derecha","Solberg"
"994-BRA-PRT-34898","994","Brazil","BRA","Latin America and the Caribbean","South America","Yes","GS","President","Cardoso","Fernando Henrique Cardoso","0","Portugal","PRT","Europe","Southern Europe",NA,"No","No",1995,1995-07-18,1995-07-22,5,"No",NA,"Yes","Prime Minister Anibal Cavaco Silva","No",NA,"No",NA,"No",NA,"No",NA,"Yes","Yes","No","No","No",NA,NA,"1","http://www1.folha.uol.com.br/fsp/1995/7/18/brasil/34.html","http://docs.newsbank.com/openurl?ctx_ver=z39.88-2004&rft_id=info:sid/iw.newsbank.com:FBISX&rft_val_format=info:ofi/fmt:kev:mtx:ctx&rft_dat=121801D82A99D688&svc_dat=HistArchive:fbisdoc&req_dat=CCC2C333359F484A8EEF1DBBA42258B8","http://docs.newsbank.com/openurl?ctx_ver=z39.88-2004&rft_id=info:sid/iw.newsbank.com:FBISX&rft_val_format=info:ofi/fmt:kev:mtx:ctx&rft_dat=12713051EABA1470&svc_dat=HistArchive:fbisdoc&req_dat=CCC2C333359F484A8EEF1DBBA42258B8","http://docs.newsbank.com/openurl?ctx_ver=z39.88-2004&rft_id=info:sid/iw.newsbank.com:FBISX&rft_val_format=info:ofi/fmt:kev:mtx:ctx&rft_dat=121802EA1D198620&svc_dat=HistArchive:fbisdoc&req_dat=CCC2C333359F484A8EEF1DBBA42258B8",NA,NA,NA,NA,NA,NA,NA,NA,NA,NA,NA,NA,NA,NA,NA,NA,NA,NA,NA,NA,NA,NA,NA,NA,NA,NA,NA,NA,NA,1995,1995,"jul","Brasil","fernando henrique cardoso","Fernando Henrique Cardoso","Fernando Henrique Cardoso (1995-2003)",1,"Bilateral","Europa","Fernando Henrique Cardoso1","Brasil","Brazil",1995-01-01,1999-01-01,4.78000020980835,5,5,3.67000007629394,4.67000007629395,3.32999992370606,4.55999994277954,4.67000007629395,FALSE,FALSE,FALSE,TRUE,1995,"Centro","Izquierda","Soares"
"994-BRA-PRT-36266","994","Brazil","BRA","Latin America and the Caribbean","South America","Yes","GS","President","Cardoso","Fernando Henrique Cardoso","0","Portugal","PRT","Europe","Southern Europe",NA,"No","No",1999,1999-04-16,1999-04-19,4,"No",NA,"Yes","President Jorge Sampaio","No",NA,"No",NA,"No",NA,"No",NA,"No","No","No","Yes","No",NA,"Also met with Prime Minister Antonio Guterres [PE-Latam 2026-08-31: revisado, CityVisited/contexto queda No_verificable -COLT ya anota el encuentro con el primer ministro Guterres; no se hallo fuente adicional que precise la ciudad (probablemente Lisboa) mas alla de lo y-]","1","http://www.dgabc.com.br/noticia/235755/fhc-chega-esta-quarta-feira-a-alemanha?referencia=navegacao-lateral-detalhe-noticia",NA,NA,NA,NA,NA,NA,NA,NA,NA,NA,NA,NA,NA,NA,NA,NA,NA,NA,NA,NA,NA,NA,NA,NA,NA,NA,NA,NA,NA,NA,NA,NA,1999,1995,"abr","Brasil","fernando henrique cardoso","Fernando Henrique Cardoso","Fernando Henrique Cardoso (1995-2003)",5,"Bilateral","Europa","Fernando Henrique Cardoso2","Brasil","Brazil",1999-01-01,2003-01-01,4.78000020980835,5,4.8899998664856,3.67000007629394,4.44000005722046,3.32999992370606,4.44000005722046,4.67000007629395,FALSE,FALSE,FALSE,TRUE,1999,"Centro","Izquierda","Sampaio"
"994-BRA-PRT-36593","994","Brazil","BRA","Latin America and the Caribbean","South America","Yes","GS","President","Cardoso","Fernando Henrique Cardoso","0","Portugal","PRT","Europe","Southern Europe","Lisbon","No","No",2000,2000-03-08,2000-03-09,2,"No",NA,"Yes","President Jorge Sampaio","No",NA,"No",NA,"No",NA,"No",NA,"Yes","No","No","No","No",NA,"Attended lunch where President of Portugal delivered speech about Brazil","1","http://www.itamaraty.gov.br/images/ed_biblioteca/resenhas_peb/Resenha_N86_1Sem_2000.pdf",NA,NA,NA,NA,NA,NA,NA,NA,NA,NA,NA,NA,NA,NA,NA,NA,NA,NA,NA,NA,NA,NA,NA,NA,NA,NA,NA,NA,NA,NA,NA,NA,2000,2000,"mar","Brasil","fernando henrique cardoso","Fernando Henrique Cardoso","Fernando Henrique Cardoso (1995-2003)",6,"Bilateral","Europa","Fernando Henrique Cardoso2","Brasil","Brazil",1999-01-01,2003-01-01,4.78000020980835,5,4.8899998664856,3.67000007629394,4.44000005722046,3.32999992370606,4.44000005722046,4.67000007629395,FALSE,FALSE,FALSE,TRUE,2000,"Centro","Izquierda","Sampaio"
"994-BRA-PRT-37569","994","Brazil","BRA","Latin America and the Caribbean","South America","Yes","GS","President","Cardoso","Fernando Henrique Cardoso","0","Portugal","PRT","Europe","Southern Europe","Lisbon","No","No",2002,2002-11-09,2002-11-13,5,"No",NA,"Yes","Prime Minister Jose Manuel Barroso","No",NA,"No",NA,"No",NA,"No",NA,"Yes","No","No","No","No",NA,NA,"1","http://memoria.ebc.com.br/agenciabrasil/node/573336",NA,NA,NA,NA,NA,NA,NA,NA,NA,NA,NA,NA,NA,NA,NA,NA,NA,NA,NA,NA,NA,NA,NA,NA,NA,NA,NA,NA,NA,NA,NA,NA,2002,2000,"nov","Brasil","fernando henrique cardoso","Fernando Henrique Cardoso","Fernando Henrique Cardoso (1995-2003)",8,"Bilateral","Europa","Fernando Henrique Cardoso2","Brasil","Brazil",1999-01-01,2003-01-01,4.78000020980835,5,4.8899998664856,3.67000007629394,4.44000005722046,3.32999992370606,4.44000005722046,4.67000007629395,FALSE,FALSE,FALSE,TRUE,2002,"Centro","Izquierda","Sampaio"
"1780-BRA-PRT-37811","1780","Brazil","BRA","Latin America and the Caribbean","South America","Yes","GS","President","Lula da Silva","Luiz Inacio Lula da Silva","0","Portugal","PRT","Europe","Southern Europe","Lisbon","No","No",2003,2003-07-09,2003-07-12,2,"No",NA,"Yes","President Jorge Sampaio","No",NA,"No",NA,"No",NA,"No",NA,"No","No","No","No","No",NA,NA,"1","http://wwwbibliotecapresidenciagovbr/presidencia/ex-presidentes/luiz-inacio-lula-da-silva/viagens/viagens-internacionais-1o-mandato/viagens-internacionais-2003pdf/view",NA,NA,NA,NA,NA,NA,NA,NA,NA,NA,NA,NA,NA,NA,NA,NA,NA,NA,NA,NA,NA,NA,NA,NA,NA,NA,NA,NA,NA,NA,NA,NA,2003,2000,"jul","Brasil","luiz inacio lula da silva","Luiz Inacio Lula da Silva","Luiz Inacio Lula da Silva (2003-2011; 2023-2025)",1,"Bilateral","Europa","Luiz Inacio Lula da Silva1","Brasil","Brazil",2003-01-01,2007-01-01,2.44000005722046,3.32999992370606,2,3.10999989509583,2,4.32999992370605,4.8899998664856,4.55999994277954,FALSE,FALSE,FALSE,TRUE,2003,"Izquierda","Izquierda","Sampaio"
"1780-BRA-PRT-38637","1780","Brazil","BRA","Latin America and the Caribbean","South America","Yes","GS","President","Lula da Silva","Luiz Inacio Lula da Silva","0","Portugal","PRT","Europe","Southern Europe","Porto","No","No",2005,2005-10-13,2005-10-13,2,"No",NA,"Yes","Prime Minister Jose Socrates","No",NA,"No",NA,"No",NA,"No",NA,"Yes","Yes","No","Yes","No",NA,NA,"1","http://wwwbibliotecapresidenciagovbr/presidencia/ex-presidentes/luiz-inacio-lula-da-silva/viagens/viagens-internacionais-1o-mandato/viagens-internacionais-2005pdf/view","http://www.itamaraty.gov.br/images/ed_biblioteca/resenhas_peb/Resenha_N97_2Sem_2005.pdf",NA,NA,NA,NA,NA,NA,NA,NA,NA,NA,NA,NA,NA,NA,NA,NA,NA,NA,NA,NA,NA,NA,NA,NA,NA,NA,NA,NA,NA,NA,NA,2005,2005,"oct","Brasil","luiz inacio lula da silva","Luiz Inacio Lula da Silva","Luiz Inacio Lula da Silva (2003-2011; 2023-2025)",3,"Bilateral","Europa","Luiz Inacio Lula da Silva1","Brasil","Brazil",2003-01-01,2007-01-01,2.44000005722046,3.32999992370606,2,3.10999989509583,2,4.32999992370605,4.8899998664856,4.55999994277954,FALSE,FALSE,FALSE,TRUE,2005,"Izquierda","Izquierda","Sampaio"
"1780-BRA-PRT-40317","1780","Brazil","BRA","Latin America and the Caribbean","South America","Yes","GS","President","Lula da Silva","Luiz Inacio Lula da Silva","0","Portugal","PRT","Europe","Southern Europe","Lisbon","No","No",2010,2010-05-19,2010-05-19,1,"No",NA,"Yes","Prime Minister Jose Socrates","No",NA,"No",NA,"No",NA,"No",NA,"No","Yes","No","No","No",NA,"Also met President Cavaco Silva","1","http://wwwbibliotecapresidenciagovbr/presidencia/ex-presidentes/luiz-inacio-lula-da-silva/viagens/viagens-internacionais-2o-mandato/viagens-internacionais-2010pdf/view",NA,NA,NA,NA,NA,NA,NA,NA,NA,NA,NA,NA,NA,NA,NA,NA,NA,NA,NA,NA,NA,NA,NA,NA,NA,NA,NA,NA,NA,NA,NA,NA,2010,2010,"may","Brasil","luiz inacio lula da silva","Luiz Inacio Lula da Silva","Luiz Inacio Lula da Silva (2003-2011; 2023-2025)",8,"Bilateral","Europa","Luiz Inacio Lula da Silva2","Brasil","Brazil",2007-01-01,2011-01-01,2.55999994277954,3.22000002861023,2.10999989509583,3.22000002861023,2.10999989509583,4.32999992370605,4.78000020980835,4.32999992370605,FALSE,FALSE,FALSE,TRUE,2010,"Izquierda","Derecha","Cavaco Silva"
"2652-BRA-PRT-41434","2652","Brazil","BRA","Latin America and the Caribbean","South America","Yes","GS","President","Rousseff","Dilma Rousseff","0","Portugal","PRT","Europe","Southern Europe","Lisboa","No","No",2013,2013-06-09,2013-06-10,2,"No",NA,"Yes","Prime Minister Pedro Passos Coelho","No",NA,"No",NA,"No",NA,"No",NA,"Yes","Yes","No","No","No",NA,"Also met President Ana­bal Cavaco Silva","1","http://www2.planalto.gov.br/area-de-imprensa/relatorios-da-secretaria-de-imprensa/viagens-internacionais-2013/view",NA,NA,NA,NA,NA,NA,NA,NA,NA,NA,NA,NA,NA,NA,NA,NA,NA,NA,NA,NA,NA,NA,NA,NA,NA,NA,NA,NA,NA,NA,NA,NA,2013,2010,"jun","Brasil","dilma rousseff","Dilma Rousseff","Dilma Rousseff (2011-2016)",3,"Bilateral","Europa","Dilma Rousseff","Brasil","Brazil",2011-01-01,2015-01-01,3,3.44000005722046,2.89000010490417,3.10999989509583,2.44000005722046,3.89000010490417,2.89000010490417,3.77999997138977,FALSE,FALSE,FALSE,TRUE,2013,"Centro","Derecha","Cavaco Silva"
"994-BRA-RUS-37268","994","Brazil","BRA","Latin America and the Caribbean","South America","Yes","GS","President","Cardoso","Fernando Henrique Cardoso","0","Russia","RUS","Europe","Eastern Europe","Moscow","No","No",2002,2002-01-12,2002-01-16,5,"No",NA,"Yes","President Vladimir Putin","No",NA,"No",NA,"No",NA,"No",NA,"Yes","Yes","Yes","Yes","No",NA,NA,"1","http://politica.estadao.com.br/noticias/geral,fhc-embarca-para-a-russia-em-sua-85-viagem-ao-exterior,20020111p54670","http://www.itamaraty.gov.br/images/ed_biblioteca/resenhas_peb/Resenha_N90_1Sem_2002.pdf","http://www1.folha.uol.com.br/fsp/brasil/fc1301200221.htm",NA,NA,NA,NA,NA,NA,NA,NA,NA,NA,NA,NA,NA,NA,NA,NA,NA,NA,NA,NA,NA,NA,NA,NA,NA,NA,NA,NA,NA,NA,2002,2000,"ene","Brasil","fernando henrique cardoso","Fernando Henrique Cardoso","Fernando Henrique Cardoso (1995-2003)",8,"Bilateral","Europa","Fernando Henrique Cardoso2","Brasil","Brazil",1999-01-01,2003-01-01,4.78000020980835,5,4.8899998664856,3.67000007629394,4.44000005722046,3.32999992370606,4.44000005722046,4.67000007629395,FALSE,FALSE,FALSE,TRUE,2002,"Centro","Derecha","Putin"
"1780-BRA-RUS-38642","1780","Brazil","BRA","Latin America and the Caribbean","South America","Yes","GS","President","Lula da Silva","Luiz Inacio Lula da Silva","0","Russia","RUS","Europe","Eastern Europe","Moscow","No","No",2005,2005-10-17,2005-10-18,2,"No",NA,"Yes","President Vladimir Putin","No",NA,"No",NA,"No",NA,"No",NA,"No","Yes","Yes","No","No",NA,"Laid wreath at Tomb of Unknown Soldier","1","http://wwwbibliotecapresidenciagovbr/presidencia/ex-presidentes/luiz-inacio-lula-da-silva/viagens/viagens-internacionais-1o-mandato/viagens-internacionais-2005pdf/view",NA,NA,NA,NA,NA,NA,NA,NA,NA,NA,NA,NA,NA,NA,NA,NA,NA,NA,NA,NA,NA,NA,NA,NA,NA,NA,NA,NA,NA,NA,NA,NA,2005,2005,"oct","Brasil","luiz inacio lula da silva","Luiz Inacio Lula da Silva","Luiz Inacio Lula da Silva (2003-2011; 2023-2025)",3,"Bilateral","Europa","Luiz Inacio Lula da Silva1","Brasil","Brazil",2003-01-01,2007-01-01,2.44000005722046,3.32999992370606,2,3.10999989509583,2,4.32999992370605,4.8899998664856,4.55999994277954,FALSE,FALSE,FALSE,TRUE,2005,"Izquierda","Derecha","Putin"
"1780-BRA-RUS-40311","1780","Brazil","BRA","Latin America and the Caribbean","South America","Yes","GS","President","Lula da Silva","Luiz Inacio Lula da Silva","0","Russia","RUS","Europe","Eastern Europe","Moscow","No","No",2010,2010-05-13,2010-05-14,2,"No",NA,"Yes","President Dmitry Medvedev","No",NA,"No",NA,"No",NA,"No",NA,"No","Yes","Yes","Yes","No",NA,"Laid wreath at World War II Memorial. Also met with Prime Minister Vladimir Putin","1","http://wwwbibliotecapresidenciagovbr/presidencia/ex-presidentes/luiz-inacio-lula-da-silva/viagens/viagens-internacionais-2o-mandato/viagens-internacionais-2010pdf/view",NA,NA,NA,NA,NA,NA,NA,NA,NA,NA,NA,NA,NA,NA,NA,NA,NA,NA,NA,NA,NA,NA,NA,NA,NA,NA,NA,NA,NA,NA,NA,NA,2010,2010,"may","Brasil","luiz inacio lula da silva","Luiz Inacio Lula da Silva","Luiz Inacio Lula da Silva (2003-2011; 2023-2025)",8,"Bilateral","Europa","Luiz Inacio Lula da Silva2","Brasil","Brazil",2007-01-01,2011-01-01,2.55999994277954,3.22000002861023,2.10999989509583,3.22000002861023,2.10999989509583,4.32999992370605,4.78000020980835,4.32999992370605,FALSE,FALSE,FALSE,TRUE,2010,"Izquierda","Derecha","Putin"
"2652-BRA-RUS-41255","2652","Brazil","BRA","Latin America and the Caribbean","South America","Yes","GS","President","Rousseff","Dilma Rousseff","0","Russia","RUS","Europe","Eastern Europe","Moscu","No","No",2012,2012-12-12,2012-12-15,4,"No",NA,"Yes","President Vladimir Putin","No",NA,"No",NA,"No",NA,"No",NA,"No","Yes","Yes","No","No",NA,"Also met Prime Minister Dmitri Medvedev and laid wreath at Tomb of Unknown Soldier","1","http://www2.planalto.gov.br/area-de-imprensa/relatorios-da-secretaria-de-imprensa/viagens-internacionais-2013/view",NA,NA,NA,NA,NA,NA,NA,NA,NA,NA,NA,NA,NA,NA,NA,NA,NA,NA,NA,NA,NA,NA,NA,NA,NA,NA,NA,NA,NA,NA,NA,NA,2012,2010,"dic","Brasil","dilma rousseff","Dilma Rousseff","Dilma Rousseff (2011-2016)",2,"Bilateral","Europa","Dilma Rousseff","Brasil","Brazil",2011-01-01,2015-01-01,3,3.44000005722046,2.89000010490417,3.10999989509583,2.44000005722046,3.89000010490417,2.89000010490417,3.77999997138977,FALSE,FALSE,FALSE,TRUE,2012,"Centro","Derecha","Putin"
"3224-BRA-RUS-42906","3224","Brazil","BRA","Latin America and the Caribbean","South America","Yes","GS","President","Temer","Michel Temer","0","Russia","RUS","Europe","Eastern Europe","Moscow","No","No",2017,2017-06-20,2017-06-21,3,"No",NA,"Yes","President Vladimir Putin","No",NA,"No",NA,"No",NA,"No",NA,"No","No","No","No","No",NA,"Documents ""expected to be signed,"" but no confirmation;meets with other government officials as well;possible visit to Bolshoi Theatre, but no confirmation","2","https://search-proquest-com.du.idm.oclc.org/central/docview/1913552825/6FEBE884C0A14178PQ/4?accountid=14608","https://search-proquest-com.du.idm.oclc.org/central/docview/1926998589/6FEBE884C0A14178PQ/5?accountid=14608","https://search-proquest-com.du.idm.oclc.org/central/docview/1926997577/6FEBE884C0A14178PQ/7?accountid=14608","https://search-proquest-com.du.idm.oclc.org/central/docview/1926997577/6FEBE884C0A14178PQ/7?accountid=14608","https://search-proquest-com.du.idm.oclc.org/central/docview/1911184916/6FEBE884C0A14178PQ/10?accountid=14608",NA,NA,NA,NA,NA,NA,NA,NA,NA,NA,NA,NA,NA,NA,NA,NA,NA,NA,NA,NA,NA,NA,NA,NA,NA,NA,NA,NA,2017,2015,"jun","Brasil","michel temer","Michel Temer","Michel Temer (2016-2019)",1,"Bilateral","Europa","Michel Temmer","Brasil","Brazil",2016-08-31,2019-01-01,5.1,4.9,5.1,4.45,4.45,3.18,4.54,3.27,FALSE,FALSE,FALSE,TRUE,2017,"Derecha","Derecha","Putin"
"3531-BRA-RUS-44607","3531","Brazil","BRA","Latin America and the Caribbean","South America","Yes","GS","President","Bolsonaro","Jair Bolsonaro","0","Russia","RUS","Europe","Eastern Europe","Moscow","No","No",2022,2022-02-15,2022-02-17,3,"No",NA,"Yes","President Vladimir Putin","No",NA,"No",NA,"No",NA,"No",NA,"No","No","Yes","Yes","No",NA,"President Bolsonaro visits the Tomb of the Unknown Soldier in Moscow;Meets with Russian business leaders in the agricultural field","1","https://apnews.com/article/russia-ukraine-jair-bolsonaro-russia-friendships-vladimir-putin-584b473855f62ba106df15f5340583b1","https://agenciabrasil.ebc.com.br/en/politica/noticia/2022-02/president-jair-bolsonaro-lands-in-russia","https://news.sky.com/story/vladimir-putin-shakes-hands-with-brazilian-president-jair-bolsonaro-at-russia-meeting-after-making-macron-sit-20ft-away-12543571","https://advance-lexis-com.du.idm.oclc.org/api/permalink/30af91bc-d3a6-4945-aef3-cee7bdbb5c9b/?context=1516831","https://www.facebook.com/watch/live/?ref=watch_permalink&v=1575494136151698",NA,NA,NA,NA,NA,NA,NA,NA,NA,NA,NA,NA,NA,NA,NA,NA,NA,NA,NA,NA,NA,NA,NA,NA,NA,NA,NA,NA,2022,2020,"feb","Brasil","jair bolsonaro","Jair Bolsonaro","Jair Bolsonaro (2019-2023)",4,"Bilateral","Europa","Jair Messias Bolsonaro","Brasil","Brazil",2019-01-01,2023-01-01,6.6,5.1,6.3,1.72,6.36,3.1,2.54,1.63,FALSE,FALSE,FALSE,TRUE,2022,"Derecha",NA,NA
"994-BRA-SVK-37313","994","Brazil","BRA","Latin America and the Caribbean","South America","Yes","GS","President","Cardoso","Fernando Henrique Cardoso","0","Slovakia","SVK","Europe","Eastern Europe","Bratislava","No","No",2002,2002-02-26,2002-02-26,1,"No",NA,"Yes","President Rudolf Schuster","No",NA,"No",NA,"No",NA,"No",NA,"Yes","No","No","No","No",NA,NA,"1","http://www.itamaraty.gov.br/images/ed_biblioteca/resenhas_peb/Resenha_N90_1Sem_2002.pdf",NA,NA,NA,NA,NA,NA,NA,NA,NA,NA,NA,NA,NA,NA,NA,NA,NA,NA,NA,NA,NA,NA,NA,NA,NA,NA,NA,NA,NA,NA,NA,NA,2002,2000,"feb","Brasil","fernando henrique cardoso","Fernando Henrique Cardoso","Fernando Henrique Cardoso (1995-2003)",8,"Bilateral","Europa","Fernando Henrique Cardoso2","Brasil","Brazil",1999-01-01,2003-01-01,4.78000020980835,5,4.8899998664856,3.67000007629394,4.44000005722046,3.32999992370606,4.44000005722046,4.67000007629395,FALSE,FALSE,FALSE,TRUE,2002,"Centro","Derecha","Dzurinda"
"994-BRA-ESP-35052","994","Brazil","BRA","Latin America and the Caribbean","South America","Yes","GS","President","Cardoso","Fernando Henrique Cardoso","0","Spain","ESP","Europe","Southern Europe",NA,"No","No",1995,1995-12-19,1995-12-19,1,"No",NA,"Yes","Prime Minister Felipe Gonzalez","No",NA,"No",NA,"No",NA,"No",NA,"No","Yes","No","No","No",NA,NA,"1","http://www1.folha.uol.com.br/fsp/1995/12/11/brasil/28.html",NA,NA,NA,NA,NA,NA,NA,NA,NA,NA,NA,NA,NA,NA,NA,NA,NA,NA,NA,NA,NA,NA,NA,NA,NA,NA,NA,NA,NA,NA,NA,NA,1995,1995,"dic","Brasil","fernando henrique cardoso","Fernando Henrique Cardoso","Fernando Henrique Cardoso (1995-2003)",1,"Bilateral","Europa","Fernando Henrique Cardoso1","Brasil","Brazil",1995-01-01,1999-01-01,4.78000020980835,5,5,3.67000007629394,4.67000007629395,3.32999992370606,4.55999994277954,4.67000007629395,FALSE,FALSE,FALSE,TRUE,1995,"Centro","Izquierda","Gonzalez Marquez"
"994-BRA-ESP-35905","994","Brazil","BRA","Latin America and the Caribbean","South America","Yes","GS","President","Cardoso","Fernando Henrique Cardoso","0","Spain","ESP","Europe","Southern Europe",NA,"No","No",1998,1998-04-20,1998-04-22,3,"No",NA,"Yes","Prime Minister Jose Maria Aznar","No",NA,"No",NA,"No",NA,"No",NA,"No","No","No","Yes","No",NA,"Also met with King Juan Carlos I","1","http://www1.folha.uol.com.br/fsp/brasil/fc20049808.htm","http://search.proquest.com.du.idm.oclc.org/docview/454031994?accountid=14608",NA,NA,NA,NA,NA,NA,NA,NA,NA,NA,NA,NA,NA,NA,NA,NA,NA,NA,NA,NA,NA,NA,NA,NA,NA,NA,NA,NA,NA,NA,NA,1998,1995,"abr","Brasil","fernando henrique cardoso","Fernando Henrique Cardoso","Fernando Henrique Cardoso (1995-2003)",4,"Bilateral","Europa","Fernando Henrique Cardoso1","Brasil","Brazil",1995-01-01,1999-01-01,4.78000020980835,5,5,3.67000007629394,4.67000007629395,3.32999992370606,4.55999994277954,4.67000007629395,FALSE,FALSE,FALSE,TRUE,1998,"Centro","Derecha","Aznar"
"994-BRA-ESP-36823","994","Brazil","BRA","Latin America and the Caribbean","South America","Yes","GS","President","Cardoso","Fernando Henrique Cardoso","0","Spain","ESP","Europe","Southern Europe","Madrid (inferencia)","No","No",2000,2000-10-24,2000-10-28,5,"No",NA,"Yes","Prime Minister Jose Maria Aznar","No",NA,"No",NA,"No",NA,"No",NA,"Yes","No","No","No","No",NA,NA,"1","http://www.itamaraty.gov.br/images/ed_biblioteca/resenhas_peb/Resenha_N87_2Sem_2000.pdf",NA,NA,NA,NA,NA,NA,NA,NA,NA,NA,NA,NA,NA,NA,NA,NA,NA,NA,NA,NA,NA,NA,NA,NA,NA,NA,NA,NA,NA,NA,NA,NA,2000,2000,"oct","Brasil","fernando henrique cardoso","Fernando Henrique Cardoso","Fernando Henrique Cardoso (1995-2003)",6,"Bilateral","Europa","Fernando Henrique Cardoso2","Brasil","Brazil",1999-01-01,2003-01-01,4.78000020980835,5,4.8899998664856,3.67000007629394,4.44000005722046,3.32999992370606,4.44000005722046,4.67000007629395,FALSE,FALSE,FALSE,TRUE,2000,"Centro","Derecha","Aznar"
"1780-BRA-ESP-37817","1780","Brazil","BRA","Latin America and the Caribbean","South America","Yes","GS","President","Lula da Silva","Luiz Inacio Lula da Silva","0","Spain","ESP","Europe","Southern Europe","Madrid","No","No",2003,2003-07-15,2003-07-16,2,"No",NA,"Yes","Prime Minister Jose Maria Aznar","No",NA,"No",NA,"No",NA,"No",NA,"No","No","No","No","No",NA,NA,"1","http://wwwbibliotecapresidenciagovbr/presidencia/ex-presidentes/luiz-inacio-lula-da-silva/viagens/viagens-internacionais-1o-mandato/viagens-internacionais-2003pdf/view",NA,NA,NA,NA,NA,NA,NA,NA,NA,NA,NA,NA,NA,NA,NA,NA,NA,NA,NA,NA,NA,NA,NA,NA,NA,NA,NA,NA,NA,NA,NA,NA,2003,2000,"jul","Brasil","luiz inacio lula da silva","Luiz Inacio Lula da Silva","Luiz Inacio Lula da Silva (2003-2011; 2023-2025)",1,"Bilateral","Europa","Luiz Inacio Lula da Silva1","Brasil","Brazil",2003-01-01,2007-01-01,2.44000005722046,3.32999992370606,2,3.10999989509583,2,4.32999992370605,4.8899998664856,4.55999994277954,FALSE,FALSE,FALSE,TRUE,2003,"Izquierda","Derecha","Aznar"
"1780-BRA-ESP-37918","1780","Brazil","BRA","Latin America and the Caribbean","South America","Yes","GS","President","Lula da Silva","Luiz Inacio Lula da Silva","0","Spain","ESP","Europe","Southern Europe","Oviedo","No","No",2003,2003-10-24,2003-10-24,1,"No",NA,"Yes","Prime Minister Jose Maria Aznar","No",NA,"No",NA,"No",NA,"No",NA,"Yes","No","Yes","No","No",NA,"Attended Prince of Asturias Award Ceremony","1","http://www.itamaraty.gov.br/pt-BR/resenha-de-politica-exterior-do-brasil","http://wwwbibliotecapresidenciagovbr/presidencia/ex-presidentes/luiz-inacio-lula-da-silva/viagens/viagens-internacionais-1o-mandato/viagens-internacionais-2003pdf/view",NA,NA,NA,NA,NA,NA,NA,NA,NA,NA,NA,NA,NA,NA,NA,NA,NA,NA,NA,NA,NA,NA,NA,NA,NA,NA,NA,NA,NA,NA,NA,2003,2000,"oct","Brasil","luiz inacio lula da silva","Luiz Inacio Lula da Silva","Luiz Inacio Lula da Silva (2003-2011; 2023-2025)",1,"Bilateral","Europa","Luiz Inacio Lula da Silva1","Brasil","Brazil",2003-01-01,2007-01-01,2.44000005722046,3.32999992370606,2,3.10999989509583,2,4.32999992370605,4.8899998664856,4.55999994277954,FALSE,FALSE,FALSE,TRUE,2003,"Izquierda","Derecha","Aznar"
"1780-BRA-ESP-39339","1780","Brazil","BRA","Latin America and the Caribbean","South America","Yes","GS","President","Lula da Silva","Luiz Inacio Lula da Silva","0","Spain","ESP","Europe","Southern Europe","Madrid","No","No",2007,2007-09-14,2007-09-17,4,"No",NA,"Yes","Prime Minister Jose Luis Rodriguez Zapatero","No",NA,"No",NA,"No",NA,"No",NA,"No","Yes","No","Yes","No",NA,"Also met King Juan Carlos I","1","http://wwwbibliotecapresidenciagovbr/presidencia/ex-presidentes/luiz-inacio-lula-da-silva/viagens/viagens-internacionais-2o-mandato/viagens-internacionais-2007pdf/view",NA,NA,NA,NA,NA,NA,NA,NA,NA,NA,NA,NA,NA,NA,NA,NA,NA,NA,NA,NA,NA,NA,NA,NA,NA,NA,NA,NA,NA,NA,NA,NA,2007,2005,"sep","Brasil","luiz inacio lula da silva","Luiz Inacio Lula da Silva","Luiz Inacio Lula da Silva (2003-2011; 2023-2025)",5,"Bilateral","Europa","Luiz Inacio Lula da Silva2","Brasil","Brazil",2007-01-01,2011-01-01,2.55999994277954,3.22000002861023,2.10999989509583,3.22000002861023,2.10999989509583,4.32999992370605,4.78000020980835,4.32999992370605,FALSE,FALSE,FALSE,TRUE,2007,"Izquierda","Izquierda","Rodriguez Zapatero"
"1780-BRA-ESP-39733","1780","Brazil","BRA","Latin America and the Caribbean","South America","Yes","GS","President","Lula da Silva","Luiz Inacio Lula da Silva","0","Spain","ESP","Europe","Southern Europe","Madrid","No","No",2008,2008-10-12,2008-10-13,2,"No",NA,"Yes","Prime Minister Jose Luis Rodriguez Zapatero","No",NA,"No",NA,"No",NA,"No",NA,"Yes","No","No","No","No",NA,"Also met King Juan Carlos I","1","http://wwwbibliotecapresidenciagovbr/presidencia/ex-presidentes/luiz-inacio-lula-da-silva/viagens/viagens-internacionais-2o-mandato/viagens-internacionais-2008pdf/view",NA,NA,NA,NA,NA,NA,NA,NA,NA,NA,NA,NA,NA,NA,NA,NA,NA,NA,NA,NA,NA,NA,NA,NA,NA,NA,NA,NA,NA,NA,NA,NA,2008,2005,"oct","Brasil","luiz inacio lula da silva","Luiz Inacio Lula da Silva","Luiz Inacio Lula da Silva (2003-2011; 2023-2025)",6,"Bilateral","Europa","Luiz Inacio Lula da Silva2","Brasil","Brazil",2007-01-01,2011-01-01,2.55999994277954,3.22000002861023,2.10999989509583,3.22000002861023,2.10999989509583,4.32999992370605,4.78000020980835,4.32999992370605,FALSE,FALSE,FALSE,TRUE,2008,"Izquierda","Izquierda","Rodriguez Zapatero"
"1780-BRA-SWE-39336","1780","Brazil","BRA","Latin America and the Caribbean","South America","Yes","GS","President","Lula da Silva","Luiz Inacio Lula da Silva","0","Sweden","SWE","Europe","Northern Europe","Stockholm","No","No",2007,2007-09-11,2007-09-12,2,"No",NA,"Yes","Prime Minister Fredrik Reinfeldt","No",NA,"No",NA,"No",NA,"No",NA,"Yes","Yes","Yes","Yes","No",NA,"Attended opening ceremony of ""Dia do Brasil""","1","http://wwwbibliotecapresidenciagovbr/presidencia/ex-presidentes/luiz-inacio-lula-da-silva/viagens/viagens-internacionais-2o-mandato/viagens-internacionais-2007pdf/view","http://www.itamaraty.gov.br/images/ed_biblioteca/resenhas_peb/Resenha_N101_2Sem_2007.pdf",NA,NA,NA,NA,NA,NA,NA,NA,NA,NA,NA,NA,NA,NA,NA,NA,NA,NA,NA,NA,NA,NA,NA,NA,NA,NA,NA,NA,NA,NA,NA,2007,2005,"sep","Brasil","luiz inacio lula da silva","Luiz Inacio Lula da Silva","Luiz Inacio Lula da Silva (2003-2011; 2023-2025)",5,"Bilateral","Europa","Luiz Inacio Lula da Silva2","Brasil","Brazil",2007-01-01,2011-01-01,2.55999994277954,3.22000002861023,2.10999989509583,3.22000002861023,2.10999989509583,4.32999992370605,4.78000020980835,4.32999992370605,FALSE,FALSE,FALSE,TRUE,2007,"Izquierda","Derecha","Reinfeldt"
"2652-BRA-SWE-42295","2652","Brazil","BRA","Latin America and the Caribbean","South America","Yes","GS","President","Rousseff","Dilma Rousseff","0","Sweden","SWE","Europe","Northern Europe","Stockholm","No","No",2015,2015-10-18,2015-10-19,2,"No",NA,"Yes","Prime Minister Stefan Lofven","No",NA,"No",NA,"No",NA,"No",NA,"No","Yes","No","Yes","No",NA,NA,"1","http://www2.planalto.gov.br/area-de-imprensa/relatorios-da-secretaria-de-imprensa/viagens-internacionais-2015.pdf/view",NA,NA,NA,NA,NA,NA,NA,NA,NA,NA,NA,NA,NA,NA,NA,NA,NA,NA,NA,NA,NA,NA,NA,NA,NA,NA,NA,NA,NA,NA,NA,NA,2015,2015,"oct","Brasil","dilma rousseff","Dilma Rousseff","Dilma Rousseff (2011-2016)",5,"Bilateral","Europa","Dilma Rousseff2","Brasil","Brazil",2015-01-01,2016-08-31,2.6,3.3,2.9,3.6,2.63,4.27,4,2.81,FALSE,FALSE,FALSE,TRUE,2015,"Izquierda","Izquierda","Stefan Lofven"
"1780-BRA-CHE-39385","1780","Brazil","BRA","Latin America and the Caribbean","South America","Yes","GS","President","Lula da Silva","Luiz Inacio Lula da Silva","0","Switzerland","CHE","Europe","Western Europe","Geneva","No","No",2007,2007-10-30,2007-10-30,1,"No",NA,"Yes","President Micheline Calmy-Rey","No",NA,"No",NA,"No",NA,"No",NA,"Yes","No","No","No","No",NA,NA,"1","http://wwwbibliotecapresidenciagovbr/presidencia/ex-presidentes/luiz-inacio-lula-da-silva/viagens/viagens-internacionais-2o-mandato/viagens-internacionais-2007pdf/view",NA,NA,NA,NA,NA,NA,NA,NA,NA,NA,NA,NA,NA,NA,NA,NA,NA,NA,NA,NA,NA,NA,NA,NA,NA,NA,NA,NA,NA,NA,NA,NA,2007,2005,"oct","Brasil","luiz inacio lula da silva","Luiz Inacio Lula da Silva","Luiz Inacio Lula da Silva (2003-2011; 2023-2025)",5,"Bilateral","Europa","Luiz Inacio Lula da Silva2","Brasil","Brazil",2007-01-01,2011-01-01,2.55999994277954,3.22000002861023,2.10999989509583,3.22000002861023,2.10999989509583,4.32999992370605,4.78000020980835,4.32999992370605,FALSE,FALSE,FALSE,TRUE,2007,"Izquierda","Izquierda","Calmy-Rey"
"994-BRA-UKR-37272","994","Brazil","BRA","Latin America and the Caribbean","South America","Yes","GS","President","Cardoso","Fernando Henrique Cardoso","0","Ukraine","UKR","Europe","Eastern Europe","Kiev (inferencia)","No","No",2002,2002-01-16,2002-01-17,2,"No",NA,"Yes","President Leonid Kuchma","No",NA,"No",NA,"No",NA,"No",NA,"Yes","Yes","No","No","No",NA,NA,"1","http://www1.folha.uol.com.br/fsp/brasil/fc1301200221.htm",NA,NA,NA,NA,NA,NA,NA,NA,NA,NA,NA,NA,NA,NA,NA,NA,NA,NA,NA,NA,NA,NA,NA,NA,NA,NA,NA,NA,NA,NA,NA,NA,2002,2000,"ene","Brasil","fernando henrique cardoso","Fernando Henrique Cardoso","Fernando Henrique Cardoso (1995-2003)",8,"Bilateral","Europa","Fernando Henrique Cardoso2","Brasil","Brazil",1999-01-01,2003-01-01,4.78000020980835,5,4.8899998664856,3.67000007629394,4.44000005722046,3.32999992370606,4.44000005722046,4.67000007629395,FALSE,FALSE,FALSE,TRUE,2002,"Centro",NA,"Kuchma"
"1780-BRA-UKR-38129","1780","Brazil","BRA","Latin America and the Caribbean","South America","Yes","GS","President","Lula da Silva","Luiz Inacio Lula da Silva","0","Ukraine","UKR","Europe","Eastern Europe","Kiev","No","No",2004,2004-05-22,2004-05-22,1,"No",NA,"Yes","President Leonid Kuchma","No",NA,"No",NA,"No",NA,"No",NA,"No","No","Yes","No","No",NA,"Visited historic sites in Kiev","1","http://www.itamaraty.gov.br/pt-BR/resenha-de-politica-exterior-do-brasil","http://wwwbibliotecapresidenciagovbr/presidencia/ex-presidentes/luiz-inacio-lula-da-silva/viagens/viagens-internacionais-1o-mandato/viagens-internacionais-2004pdf/view",NA,NA,NA,NA,NA,NA,NA,NA,NA,NA,NA,NA,NA,NA,NA,NA,NA,NA,NA,NA,NA,NA,NA,NA,NA,NA,NA,NA,NA,NA,NA,2004,2000,"may","Brasil","luiz inacio lula da silva","Luiz Inacio Lula da Silva","Luiz Inacio Lula da Silva (2003-2011; 2023-2025)",2,"Bilateral","Europa","Luiz Inacio Lula da Silva1","Brasil","Brazil",2003-01-01,2007-01-01,2.44000005722046,3.32999992370606,2,3.10999989509583,2,4.32999992370605,4.8899998664856,4.55999994277954,FALSE,FALSE,FALSE,TRUE,2004,"Izquierda",NA,"Kuchma"
"1780-BRA-UKR-40148","1780","Brazil","BRA","Latin America and the Caribbean","South America","Yes","GS","President","Lula da Silva","Luiz Inacio Lula da Silva","0","Ukraine","UKR","Europe","Eastern Europe","Kyiv","No","No",2009,2009-12-01,2009-12-02,2,"No",NA,"Yes","President Viktor Yushchenko","No",NA,"No",NA,"No",NA,"No",NA,"No","Yes","Yes","Yes","No",NA,"Laid wreath at monument to the victims of the Great Famine of 1932-1933","1","http://wwwbibliotecapresidenciagovbr/presidencia/ex-presidentes/luiz-inacio-lula-da-silva/viagens/viagens-internacionais-2o-mandato/viagens-internacionais-2009pdf/view",NA,NA,NA,NA,NA,NA,NA,NA,NA,NA,NA,NA,NA,NA,NA,NA,NA,NA,NA,NA,NA,NA,NA,NA,NA,NA,NA,NA,NA,NA,NA,NA,2009,2005,"dic","Brasil","luiz inacio lula da silva","Luiz Inacio Lula da Silva","Luiz Inacio Lula da Silva (2003-2011; 2023-2025)",7,"Bilateral","Europa","Luiz Inacio Lula da Silva2","Brasil","Brazil",2007-01-01,2011-01-01,2.55999994277954,3.22000002861023,2.10999989509583,3.22000002861023,2.10999989509583,4.32999992370605,4.78000020980835,4.32999992370605,FALSE,FALSE,FALSE,TRUE,2009,"Izquierda","Derecha","Yushchenko"
"1780-BRA-UKR-40513","1780","Brazil","BRA","Latin America and the Caribbean","South America","Yes","GS","President","Lula da Silva","Luiz Inacio Lula da Silva","0","Ukraine","UKR","Europe","Eastern Europe","Kyiv","No","No",2010,2010-12-01,2010-12-02,2,"No",NA,"Yes","President Viktor Yushchenko","No",NA,"No",NA,"No",NA,"No",NA,"Yes","Yes","Yes","Yes","No",NA,NA,"1","http://wwwbibliotecapresidenciagovbr/presidencia/ex-presidentes/luiz-inacio-lula-da-silva/viagens/viagens-internacionais-2o-mandato/viagens-internacionais-2010pdf/view",NA,NA,NA,NA,NA,NA,NA,NA,NA,NA,NA,NA,NA,NA,NA,NA,NA,NA,NA,NA,NA,NA,NA,NA,NA,NA,NA,NA,NA,NA,NA,NA,2010,2010,"dic","Brasil","luiz inacio lula da silva","Luiz Inacio Lula da Silva","Luiz Inacio Lula da Silva (2003-2011; 2023-2025)",8,"Bilateral","Europa","Luiz Inacio Lula da Silva2","Brasil","Brazil",2007-01-01,2011-01-01,2.55999994277954,3.22000002861023,2.10999989509583,3.22000002861023,2.10999989509583,4.32999992370605,4.78000020980835,4.32999992370605,FALSE,FALSE,FALSE,TRUE,2010,"Izquierda","Centro","Yanukovych"
"994-BRA-GBR-34824","994","Brazil","BRA","Latin America and the Caribbean","South America","Yes","GS","President","Cardoso","Fernando Henrique Cardoso","0","United Kingdom","GBR","Europe","Northern Europe",NA,"No","No",1995,1995-05-05,1995-05-08,4,"No",NA,"Yes","Prime Minister John Major","No",NA,"No",NA,"No",NA,"No",NA,"No","No","Yes","No","No",NA,"Attended the celebrations marking the anniversary of the end of WWII","1","http://www1.folha.uol.com.br/fsp/1995/5/07/brasil/13.html","http://docs.newsbank.com/openurl?ctx_ver=z39.88-2004&rft_id=info:sid/iw.newsbank.com:FBISX&rft_val_format=info:ofi/fmt:kev:mtx:ctx&rft_dat=1244C66F12496968&svc_dat=HistArchive:fbisdoc&req_dat=CCC2C333359F484A8EEF1DBBA42258B8",NA,NA,NA,NA,NA,NA,NA,NA,NA,NA,NA,NA,NA,NA,NA,NA,NA,NA,NA,NA,NA,NA,NA,NA,NA,NA,NA,NA,NA,NA,NA,1995,1995,"may","Brasil","fernando henrique cardoso","Fernando Henrique Cardoso","Fernando Henrique Cardoso (1995-2003)",1,"Bilateral","Europa","Fernando Henrique Cardoso1","Brasil","Brazil",1995-01-01,1999-01-01,4.78000020980835,5,5,3.67000007629394,4.67000007629395,3.32999992370606,4.55999994277954,4.67000007629395,FALSE,FALSE,FALSE,TRUE,1995,"Centro","Derecha","Major"
"994-BRA-GBR-35469","994","Brazil","BRA","Latin America and the Caribbean","South America","Yes","GS","President","Cardoso","Fernando Henrique Cardoso","0","United Kingdom","GBR","Europe","Northern Europe",NA,"No","No",1997,1997-02-08,1997-02-10,3,"No",NA,"Yes","Prime Minister John Major","No",NA,"No",NA,"No",NA,"No",NA,"No","No","No","No","No",NA,"[PE-Latam 2026-08-31: revisado, HostHOGSName queda No_verificable -COLT marco este item con Confidence 2/5. Busqueda activa confirmo que Cardoso realizo una visita a Londres en febrero de 1997 (con agenda academica: a-]","2","http://wwwbibliotecapresidenciagovbr/ex-Presidentes/fernando-henrique-cardoso/discursos-1/1o-mandato/1997-1o-semestre/13-de-fevereiro-de-1997-aula-ministrada-por-ocasiao-do-recebimento-do-titulo-de-doutor-honoris-causa-da-universidade-de-bolonha",NA,NA,NA,NA,NA,NA,NA,NA,NA,NA,NA,NA,NA,NA,NA,NA,NA,NA,NA,NA,NA,NA,NA,NA,NA,NA,NA,NA,NA,NA,NA,NA,1997,1995,"feb","Brasil","fernando henrique cardoso","Fernando Henrique Cardoso","Fernando Henrique Cardoso (1995-2003)",3,"Bilateral","Europa","Fernando Henrique Cardoso1","Brasil","Brazil",1995-01-01,1999-01-01,4.78000020980835,5,5,3.67000007629394,4.67000007629395,3.32999992370606,4.55999994277954,4.67000007629395,FALSE,FALSE,FALSE,TRUE,1997,"Centro","Izquierda","Blair"
"994-BRA-GBR-35765","994","Brazil","BRA","Latin America and the Caribbean","South America","Yes","GS","President","Cardoso","Fernando Henrique Cardoso","0","United Kingdom","GBR","Europe","Northern Europe",NA,"No","No",1997,1997-12-01,1997-12-05,5,"No",NA,"Yes","Prime Minister Tony Blair","No",NA,"No",NA,"No",NA,"No",NA,"No","Yes","No","No","No",NA,NA,"1","http://www1.folha.uol.com.br/fsp/1997/12/05/brasil/9.html","""Strickland lays some blame on Carlesimo: [FINAL Edition]"" Graves;Gary U.S.A TODAY [McLean;Va] 04 Dec 1997: 03C","""Brazil agrees to protect 10% of its tropical forest by 2000"": [FINAL Edition]



The Sun [Baltimore;Md] 05 Dec 1997: 33A.",NA,NA,NA,NA,NA,NA,NA,NA,NA,NA,NA,NA,NA,NA,NA,NA,NA,NA,NA,NA,NA,NA,NA,NA,NA,NA,NA,NA,NA,NA,1997,1995,"dic","Brasil","fernando henrique cardoso","Fernando Henrique Cardoso","Fernando Henrique Cardoso (1995-2003)",3,"Bilateral","Europa","Fernando Henrique Cardoso1","Brasil","Brazil",1995-01-01,1999-01-01,4.78000020980835,5,5,3.67000007629394,4.67000007629395,3.32999992370606,4.55999994277954,4.67000007629395,FALSE,FALSE,FALSE,TRUE,1997,"Centro","Izquierda","Blair"
"994-BRA-GBR-36269","994","Brazil","BRA","Latin America and the Caribbean","South America","Yes","GS","President","Cardoso","Fernando Henrique Cardoso","0","United Kingdom","GBR","Europe","Northern Europe",NA,"No","No",1999,1999-04-19,1999-04-21,3,"No",NA,"Yes","Prime Minister Tony Blair","No",NA,"No",NA,"No",NA,"No",NA,"No","No","No","Yes","No",NA,"[PE-Latam 2026-08-31: revisado, CityVisited/contexto queda No_verificable -No se hallo fuente especifica para este tramo del Reino Unido (19-21/4/1999), tercer tramo de la misma gira europea.-]","1","http://www.dgabc.com.br/noticia/235755/fhc-chega-esta-quarta-feira-a-alemanha?referencia=navegacao-lateral-detalhe-noticia",NA,NA,NA,NA,NA,NA,NA,NA,NA,NA,NA,NA,NA,NA,NA,NA,NA,NA,NA,NA,NA,NA,NA,NA,NA,NA,NA,NA,NA,NA,NA,NA,1999,1995,"abr","Brasil","fernando henrique cardoso","Fernando Henrique Cardoso","Fernando Henrique Cardoso (1995-2003)",5,"Bilateral","Europa","Fernando Henrique Cardoso2","Brasil","Brazil",1999-01-01,2003-01-01,4.78000020980835,5,4.8899998664856,3.67000007629394,4.44000005722046,3.32999992370606,4.44000005722046,4.67000007629395,FALSE,FALSE,FALSE,TRUE,1999,"Centro","Izquierda","Blair"
"994-BRA-GBR-37573","994","Brazil","BRA","Latin America and the Caribbean","South America","Yes","GS","President","Cardoso","Fernando Henrique Cardoso","0","United Kingdom","GBR","Europe","Northern Europe","Londres","No","No",2002,2002-11-13,2002-11-14,2,"No",NA,"Yes","Prime Minister Tony Blair","No",NA,"No",NA,"No",NA,"No",NA,"Yes","No","No","No","No",NA,NA,"1","http://memoria.ebc.com.br/agenciabrasil/node/573336","http://www1.folha.uol.com.br/fsp/brasil/fc1710200206.htm",NA,NA,NA,NA,NA,NA,NA,NA,NA,NA,NA,NA,NA,NA,NA,NA,NA,NA,NA,NA,NA,NA,NA,NA,NA,NA,NA,NA,NA,NA,NA,2002,2000,"nov","Brasil","fernando henrique cardoso","Fernando Henrique Cardoso","Fernando Henrique Cardoso (1995-2003)",8,"Bilateral","Europa","Fernando Henrique Cardoso2","Brasil","Brazil",1999-01-01,2003-01-01,4.78000020980835,5,4.8899998664856,3.67000007629394,4.44000005722046,3.32999992370606,4.44000005722046,4.67000007629395,FALSE,FALSE,FALSE,TRUE,2002,"Centro","Izquierda","Blair"
"1780-BRA-GBR-38782","1780","Brazil","BRA","Latin America and the Caribbean","South America","Yes","GS","President","Lula da Silva","Luiz Inacio Lula da Silva","0","United Kingdom","GBR","Europe","Northern Europe","Londres","No","No",2006,2006-03-06,2006-03-09,4,"No",NA,"Yes","Prime Minister Tony Blair","No",NA,"No",NA,"No",NA,"No",NA,"Yes","No","Yes","Yes","No",NA,"Also met Queen Elizabeth II and laid wreath at Tomb of Unknown Soldier","1","http://wwwbibliotecapresidenciagovbr/presidencia/ex-presidentes/luiz-inacio-lula-da-silva/viagens/viagens-internacionais-1o-mandato/viagens-internacionais-2006pdf/view","http://www.itamaraty.gov.br/images/ed_biblioteca/resenhas_peb/Resenha_N98_1Sem_2006.pdf",NA,NA,NA,NA,NA,NA,NA,NA,NA,NA,NA,NA,NA,NA,NA,NA,NA,NA,NA,NA,NA,NA,NA,NA,NA,NA,NA,NA,NA,NA,NA,2006,2005,"mar","Brasil","luiz inacio lula da silva","Luiz Inacio Lula da Silva","Luiz Inacio Lula da Silva (2003-2011; 2023-2025)",4,"Bilateral","Europa","Luiz Inacio Lula da Silva1","Brasil","Brazil",2003-01-01,2007-01-01,2.44000005722046,3.32999992370606,2,3.10999989509583,2,4.32999992370605,4.8899998664856,4.55999994277954,FALSE,FALSE,FALSE,TRUE,2006,"Izquierda","Izquierda","Blair"
"1780-BRA-GBR-40121","1780","Brazil","BRA","Latin America and the Caribbean","South America","Yes","GS","President","Lula da Silva","Luiz Inacio Lula da Silva","0","United Kingdom","GBR","Europe","Northern Europe","London","No","No",2009,2009-11-04,2009-11-05,2,"No",NA,"Yes","Prime Minister Gordon Brown","No",NA,"No",NA,"No",NA,"No",NA,"No","Yes","No","Yes","No",NA,"Also met Queen Elizabeth II","1","http://wwwbibliotecapresidenciagovbr/presidencia/ex-presidentes/luiz-inacio-lula-da-silva/viagens/viagens-internacionais-2o-mandato/viagens-internacionais-2009pdf/view",NA,NA,NA,NA,NA,NA,NA,NA,NA,NA,NA,NA,NA,NA,NA,NA,NA,NA,NA,NA,NA,NA,NA,NA,NA,NA,NA,NA,NA,NA,NA,NA,2009,2005,"nov","Brasil","luiz inacio lula da silva","Luiz Inacio Lula da Silva","Luiz Inacio Lula da Silva (2003-2011; 2023-2025)",7,"Bilateral","Europa","Luiz Inacio Lula da Silva2","Brasil","Brazil",2007-01-01,2011-01-01,2.55999994277954,3.22000002861023,2.10999989509583,3.22000002861023,2.10999989509583,4.32999992370605,4.78000020980835,4.32999992370605,FALSE,FALSE,FALSE,TRUE,2009,"Izquierda","Izquierda","Brown"
"2652-BRA-GBR-41115","2652","Brazil","BRA","Latin America and the Caribbean","South America","Yes","GS","President","Rousseff","Dilma Rousseff","0","United Kingdom","GBR","Europe","Northern Europe","Londres","No","No",2012,2012-07-25,2012-07-28,4,"No",NA,"Yes","Prime Minister David Cameron","No",NA,"No",NA,"No",NA,"No",NA,"Yes","Yes","Yes","Yes","No",NA,"Attended ceremony to launch the Campaign for Tourism Promotion in Brazil Abroad","1","http://www2.planalto.gov.br/area-de-imprensa/relatorios-da-secretaria-de-imprensa/viagens-internacionais-2012/view",NA,NA,NA,NA,NA,NA,NA,NA,NA,NA,NA,NA,NA,NA,NA,NA,NA,NA,NA,NA,NA,NA,NA,NA,NA,NA,NA,NA,NA,NA,NA,NA,2012,2010,"jul","Brasil","dilma rousseff","Dilma Rousseff","Dilma Rousseff (2011-2016)",2,"Bilateral","Europa","Dilma Rousseff","Brasil","Brazil",2011-01-01,2015-01-01,3,3.44000005722046,2.89000010490417,3.10999989509583,2.44000005722046,3.89000010490417,2.89000010490417,3.77999997138977,FALSE,FALSE,FALSE,TRUE,2012,"Centro","Derecha","Cameron"
"2556-CHL-BEL-43385","2556","Chile","CHL","Latin America and the Caribbean","South America","Yes","GS","President","Pinera","Sebastian Pinera","0","Belgium","BEL","Europe","Western Europe","Bruselas","No","No",2018,2018-10-12,2018-10-13,2,"No",NA,"Yes","King Philippe","No",NA,"No",NA,"No",NA,"No",NA,"No","No","No","No","Yes","European Commission (EC) President Jean-Claude Juncker",NA,"1","https://advance-lexis-com.du.idm.oclc.org/api/permalink/5461ead0-940e-4ae9-b379-3d1dec28f6ec/?context=1516831","https://advance-lexis-com.du.idm.oclc.org/api/permalink/6e68a197-2f7a-4c83-8474-ccd6ec037ec9/?context=1516831","https://www.gettyimages.com/photos/sebastian-pinera?begindate=2018-03-11&enddate=2018-12-31&events=775229594&family=editorial&phrase=sebastian%20pinera&recency=daterange&sort=newest#license","https://www.gettyimages.com/detail/news-photo/king-philippe-of-belgium-welcomes-chile-president-sebastian-news-photo/1051965948?adppopup=true",NA,NA,NA,NA,NA,NA,NA,NA,NA,NA,NA,NA,NA,NA,NA,NA,NA,NA,NA,NA,NA,NA,NA,NA,NA,NA,NA,NA,NA,2018,2015,"oct","Chile","sebastian pinera","Sebastian Pinera","Sebastian Pinera (2010-2014; 2018-2022)",1,"Bilateral","Europa","Sebastián Piñera2","Chile","Chile",2018-03-11,2022-03-11,5.81,6.63,6.27,4.81,5.54,4.27,5,4.45,FALSE,FALSE,FALSE,TRUE,2018,"Derecha","Derecha","Charles Michel"
"1516-CHL-HRV-38014","1516","Chile","CHL","Latin America and the Caribbean","South America","Yes","GS","President","Lagos","Ricardo Lagos Escobar","0","Croatia","HRV","Europe","Southern Europe","Zagreb","No","No",2004,2004-01-28,2004-01-30,3,"No",NA,"Yes","President Stipe Mesic","No",NA,"No",NA,"No",NA,"No",NA,"Yes","No","Yes","No","No",NA,"visited the southern Adriatic city of Split and the island of Brac where Lagos unveiled a memorial plaque in honour of the Croatian community in Chile","1","http://du.idm.oclc.org/login?url=http://search.proquest.com/docview/452466190?accountid=14608","http://infoweb.newsbank.com/resources/doc/nb/news/100795E2C609F27B?p=AWNB","http://infoweb.newsbank.com/resources/doc/nb/news/100795E2BB512F57?p=AWNB","http://infoweb.newsbank.com/resources/doc/nb/news/10303F1BB7507C19?p=AWNB",NA,NA,NA,NA,NA,NA,NA,NA,NA,NA,NA,NA,NA,NA,NA,NA,NA,NA,NA,NA,NA,NA,NA,NA,NA,NA,NA,NA,NA,2004,2000,"ene","Chile","ricardo lagos escobar","Ricardo Lagos Escobar","Ricardo Lagos Escobar (2000-2006)",4,"Bilateral","Europa","Ricardo Froilin Lagos Escobar","Chile","Chile",2000-03-11,2006-03-11,3.5699999332428,6,4.42999982833862,5.1399998664856,3.5699999332428,4.1399998664856,5,5,FALSE,FALSE,FALSE,TRUE,2004,"Centro","Izquierda","Mesic"
"907-CHL-CZE-36235","907","Chile","CHL","Latin America and the Caribbean","South America","Yes","GS","President","Ruiz-Tagle","Eduardo Frei Ruiz-Tagle","0","Czechia","CZE","Europe","Eastern Europe",NA,"No","No",1999,1999-03-16,1999-03-19,4,"No",NA,"Yes","President Vaclav Havel","No",NA,"No",NA,"No",NA,"No",NA,"No","Yes","Yes","Yes","No",NA,"President Frei visited the National Monument in Terezin.","1","http://du.idm.oclc.org/login?url=http://search.proquest.com/docview/452803301?accountid=14608","http://du.idm.oclc.org/login?url=http://search.proquest.com/docview/454217194?accountid=14608","http://du.idm.oclc.org/login?url=http://search.proquest.com/docview/451727107?accountid=14608",NA,NA,NA,NA,NA,NA,NA,NA,NA,NA,NA,NA,NA,NA,NA,NA,NA,NA,NA,NA,NA,NA,NA,NA,NA,NA,NA,NA,NA,NA,1999,1995,"mar","Chile","eduardo frei ruiz-tagle","Eduardo Frei Ruiz-Tagle","Eduardo Frei Ruiz-Tagle (1994-2000)",6,"Bilateral","Europa","Eduardo Frei Ruiz-Tagle","Chile","Chile",1994-03-11,2000-03-11,4.1399998664856,6,4.57000017166138,5.1399998664856,4.1399998664856,4,4.42999982833862,5,FALSE,FALSE,FALSE,TRUE,1999,"Centro","Izquierda","Zeman"
"1516-CHL-DNK-38012","1516","Chile","CHL","Latin America and the Caribbean","South America","Yes","GS","President","Lagos","Ricardo Lagos Escobar","0","Denmark","DNK","Europe","Northern Europe","Copenhagen","No","No",2004,2004-01-26,2004-01-27,2,"No",NA,"Yes","Prime Minister Anders Fogh Rasmussen","No",NA,"No",NA,"No",NA,"No",NA,"No","No","No","Yes","No",NA,"President Lagos also met Queen Margrethe.","1","http://du.idm.oclc.org/login?url=http://search.proquest.com/docview/313487062?accountid=14608","http://infoweb.newsbank.com/resources/doc/nb/news/100698C5135AE811?p=AWNB","http://infoweb.newsbank.com/resources/doc/nb/news/12E646EED67BEBA0?p=AWNB","http://du.idm.oclc.org/login?url=http://search.proquest.com/docview/452850099?accountid=14608","http://du.idm.oclc.org/login?url=http://search.proquest.com/docview/452468373?accountid=14608",NA,NA,NA,NA,NA,NA,NA,NA,NA,NA,NA,NA,NA,NA,NA,NA,NA,NA,NA,NA,NA,NA,NA,NA,NA,NA,NA,NA,2004,2000,"ene","Chile","ricardo lagos escobar","Ricardo Lagos Escobar","Ricardo Lagos Escobar (2000-2006)",4,"Bilateral","Europa","Ricardo Froilin Lagos Escobar","Chile","Chile",2000-03-11,2006-03-11,3.5699999332428,6,4.42999982833862,5.1399998664856,3.5699999332428,4.1399998664856,5,5,FALSE,FALSE,FALSE,TRUE,2004,"Centro","Derecha","Fogh Rasmussen"
"1516-CHL-FIN-37312","1516","Chile","CHL","Latin America and the Caribbean","South America","Yes","GS","President","Lagos","Ricardo Lagos Escobar","0","Finland","FIN","Europe","Northern Europe","Helsinki","No","No",2002,2002-02-24,2002-02-26,2,"No",NA,"Yes","President Tarja Halonen","No",NA,"No",NA,"No",NA,"No",NA,"No","No","No","No","No",NA,NA,"2","http://du.idm.oclc.org/login?url=http://search.proquest.com/docview/452546278?accountid=14608","http://du.idm.oclc.org/login?url=http://search.proquest.com/docview/452923172?accountid=14608",NA,NA,NA,NA,NA,NA,NA,NA,NA,NA,NA,NA,NA,NA,NA,NA,NA,NA,NA,NA,NA,NA,NA,NA,NA,NA,NA,NA,NA,NA,NA,2002,2000,"feb","Chile","ricardo lagos escobar","Ricardo Lagos Escobar","Ricardo Lagos Escobar (2000-2006)",2,"Bilateral","Europa","Ricardo Froilin Lagos Escobar","Chile","Chile",2000-03-11,2006-03-11,3.5699999332428,6,4.42999982833862,5.1399998664856,3.5699999332428,4.1399998664856,5,5,FALSE,FALSE,FALSE,TRUE,2002,"Centro","Izquierda","Halonen"
"2134-CHL-FIN-39230","2134","Chile","CHL","Latin America and the Caribbean","South America","Yes","GS","President","Bachelet","Michelle Bachelet","0","Finland","FIN","Europe","Northern Europe","Helsinki","No","No",2007,2007-05-28,2007-05-30,3,"No",NA,"Yes","President Tarja Halonen","No",NA,"No",NA,"No",NA,"No",NA,"No","Yes","No","Yes","No",NA,NA,"1","http://infoweb.newsbank.com/resources/doc/nb/news/14140A9777AEE200?p=AWNB","http://du.idm.oclc.org/login?url=http://search.proquest.com/docview/469120869?accountid=14608","http://du.idm.oclc.org/login?url=http://search.proquest.com/docview/467639033?accountid=14608",NA,NA,NA,NA,NA,NA,NA,NA,NA,NA,NA,NA,NA,NA,NA,NA,NA,NA,NA,NA,NA,NA,NA,NA,NA,NA,NA,NA,NA,NA,2007,2005,"may","Chile","michelle bachelet","Michelle Bachelet","Michelle Bachelet (2006-2010; 2014-2018)",2,"Bilateral","Europa","Veronica Michelle Bachelet Jeria","Chile","Chile",2006-03-11,2010-03-11,2.85999989509583,5.57000017166138,3.85999989509583,4.57000017166138,3.71000003814697,4.42999982833862,5,4.8600001335144,FALSE,FALSE,FALSE,TRUE,2007,"Izquierda","Izquierda","Halonen"
"907-CHL-FRA-35530","907","Chile","CHL","Latin America and the Caribbean","South America","Yes","GS","President","Ruiz-Tagle","Eduardo Frei Ruiz-Tagle","0","France","FRA","Europe","Western Europe",NA,"No","No",1997,1997-04-10,1997-04-13,4,"No",NA,"Yes","President Jacques Chirac","No",NA,"No",NA,"No",NA,"No",NA,"No","Yes","No","No","No",NA,NA,"1","http://du.idm.oclc.org/login?url=http://search.proquest.com/docview/1143870783?accountid=14608","http://du.idm.oclc.org/login?url=http://search.proquest.com/docview/316211581?accountid=14608","http://www.aparchive.com/metadata/youtube/e3269d7fd69cafb2fa8810f4bd7e1d04","http://wnc.eastview.com/wnc/article?id=37288598",NA,NA,NA,NA,NA,NA,NA,NA,NA,NA,NA,NA,NA,NA,NA,NA,NA,NA,NA,NA,NA,NA,NA,NA,NA,NA,NA,NA,NA,1997,1995,"abr","Chile","eduardo frei ruiz-tagle","Eduardo Frei Ruiz-Tagle","Eduardo Frei Ruiz-Tagle (1994-2000)",4,"Bilateral","Europa","Eduardo Frei Ruiz-Tagle","Chile","Chile",1994-03-11,2000-03-11,4.1399998664856,6,4.57000017166138,5.1399998664856,4.1399998664856,4,4.42999982833862,5,FALSE,FALSE,FALSE,TRUE,1997,"Centro","Derecha","Chirac"
"1516-CHL-FRA-36998","1516","Chile","CHL","Latin America and the Caribbean","South America","Yes","GS","President","Lagos","Ricardo Lagos Escobar","0","France","FRA","Europe","Western Europe","Paris","No","No",2001,2001-04-17,2001-04-19,3,"No",NA,"Yes","President Jacques Chirac","No",NA,"No",NA,"No",NA,"No",NA,"No","No","No","No","No",NA,"President Lagos will also meet with Prime Minister Lionel Jospin.","1","http://du.idm.oclc.org/login?url=http://search.proquest.com/docview/451604470?accountid=14608","http://du.idm.oclc.org/login?url=http://search.proquest.com/docview/452512488?accountid=14608","http://du.idm.oclc.org/login?url=http://search.proquest.com/docview/451604470?accountid=14608",NA,NA,NA,NA,NA,NA,NA,NA,NA,NA,NA,NA,NA,NA,NA,NA,NA,NA,NA,NA,NA,NA,NA,NA,NA,NA,NA,NA,NA,NA,2001,2000,"abr","Chile","ricardo lagos escobar","Ricardo Lagos Escobar","Ricardo Lagos Escobar (2000-2006)",2,"Bilateral","Europa","Ricardo Froilin Lagos Escobar","Chile","Chile",2000-03-11,2006-03-11,3.5699999332428,6,4.42999982833862,5.1399998664856,3.5699999332428,4.1399998664856,5,5,FALSE,FALSE,FALSE,TRUE,2001,"Centro","Derecha","Chirac"
"1516-CHL-FRA-38013","1516","Chile","CHL","Latin America and the Caribbean","South America","Yes","GS","President","Lagos","Ricardo Lagos Escobar","0","France","FRA","Europe","Western Europe","Paris","No","No",2004,2004-01-28,2004-01-28,2,"No",NA,"Yes","President Jacques Chirac","No",NA,"No",NA,"No",NA,"No",NA,"No","No","No","No","No",NA,NA,"2","http://infoweb.newsbank.com/resources/doc/nb/news/1084DF24CEC8D4F6?p=AWNB","http://infoweb.newsbank.com/resources/doc/nb/news/12E646EEC9A7A248?p=AWNB",NA,NA,NA,NA,NA,NA,NA,NA,NA,NA,NA,NA,NA,NA,NA,NA,NA,NA,NA,NA,NA,NA,NA,NA,NA,NA,NA,NA,NA,NA,NA,2004,2000,"ene","Chile","ricardo lagos escobar","Ricardo Lagos Escobar","Ricardo Lagos Escobar (2000-2006)",4,"Bilateral","Europa","Ricardo Froilin Lagos Escobar","Chile","Chile",2000-03-11,2006-03-11,3.5699999332428,6,4.42999982833862,5.1399998664856,3.5699999332428,4.1399998664856,5,5,FALSE,FALSE,FALSE,TRUE,2004,"Centro","Derecha","Chirac"
"2134-CHL-FRA-39960","2134","Chile","CHL","Latin America and the Caribbean","South America","Yes","GS","President","Bachelet","Michelle Bachelet","0","France","FRA","Europe","Western Europe","Paris","No","No",2009,2009-05-27,2009-05-30,4,"No",NA,"Yes","President Nicolas Sarkozy","No",NA,"No",NA,"No",NA,"No",NA,"Yes","Yes","Yes","Yes","Yes","United Nations Educational, Scientific and Cultural Organization (UNESCO) Director-General Koichiro Matsuura","President Bachelet traveled to Chassagne Montrachet, home of her ancestors","1","http://infoweb.newsbank.com/resources/doc/nb/news/128697D626121BE8?p=AWNB","http://infoweb.newsbank.com/resources/doc/nb/news/12874E7219F30930?p=AWNB","http://infoweb.newsbank.com/resources/doc/nb/news/1287A2C9BB461A50?p=AWNB",NA,NA,NA,NA,NA,NA,NA,NA,NA,NA,NA,NA,NA,NA,NA,NA,NA,NA,NA,NA,NA,NA,NA,NA,NA,NA,NA,NA,NA,NA,2009,2005,"may","Chile","michelle bachelet","Michelle Bachelet","Michelle Bachelet (2006-2010; 2014-2018)",4,"Bilateral","Europa","Veronica Michelle Bachelet Jeria","Chile","Chile",2006-03-11,2010-03-11,2.85999989509583,5.57000017166138,3.85999989509583,4.57000017166138,3.71000003814697,4.42999982833862,5,4.8600001335144,FALSE,FALSE,FALSE,TRUE,2009,"Izquierda","Derecha","Sarkozy"
"2556-CHL-FRA-40470","2556","Chile","CHL","Latin America and the Caribbean","South America","Yes","GS","President","Pinera","Sebastian Pinera","0","France","FRA","Europe","Western Europe","Paris","No","No",2010,2010-10-19,2010-10-21,3,"No",NA,"Yes","President Nicolas Sarkozy","No",NA,"No",NA,"No",NA,"No",NA,"Yes","No","No","No","Yes","United Nations Educational, Scientific and Cultural Organization (UNESCO) Director-General Irina Bokova",NA,"1","http://infoweb.newsbank.com/resources/doc/nb/news/1330A24A0F10B080?p=AWNB","http://infoweb.newsbank.com/resources/doc/nb/news/132F87CBF3415A68?p=AWNB",NA,NA,NA,NA,NA,NA,NA,NA,NA,NA,NA,NA,NA,NA,NA,NA,NA,NA,NA,NA,NA,NA,NA,NA,NA,NA,NA,NA,NA,NA,NA,2010,2010,"oct","Chile","sebastian pinera","Sebastian Pinera","Sebastian Pinera (2010-2014; 2018-2022)",1,"Bilateral","Europa","Sebastian Pinera","Chile","Chile",2010-03-11,2014-03-11,5.69999980926514,5.57999992370605,5.23000001907349,4.53999996185303,5.42999982833862,5,5,5,FALSE,FALSE,FALSE,TRUE,2010,"Derecha","Derecha","Sarkozy"
"2134-CHL-FRA-42163","2134","Chile","CHL","Latin America and the Caribbean","South America","Yes","GS","President","Bachelet","Michelle Bachelet","0","France","FRA","Europe","Western Europe","Paris","No","No",2015,2015-06-08,2015-06-09,2,"No",NA,"Yes","President Francois Hollande","No",NA,"No",NA,"No",NA,"No",NA,"Yes","Yes","No","Yes","No",NA,NA,"1","http://infoweb.newsbank.com/resources/doc/nb/news/155D66F097769398?p=AWNB","http://infoweb.newsbank.com/resources/doc/nb/news/155DF2A6279CF9D8?p=AWNB","http://du.idm.oclc.org/login?url=http://search.proquest.com/docview/1686493173?accountid=14608","http://du.idm.oclc.org/login?url=http://search.proquest.com/docview/1686890940?accountid=14608","http://du.idm.oclc.org/login?url=http://search.proquest.com/docview/1686769795?accountid=14608",NA,NA,NA,NA,NA,NA,NA,NA,NA,NA,NA,NA,NA,NA,NA,NA,NA,NA,NA,NA,NA,NA,NA,NA,NA,NA,NA,NA,2015,2015,"jun","Chile","michelle bachelet","Michelle Bachelet","Michelle Bachelet (2006-2010; 2014-2018)",2,"Bilateral","Europa","Michelle Bachelet","Chile","Chile",2014-03-11,2018-03-11,2.9,5.63,4.18,4,4.18,3.6,3.72,3.9,FALSE,FALSE,FALSE,TRUE,2015,"Izquierda","Izquierda","Hollande"
"2556-CHL-FRA-43379","2556","Chile","CHL","Latin America and the Caribbean","South America","Yes","GS","President","Pinera","Sebastian Pinera","0","France","FRA","Europe","Western Europe","París","No","No",2018,2018-10-06,2018-10-08,3,"No",NA,"Yes","President Emmanuel Macron","No",NA,"No",NA,"No",NA,"No",NA,"No","No","Yes","No","No",NA,"visited the Eiffel Tower and Louvre Museum","1","https://wwwgobcl/en/news/president-pinera-highlights-agreements-trade-defense-and-environment-Meeting-president-macron/","https://advance-lexis-com.du.idm.oclc.org/api/permalink/5461ead0-940e-4ae9-b379-3d1dec28f6ec/?context=1516831","https://www.gettyimages.com/photos/sebastian-pinera?begindate=2018-03-11&enddate=2018-12-31&events=775239746&family=editorial&phrase=sebastian%20pinera&recency=daterange&sort=newest#license",NA,NA,NA,NA,NA,NA,NA,NA,NA,NA,NA,NA,NA,NA,NA,NA,NA,NA,NA,NA,NA,NA,NA,NA,NA,NA,NA,NA,NA,NA,2018,2015,"oct","Chile","sebastian pinera","Sebastian Pinera","Sebastian Pinera (2010-2014; 2018-2022)",1,"Bilateral","Europa","Sebastián Piñera2","Chile","Chile",2018-03-11,2022-03-11,5.81,6.63,6.27,4.81,5.54,4.27,5,4.45,FALSE,FALSE,FALSE,TRUE,2018,"Derecha","Derecha","Macron"
"2556-CHL-FRA-44445","2556","Chile","CHL","Latin America and the Caribbean","South America","Yes","GS","President","Pinera","Sebastian Pinera","0","France","FRA","Europe","Western Europe","Paris","No","No",2021,2021-09-06,2021-09-06,1,"No",NA,"Yes","President Emmanuel Macron","No",NA,"No",NA,"No",NA,"No",NA,"No","No","No","No","No",NA,"President Sebastian Pinera and President Emmanuel Macron discussed strengthening ties and bilateral agreements that are in the works but not yet concluded","1","https://pledgetimes.com/in-a-meeting-with-pinera-macron-talks-about-the-chilean-constituent/","https://www.marketscreener.com/news/latest/President-Pi-era-meets-with-French-President-Emmanuel-Macron--36365916/","https://www.gob.cl/en/news/president-pinera-meets-french-president-emmanuel-macron/","https://www.elmostrador.cl/dia/2021/09/06/grupo-de-personas-se-manifiesta-en-francia-en-contra-del-presidente-pinera-durante-su-visita-a-ese-pais/",NA,NA,NA,NA,NA,NA,NA,NA,NA,NA,NA,NA,NA,NA,NA,NA,NA,NA,NA,NA,NA,NA,NA,NA,NA,NA,NA,NA,NA,2021,2020,"sep","Chile","sebastian pinera","Sebastian Pinera","Sebastian Pinera (2010-2014; 2018-2022)",4,"Bilateral","Europa","Sebastián Piñera2","Chile","Chile",2018-03-11,2022-03-11,5.81,6.63,6.27,4.81,5.54,4.27,5,4.45,FALSE,FALSE,FALSE,TRUE,2021,"Derecha",NA,NA
"907-CHL-DEU-36265","907","Chile","CHL","Latin America and the Caribbean","South America","Yes","GS","President","Ruiz-Tagle","Eduardo Frei Ruiz-Tagle","0","Germany","DEU","Europe","Western Europe",NA,"No","No",1999,1999-04-15,1999-04-19,5,"No",NA,"Yes","Chancellor Gerhard Schroder","No",NA,"No",NA,"No",NA,"No",NA,"No","Yes","Yes","No","No",NA,"President Eduardo Frei;wife Marta;and daughter Veronica visited the Sans Souci Castle","1","http://du.idm.oclc.org/login?url=http://search.proquest.com/docview/279277944?accountid=14608","http://infoweb.newsbank.com/resources/doc/nb/news/0F99F7D00A5C60D0?p=AWNB","http://infoweb.newsbank.com/resources/doc/nb/news/0F99F7C501D5C5B4?p=AWNB","http://dx.doi.org/10.1038/19371",NA,NA,NA,NA,NA,NA,NA,NA,NA,NA,NA,NA,NA,NA,NA,NA,NA,NA,NA,NA,NA,NA,NA,NA,NA,NA,NA,NA,NA,1999,1995,"abr","Chile","eduardo frei ruiz-tagle","Eduardo Frei Ruiz-Tagle","Eduardo Frei Ruiz-Tagle (1994-2000)",6,"Bilateral","Europa","Eduardo Frei Ruiz-Tagle","Chile","Chile",1994-03-11,2000-03-11,4.1399998664856,6,4.57000017166138,5.1399998664856,4.1399998664856,4,4.42999982833862,5,FALSE,FALSE,FALSE,TRUE,1999,"Centro","Izquierda","Schroder"
"1516-CHL-DEU-37042","1516","Chile","CHL","Latin America and the Caribbean","South America","Yes","GS","President","Lagos","Ricardo Lagos Escobar","0","Germany","DEU","Europe","Western Europe","Berlin","No","No",2001,2001-05-31,2001-06-03,4,"No",NA,"Yes","Chancellor Gerhard Schroder","No",NA,"No",NA,"No",NA,"No",NA,"No","No","Yes","Yes","No",NA,"President Lagos attended unspecified cultural activities during his visit","2","http://du.idm.oclc.org/login?url=http://search.proquest.com/docview/452215439?accountid=14608","http://du.idm.oclc.org/login?url=http://search.proquest.com/docview/453736529?accountid=14608",NA,NA,NA,NA,NA,NA,NA,NA,NA,NA,NA,NA,NA,NA,NA,NA,NA,NA,NA,NA,NA,NA,NA,NA,NA,NA,NA,NA,NA,NA,NA,2001,2000,"may","Chile","ricardo lagos escobar","Ricardo Lagos Escobar","Ricardo Lagos Escobar (2000-2006)",2,"Bilateral","Europa","Ricardo Froilin Lagos Escobar","Chile","Chile",2000-03-11,2006-03-11,3.5699999332428,6,4.42999982833862,5.1399998664856,3.5699999332428,4.1399998664856,5,5,FALSE,FALSE,FALSE,TRUE,2001,"Centro","Izquierda","Schroder"
"1516-CHL-DEU-38374","1516","Chile","CHL","Latin America and the Caribbean","South America","Yes","GS","President","Lagos","Ricardo Lagos Escobar","0","Germany","DEU","Europe","Western Europe","Berlin","No","No",2005,2005-01-23,2005-01-25,4,"No",NA,"Yes","Chancellor Gerhard Schroder","No",NA,"No",NA,"No",NA,"No",NA,"No","No","No","No","No",NA,NA,"1","http://wwwgettyimagescom/event/chilean-president-escobar-visits-germany-52055212#chilean-president-ricardo-lagos-escobar-and-german-chancellor-gerhard-picture-id52055575","http://du.idm.oclc.org/login?url=http://search.proquest.com/docview/460193454?accountid=14608","http://du.idm.oclc.org/login?url=http://search.proquest.com/docview/468180918?accountid=14608","http://du.idm.oclc.org/login?url=http://search.proquest.com/docview/459695265?accountid=14608",NA,NA,NA,NA,NA,NA,NA,NA,NA,NA,NA,NA,NA,NA,NA,NA,NA,NA,NA,NA,NA,NA,NA,NA,NA,NA,NA,NA,NA,2005,2005,"ene","Chile","ricardo lagos escobar","Ricardo Lagos Escobar","Ricardo Lagos Escobar (2000-2006)",5,"Bilateral","Europa","Ricardo Froilin Lagos Escobar","Chile","Chile",2000-03-11,2006-03-11,3.5699999332428,6,4.42999982833862,5.1399998664856,3.5699999332428,4.1399998664856,5,5,FALSE,FALSE,FALSE,TRUE,2005,"Centro","Derecha","Merkel"
"2134-CHL-DEU-39008","2134","Chile","CHL","Latin America and the Caribbean","South America","Yes","GS","President","Bachelet","Michelle Bachelet","0","Germany","DEU","Europe","Western Europe",NA,"No","No",2006,2006-10-18,2006-10-20,3,"No",NA,"Yes","Chancellor Angela Merkel","No",NA,"No",NA,"No",NA,"No",NA,"No","No","No","No","No",NA,NA,"2","http://infoweb.newsbank.com/resources/doc/nb/news/1136BDBACC7C6D28?p=AWNB","http://infoweb.newsbank.com/resources/doc/nb/news/114D273C27B01478?p=AWNB","http://infoweb.newsbank.com/resources/doc/nb/news/114DBD80C68887F8?p=AWNB","http://infoweb.newsbank.com/resources/doc/nb/news/114E245A92756338?p=AWNB",NA,NA,NA,NA,NA,NA,NA,NA,NA,NA,NA,NA,NA,NA,NA,NA,NA,NA,NA,NA,NA,NA,NA,NA,NA,NA,NA,NA,NA,2006,2005,"oct","Chile","michelle bachelet","Michelle Bachelet","Michelle Bachelet (2006-2010; 2014-2018)",1,"Bilateral","Europa","Veronica Michelle Bachelet Jeria","Chile","Chile",2006-03-11,2010-03-11,2.85999989509583,5.57000017166138,3.85999989509583,4.57000017166138,3.71000003814697,4.42999982833862,5,4.8600001335144,FALSE,FALSE,FALSE,TRUE,2006,"Izquierda","Derecha","Merkel"
"2556-CHL-DEU-40472","2556","Chile","CHL","Latin America and the Caribbean","South America","Yes","GS","President","Pinera","Sebastian Pinera","0","Germany","DEU","Europe","Western Europe","Berlin","No","No",2010,2010-10-21,2010-10-23,3,"No",NA,"Yes","Chancellor Angela Merkel","No",NA,"No",NA,"No",NA,"No",NA,"Yes","Yes","Yes","No","No",NA,"President Pinera  visited the Brandenburg Gate","1","http://infoweb.newsbank.com/resources/doc/nb/news/1330A24A0F10B080?p=AWNB","http://infoweb.newsbank.com/resources/doc/nb/news/1330839F4B114C38?p=AWNB","http://infoweb.newsbank.com/resources/doc/nb/news/1330A24A0F10B080?p=AWNB",NA,NA,NA,NA,NA,NA,NA,NA,NA,NA,NA,NA,NA,NA,NA,NA,NA,NA,NA,NA,NA,NA,NA,NA,NA,NA,NA,NA,NA,NA,2010,2010,"oct","Chile","sebastian pinera","Sebastian Pinera","Sebastian Pinera (2010-2014; 2018-2022)",1,"Bilateral","Europa","Sebastian Pinera","Chile","Chile",2010-03-11,2014-03-11,5.69999980926514,5.57999992370605,5.23000001907349,4.53999996185303,5.42999982833862,5,5,5,FALSE,FALSE,FALSE,TRUE,2010,"Derecha","Derecha","Merkel"
"2556-CHL-DEU-43383","2556","Chile","CHL","Latin America and the Caribbean","South America","Yes","GS","President","Pinera","Sebastian Pinera","0","Germany","DEU","Europe","Western Europe","Berlín","No","No",2018,2018-10-10,2018-10-12,3,"No",NA,"Yes","Chancellor Angela Merkel","No",NA,"No",NA,"No",NA,"No",NA,"Yes","No","No","Yes","No",NA,NA,"1","https://wwwgobcl/en/news/president-pinera-and-chancellor-merkel-agree-strengthen-commercial-ties-and-cooperation-innovation-and-energy/","https://www.gob.cl/en/news/president-pinera-hamburg-germany-has-much-offer-us/","https://advance-lexis-com.du.idm.oclc.org/api/permalink/5461ead0-940e-4ae9-b379-3d1dec28f6ec/?context=1516831","https://advance-lexis-com.du.idm.oclc.org/api/permalink/6e68a197-2f7a-4c83-8474-ccd6ec037ec9/?context=1516831",NA,NA,NA,NA,NA,NA,NA,NA,NA,NA,NA,NA,NA,NA,NA,NA,NA,NA,NA,NA,NA,NA,NA,NA,NA,NA,NA,NA,NA,2018,2015,"oct","Chile","sebastian pinera","Sebastian Pinera","Sebastian Pinera (2010-2014; 2018-2022)",1,"Bilateral","Europa","Sebastián Piñera2","Chile","Chile",2018-03-11,2022-03-11,5.81,6.63,6.27,4.81,5.54,4.27,5,4.45,FALSE,FALSE,FALSE,TRUE,2018,"Derecha","Derecha","Merkel"
"907-CHL-VAT-34619","907","Chile","CHL","Latin America and the Caribbean","South America","Yes","GS","President","Ruiz-Tagle","Eduardo Frei Ruiz-Tagle","0","Holy See","VAT","Europe","Southern Europe",NA,"No","No",1994,1994-10-12,1994-10-12,1,"No",NA,"Yes","Pope John Paul II","No",NA,"No",NA,"No",NA,"No",NA,"No","No","No","No","No",NA,NA,"3","http://infoweb.newsbank.com/iw-search/we/HistArchive/?p_product=FBISX&p_theme=fbis&p_nbid=F4EK4EDKMTQ4Nzk5NzU0My4yMzUyMDM6MToxMzoxMzAuMjUzLjI3Ljk5&d_db=FBIS&p_action=doc&s_lastNonissuequeryname=3&p_queryname=3&p_docref=v2:11C33B0D5F860D98@FBISX-1244E90F4347AD08@2449639-1244E919537746C0-1244E9199C5A4D00&p_docnum=68","http://infoweb.newsbank.com/iw-search/we/HistArchive/?p_product=FBISX&p_theme=fbis&p_nbid=S54X46QAMTQ5NTE2NDk4MjE3MzoxOjEzOjEzMC4yNTMuMjcuNTk&d_db=FBIS&p_action=doc&s_lastNonissuequeryname=3&p_queryname=3&p_docref=image%2Fv2:11C33B0D5F860D98@FBISX-1244E90F4347AD08@2449639-1244E919537746C0-1244E919A77C5E30&p_docnum=1",NA,NA,NA,NA,NA,NA,NA,NA,NA,NA,NA,NA,NA,NA,NA,NA,NA,NA,NA,NA,NA,NA,NA,NA,NA,NA,NA,NA,NA,NA,NA,1994,1990,"oct","Chile","eduardo frei ruiz-tagle","Eduardo Frei Ruiz-Tagle","Eduardo Frei Ruiz-Tagle (1994-2000)",1,"Bilateral","Europa","Eduardo Frei Ruiz-Tagle","Chile","Chile",1994-03-11,2000-03-11,4.1399998664856,6,4.57000017166138,5.1399998664856,4.1399998664856,4,4.42999982833862,5,FALSE,FALSE,FALSE,TRUE,1994,"Centro",NA,NA
"1516-CHL-VAT-37392","1516","Chile","CHL","Latin America and the Caribbean","South America","Yes","GS","President","Lagos","Ricardo Lagos Escobar","0","Holy See","VAT","Europe","Southern Europe",NA,"No","No",2002,2002-05-15,2002-05-16,2,"No",NA,"Yes","Pope John Paul II","No",NA,"No",NA,"No",NA,"No",NA,"Yes","No","No","No","No",NA,NA,"1","http://du.idm.oclc.org/login?url=http://search.proquest.com/docview/457568338?accountid=14608","http://du.idm.oclc.org/login?url=http://search.proquest.com/docview/451803882?accountid=14608","https://zenit.org/articles/john-paul-ii-receives-chilean-president/",NA,NA,NA,NA,NA,NA,NA,NA,NA,NA,NA,NA,NA,NA,NA,NA,NA,NA,NA,NA,NA,NA,NA,NA,NA,NA,NA,NA,NA,NA,2002,2000,"may","Chile","ricardo lagos escobar","Ricardo Lagos Escobar","Ricardo Lagos Escobar (2000-2006)",3,"Bilateral","Europa","Ricardo Froilin Lagos Escobar","Chile","Chile",2000-03-11,2006-03-11,3.5699999332428,6,4.42999982833862,5.1399998664856,3.5699999332428,4.1399998664856,5,5,FALSE,FALSE,FALSE,TRUE,2002,"Centro",NA,NA
"2134-CHL-VAT-39373","2134","Chile","CHL","Latin America and the Caribbean","South America","Yes","GS","President","Bachelet","Michelle Bachelet","0","Holy See","VAT","Europe","Southern Europe",NA,"No","No",2007,2007-10-18,2007-10-18,1,"No",NA,"Yes","Pope Benedict XVI","No",NA,"No",NA,"No",NA,"No",NA,"Yes","No","No","No","No",NA,NA,"2","http://infoweb.newsbank.com/resources/doc/nb/news/11C5F6EF6E5DBC58?p=AWNB","http://infoweb.newsbank.com/resources/doc/nb/news/11C621CFEEEEF038?p=AWNB",NA,NA,NA,NA,NA,NA,NA,NA,NA,NA,NA,NA,NA,NA,NA,NA,NA,NA,NA,NA,NA,NA,NA,NA,NA,NA,NA,NA,NA,NA,NA,2007,2005,"oct","Chile","michelle bachelet","Michelle Bachelet","Michelle Bachelet (2006-2010; 2014-2018)",2,"Bilateral","Europa","Veronica Michelle Bachelet Jeria","Chile","Chile",2006-03-11,2010-03-11,2.85999989509583,5.57000017166138,3.85999989509583,4.57000017166138,3.71000003814697,4.42999982833862,5,4.8600001335144,FALSE,FALSE,FALSE,TRUE,2007,"Izquierda",NA,NA
"2134-CHL-VAT-40145","2134","Chile","CHL","Latin America and the Caribbean","South America","Yes","GS","President","Bachelet","Michelle Bachelet","0","Holy See","VAT","Europe","Southern Europe",NA,"No","No",2009,2009-11-28,2009-11-28,1,"No",NA,"Yes","Pope Benedict XVI","No",NA,"No",NA,"No",NA,"Yes","President Cristina Fernandez de Kirchner","No","No","No","No","No",NA,NA,"2","http://infoweb.newsbank.com/resources/doc/nb/news/135C52B3AE3D6AE8?p=AWNB","http://infoweb.newsbank.com/resources/doc/nb/news/12C49FA0E8DD4208?p=AWNB",NA,NA,NA,NA,NA,NA,NA,NA,NA,NA,NA,NA,NA,NA,NA,NA,NA,NA,NA,NA,NA,NA,NA,NA,NA,NA,NA,NA,NA,NA,NA,2009,2005,"nov","Chile","michelle bachelet","Michelle Bachelet","Michelle Bachelet (2006-2010; 2014-2018)",4,"Bilateral","Europa","Veronica Michelle Bachelet Jeria","Chile","Chile",2006-03-11,2010-03-11,2.85999989509583,5.57000017166138,3.85999989509583,4.57000017166138,3.71000003814697,4.42999982833862,5,4.8600001335144,FALSE,FALSE,FALSE,TRUE,2009,"Izquierda",NA,NA
"2556-CHL-VAT-40605","2556","Chile","CHL","Latin America and the Caribbean","South America","Yes","GS","President","Pinera","Sebastian Pinera","0","Holy See","VAT","Europe","Southern Europe",NA,"No","No",2011,2011-03-03,2011-03-03,1,"No",NA,"Yes","Pope Benedict XVI","No",NA,"No",NA,"No",NA,"No",NA,"No","No","No","No","No",NA,NA,"2","http://infoweb.newsbank.com/resources/doc/nb/news/13BA8C28CAB224D8?p=AWNB","http://infoweb.newsbank.com/resources/doc/nb/news/135C2E368F1D52E0?p=AWNB",NA,NA,NA,NA,NA,NA,NA,NA,NA,NA,NA,NA,NA,NA,NA,NA,NA,NA,NA,NA,NA,NA,NA,NA,NA,NA,NA,NA,NA,NA,NA,2011,2010,"mar","Chile","sebastian pinera","Sebastian Pinera","Sebastian Pinera (2010-2014; 2018-2022)",1,"Bilateral","Europa","Sebastian Pinera","Chile","Chile",2010-03-11,2014-03-11,5.69999980926514,5.57999992370605,5.23000001907349,4.53999996185303,5.42999982833862,5,5,5,FALSE,FALSE,FALSE,TRUE,2011,"Derecha",NA,NA
"2556-CHL-VAT-41351","2556","Chile","CHL","Latin America and the Caribbean","South America","Yes","GS","President","Pinera","Sebastian Pinera","0","Holy See","VAT","Europe","Southern Europe",NA,"No","No",2013,2013-03-18,2013-03-18,1,"No",NA,"Yes","Pope Francis","No",NA,"No",NA,"No",NA,"No",NA,"No","No","Yes","No","No",NA,"President Pinera attended the inauguration mass for Pope Francis. However;return date is unclear.","2","http://infoweb.newsbank.com/resources/doc/nb/news/1451C7635A0E8C28?p=AWNB","http://infoweb.newsbank.com/resources/doc/nb/news/14525EF586AB3EB0?p=AWNB",NA,NA,NA,NA,NA,NA,NA,NA,NA,NA,NA,NA,NA,NA,NA,NA,NA,NA,NA,NA,NA,NA,NA,NA,NA,NA,NA,NA,NA,NA,NA,2013,2010,"mar","Chile","sebastian pinera","Sebastian Pinera","Sebastian Pinera (2010-2014; 2018-2022)",4,"Bilateral","Europa","Sebastian Pinera","Chile","Chile",2010-03-11,2014-03-11,5.69999980926514,5.57999992370605,5.23000001907349,4.53999996185303,5.42999982833862,5,5,5,FALSE,FALSE,FALSE,TRUE,2013,"Derecha",NA,NA
"2134-CHL-VAT-42160","2134","Chile","CHL","Latin America and the Caribbean","South America","Yes","GS","President","Bachelet","Michelle Bachelet","0","Holy See","VAT","Europe","Southern Europe","Ciudad del Vaticano","No","No",2015,2015-06-05,2015-06-05,1,"No",NA,"Yes","Pope Francis","No",NA,"No",NA,"No",NA,"No",NA,"Yes","No","No","No","No",NA,NA,"2","http://infoweb.newsbank.com/resources/doc/nb/news/155CAB9405046898?p=AWNB","http://du.idm.oclc.org/login?url=http://search.proquest.com/docview/1676443913?accountid=14608",NA,NA,NA,NA,NA,NA,NA,NA,NA,NA,NA,NA,NA,NA,NA,NA,NA,NA,NA,NA,NA,NA,NA,NA,NA,NA,NA,NA,NA,NA,NA,2015,2015,"jun","Chile","michelle bachelet","Michelle Bachelet","Michelle Bachelet (2006-2010; 2014-2018)",2,"Bilateral","Europa","Michelle Bachelet","Chile","Chile",2014-03-11,2018-03-11,2.9,5.63,4.18,4,4.18,3.6,3.72,3.9,FALSE,FALSE,FALSE,TRUE,2015,"Izquierda",NA,NA
"2556-CHL-VAT-43386","2556","Chile","CHL","Latin America and the Caribbean","South America","Yes","GS","President","Pinera","Sebastian Pinera","0","Holy See","VAT","Europe","Southern Europe","Ciudad del Vaticano","No","No",2018,2018-10-13,2018-10-13,1,"No",NA,"Yes","Pope Francis","No",NA,"No",NA,"No",NA,"No",NA,"No","No","No","No","No",NA,NA,"1","https://advance-lexis-com.du.idm.oclc.org/api/permalink/da3e0f22-d36f-4d03-86fc-9e4d06907e61/?context=1516831","https://advance-lexis-com.du.idm.oclc.org/api/permalink/5461ead0-940e-4ae9-b379-3d1dec28f6ec/?context=1516831","https://www.gettyimages.com/photos/sebastian-pinera?begindate=2018-03-11&enddate=2018-12-31&events=775242478&family=editorial&phrase=sebastian%20pinera&recency=daterange&sort=newest#license",NA,NA,NA,NA,NA,NA,NA,NA,NA,NA,NA,NA,NA,NA,NA,NA,NA,NA,NA,NA,NA,NA,NA,NA,NA,NA,NA,NA,NA,NA,2018,2015,"oct","Chile","sebastian pinera","Sebastian Pinera","Sebastian Pinera (2010-2014; 2018-2022)",1,"Bilateral","Europa","Sebastián Piñera2","Chile","Chile",2018-03-11,2022-03-11,5.81,6.63,6.27,4.81,5.54,4.27,5,4.45,FALSE,FALSE,FALSE,TRUE,2018,"Derecha",NA,NA
"2556-CHL-VAT-44448","2556","Chile","CHL","Latin America and the Caribbean","South America","Yes","GS","President","Pinera","Sebastian Pinera","0","Holy See","VAT","Europe","Southern Europe",NA,"No","No",2021,2021-09-09,2021-09-09,1,"No",NA,"Yes","Pope Francis","No",NA,"No",NA,"No",NA,"No",NA,"No","No","Yes","No","No",NA,"Visited the Mosaic of the Virgin of Carmen;Met with Cardinal Secretary of State Pietro Parolin and  Secretary for Relations with States Archbishop Paul Richard Gallagher;Returned to Italy same day","1","https://en.ultimasnoticias.com.ve/news/general/Pope-Francis-spoke-with-Pinera-about-the-Chilean-constitutional-process/","https://www.vaticannews.va/en/pope/news/2021-09/pope-francis-meets-with-chilean-president-sebastian-pinera.html","https://pledgetimes.com/pope-francis-received-the-president-of-chile-sebastian-pinera-at-the-vatican/","https://then24.com/2021/09/08/pope-francis-will-receive-sebastian-pinera-tomorrow-at-the-vatican/",NA,NA,NA,NA,NA,NA,NA,NA,NA,NA,NA,NA,NA,NA,NA,NA,NA,NA,NA,NA,NA,NA,NA,NA,NA,NA,NA,NA,NA,2021,2020,"sep","Chile","sebastian pinera","Sebastian Pinera","Sebastian Pinera (2010-2014; 2018-2022)",4,"Bilateral","Europa","Sebastián Piñera2","Chile","Chile",2018-03-11,2022-03-11,5.81,6.63,6.27,4.81,5.54,4.27,5,4.45,FALSE,FALSE,FALSE,TRUE,2021,"Derecha",NA,NA
"1516-CHL-HUN-37536","1516","Chile","CHL","Latin America and the Caribbean","South America","Yes","GS","President","Lagos","Ricardo Lagos Escobar","0","Hungary","HUN","Europe","Eastern Europe","Budapest","No","No",2002,2002-10-06,2002-10-07,3,"No",NA,"Yes","President Ferenc Madl","No",NA,"No",NA,"No",NA,"No",NA,"No","Yes","No","No","No",NA,NA,"1","http://du.idm.oclc.org/login?url=http://search.proquest.com/docview/452494073?accountid=14608","http://du.idm.oclc.org/login?url=http://search.proquest.com/docview/451529210?accountid=14608","http://du.idm.oclc.org/login?url=http://search.proquest.com/docview/452200492?accountid=14608",NA,NA,NA,NA,NA,NA,NA,NA,NA,NA,NA,NA,NA,NA,NA,NA,NA,NA,NA,NA,NA,NA,NA,NA,NA,NA,NA,NA,NA,NA,2002,2000,"oct","Chile","ricardo lagos escobar","Ricardo Lagos Escobar","Ricardo Lagos Escobar (2000-2006)",3,"Bilateral","Europa","Ricardo Froilin Lagos Escobar","Chile","Chile",2000-03-11,2006-03-11,3.5699999332428,6,4.42999982833862,5.1399998664856,3.5699999332428,4.1399998664856,5,5,FALSE,FALSE,FALSE,TRUE,2002,"Centro","Izquierda","Peter Medgyessy"
"1516-CHL-IRL-37812","1516","Chile","CHL","Latin America and the Caribbean","South America","Yes","GS","President","Lagos","Ricardo Lagos Escobar","0","Ireland","IRL","Europe","Northern Europe","Dublin","No","No",2003,2003-07-10,2003-07-11,3,"No",NA,"Yes","President Mary McAleese","No",NA,"No",NA,"No",NA,"No",NA,"No","No","Yes","No","No",NA,"President Lagos also met with Taoiseach Bertie Ahern. He visited a monument in Merrion Square dedicated to Bernardo O'Higgins;a Chilean independence fighter","1","http://du.idm.oclc.org/login?url=http://search.proquest.com/docview/747217694?accountid=14608","http://du.idm.oclc.org/login?url=http://search.proquest.com/docview/749343643?accountid=14608",NA,NA,NA,NA,NA,NA,NA,NA,NA,NA,NA,NA,NA,NA,NA,NA,NA,NA,NA,NA,NA,NA,NA,NA,NA,NA,NA,NA,NA,NA,NA,2003,2000,"jul","Chile","ricardo lagos escobar","Ricardo Lagos Escobar","Ricardo Lagos Escobar (2000-2006)",4,"Bilateral","Europa","Ricardo Froilin Lagos Escobar","Chile","Chile",2000-03-11,2006-03-11,3.5699999332428,6,4.42999982833862,5.1399998664856,3.5699999332428,4.1399998664856,5,5,FALSE,FALSE,FALSE,TRUE,2003,"Centro","Derecha","Ahern"
"1516-CHL-ITA-37313","1516","Chile","CHL","Latin America and the Caribbean","South America","Yes","GS","President","Lagos","Ricardo Lagos Escobar","0","Italy","ITA","Europe","Southern Europe","Rome","No","No",2002,2002-02-26,2002-02-28,3,"No",NA,"Yes","President Carlo Azeglio Ciampi","No",NA,"No",NA,"No",NA,"No",NA,"No","No","No","Yes","No",NA,"Ricardo Lagos also met with Prime Minister Silvio Berlusconi.","2","http://du.idm.oclc.org/login?url=http://search.proquest.com/docview/452501584?accountid=14608","http://infoweb.newsbank.com/resources/doc/nb/news/0F96CA5DF5F94E91?p=AWNB","http://www.gettyimages.com/detail/news-photo/italian-prime-minister-silvio-berlusconi-arrives-27-news-photo/51350853#italian-prime-minister-silvio-berlusconi-arrives-27-february-2002-to-picture-id51350853",NA,NA,NA,NA,NA,NA,NA,NA,NA,NA,NA,NA,NA,NA,NA,NA,NA,NA,NA,NA,NA,NA,NA,NA,NA,NA,NA,NA,NA,NA,2002,2000,"feb","Chile","ricardo lagos escobar","Ricardo Lagos Escobar","Ricardo Lagos Escobar (2000-2006)",2,"Bilateral","Europa","Ricardo Froilin Lagos Escobar","Chile","Chile",2000-03-11,2006-03-11,3.5699999332428,6,4.42999982833862,5.1399998664856,3.5699999332428,4.1399998664856,5,5,FALSE,FALSE,FALSE,TRUE,2002,"Centro","Derecha","Berlusconi"
"2556-CHL-ITA-40603","2556","Chile","CHL","Latin America and the Caribbean","South America","Yes","GS","President","Pinera","Sebastian Pinera","0","Italy","ITA","Europe","Southern Europe","Rome","No","No",2011,2011-03-01,2011-03-03,3,"No",NA,"Yes","Prime Minister Silvio Berlusconi","No",NA,"No",NA,"No",NA,"No",NA,"Yes","Yes","No","No","No",NA,"President Pinera also met with President Giorgio Napolitano and two Chilean soccer players","1","http://infoweb.newsbank.com/resources/doc/nb/news/13BA8C2799AB03B0?p=AWNB","http://infoweb.newsbank.com/resources/doc/nb/news/13BA8C27A7E77FF8?p=AWNB","http://infoweb.newsbank.com/resources/doc/nb/news/13BA8C26C559A100?p=AWNB","http://infoweb.newsbank.com/resources/doc/nb/news/13BA8C267AEC07B8?p=AWNB",NA,NA,NA,NA,NA,NA,NA,NA,NA,NA,NA,NA,NA,NA,NA,NA,NA,NA,NA,NA,NA,NA,NA,NA,NA,NA,NA,NA,NA,2011,2010,"mar","Chile","sebastian pinera","Sebastian Pinera","Sebastian Pinera (2010-2014; 2018-2022)",1,"Bilateral","Europa","Sebastian Pinera","Chile","Chile",2010-03-11,2014-03-11,5.69999980926514,5.57999992370605,5.23000001907349,4.53999996185303,5.42999982833862,5,5,5,FALSE,FALSE,FALSE,TRUE,2011,"Derecha","Derecha","Monti"
"2134-CHL-ITA-42159","2134","Chile","CHL","Latin America and the Caribbean","South America","Yes","GS","President","Bachelet","Michelle Bachelet","0","Italy","ITA","Europe","Southern Europe","Milan","No","No",2015,2015-06-04,2015-06-06,2,"No",NA,"Yes","Prime Minister Matteo Renzi","No",NA,"No",NA,"No",NA,"No",NA,"No","No","No","No","No",NA,NA,"1","http://du.idm.oclc.org/login?url=http://search.proquest.com/docview/1676443913?accountid=14608","http://infoweb.newsbank.com/resources/doc/nb/news/155D163892CFEEE8?p=AWNB","http://infoweb.newsbank.com/resources/doc/nb/news/1579800F5BF760C8?p=AWNB","http://infoweb.newsbank.com/resources/doc/nb/news/155C2C765A8C8240?p=AWNB",NA,NA,NA,NA,NA,NA,NA,NA,NA,NA,NA,NA,NA,NA,NA,NA,NA,NA,NA,NA,NA,NA,NA,NA,NA,NA,NA,NA,NA,2015,2015,"jun","Chile","michelle bachelet","Michelle Bachelet","Michelle Bachelet (2006-2010; 2014-2018)",2,"Bilateral","Europa","Michelle Bachelet","Chile","Chile",2014-03-11,2018-03-11,2.9,5.63,4.18,4,4.18,3.6,3.72,3.9,FALSE,FALSE,FALSE,TRUE,2015,"Izquierda","Izquierda","Renzi"
"2556-CHL-ITA-44447","2556","Chile","CHL","Latin America and the Caribbean","South America","Yes","GS","President","Pinera","Sebastian Pinera","0","Italy","ITA","Europe","Southern Europe","Rome","No","No",2021,2021-09-08,2021-09-08,2,"No",NA,"Yes","Prime Minister Mario Draghi","No",NA,"No",NA,"No",NA,"No",NA,"No","No","No","No","No",NA,"President Sebastian Pinera also met with President Sergio Mattarella;Visited Quirinale Palace","1","https://www.archyworldys.com/pinera-meets-with-draghi-and-the-pope-on-the-italian-stage-of-his-tour-of-europe/","https://www.dw.com/es/pi%C3%B1era-contin%C3%BAa-en-roma-su-gira-europea-que-ma%C3%B1ana-le-llevar%C3%A1-al-vaticano/a-59126898","https://en.ultimasnoticias.com.ve/news/general/Pope-Francis-spoke-with-Pinera-about-the-Chilean-constitutional-process/",NA,NA,NA,NA,NA,NA,NA,NA,NA,NA,NA,NA,NA,NA,NA,NA,NA,NA,NA,NA,NA,NA,NA,NA,NA,NA,NA,NA,NA,NA,2021,2020,"sep","Chile","sebastian pinera","Sebastian Pinera","Sebastian Pinera (2010-2014; 2018-2022)",4,"Bilateral","Europa","Sebastián Piñera2","Chile","Chile",2018-03-11,2022-03-11,5.81,6.63,6.27,4.81,5.54,4.27,5,4.45,FALSE,FALSE,FALSE,TRUE,2021,"Derecha",NA,NA
"2134-CHL-NLD-39958","2134","Chile","CHL","Latin America and the Caribbean","South America","Yes","GS","President","Bachelet","Michelle Bachelet","0","Netherlands","NLD","Europe","Western Europe",NA,"No","No",2009,2009-05-25,2009-05-27,3,"No",NA,"Yes","Prime Minister Jan Peter Balkenende","No",NA,"No",NA,"No",NA,"No",NA,"Yes","Yes","Yes","No","No",NA,"President Michelle Bachelet met with Queen Beatrix On a personal sidetrip;Bachelet stopped in Chassagne-Montrachet from which her great great grandfather;Louis-Joseph Bachelet;emigrated in 1869","1","http://infoweb.newsbank.com/resources/doc/nb/news/128697D626121BE8?p=AWNB","http://infoweb.newsbank.com/resources/doc/nb/news/1286EC3536C77000?p=AWNB","http://infoweb.newsbank.com/resources/doc/nb/news/1286FA03DA83CFB0?p=AWNB","http://infoweb.newsbank.com/resources/doc/nb/news/12878FE4A5BC33B8?p=AWNB",NA,NA,NA,NA,NA,NA,NA,NA,NA,NA,NA,NA,NA,NA,NA,NA,NA,NA,NA,NA,NA,NA,NA,NA,NA,NA,NA,NA,NA,2009,2005,"may","Chile","michelle bachelet","Michelle Bachelet","Michelle Bachelet (2006-2010; 2014-2018)",4,"Bilateral","Europa","Veronica Michelle Bachelet Jeria","Chile","Chile",2006-03-11,2010-03-11,2.85999989509583,5.57000017166138,3.85999989509583,4.57000017166138,3.71000003814697,4.42999982833862,5,4.8600001335144,FALSE,FALSE,FALSE,TRUE,2009,"Izquierda","Centro","Jan Peter Balkenende"
"2134-CHL-NOR-39232","2134","Chile","CHL","Latin America and the Caribbean","South America","Yes","GS","President","Bachelet","Michelle Bachelet","0","Norway","NOR","Europe","Northern Europe","Oslo","No","No",2007,2007-05-30,2007-06-01,3,"No",NA,"Yes","Prime Minister Jens Stoltenberg","No",NA,"No",NA,"No",NA,"No",NA,"No","No","Yes","Yes","No",NA,"President Bachelet also met with King Harald V and Queen Sonja She also met with Chilean residents and communities in Norway","1","http://infoweb.newsbank.com/resources/doc/nb/news/1197FD50DE100F68?p=AWNB","http://du.idm.oclc.org/login?url=http://search.proquest.com/docview/467643887?accountid=14608","http://du.idm.oclc.org/login?url=http://search.proquest.com/docview/469040203?accountid=14608",NA,NA,NA,NA,NA,NA,NA,NA,NA,NA,NA,NA,NA,NA,NA,NA,NA,NA,NA,NA,NA,NA,NA,NA,NA,NA,NA,NA,NA,NA,2007,2005,"may","Chile","michelle bachelet","Michelle Bachelet","Michelle Bachelet (2006-2010; 2014-2018)",2,"Bilateral","Europa","Veronica Michelle Bachelet Jeria","Chile","Chile",2006-03-11,2010-03-11,2.85999989509583,5.57000017166138,3.85999989509583,4.57000017166138,3.71000003814697,4.42999982833862,5,4.8600001335144,FALSE,FALSE,FALSE,TRUE,2007,"Izquierda","Izquierda","Stoltenberg"
"907-CHL-POL-36269","907","Chile","CHL","Latin America and the Caribbean","South America","Yes","GS","President","Ruiz-Tagle","Eduardo Frei Ruiz-Tagle","0","Poland","POL","Europe","Eastern Europe",NA,"No","No",1999,1999-04-19,1999-04-21,3,"No",NA,"Yes","President Aleksander Kwasniewski","No",NA,"No",NA,"No",NA,"No",NA,"Yes","No","No","No","No",NA,NA,"1","http://du.idm.oclc.org/login?url=http://search.proquest.com/docview/451718573?accountid=14608","http://du.idm.oclc.org/login?url=http://search.proquest.com/docview/451697023?accountid=14608",NA,NA,NA,NA,NA,NA,NA,NA,NA,NA,NA,NA,NA,NA,NA,NA,NA,NA,NA,NA,NA,NA,NA,NA,NA,NA,NA,NA,NA,NA,NA,1999,1995,"abr","Chile","eduardo frei ruiz-tagle","Eduardo Frei Ruiz-Tagle","Eduardo Frei Ruiz-Tagle (1994-2000)",6,"Bilateral","Europa","Eduardo Frei Ruiz-Tagle","Chile","Chile",1994-03-11,2000-03-11,4.1399998664856,6,4.57000017166138,5.1399998664856,4.1399998664856,4,4.42999982833862,5,FALSE,FALSE,FALSE,TRUE,1999,"Centro","Izquierda","Kwasniewski"
"1516-CHL-POL-37538","1516","Chile","CHL","Latin America and the Caribbean","South America","Yes","GS","President","Lagos","Ricardo Lagos Escobar","0","Poland","POL","Europe","Eastern Europe","Warsaw","No","No",2002,2002-10-08,2002-10-09,2,"No",NA,"Yes","Prime Minister Leszek Miller","No",NA,"No",NA,"No",NA,"No",NA,"No","No","No","No","No",NA,NA,"2","http://du.idm.oclc.org/login?url=http://search.proquest.com/docview/452200492?accountid=14608","http://du.idm.oclc.org/login?url=http://search.proquest.com/docview/453420554?accountid=14608","http://du.idm.oclc.org/login?url=http://search.proquest.com/docview/452194318?accountid=14608","http://du.idm.oclc.org/login?url=http://search.proquest.com/docview/451524965?accountid=14608",NA,NA,NA,NA,NA,NA,NA,NA,NA,NA,NA,NA,NA,NA,NA,NA,NA,NA,NA,NA,NA,NA,NA,NA,NA,NA,NA,NA,NA,2002,2000,"oct","Chile","ricardo lagos escobar","Ricardo Lagos Escobar","Ricardo Lagos Escobar (2000-2006)",3,"Bilateral","Europa","Ricardo Froilin Lagos Escobar","Chile","Chile",2000-03-11,2006-03-11,3.5699999332428,6,4.42999982833862,5.1399998664856,3.5699999332428,4.1399998664856,5,5,FALSE,FALSE,FALSE,TRUE,2002,"Centro","Izquierda","Kwasniewski"
"1516-CHL-PRT-37144","1516","Chile","CHL","Latin America and the Caribbean","South America","Yes","GS","President","Lagos","Ricardo Lagos Escobar","0","Portugal","PRT","Europe","Southern Europe","Lisbon","No","No",2001,2001-09-09,2001-09-11,2,"No",NA,"Yes","Prime Minister Antonio Guterres","No",NA,"No",NA,"No",NA,"No",NA,"No","No","No","Yes","No",NA,"President Lagos also held talks with President Jorge Sampaio.","2","http://du.idm.oclc.org/login?url=http://search.proquest.com/docview/453668291?accountid=14608","http://du.idm.oclc.org/login?url=http://search.proquest.com/docview/451964618?accountid=14608","http://du.idm.oclc.org/login?url=http://search.proquest.com/docview/453663123?accountid=14608","http://du.idm.oclc.org/login?url=http://search.proquest.com/docview/451964618?accountid=14608",NA,NA,NA,NA,NA,NA,NA,NA,NA,NA,NA,NA,NA,NA,NA,NA,NA,NA,NA,NA,NA,NA,NA,NA,NA,NA,NA,NA,NA,2001,2000,"sep","Chile","ricardo lagos escobar","Ricardo Lagos Escobar","Ricardo Lagos Escobar (2000-2006)",2,"Bilateral","Europa","Ricardo Froilin Lagos Escobar","Chile","Chile",2000-03-11,2006-03-11,3.5699999332428,6,4.42999982833862,5.1399998664856,3.5699999332428,4.1399998664856,5,5,FALSE,FALSE,FALSE,TRUE,2001,"Centro","Izquierda","Sampaio"
"2134-CHL-PRT-42824","2134","Chile","CHL","Latin America and the Caribbean","South America","Yes","GS","President","Bachelet","Michelle Bachelet","0","Portugal","PRT","Europe","Southern Europe","Lisboa","No","No",2017,2017-03-30,2017-03-31,2,"No",NA,"Yes","President Marcelo Rebelo de Sousa","No",NA,"No",NA,"No",NA,"No",NA,"No","No","No","No","No",NA,NA,"1","https://advance-lexis-com.du.idm.oclc.org/document/?pdmfid=1516831&crid=a035fe5f-82b8-42db-b07a-7849e84d3235&pddocfullpath=%2Fshared%2Fdocument%2Fnews%2Furn%3AcontentItem%3A5N29-N341-F0B9-C1DB-00000-00&pddocid=urn%3AcontentItem%3A5N29-N341-F0B9-C1DB-00000-00&pdcontentcomponentid=318726&pdteaserkey=sr9&pditab=allpods&ecomp=5ynk&earg=sr9&prid=56c3a5cc-6ab8-4670-aaaf-442cd7d7f7e8",NA,NA,NA,NA,NA,NA,NA,NA,NA,NA,NA,NA,NA,NA,NA,NA,NA,NA,NA,NA,NA,NA,NA,NA,NA,NA,NA,NA,NA,NA,NA,NA,2017,2015,"mar","Chile","michelle bachelet","Michelle Bachelet","Michelle Bachelet (2006-2010; 2014-2018)",4,"Bilateral","Europa","Michelle Bachelet","Chile","Chile",2014-03-11,2018-03-11,2.9,5.63,4.18,4,4.18,3.6,3.72,3.9,FALSE,FALSE,FALSE,TRUE,2017,"Izquierda","Derecha","de Sousa"
"2556-CHL-PRT-43703","2556","Chile","CHL","Latin America and the Caribbean","South America","Yes","GS","President","Pinera","Sebastian Pinera","0","Portugal","PRT","Europe","Southern Europe","Lisboa","No","No",2019,2019-08-26,2019-08-28,3,"No",NA,"Yes","President Marcelo Rebelo de Sousa","No",NA,"No",NA,"No",NA,"No",NA,"No","No","No","Yes","No",NA,"visited Champalimaud Biomedical Research Foundation HQ","2","https://search-proquest-com.du.idm.oclc.org/central/docview/2279689495/7C3B53F2EE1F4D19PQ/138?accountid=14608","https://prensa.presidencia.cl/fotonoticia.aspx?id=100935","https://search-proquest-com.du.idm.oclc.org/central/docview/2279913561/E19040AC98C24DB3PQ/4?accountid=14608","https://www.emol.com/noticias/Nacional/2019/08/26/959256/Pinera-visita-Portugal--y-aborda-la-COP25-y-energias-renovables-en-cita-con-Mandatario-de-ese-pais.html",NA,NA,NA,NA,NA,NA,NA,NA,NA,NA,NA,NA,NA,NA,NA,NA,NA,NA,NA,NA,NA,NA,NA,NA,NA,NA,NA,NA,NA,2019,2015,"ago","Chile","sebastian pinera","Sebastian Pinera","Sebastian Pinera (2010-2014; 2018-2022)",2,"Bilateral","Europa","Sebastián Piñera2","Chile","Chile",2018-03-11,2022-03-11,5.81,6.63,6.27,4.81,5.54,4.27,5,4.45,FALSE,FALSE,FALSE,TRUE,2019,"Derecha","Derecha","de Sousa"
"1516-CHL-ROU-38270","1516","Chile","CHL","Latin America and the Caribbean","South America","Yes","GS","President","Lagos","Ricardo Lagos Escobar","0","Romania","ROU","Europe","Eastern Europe","Bucharest","No","No",2004,2004-10-11,2004-10-11,2,"No",NA,"Yes","President Ion Iliescu","No",NA,"No",NA,"No",NA,"No",NA,"Yes","No","No","No","No",NA,NA,"1","http://du.idm.oclc.org/login?url=http://search.proquest.com/docview/459700366?accountid=14608","http://infoweb.newsbank.com/resources/doc/nb/news/105AECF6EA9B1ADD?p=AWNB","http://infoweb.newsbank.com/resources/doc/nb/news/105AF40556FED87F?p=AWNB","http://infoweb.newsbank.com/resources/doc/nb/news/10599D4AE995B3B7?p=AWNB",NA,NA,NA,NA,NA,NA,NA,NA,NA,NA,NA,NA,NA,NA,NA,NA,NA,NA,NA,NA,NA,NA,NA,NA,NA,NA,NA,NA,NA,2004,2000,"oct","Chile","ricardo lagos escobar","Ricardo Lagos Escobar","Ricardo Lagos Escobar (2000-2006)",5,"Bilateral","Europa","Ricardo Froilin Lagos Escobar","Chile","Chile",2000-03-11,2006-03-11,3.5699999332428,6,4.42999982833862,5.1399998664856,3.5699999332428,4.1399998664856,5,5,FALSE,FALSE,FALSE,TRUE,2004,"Centro","Derecha","Traian Basescu"
"1516-CHL-RUS-37531","1516","Chile","CHL","Latin America and the Caribbean","South America","Yes","GS","President","Lagos","Ricardo Lagos Escobar","0","Russia","RUS","Europe","Eastern Europe","Moscow","No","No",2002,2002-10-02,2002-10-06,5,"No",NA,"Yes","President Vladimir Putin","No",NA,"No",NA,"No",NA,"No",NA,"No","Yes","Yes","Yes","No",NA,"President Lagos also met with Prime Minister Mikhail Kasyanov. He participated in activities marking the centennial anniversary of the birthday of Chilean poet Pablo Neruda;a nobel laureate of literature.","1","http://du.idm.oclc.org/login?url=http://search.proquest.com/docview/452201255?accountid=14608","http://du.idm.oclc.org/login?url=http://search.proquest.com/docview/452196576?accountid=14608","http://du.idm.oclc.org/login?url=http://search.proquest.com/docview/452194190?accountid=14608","http://du.idm.oclc.org/login?url=http://search.proquest.com/docview/456395532?accountid=14608",NA,NA,NA,NA,NA,NA,NA,NA,NA,NA,NA,NA,NA,NA,NA,NA,NA,NA,NA,NA,NA,NA,NA,NA,NA,NA,NA,NA,NA,2002,2000,"oct","Chile","ricardo lagos escobar","Ricardo Lagos Escobar","Ricardo Lagos Escobar (2000-2006)",3,"Bilateral","Europa","Ricardo Froilin Lagos Escobar","Chile","Chile",2000-03-11,2006-03-11,3.5699999332428,6,4.42999982833862,5.1399998664856,3.5699999332428,4.1399998664856,5,5,FALSE,FALSE,FALSE,TRUE,2002,"Centro","Derecha","Putin"
"2134-CHL-RUS-39904","2134","Chile","CHL","Latin America and the Caribbean","South America","Yes","GS","President","Bachelet","Michelle Bachelet","0","Russia","RUS","Europe","Eastern Europe","Moscú","No","No",2009,2009-04-01,2009-04-04,4,"No",NA,"Yes","Prime Minister Vladimir Putin","No",NA,"No",NA,"No",NA,"No",NA,"No","Yes","No","No","No",NA,NA,"2","http://infoweb.newsbank.com/resources/doc/nb/news/1275C8C8B1B43670?p=AWNB","http://infoweb.newsbank.com/resources/doc/nb/news/12762AE196E26218?p=AWNB","http://infoweb.newsbank.com/resources/doc/nb/news/12760B8FA8058390?p=AWNB",NA,NA,NA,NA,NA,NA,NA,NA,NA,NA,NA,NA,NA,NA,NA,NA,NA,NA,NA,NA,NA,NA,NA,NA,NA,NA,NA,NA,NA,NA,2009,2005,"abr","Chile","michelle bachelet","Michelle Bachelet","Michelle Bachelet (2006-2010; 2014-2018)",4,"Bilateral","Europa","Veronica Michelle Bachelet Jeria","Chile","Chile",2006-03-11,2010-03-11,2.85999989509583,5.57000017166138,3.85999989509583,4.57000017166138,3.71000003814697,4.42999982833862,5,4.8600001335144,FALSE,FALSE,FALSE,TRUE,2009,"Izquierda","Derecha","Putin"
"907-CHL-ESP-35827","907","Chile","CHL","Latin America and the Caribbean","South America","Yes","GS","President","Ruiz-Tagle","Eduardo Frei Ruiz-Tagle","0","Spain","ESP","Europe","Southern Europe",NA,"No","No",1998,1998-02-01,1998-02-03,3,"No",NA,"Yes","Prime Minister Jose Maria Aznar","No",NA,"No",NA,"No",NA,"No",NA,"Yes","Yes","No","Yes","No",NA,"[PE-Latam 2026-08-31: revisado, TripStartDate queda No_verificable -COLT marco este item con Confidence 2/5 (visita bilateral a Espana, febrero de 1998). Busqueda activa confirmo que Jose Maria Aznar era Presidente del-]","2","http://du.idm.oclc.org/login?url=http://search.proquest.com/docview/454073231?accountid=14608","http://du.idm.oclc.org/login?url=http://search.proquest.com/docview/1348291129?accountid=14608","http://du.idm.oclc.org/login?url=http://search.proquest.com/docview/311581798?accountid=14608","http://du.idm.oclc.org/login?url=http://search.proquest.com/docview/316265330?accountid=14608","http://du.idm.oclc.org/login?url=http://search.proquest.com/docview/316034506?accountid=14608",NA,NA,NA,NA,NA,NA,NA,NA,NA,NA,NA,NA,NA,NA,NA,NA,NA,NA,NA,NA,NA,NA,NA,NA,NA,NA,NA,NA,1998,1995,"feb","Chile","eduardo frei ruiz-tagle","Eduardo Frei Ruiz-Tagle","Eduardo Frei Ruiz-Tagle (1994-2000)",4,"Bilateral","Europa","Eduardo Frei Ruiz-Tagle","Chile","Chile",1994-03-11,2000-03-11,4.1399998664856,6,4.57000017166138,5.1399998664856,4.1399998664856,4,4.42999982833862,5,FALSE,FALSE,FALSE,TRUE,1998,"Centro","Derecha","Aznar"
"1516-CHL-ESP-37046","1516","Chile","CHL","Latin America and the Caribbean","South America","Yes","GS","President","Lagos","Ricardo Lagos Escobar","0","Spain","ESP","Europe","Southern Europe","Madrid","No","No",2001,2001-06-03,2001-06-06,3,"No",NA,"Yes","Prime Minister Jose Maria Aznar","No",NA,"No",NA,"No",NA,"No",NA,"No","Yes","Yes","Yes","No",NA,"President Lagos attended unspecified cultural activities during his visit","1","http://du.idm.oclc.org/login?url=http://search.proquest.com/docview/452514816?accountid=14608","http://du.idm.oclc.org/login?url=http://search.proquest.com/docview/452215439?accountid=14608","http://du.idm.oclc.org/login?url=http://search.proquest.com/docview/452230359?accountid=14608","http://du.idm.oclc.org/login?url=http://search.proquest.com/docview/453741734?accountid=14608","http://du.idm.oclc.org/login?url=http://search.proquest.com/docview/453736529?accountid=14608",NA,NA,NA,NA,NA,NA,NA,NA,NA,NA,NA,NA,NA,NA,NA,NA,NA,NA,NA,NA,NA,NA,NA,NA,NA,NA,NA,NA,2001,2000,"jun","Chile","ricardo lagos escobar","Ricardo Lagos Escobar","Ricardo Lagos Escobar (2000-2006)",2,"Bilateral","Europa","Ricardo Froilin Lagos Escobar","Chile","Chile",2000-03-11,2006-03-11,3.5699999332428,6,4.42999982833862,5.1399998664856,3.5699999332428,4.1399998664856,5,5,FALSE,FALSE,FALSE,TRUE,2001,"Centro","Derecha","Aznar"
"1516-CHL-ESP-38131","1516","Chile","CHL","Latin America and the Caribbean","South America","Yes","GS","President","Lagos","Ricardo Lagos Escobar","0","Spain","ESP","Europe","Southern Europe","Madrid","No","No",2004,2004-05-25,2004-05-27,4,"No",NA,"Yes","Prime Minister Jose Luis Rodriguez Zapatero","No",NA,"No",NA,"No",NA,"No",NA,"No","No","No","Yes","No",NA,NA,"1","http://infoweb.newsbank.com/resources/doc/nb/news/102E1B5C9A1958CC?p=AWNB","http://infoweb.newsbank.com/resources/doc/nb/news/102D732BE7DE0612?p=AWNB","http://infoweb.newsbank.com/resources/doc/nb/news/1084D78EC19ACB7E?p=AWNB","http://infoweb.newsbank.com/resources/doc/nb/news/1084E0BB2F67A45C?p=AWNB",NA,NA,NA,NA,NA,NA,NA,NA,NA,NA,NA,NA,NA,NA,NA,NA,NA,NA,NA,NA,NA,NA,NA,NA,NA,NA,NA,NA,NA,2004,2000,"may","Chile","ricardo lagos escobar","Ricardo Lagos Escobar","Ricardo Lagos Escobar (2000-2006)",5,"Bilateral","Europa","Ricardo Froilin Lagos Escobar","Chile","Chile",2000-03-11,2006-03-11,3.5699999332428,6,4.42999982833862,5.1399998664856,3.5699999332428,4.1399998664856,5,5,FALSE,FALSE,FALSE,TRUE,2004,"Centro","Izquierda","Rodriguez Zapatero"
"2134-CHL-ESP-38846","2134","Chile","CHL","Latin America and the Caribbean","South America","Yes","GS","President","Bachelet","Michelle Bachelet","0","Spain","ESP","Europe","Southern Europe","Madrid","No","No",2006,2006-05-09,2006-05-10,3,"No",NA,"Yes","Prime Minister Jose Luis Rodriguez Zapatero","No",NA,"No",NA,"No",NA,"No",NA,"Yes","Yes","No","No","No",NA,"President Michelle Bachelet also met with  King Juan Carlos I","1","http://infoweb.newsbank.com/resources/doc/nb/news/111871FCD387863A?p=AWNB","http://infoweb.newsbank.com/resources/doc/nb/news/11186F0381D30017?p=AWNB","http://infoweb.newsbank.com/resources/doc/nb/news/1118737B8CA919A3?p=AWNB","http://infoweb.newsbank.com/resources/doc/nb/news/11185A20F8D80110?p=AWNB","http://infoweb.newsbank.com/resources/doc/nb/news/1118C7D7F0C2A465?p=AWNB",NA,NA,NA,NA,NA,NA,NA,NA,NA,NA,NA,NA,NA,NA,NA,NA,NA,NA,NA,NA,NA,NA,NA,NA,NA,NA,NA,NA,2006,2005,"may","Chile","michelle bachelet","Michelle Bachelet","Michelle Bachelet (2006-2010; 2014-2018)",1,"Bilateral","Europa","Veronica Michelle Bachelet Jeria","Chile","Chile",2006-03-11,2010-03-11,2.85999989509583,5.57000017166138,3.85999989509583,4.57000017166138,3.71000003814697,4.42999982833862,5,4.8600001335144,FALSE,FALSE,FALSE,TRUE,2006,"Izquierda","Izquierda","Rodriguez Zapatero"
"2556-CHL-ESP-40608","2556","Chile","CHL","Latin America and the Caribbean","South America","Yes","GS","President","Pinera","Sebastian Pinera","0","Spain","ESP","Europe","Southern Europe","Madrid","No","No",2011,2011-03-07,2011-03-09,4,"No",NA,"Yes","Prime Minister Jose Luis Rodriguez Zapatero","No",NA,"No",NA,"No",NA,"No",NA,"Yes","Yes","No","Yes","No",NA,"President Pinera also met with King Juan Carlos I and Queen Sofia","1","http://infoweb.newsbank.com/resources/doc/nb/news/135DC2F76E8FD490?p=AWNB","http://infoweb.newsbank.com/resources/doc/nb/news/135D8DC4E2857A88?p=AWNB","http://infoweb.newsbank.com/resources/doc/nb/news/135C90A58F2E2390?p=AWNB",NA,NA,NA,NA,NA,NA,NA,NA,NA,NA,NA,NA,NA,NA,NA,NA,NA,NA,NA,NA,NA,NA,NA,NA,NA,NA,NA,NA,NA,NA,2011,2010,"mar","Chile","sebastian pinera","Sebastian Pinera","Sebastian Pinera (2010-2014; 2018-2022)",1,"Bilateral","Europa","Sebastian Pinera","Chile","Chile",2010-03-11,2014-03-11,5.69999980926514,5.57999992370605,5.23000001907349,4.53999996185303,5.42999982833862,5,5,5,FALSE,FALSE,FALSE,TRUE,2011,"Derecha","Derecha","Rajoy Brey"
"2134-CHL-ESP-41941","2134","Chile","CHL","Latin America and the Caribbean","South America","Yes","GS","President","Bachelet","Michelle Bachelet","0","Spain","ESP","Europe","Southern Europe",NA,"No","No",2014,2014-10-29,2014-10-30,2,"No",NA,"Yes","Prime Minister Mariano Rajoy","No",NA,"No",NA,"No",NA,"No",NA,"Yes","No","No","Yes","No",NA,NA,"2","http://infoweb.newsbank.com/resources/doc/nb/news/1514F7157544A860?p=AWNB","http://infoweb.newsbank.com/resources/doc/nb/news/1580C40B18966F00?p=AWNB","http://infoweb.newsbank.com/resources/doc/nb/news/1580C40878434E18?p=AWNB",NA,NA,NA,NA,NA,NA,NA,NA,NA,NA,NA,NA,NA,NA,NA,NA,NA,NA,NA,NA,NA,NA,NA,NA,NA,NA,NA,NA,NA,NA,2014,2010,"oct","Chile","michelle bachelet","Michelle Bachelet","Michelle Bachelet (2006-2010; 2014-2018)",1,"Bilateral","Europa","Michelle Bachelet","Chile","Chile",2014-03-11,2018-03-11,2.9,5.63,4.18,4,4.18,3.6,3.72,3.9,FALSE,FALSE,FALSE,TRUE,2014,"Izquierda","Derecha","Rajoy Brey"
"2556-CHL-ESP-43381","2556","Chile","CHL","Latin America and the Caribbean","South America","Yes","GS","President","Pinera","Sebastian Pinera","0","Spain","ESP","Europe","Southern Europe","Madrid","No","No",2018,2018-10-08,2018-10-10,3,"No",NA,"Yes","Prime Minister Pedro Sanchez","No",NA,"No",NA,"No",NA,"No",NA,"No","Yes","No","No","No",NA,"met with King Philip VI","1","https://wwwgobcl/en/news/president-pinera-promotes-modernization-between-chile-and-european-union-during-visit-spain/","https://advance-lexis-com.du.idm.oclc.org/api/permalink/5461ead0-940e-4ae9-b379-3d1dec28f6ec/?context=1516831","https://www.gettyimages.com/photos/sebastian-pinera?begindate=2018-03-11&enddate=2018-12-31&events=775238836&family=editorial&phrase=sebastian%20pinera&recency=daterange&sort=newest#license","https://www.gettyimages.com/photos/sebastian-pinera?begindate=2018-03-11&enddate=2018-12-31&events=775238835&family=editorial&phrase=sebastian%20pinera&recency=daterange&sort=newest#license","https://www.gettyimages.com/detail/news-photo/chiles-president-sebastian-pinera-waves-as-he-poses-with-news-photo/1047975632?adppopup=true",NA,NA,NA,NA,NA,NA,NA,NA,NA,NA,NA,NA,NA,NA,NA,NA,NA,NA,NA,NA,NA,NA,NA,NA,NA,NA,NA,NA,2018,2015,"oct","Chile","sebastian pinera","Sebastian Pinera","Sebastian Pinera (2010-2014; 2018-2022)",1,"Bilateral","Europa","Sebastián Piñera2","Chile","Chile",2018-03-11,2022-03-11,5.81,6.63,6.27,4.81,5.54,4.27,5,4.45,FALSE,FALSE,FALSE,TRUE,2018,"Derecha","Izquierda","Sanchez"
"2556-CHL-ESP-44446","2556","Chile","CHL","Latin America and the Caribbean","South America","Yes","GS","President","Pinera","Sebastian Pinera","0","Spain","ESP","Europe","Southern Europe","Madrid","No","No",2021,2021-09-07,2021-09-07,1,"No",NA,"Yes","Prime Minister Pedro Sanchez","No",NA,"No",NA,"No",NA,"No",NA,"No","No","No","No","No",NA,"President Sebastian Pinera with King Felipe and Queen Letizia at the royal palace;SÃ¡nchez and PiÃ±era discussed the many issues of common interest including cooperation in public health and scientific research","1","https://royalcentral.co.uk/europe/spain/king-felipe-and-queen-letizia-welcome-chiles-president-165187/","https://www.lamoncloa.gob.es/lang/en/presidente/news/Paginas/2021/20210907_sanchez-pinera.aspx","https://www.marketscreener.com/news/latest/President-Pi-era-meets-with-the-Spanish-President-Pedro-S-nchez--36375412/","https://www.alamy.com/spains-prime-minister-pedro-sanchez-and-chiles-president-sebastian-pinera-hold-a-meeting-at-the-moncloa-palace-in-madrid-spain-september-7-2021-reuterssusana-vera-image441159441.html",NA,NA,NA,NA,NA,NA,NA,NA,NA,NA,NA,NA,NA,NA,NA,NA,NA,NA,NA,NA,NA,NA,NA,NA,NA,NA,NA,NA,NA,2021,2020,"sep","Chile","sebastian pinera","Sebastian Pinera","Sebastian Pinera (2010-2014; 2018-2022)",4,"Bilateral","Europa","Sebastián Piñera2","Chile","Chile",2018-03-11,2022-03-11,5.81,6.63,6.27,4.81,5.54,4.27,5,4.45,FALSE,FALSE,FALSE,TRUE,2021,"Derecha",NA,NA
"1516-CHL-SWE-38516","1516","Chile","CHL","Latin America and the Caribbean","South America","Yes","GS","President","Lagos","Ricardo Lagos Escobar","0","Sweden","SWE","Europe","Northern Europe","Stockholm","No","No",2005,2005-06-12,2005-06-14,2,"No",NA,"Yes","Prime Minister Goran Persson","No",NA,"No",NA,"No",NA,"No",NA,"No","Yes","No","Yes","No",NA,"President Lagos cut his visit short due to earthquake in Chile.","1","http://infoweb.newsbank.com/resources/doc/nb/news/10AC00CCC23D3D8C?p=AWNB","http://infoweb.newsbank.com/resources/doc/nb/news/10AC00CCC23D3D8C?p=AWNB","http://infoweb.newsbank.com/resources/doc/nb/news/10AC00CD80A34004?p=AWNB",NA,NA,NA,NA,NA,NA,NA,NA,NA,NA,NA,NA,NA,NA,NA,NA,NA,NA,NA,NA,NA,NA,NA,NA,NA,NA,NA,NA,NA,NA,2005,2005,"jun","Chile","ricardo lagos escobar","Ricardo Lagos Escobar","Ricardo Lagos Escobar (2000-2006)",6,"Bilateral","Europa","Ricardo Froilin Lagos Escobar","Chile","Chile",2000-03-11,2006-03-11,3.5699999332428,6,4.42999982833862,5.1399998664856,3.5699999332428,4.1399998664856,5,5,FALSE,FALSE,FALSE,TRUE,2005,"Centro","Izquierda","Persson"
"2134-CHL-SWE-42500","2134","Chile","CHL","Latin America and the Caribbean","South America","Yes","GS","President","Bachelet","Michelle Bachelet","0","Sweden","SWE","Europe","Northern Europe",NA,"No","No",2016,2016-05-10,2016-05-12,3,"No",NA,"Yes","Prime Minister Stefan Lofven","No",NA,"No",NA,"No",NA,"No",NA,"Yes","Yes","Yes","Yes","No",NA,"President Bachelet also met with King Carl XVI First visit by Chilean Head of State to Sweden Laid a wreath at the tomb of Prime Minister Olof Palme;who was assassinated 30 years ago;Participated in an event at a youth center in Stockholm","1","http://infoweb.newsbank.com/resources/doc/nb/news/15CC87D0B8999020?p=AWNB","http://du.idm.oclc.org/login?url=http://search.proquest.com/docview/1787769055?accountid=14608","http://du.idm.oclc.org/login?url=http://search.proquest.com/docview/1788000548?accountid=14608","http://du.idm.oclc.org/login?url=http://search.proquest.com/docview/1787794441?accountid=14608",NA,NA,NA,NA,NA,NA,NA,NA,NA,NA,NA,NA,NA,NA,NA,NA,NA,NA,NA,NA,NA,NA,NA,NA,NA,NA,NA,NA,NA,2016,2015,"may","Chile","michelle bachelet","Michelle Bachelet","Michelle Bachelet (2006-2010; 2014-2018)",3,"Bilateral","Europa","Michelle Bachelet","Chile","Chile",2014-03-11,2018-03-11,2.9,5.63,4.18,4,4.18,3.6,3.72,3.9,FALSE,FALSE,FALSE,TRUE,2016,"Izquierda","Izquierda","Stefan Lofven"
"2134-CHL-CHE-39234","2134","Chile","CHL","Latin America and the Caribbean","South America","Yes","GS","President","Bachelet","Michelle Bachelet","0","Switzerland","CHE","Europe","Western Europe","Bern","No","No",2007,2007-06-01,2007-06-04,4,"No",NA,"Yes","President Micheline Calmy-Rey","No",NA,"No",NA,"No",NA,"No",NA,"Yes","Yes","No","No","No",NA,NA,"1","http://infoweb.newsbank.com/resources/doc/nb/news/14726EA189C79210?p=AWNB","http://infoweb.newsbank.com/resources/doc/nb/news/11988FFE693F5B50?p=AWNB","http://infoweb.newsbank.com/resources/doc/nb/news/1415FE664DB73718?p=AWNB",NA,NA,NA,NA,NA,NA,NA,NA,NA,NA,NA,NA,NA,NA,NA,NA,NA,NA,NA,NA,NA,NA,NA,NA,NA,NA,NA,NA,NA,NA,2007,2005,"jun","Chile","michelle bachelet","Michelle Bachelet","Michelle Bachelet (2006-2010; 2014-2018)",2,"Bilateral","Europa","Veronica Michelle Bachelet Jeria","Chile","Chile",2006-03-11,2010-03-11,2.85999989509583,5.57000017166138,3.85999989509583,4.57000017166138,3.71000003814697,4.42999982833862,5,4.8600001335144,FALSE,FALSE,FALSE,TRUE,2007,"Izquierda","Izquierda","Calmy-Rey"
"1516-CHL-GBR-37145","1516","Chile","CHL","Latin America and the Caribbean","South America","Yes","GS","President","Lagos","Ricardo Lagos Escobar","0","United Kingdom","GBR","Europe","Northern Europe","London","No","No",2001,2001-09-11,2001-09-12,2,"No",NA,"Yes","Prime Minister Tony Blair","No",NA,"No",NA,"No",NA,"No",NA,"No","No","No","No","No",NA,NA,"2","http://du.idm.oclc.org/login?url=http://search.proquest.com/docview/453668291?accountid=14608","http://du.idm.oclc.org/login?url=http://search.proquest.com/docview/341093513?accountid=14608","http://infoweb.newsbank.com/resources/doc/nb/news/10259D888DB21899?p=AWNB",NA,NA,NA,NA,NA,NA,NA,NA,NA,NA,NA,NA,NA,NA,NA,NA,NA,NA,NA,NA,NA,NA,NA,NA,NA,NA,NA,NA,NA,NA,2001,2000,"sep","Chile","ricardo lagos escobar","Ricardo Lagos Escobar","Ricardo Lagos Escobar (2000-2006)",2,"Bilateral","Europa","Ricardo Froilin Lagos Escobar","Chile","Chile",2000-03-11,2006-03-11,3.5699999332428,6,4.42999982833862,5.1399998664856,3.5699999332428,4.1399998664856,5,5,FALSE,FALSE,FALSE,TRUE,2001,"Centro","Izquierda","Blair"
"1516-CHL-GBR-38636","1516","Chile","CHL","Latin America and the Caribbean","South America","Yes","GS","President","Lagos","Ricardo Lagos Escobar","0","United Kingdom","GBR","Europe","Northern Europe","London","No","No",2005,2005-10-11,2005-10-11,2,"No",NA,"Yes","Prime Minister Tony Blair","No",NA,"No",NA,"No",NA,"No",NA,"Yes","No","No","No","No",NA,"President Lagos also met with Queen Elizabeth II.","1","http://infoweb.newsbank.com/resources/doc/nb/news/10D196341DB05398?p=AWNB","http://du.idm.oclc.org/login?url=http://search.proquest.com/docview/452589298?accountid=14608",NA,NA,NA,NA,NA,NA,NA,NA,NA,NA,NA,NA,NA,NA,NA,NA,NA,NA,NA,NA,NA,NA,NA,NA,NA,NA,NA,NA,NA,NA,NA,2005,2005,"oct","Chile","ricardo lagos escobar","Ricardo Lagos Escobar","Ricardo Lagos Escobar (2000-2006)",6,"Bilateral","Europa","Ricardo Froilin Lagos Escobar","Chile","Chile",2000-03-11,2006-03-11,3.5699999332428,6,4.42999982833862,5.1399998664856,3.5699999332428,4.1399998664856,5,5,FALSE,FALSE,FALSE,TRUE,2005,"Centro","Izquierda","Blair"
"2556-CHL-GBR-40467","2556","Chile","CHL","Latin America and the Caribbean","South America","Yes","GS","President","Pinera","Sebastian Pinera","0","United Kingdom","GBR","Europe","Northern Europe","London","No","No",2010,2010-10-16,2010-10-19,4,"No",NA,"Yes","Prime Minister David Cameron","No",NA,"No",NA,"No",NA,"No",NA,"No","No","Yes","No","No",NA,"President Pinera also met with Queen Elizabeth II. He also held a dialogue with members of the U.K.-Chilean community","2","http://infoweb.newsbank.com/resources/doc/nb/news/132F89A0648A33C8?p=AWNB","http://du.idm.oclc.org/login?url=http://search.proquest.com/docview/758914224?accountid=14608",NA,NA,NA,NA,NA,NA,NA,NA,NA,NA,NA,NA,NA,NA,NA,NA,NA,NA,NA,NA,NA,NA,NA,NA,NA,NA,NA,NA,NA,NA,NA,2010,2010,"oct","Chile","sebastian pinera","Sebastian Pinera","Sebastian Pinera (2010-2014; 2018-2022)",1,"Bilateral","Europa","Sebastian Pinera","Chile","Chile",2010-03-11,2014-03-11,5.69999980926514,5.57999992370605,5.23000001907349,4.53999996185303,5.42999982833862,5,5,5,FALSE,FALSE,FALSE,TRUE,2010,"Derecha","Derecha","Cameron"
"2556-CHL-GBR-41228","2556","Chile","CHL","Latin America and the Caribbean","South America","Yes","GS","President","Pinera","Sebastian Pinera","0","United Kingdom","GBR","Europe","Northern Europe","Londres","No","No",2012,2012-11-15,2012-11-16,2,"No",NA,"Yes","Prime Minister David Cameron","No",NA,"No",NA,"No",NA,"No",NA,"Yes","Yes","No","No","No",NA,"President Pinera also met with lawyers that will defend Chile in the lawsuit posed by Peru to the International Court of Justice.","1","http://infoweb.newsbank.com/resources/doc/nb/news/142A5CDE93A2C390?p=AWNB","http://infoweb.newsbank.com/resources/doc/nb/news/142992128EFD91F8?p=AWNB","http://du.idm.oclc.org/login?url=http://search.proquest.com/docview/1151320591?accountid=14608","http://du.idm.oclc.org/login?url=http://search.proquest.com/docview/1151775688?accountid=14608",NA,NA,NA,NA,NA,NA,NA,NA,NA,NA,NA,NA,NA,NA,NA,NA,NA,NA,NA,NA,NA,NA,NA,NA,NA,NA,NA,NA,NA,2012,2010,"nov","Chile","sebastian pinera","Sebastian Pinera","Sebastian Pinera (2010-2014; 2018-2022)",3,"Bilateral","Europa","Sebastian Pinera","Chile","Chile",2010-03-11,2014-03-11,5.69999980926514,5.57999992370605,5.23000001907349,4.53999996185303,5.42999982833862,5,5,5,FALSE,FALSE,FALSE,TRUE,2012,"Derecha","Derecha","Cameron"
"2134-CHL-GBR-42502","2134","Chile","CHL","Latin America and the Caribbean","South America","Yes","GS","President","Bachelet","Michelle Bachelet","0","United Kingdom","GBR","Europe","Northern Europe",NA,"No","No",2016,2016-05-12,2016-05-13,2,"No",NA,"Yes","Prime Minister David Cameron","No",NA,"No",NA,"No",NA,"No",NA,"Yes","Yes","No","Yes","No",NA,NA,"1","http://infoweb.newsbank.com/resources/doc/nb/news/15CDC86AA6904C98?p=AWNB","http://du.idm.oclc.org/login?url=http://search.proquest.com/docview/1795804063?accountid=14608","http://du.idm.oclc.org/login?url=http://search.proquest.com/docview/1788993273?accountid=14608",NA,NA,NA,NA,NA,NA,NA,NA,NA,NA,NA,NA,NA,NA,NA,NA,NA,NA,NA,NA,NA,NA,NA,NA,NA,NA,NA,NA,NA,NA,2016,2015,"may","Chile","michelle bachelet","Michelle Bachelet","Michelle Bachelet (2006-2010; 2014-2018)",3,"Bilateral","Europa","Michelle Bachelet","Chile","Chile",2014-03-11,2018-03-11,2.9,5.63,4.18,4,4.18,3.6,3.72,3.9,FALSE,FALSE,FALSE,TRUE,2016,"Izquierda","Derecha","May"
"2556-CHL-GBR-44448","2556","Chile","CHL","Latin America and the Caribbean","South America","Yes","GS","President","Pinera","Sebastian Pinera","0","United Kingdom","GBR","Europe","Northern Europe","London","No","No",2021,2021-09-09,2021-09-12,4,"No",NA,"Yes","Prime Minister Boris Johnson","No",NA,"No",NA,"No",NA,"No",NA,"No","Yes","No","Yes","No",NA,"Signed scientific cooperation agreements on pandemics and climate change;Met with Oxford University and Oxford-AstraZeneca for cooperation on future COVID variant studies","1","https://en.mercopress.com/2021/09/11/president-pinera-meets-pm-johnson-and-reaffirms-uk-chile-close-relations","https://prensa.presidencia.cl/comunicado.aspx?id=179588","https://www.gov.uk/government/news/pm-meeting-with-chilean-president-sebastian-pinera-10-september-2021","https://today.in-24.com/News/amp/360751",NA,NA,NA,NA,NA,NA,NA,NA,NA,NA,NA,NA,NA,NA,NA,NA,NA,NA,NA,NA,NA,NA,NA,NA,NA,NA,NA,NA,NA,2021,2020,"sep","Chile","sebastian pinera","Sebastian Pinera","Sebastian Pinera (2010-2014; 2018-2022)",4,"Bilateral","Europa","Sebastián Piñera2","Chile","Chile",2018-03-11,2022-03-11,5.81,6.63,6.27,4.81,5.54,4.27,5,4.45,FALSE,FALSE,FALSE,TRUE,2021,"Derecha",NA,NA
"2597-COL-AUT-43126","2597","Colombia","COL","Latin America and the Caribbean","South America","Yes","GS","President","Santos","Juan Manuel Santos","0","Austria","AUT","Europe","Western Europe",NA,"No","No",2018,2018-01-26,2018-01-26,1,"No",NA,"Yes","Chancellor Sebastian Kurz","No",NA,"No",NA,"No",NA,"No",NA,"No","Yes","No","Yes","No",NA,"met with President Alexander Van der Bellen","2","https://advance-lexis-com.du.idm.oclc.org/api/permalink/30a78c95-b143-4546-a76a-2e9d31654dbd/?context=1516831","https://advance-lexis-com.du.idm.oclc.org/api/permalink/4450ffc3-2bc5-4b84-a0e8-5fee51b35c98/?context=1516831","https://advance-lexis-com.du.idm.oclc.org/api/permalink/b9ff5d55-fbea-4edf-a4f6-37ab823d5fab/?context=1516831","https://advance-lexis-com.du.idm.oclc.org/api/permalink/b6d3c638-aea4-4c66-aea0-394c85a38734/?context=1516831","https://www.gettyimages.com/photos/juan-manuel-santos?begindate=2018-01-01&enddate=2018-12-31&events=775099932&family=editorial&phrase=juan%20manuel%20santos&recency=daterange&sort=newest#license","https://wwwgettyimagescom/detail/news-photo/austrias-president-alexander-van-der-bellen-and-colombian-news-photo/910478164?adppopup=true",NA,NA,NA,NA,NA,NA,NA,NA,NA,NA,NA,NA,NA,NA,NA,NA,NA,NA,NA,NA,NA,NA,NA,NA,NA,NA,NA,2018,2015,"ene","Colombia","juan manuel santos","Juan Manuel Santos","Juan Manuel Santos (2010-2018)",8,"Bilateral","Europa","Juan Manuel Santos Calderon2","Colombia","Colombia",2014-08-07,2018-08-07,5,5.5,4.75,5.66,5,4.25,4.5,5,FALSE,FALSE,FALSE,TRUE,2018,"Derecha","Derecha","Kurz"
"3477-COL-BEL-43396","3477","Colombia","COL","Latin America and the Caribbean","South America","Yes","GS","President","Duque","Ivan Duque","0","Belgium","BEL","Europe","Western Europe",NA,"No","No",2018,2018-10-23,2018-10-24,2,"No",NA,"Yes","Prime Minister Charles Michel","No",NA,"No",NA,"No",NA,"No",NA,"No","No","No","Yes","Yes","North Atlantic Treaty Organization (NATO) Secretary General Jens Stoltenberg;European Council President Donald Tusk;European Commission (EC) President Jean-Claude Juncker",NA,"2","https://advance-lexis-com.du.idm.oclc.org/api/permalink/b2240a04-2b0e-42fa-87b6-66a278737928/?context=1516831","https://advance-lexis-com.du.idm.oclc.org/api/permalink/fac201eb-e05a-4eb5-b3dd-02ba675badd8/?context=1516831","https://advance-lexis-com.du.idm.oclc.org/api/permalink/9c21af0d-9d59-4905-9fd6-6a88d3b5a4c1/?context=1516831","https://advance-lexis-com.du.idm.oclc.org/api/permalink/09aa4b0b-773e-46e7-a805-87ab428c6a21/?context=1516831","https://advance-lexis-com.du.idm.oclc.org/api/permalink/ec3e56e4-880a-4d37-a865-4c87ff621083/?context=1516831","https://www.gettyimages.com/photos/iv%C3%A1n-duque?begindate=2018-08-07&enddate=2018-12-31&events=775229594&family=editorial&phrase=Iv%C3%A1n%20Duque&recency=daterange&sort=newest#license",NA,NA,NA,NA,NA,NA,NA,NA,NA,NA,NA,NA,NA,NA,NA,NA,NA,NA,NA,NA,NA,NA,NA,NA,NA,NA,NA,2018,2015,"oct","Colombia","ivan duque","Ivan Duque","Ivan Duque (2018-2022)",1,"Bilateral","Europa","Iván Duque Márquez","Colombia","Colombia",2018-08-07,2022-08-07,6,5.25,6.75,3,6.25,4.25,4,2.75,FALSE,FALSE,FALSE,TRUE,2018,"Derecha","Derecha","Charles Michel"
"949-COL-FRA-35278","949","Colombia","COL","Latin America and the Caribbean","South America","Yes","GS","President","Pizano","Ernesto Samper Pizano","0","France","FRA","Europe","Western Europe",NA,"No","No",1996,1996-08-01,1996-08-04,4,"No",NA,"Yes","President Jacques Chirac","No",NA,"No","NA","No",NA,"No",NA,"No","No","No","No","No",NA,"End date of trip assumed on basis of the date of his midterm address in Colombia during the week of August 5;1996. [PE-Latam 2026-09-01: AttendedMultilatEvent corregido de 'Yes' a 'No'. Fuente: Search Query: Ernesto Samper Francia agosto 1996 Chirac visita bilateral No Alineados sede Paris] [PE-Latam 2026-09-01: NameMultilatEvent corregido de 'Non-Alignment Movement' a 'NA'. Fuente: Search Query: Ernesto Samper Francia agosto 1996 Chirac visita bilateral No Alineados sede Paris] [PE-Latam 2026-09-01: revisado, TripEndDate queda No_verificable -Fuente independiente describe la visita de Samper a Francia en agosto de 1996 como una 'visita oficial de dos dias' en la que se reunio con Jacques Ch-]","3","http://www.lexisnexis.com/lnacui2api/api/version1/getDocCui?oc=00240&hnsd=f&hgn=t&lni=3S7T-C2Y0-009C-0100&hns=t&perma=true&hv=t&hl=t&csi=8411&secondRedirectIndicator=true","http://www.eltiempo.com/archivo/documento/MAM-539214","http://0-search.proquest.com.bianca.penlib.du.edu/results/EF820D8D03C44465PQ/1?accountid=14608#The Guardian (1959-2003)","http://0-search.proquest.com.bianca.penlib.du.edu/docview/187783216/fulltextPDF/EF820D8D03C44465PQ/12?accountid=14608",NA,NA,NA,NA,NA,NA,NA,NA,NA,NA,NA,NA,NA,NA,NA,NA,NA,NA,NA,NA,NA,NA,NA,NA,NA,NA,NA,NA,NA,1996,1995,"ago","Colombia","ernesto samper pizano","Ernesto Samper Pizano","Ernesto Samper Pizano (1994-1998)",2,"Bilateral","Europa","Ernesto Samper Pizano","Colombia","Colombia",1994-08-07,1998-08-07,4.1399998664856,5,3.71000003814697,4.32999992370605,3.28999996185303,3.85999989509583,3.14000010490417,3.71000003814697,FALSE,FALSE,FALSE,TRUE,1996,"Centro","Derecha","Chirac"
"1337-COL-FRA-36910","1337","Colombia","COL","Latin America and the Caribbean","South America","Yes","GS","President","Arango","Andres Pastrana Arango","0","France","FRA","Europe","Western Europe",NA,"No","No",2001,2001-01-19,2001-01-24,6,"No",NA,"Yes","President Jacques Chirac","No",NA,"No",NA,"No",NA,"No",NA,"Yes","No","No","No","No",NA,NA,"1","http://0-search.proquest.com.bianca.penlib.du.edu/docview/452003412/E08C2229BE774B98PQ/164?accountid=14608","http://0-search.proquest.com.bianca.penlib.du.edu/docview/453858140/E08C2229BE774B98PQ/177?accountid=14608","http://0-search.proquest.com.bianca.penlib.du.edu/docview/452215389/E08C2229BE774B98PQ/195?accountid=14608","http://0-search.proquest.com.bianca.penlib.du.edu/docview/451622650/E08C2229BE774B98PQ/197?accountid=14608",NA,NA,NA,NA,NA,NA,NA,NA,NA,NA,NA,NA,NA,NA,NA,NA,NA,NA,NA,NA,NA,NA,NA,NA,NA,NA,NA,NA,NA,2001,2000,"ene","Colombia","andres pastrana arango","Andres Pastrana Arango","Andres Pastrana Arango (1998-2002)",3,"Bilateral","Europa","Andres Pastrana Arango","Colombia","Colombia",1998-08-07,2002-08-07,6,6.28999996185303,6.1399998664856,3.5,6.42999982833862,3.14000010490417,3,3.5699999332428,FALSE,FALSE,FALSE,TRUE,2001,"Derecha","Derecha","Chirac"
"1746-COL-FRA-39467","1746","Colombia","COL","Latin America and the Caribbean","South America","Yes","GS","President","Uribe","Alvaro Uribe","0","France","FRA","Europe","Western Europe",NA,"No","No",2008,2008-01-20,2008-01-21,2,"No",NA,"Yes","President Nicolas Sarkozy","No",NA,"No",NA,"No",NA,"No",NA,"No","No","No","No","No",NA,NA,"1","http://0-search.proquest.com.bianca.penlib.du.edu/docview/452648733/315DED04F0914AD2PQ/63?accountid=14608","http://0-search.proquest.com.bianca.penlib.du.edu/docview/428192055/C472AD13FEDA47D5PQ/112?accountid=14608",NA,NA,NA,NA,NA,NA,NA,NA,NA,NA,NA,NA,NA,NA,NA,NA,NA,NA,NA,NA,NA,NA,NA,NA,NA,NA,NA,NA,NA,NA,NA,2008,2005,"ene","Colombia","alvaro uribe","Alvaro Uribe","Alvaro Uribe (2002-2010)",6,"Bilateral","Europa","Alvaro Uribe Velez2","Colombia","Colombia",2006-08-07,2010-08-07,6.8600001335144,6.71000003814697,6.71000003814697,2.82999992370606,6.71000003814697,3.85999989509583,3.4300000667572,4.42999982833862,FALSE,FALSE,FALSE,TRUE,2008,"Derecha","Derecha","Sarkozy"
"2597-COL-FRA-41950","2597","Colombia","COL","Latin America and the Caribbean","South America","Yes","GS","President","Santos","Juan Manuel Santos","0","France","FRA","Europe","Western Europe",NA,"No","No",2014,2014-11-07,2014-11-07,1,"No",NA,"Yes","President Francois Hollande","No",NA,"No",NA,"No",NA,"No",NA,"No","No","No","No","No",NA,NA,"1","http://0-search.proquest.com.bianca.penlib.du.edu/docview/1621142672/7B8A4995A9D141E3PQ/16?accountid=14608","http://0-search.proquest.com.bianca.penlib.du.edu/docview/1621216208/7B8A4995A9D141E3PQ/18?accountid=14608",NA,NA,NA,NA,NA,NA,NA,NA,NA,NA,NA,NA,NA,NA,NA,NA,NA,NA,NA,NA,NA,NA,NA,NA,NA,NA,NA,NA,NA,NA,NA,2014,2010,"nov","Colombia","juan manuel santos","Juan Manuel Santos","Juan Manuel Santos (2010-2018)",5,"Bilateral","Europa","Juan Manuel Santos Calderon2","Colombia","Colombia",2014-08-07,2018-08-07,5,5.5,4.75,5.66,5,4.25,4.5,5,FALSE,FALSE,FALSE,TRUE,2014,"Derecha","Izquierda","Hollande"
"2597-COL-FRA-42027","2597","Colombia","COL","Latin America and the Caribbean","South America","Yes","GS","President","Santos","Juan Manuel Santos","0","France","FRA","Europe","Western Europe",NA,"No","No",2015,2015-01-23,2015-01-25,3,"No",NA,"Yes","President Francois Hollande","No",NA,"No",NA,"No",NA,"No",NA,"Yes","No","No","Yes","Yes","Organization for Economic Cooperation and Development (OECD) Secretary-General Jose Angel Gurria",NA,"1","http://0-search.proquest.com.bianca.penlib.du.edu/docview/1647759118/201E6AAC1BE84897PQ/16?accountid=14608","http://0-search.proquest.com.bianca.penlib.du.edu/docview/1648232410/201E6AAC1BE84897PQ/22?accountid=14608",NA,NA,NA,NA,NA,NA,NA,NA,NA,NA,NA,NA,NA,NA,NA,NA,NA,NA,NA,NA,NA,NA,NA,NA,NA,NA,NA,NA,NA,NA,NA,2015,2015,"ene","Colombia","juan manuel santos","Juan Manuel Santos","Juan Manuel Santos (2010-2018)",5,"Bilateral","Europa","Juan Manuel Santos Calderon2","Colombia","Colombia",2014-08-07,2018-08-07,5,5.5,4.75,5.66,5,4.25,4.5,5,FALSE,FALSE,FALSE,TRUE,2015,"Derecha","Izquierda","Hollande"
"2597-COL-FRA-42907","2597","Colombia","COL","Latin America and the Caribbean","South America","Yes","GS","President","Santos","Juan Manuel Santos","0","France","FRA","Europe","Western Europe",NA,"No","No",2017,2017-06-21,2017-06-23,3,"No",NA,"Yes","President Emmanuel Macron","No",NA,"No",NA,"No",NA,"No",NA,"No","No","No","No","No",NA,NA,"1","https://search-proquest-com.du.idm.oclc.org/docview/1912032179/D13ED272D0034F78PQ/1?accountid=14608","http://www.gettyimages.com/license/699385448","https://search-proquest-com.du.idm.oclc.org/docview/1912759829/D2D994BF1B514747PQ/3?accountid=14608",NA,NA,NA,NA,NA,NA,NA,NA,NA,NA,NA,NA,NA,NA,NA,NA,NA,NA,NA,NA,NA,NA,NA,NA,NA,NA,NA,NA,NA,NA,2017,2015,"jun","Colombia","juan manuel santos","Juan Manuel Santos","Juan Manuel Santos (2010-2018)",7,"Bilateral","Europa","Juan Manuel Santos Calderon2","Colombia","Colombia",2014-08-07,2018-08-07,5,5.5,4.75,5.66,5,4.25,4.5,5,FALSE,FALSE,FALSE,TRUE,2017,"Derecha","Derecha","Macron"
"3477-COL-FRA-43636","3477","Colombia","COL","Latin America and the Caribbean","South America","Yes","GS","President","Duque","Ivan Duque","0","France","FRA","Europe","Western Europe",NA,"No","No",2019,2019-06-20,2019-06-21,2,"No",NA,"Yes","President Emmanuel Macron","No",NA,"No",NA,"No",NA,"No",NA,"Yes","Yes","Yes","Yes","No",NA,"met with National Assembly President Gerard Larcher;met with Minister of Defense Florence Parly;participated and spoke at Cannes Lions Festival;visited Sofia Antipolis Technology Park;signed agreement that implements Paris Agreement and provides global framework for biodiversity, air quality and urban resilience","1","https://id.presidencia.gov.co/Paginas/prensa/2019/190617-Presidente-Duque-inicia-este-lunes-visita-de-trabajo-al-Reino-Unido-Francia-y-Suiza.aspx","https://search-proquest-com.du.idm.oclc.org/docview/2247486055/5410BE1E4B00408CPQ/1?accountid=14608","https://id.presidencia.gov.co/Paginas/prensa/2019/190619-Presidentes-de-Colombia-y-Francia-abordaron-la-cooperacion-en-inteligencia-en-lucha-contra-el-narcotrafico.aspx","https://id.presidencia.gov.co/Paginas/prensa/2019/190620-Colombia-Francia-firman-acuerdo-cooperacion-proteccion-medioambiente-recursos-naturales.aspx","https://id.presidencia.gov.co/Paginas/prensa/2019/190621-Colombia-se-posiciona-como-gran-centro-de-emprendimiento-de-industrias-creativas-en-America-Latina-destaca.aspx",NA,NA,NA,NA,NA,NA,NA,NA,NA,NA,NA,NA,NA,NA,NA,NA,NA,NA,NA,NA,NA,NA,NA,NA,NA,NA,NA,NA,2019,2015,"jun","Colombia","ivan duque","Ivan Duque","Ivan Duque (2018-2022)",1,"Bilateral","Europa","Iván Duque Márquez","Colombia","Colombia",2018-08-07,2022-08-07,6,5.25,6.75,3,6.25,4.25,4,2.75,FALSE,FALSE,FALSE,TRUE,2019,"Derecha","Derecha","Macron"
"3477-COL-FRA-44503","3477","Colombia","COL","Latin America and the Caribbean","South America","Yes","GS","President","Duque","Ivan Duque","0","France","FRA","Europe","Western Europe",NA,"No","No",2021,2021-11-03,2021-11-03,1,"No",NA,"Yes","President Emmanuel Macron","No",NA,"No",NA,"No",NA,"No",NA,"Yes","No","No","Yes","Yes","United Nations Educational, Scientific and Cultural Organization (UNESCO) Director-General Audrey Azoulay","Give an interview to the French news agency AFP;hold a meeting with presidents and senior executives of major French companies as a part of the Movement des Enterprises de France (MEDEF International)and present a speech during the event regarding growth figures of the Colombian economy and the business environment in the country","1","https://advance-lexis-com.du.idm.oclc.org/api/permalink/34ba031c-0632-4f0b-985e-0a2d3f519fe4/?context=1516831","https://advance-lexis-com.du.idm.oclc.org/api/permalink/f78eb503-26ad-44d9-a972-4572bf9fdf93/?context=1516831",NA,NA,NA,NA,NA,NA,NA,NA,NA,NA,NA,NA,NA,NA,NA,NA,NA,NA,NA,NA,NA,NA,NA,NA,NA,NA,NA,NA,NA,NA,NA,2021,2020,"nov","Colombia","ivan duque","Ivan Duque","Ivan Duque (2018-2022)",4,"Bilateral","Europa","Iván Duque Márquez","Colombia","Colombia",2018-08-07,2022-08-07,6,5.25,6.75,3,6.25,4.25,4,2.75,FALSE,FALSE,FALSE,TRUE,2021,"Derecha",NA,NA
"1337-COL-DEU-37006","1337","Colombia","COL","Latin America and the Caribbean","South America","Yes","GS","President","Arango","Andres Pastrana Arango","0","Germany","DEU","Europe","Western Europe",NA,"No","No",2001,2001-04-25,2001-04-26,2,"No",NA,"Yes","Chancellor Gerhard Schroder","No",NA,"No",NA,"No",NA,"No",NA,"No","No","No","Yes","No",NA,NA,"1","http://0-search.proquest.com.bianca.penlib.du.edu/docview/451603375/1DE72846D0024BB5PQ/404?accountid=14608","http://0-search.proquest.com.bianca.penlib.du.edu/docview/452653471/1DE72846D0024BB5PQ/405?accountid=14608","http://0-search.proquest.com.bianca.penlib.du.edu/docview/452663380/1DE72846D0024BB5PQ/396?accountid=14608","http://0-search.proquest.com.bianca.penlib.du.edu/docview/453779065/1DE72846D0024BB5PQ/414?accountid=14608",NA,NA,NA,NA,NA,NA,NA,NA,NA,NA,NA,NA,NA,NA,NA,NA,NA,NA,NA,NA,NA,NA,NA,NA,NA,NA,NA,NA,NA,2001,2000,"abr","Colombia","andres pastrana arango","Andres Pastrana Arango","Andres Pastrana Arango (1998-2002)",3,"Bilateral","Europa","Andres Pastrana Arango","Colombia","Colombia",1998-08-07,2002-08-07,6,6.28999996185303,6.1399998664856,3.5,6.42999982833862,3.14000010490417,3,3.5699999332428,FALSE,FALSE,FALSE,TRUE,2001,"Derecha","Izquierda","Schroder"
"1746-COL-DEU-38029","1746","Colombia","COL","Latin America and the Caribbean","South America","Yes","GS","President","Uribe","Alvaro Uribe","0","Germany","DEU","Europe","Western Europe",NA,"No","No",2004,2004-02-12,2004-02-14,3,"No",NA,"Yes","Chancellor Gerhard Schroder","No",NA,"No",NA,"No",NA,"No",NA,"No","No","No","Yes","No",NA,NA,"1","http://0-search.proquest.com.bianca.penlib.du.edu/docview/453046737/37F0B04F7E664B4EPQ/66?accountid=14608","http://0-search.proquest.com.bianca.penlib.du.edu/docview/466186815/37F0B04F7E664B4EPQ/81?accountid=14608",NA,NA,NA,NA,NA,NA,NA,NA,NA,NA,NA,NA,NA,NA,NA,NA,NA,NA,NA,NA,NA,NA,NA,NA,NA,NA,NA,NA,NA,NA,NA,2004,2000,"feb","Colombia","alvaro uribe","Alvaro Uribe","Alvaro Uribe (2002-2010)",2,"Bilateral","Europa","Alvaro Uribe Velez1","Colombia","Colombia",2002-08-07,2006-08-07,6.8600001335144,6.71000003814697,6.71000003814697,3,6.71000003814697,3.85999989509583,3.71000003814697,4.42999982833862,FALSE,FALSE,FALSE,TRUE,2004,"Derecha","Izquierda","Schroder"
"2597-COL-DEU-40645","2597","Colombia","COL","Latin America and the Caribbean","South America","Yes","GS","President","Santos","Juan Manuel Santos","0","Germany","DEU","Europe","Western Europe",NA,"No","No",2011,2011-04-12,2011-04-13,2,"No",NA,"Yes","Chancellor Angela Merkel","No",NA,"No",NA,"No",NA,"No",NA,"Yes","No","No","Yes","No",NA,NA,"1","https://es.wikipedia.org/wiki/Anexo:Visitas_oficiales_al_exterior_del_presidente_Juan_Manuel_Santos","http://0-search.proquest.com.bianca.penlib.du.edu/docview/861742195/2BBB66D332C749CAPQ/6?accountid=14608",NA,NA,NA,NA,NA,NA,NA,NA,NA,NA,NA,NA,NA,NA,NA,NA,NA,NA,NA,NA,NA,NA,NA,NA,NA,NA,NA,NA,NA,NA,NA,2011,2010,"abr","Colombia","juan manuel santos","Juan Manuel Santos","Juan Manuel Santos (2010-2018)",1,"Bilateral","Europa","Juan Manuel Santos Calderon","Colombia","Colombia",2010-08-07,2014-08-07,4.57000017166138,6.71000003814697,6.1399998664856,5.32999992370605,6,3.71000003814697,5,5,FALSE,FALSE,FALSE,TRUE,2011,"Centro","Derecha","Merkel"
"2597-COL-DEU-41948","2597","Colombia","COL","Latin America and the Caribbean","South America","Yes","GS","President","Santos","Juan Manuel Santos","0","Germany","DEU","Europe","Western Europe",NA,"No","No",2014,2014-11-05,2014-11-05,1,"No",NA,"Yes","Chancellor Angela Merkel","No",NA,"No",NA,"No",NA,"No",NA,"No","No","No","No","No",NA,NA,"1","http://0-search.proquest.com.bianca.penlib.du.edu/docview/1620219544/1D82DDCED6964B57PQ/6?accountid=14608",NA,NA,NA,NA,NA,NA,NA,NA,NA,NA,NA,NA,NA,NA,NA,NA,NA,NA,NA,NA,NA,NA,NA,NA,NA,NA,NA,NA,NA,NA,NA,NA,2014,2010,"nov","Colombia","juan manuel santos","Juan Manuel Santos","Juan Manuel Santos (2010-2018)",5,"Bilateral","Europa","Juan Manuel Santos Calderon2","Colombia","Colombia",2014-08-07,2018-08-07,5,5.5,4.75,5.66,5,4.25,4.5,5,FALSE,FALSE,FALSE,TRUE,2014,"Derecha","Derecha","Merkel"
"2597-COL-DEU-43229","2597","Colombia","COL","Latin America and the Caribbean","South America","Yes","GS","President","Santos","Juan Manuel Santos","0","Germany","DEU","Europe","Western Europe",NA,"No","No",2018,2018-05-09,2018-05-11,3,"No",NA,"Yes","Chancellor Angela Merkel","No",NA,"No",NA,"No",NA,"No",NA,"No","No","Yes","Yes","No",NA,"attended an event at the Museum of Natural History;met President Frank-Walter Steinmeier","2","https://advance-lexis-com.du.idm.oclc.org/api/permalink/87c40919-0492-40e1-b7ea-9461713d0250/?context=1516831","https://advance-lexis-com.du.idm.oclc.org/api/permalink/44b87593-4f23-4813-a6ae-cc601c109f7a/?context=1516831","https://advance-lexis-com.du.idm.oclc.org/api/permalink/7b2e9b25-d9c3-431a-8bab-d19ba72a62ba/?context=1516831","https://www.gettyimages.com/photos/juan-manuel-santos?begindate=2018-01-01&enddate=2018-12-31&events=775162320&family=editorial&phrase=juan%20manuel%20santos&recency=daterange&sort=newest#license","https://wwwgettyimagescom/detail/news-photo/german-president-frank-walter-steinmeier-and-his-colombian-news-photo/956408498?adppopup=true",NA,NA,NA,NA,NA,NA,NA,NA,NA,NA,NA,NA,NA,NA,NA,NA,NA,NA,NA,NA,NA,NA,NA,NA,NA,NA,NA,NA,2018,2015,"may","Colombia","juan manuel santos","Juan Manuel Santos","Juan Manuel Santos (2010-2018)",8,"Bilateral","Europa","Juan Manuel Santos Calderon2","Colombia","Colombia",2014-08-07,2018-08-07,5,5.5,4.75,5.66,5,4.25,4.5,5,FALSE,FALSE,FALSE,TRUE,2018,"Derecha","Derecha","Merkel"
"1337-COL-VAT-37417","1337","Colombia","COL","Latin America and the Caribbean","South America","Yes","GS","President","Arango","Andres Pastrana Arango","0","Holy See","VAT","Europe","Southern Europe",NA,"No","No",2002,2002-06-10,2002-06-10,1,"No",NA,"Yes","Pope John Paul II","No",NA,"No",NA,"No",NA,"No",NA,"No","No","No","No","No",NA,NA,"1","http://0-search.proquest.com.bianca.penlib.du.edu/docview/452212898/9CEF79913061448CPQ/89?accountid=14608","http://0-search.proquest.com.bianca.penlib.du.edu/docview/452212946/9CEF79913061448CPQ/90?accountid=14608",NA,NA,NA,NA,NA,NA,NA,NA,NA,NA,NA,NA,NA,NA,NA,NA,NA,NA,NA,NA,NA,NA,NA,NA,NA,NA,NA,NA,NA,NA,NA,2002,2000,"jun","Colombia","andres pastrana arango","Andres Pastrana Arango","Andres Pastrana Arango (1998-2002)",4,"Bilateral","Europa","Andres Pastrana Arango","Colombia","Colombia",1998-08-07,2002-08-07,6,6.28999996185303,6.1399998664856,3.5,6.42999982833862,3.14000010490417,3,3.5699999332428,FALSE,FALSE,FALSE,TRUE,2002,"Derecha",NA,NA
"1746-COL-VAT-38029","1746","Colombia","COL","Latin America and the Caribbean","South America","Yes","GS","President","Uribe","Alvaro Uribe","0","Holy See","VAT","Europe","Southern Europe",NA,"No","No",2004,2004-02-12,2004-02-12,1,"No",NA,"Yes","Pope John Paul II","No",NA,"No",NA,"No",NA,"No",NA,"No","No","No","No","No",NA,NA,"1","http://0-search.proquest.com.bianca.penlib.du.edu/docview/466186815/37F0B04F7E664B4EPQ/81?accountid=14608",NA,NA,NA,NA,NA,NA,NA,NA,NA,NA,NA,NA,NA,NA,NA,NA,NA,NA,NA,NA,NA,NA,NA,NA,NA,NA,NA,NA,NA,NA,NA,NA,2004,2000,"feb","Colombia","alvaro uribe","Alvaro Uribe","Alvaro Uribe (2002-2010)",2,"Bilateral","Europa","Alvaro Uribe Velez1","Colombia","Colombia",2002-08-07,2006-08-07,6.8600001335144,6.71000003814697,6.71000003814697,3,6.71000003814697,3.85999989509583,3.71000003814697,4.42999982833862,FALSE,FALSE,FALSE,TRUE,2004,"Derecha",NA,NA
"2597-COL-VAT-41406","2597","Colombia","COL","Latin America and the Caribbean","South America","Yes","GS","President","Santos","Juan Manuel Santos","0","Holy See","VAT","Europe","Southern Europe",NA,"No","No",2013,2013-05-12,2013-05-12,1,"No",NA,"Yes","Pope Francis","No",NA,"No",NA,"No",NA,"No",NA,"No","No","Yes","No","No",NA,NA,"1","https://es.wikipedia.org/wiki/Anexo:Visitas_oficiales_al_exterior_del_presidente_Juan_Manuel_Santos","http://0-search.proquest.com.bianca.penlib.du.edu/docview/1350202209/ECF8C8DB200C44ADPQ/7?accountid=14608","http://0-search.proquest.com.bianca.penlib.du.edu/docview/1350170265/ECF8C8DB200C44ADPQ/11?accountid=14608",NA,NA,NA,NA,NA,NA,NA,NA,NA,NA,NA,NA,NA,NA,NA,NA,NA,NA,NA,NA,NA,NA,NA,NA,NA,NA,NA,NA,NA,NA,2013,2010,"may","Colombia","juan manuel santos","Juan Manuel Santos","Juan Manuel Santos (2010-2018)",3,"Bilateral","Europa","Juan Manuel Santos Calderon","Colombia","Colombia",2010-08-07,2014-08-07,4.57000017166138,6.71000003814697,6.1399998664856,5.32999992370605,6,3.71000003814697,5,5,FALSE,FALSE,FALSE,TRUE,2013,"Centro",NA,NA
"2597-COL-VAT-42170","2597","Colombia","COL","Latin America and the Caribbean","South America","Yes","GS","President","Santos","Juan Manuel Santos","0","Holy See","VAT","Europe","Southern Europe",NA,"No","No",2015,2015-06-15,2015-06-15,1,"No",NA,"Yes","Pope Francis","No",NA,"No",NA,"No",NA,"No",NA,"No","No","No","No","No",NA,NA,"1","http://0-search.proquest.com.bianca.penlib.du.edu/docview/1688053820/B409150605D47CEPQ/13?accountid=14608",NA,NA,NA,NA,NA,NA,NA,NA,NA,NA,NA,NA,NA,NA,NA,NA,NA,NA,NA,NA,NA,NA,NA,NA,NA,NA,NA,NA,NA,NA,NA,NA,2015,2015,"jun","Colombia","juan manuel santos","Juan Manuel Santos","Juan Manuel Santos (2010-2018)",5,"Bilateral","Europa","Juan Manuel Santos Calderon2","Colombia","Colombia",2014-08-07,2018-08-07,5,5.5,4.75,5.66,5,4.25,4.5,5,FALSE,FALSE,FALSE,TRUE,2015,"Derecha",NA,NA
"3477-COL-VAT-43395","3477","Colombia","COL","Latin America and the Caribbean","South America","Yes","GS","President","Duque","Ivan Duque","0","Holy See","VAT","Europe","Southern Europe",NA,"No","No",2018,2018-10-22,2018-10-22,1,"No",NA,"Yes","Pope Francis","No",NA,"No",NA,"No",NA,"No",NA,"No","No","Yes","No","No",NA,"visited the Sistine Chapel and the Vatican Museum","2","https://advance-lexis-com.du.idm.oclc.org/api/permalink/b2240a04-2b0e-42fa-87b6-66a278737928/?context=1516831","https://advance-lexis-com.du.idm.oclc.org/api/permalink/fac201eb-e05a-4eb5-b3dd-02ba675badd8/?context=1516831","https://advance-lexis-com.du.idm.oclc.org/api/permalink/09aa4b0b-773e-46e7-a805-87ab428c6a21/?context=1516831","https://www.gettyimages.com/photos/iv%C3%A1n-duque?begindate=2018-08-07&enddate=2018-12-31&events=775245994&family=editorial&phrase=Iv%C3%A1n%20Duque&recency=daterange&sort=newest#license",NA,NA,NA,NA,NA,NA,NA,NA,NA,NA,NA,NA,NA,NA,NA,NA,NA,NA,NA,NA,NA,NA,NA,NA,NA,NA,NA,NA,NA,2018,2015,"oct","Colombia","ivan duque","Ivan Duque","Ivan Duque (2018-2022)",1,"Bilateral","Europa","Iván Duque Márquez","Colombia","Colombia",2018-08-07,2022-08-07,6,5.25,6.75,3,6.25,4.25,4,2.75,FALSE,FALSE,FALSE,TRUE,2018,"Derecha",NA,NA
"2597-COL-HUN-43231","2597","Colombia","COL","Latin America and the Caribbean","South America","Yes","GS","President","Santos","Juan Manuel Santos","0","Hungary","HUN","Europe","Eastern Europe",NA,"No","No",2018,2018-05-11,2018-05-12,2,"No",NA,"Yes","Prime Minister Viktor Orban","No",NA,"No",NA,"No",NA,"No",NA,"No","Yes","No","Yes","No",NA,NA,"2","https://advance-lexis-com.du.idm.oclc.org/api/permalink/44b87593-4f23-4813-a6ae-cc601c109f7a/?context=1516831","https://advance-lexis-com.du.idm.oclc.org/api/permalink/96a19a77-029d-4467-b0dd-596584b021bf/?context=1516831","https://advance-lexis-com.du.idm.oclc.org/api/permalink/5cdb20cb-3d51-45d6-b521-5aa7facc34cb/?context=1516831",NA,NA,NA,NA,NA,NA,NA,NA,NA,NA,NA,NA,NA,NA,NA,NA,NA,NA,NA,NA,NA,NA,NA,NA,NA,NA,NA,NA,NA,NA,2018,2015,"may","Colombia","juan manuel santos","Juan Manuel Santos","Juan Manuel Santos (2010-2018)",8,"Bilateral","Europa","Juan Manuel Santos Calderon2","Colombia","Colombia",2014-08-07,2018-08-07,5,5.5,4.75,5.66,5,4.25,4.5,5,FALSE,FALSE,FALSE,TRUE,2018,"Derecha","Izquierda","Orban"
"2597-COL-ITA-42720","2597","Colombia","COL","Latin America and the Caribbean","South America","Yes","GS","President","Santos","Juan Manuel Santos","0","Italy","ITA","Europe","Southern Europe",NA,"No","No",2016,2016-12-16,2016-12-17,2,"No",NA,"Yes","Prime Minister Paolo Gentiloni","No",NA,"No",NA,"No",NA,"No",NA,"No","No","No","No","No",NA,"Also met with Pope Francis","1","http://search.proquest.com.du.idm.oclc.org/docview/1849442797?accountid=14608","http://search.proquest.com.du.idm.oclc.org/docview/1849432310?accountid=14608","http://www.gettyimages.com/license/630097016","http://www.gettyimages.com/license/630085364","http://www.gettyimages.com/license/630129492",NA,NA,NA,NA,NA,NA,NA,NA,NA,NA,NA,NA,NA,NA,NA,NA,NA,NA,NA,NA,NA,NA,NA,NA,NA,NA,NA,NA,2016,2015,"dic","Colombia","juan manuel santos","Juan Manuel Santos","Juan Manuel Santos (2010-2018)",7,"Bilateral","Europa","Juan Manuel Santos Calderon2","Colombia","Colombia",2014-08-07,2018-08-07,5,5.5,4.75,5.66,5,4.25,4.5,5,FALSE,FALSE,FALSE,TRUE,2016,"Derecha","Izquierda","Gentiloni"
"2597-COL-ITA-43232","2597","Colombia","COL","Latin America and the Caribbean","South America","Yes","GS","President","Santos","Juan Manuel Santos","0","Italy","ITA","Europe","Southern Europe",NA,"No","No",2018,2018-05-12,2018-05-12,1,"No",NA,"Yes","Prime Minister Paolo Gentiloni","No",NA,"No",NA,"No",NA,"Yes","Chancellor Angela Merkel","No","No","No","No","No",NA,"Lamp of Peace Awards [PE-Latam 2026-09-01: revisado, Notes / evento (Lamp of Peace) queda No_verificable -COLT marca este item con Confidence 2/5 y registra en Notes la entrega del 'Lamp of Peace Awards' en Italia (12/5/2018), ademas de un encuentro con An-]","2","https://advance-lexis-com.du.idm.oclc.org/api/permalink/75d10724-bcff-4328-95a3-da5d5b6c5887/?context=1516831","https://advance-lexis-com.du.idm.oclc.org/api/permalink/c1834fa9-c670-4ec9-bf1f-c2b0baf775bb/?context=1516831","https://advance-lexis-com.du.idm.oclc.org/document/?pdmfid=1516831&crid=d6643463-1a6c-48e1-a9f8-4fd006fab62c&pddocfullpath=%2Fshared%2Fdocument%2Fnews%2Furn%3AcontentItem%3A5S9J-SXY1-JCW7-N12M-00000-00&pddocid=urn%3AcontentItem%3A5S9J-SXY1-JCW7-N12M-00000-00&pdcontentcomponentid=318730&pdteaserkey=sr0&pditab=allpods&ecomp=wp79k&earg=sr0&prid=5954986b-aad4-4ce8-968d-51dec243cb6c",NA,NA,NA,NA,NA,NA,NA,NA,NA,NA,NA,NA,NA,NA,NA,NA,NA,NA,NA,NA,NA,NA,NA,NA,NA,NA,NA,NA,NA,NA,2018,2015,"may","Colombia","juan manuel santos","Juan Manuel Santos","Juan Manuel Santos (2010-2018)",8,"Bilateral","Europa","Juan Manuel Santos Calderon2","Colombia","Colombia",2014-08-07,2018-08-07,5,5.5,4.75,5.66,5,4.25,4.5,5,FALSE,FALSE,FALSE,TRUE,2018,"Derecha",NA,"Conte"
"3477-COL-ITA-43395","3477","Colombia","COL","Latin America and the Caribbean","South America","Yes","GS","President","Duque","Ivan Duque","0","Italy","ITA","Europe","Southern Europe",NA,"No","No",2018,2018-10-22,2018-10-23,2,"No",NA,"Yes","Prime Minister Giuseppe Conte","No",NA,"No",NA,"No",NA,"No",NA,"No","No","No","No","No",NA,NA,"2","https://advance-lexis-com.du.idm.oclc.org/api/permalink/fac201eb-e05a-4eb5-b3dd-02ba675badd8/?context=1516831","https://advance-lexis-com.du.idm.oclc.org/api/permalink/09aa4b0b-773e-46e7-a805-87ab428c6a21/?context=1516831","https://www.gettyimages.com/photos/iv%C3%A1n-duque?begindate=2018-08-07&enddate=2018-12-31&events=775246683&family=editorial&phrase=Iv%C3%A1n%20Duque&recency=daterange&sort=newest#license",NA,NA,NA,NA,NA,NA,NA,NA,NA,NA,NA,NA,NA,NA,NA,NA,NA,NA,NA,NA,NA,NA,NA,NA,NA,NA,NA,NA,NA,NA,2018,2015,"oct","Colombia","ivan duque","Ivan Duque","Ivan Duque (2018-2022)",1,"Bilateral","Europa","Iván Duque Márquez","Colombia","Colombia",2018-08-07,2022-08-07,6,5.25,6.75,3,6.25,4.25,4,2.75,FALSE,FALSE,FALSE,TRUE,2018,"Derecha",NA,"Conte"
"2597-COL-NOR-42171","2597","Colombia","COL","Latin America and the Caribbean","South America","Yes","GS","President","Santos","Juan Manuel Santos","0","Norway","NOR","Europe","Northern Europe",NA,"No","No",2015,2015-06-16,2015-06-16,1,"No",NA,"Yes","Prime Minister Erna Solberg","No",NA,"No",NA,"No",NA,"No",NA,"Yes","No","No","No","No",NA,NA,"1","http://0-search.proquest.com.bianca.penlib.du.edu/docview/1686835327/1E666D9C63AD4135PQ/15?accountid=14608","http://0-search.proquest.com.bianca.penlib.du.edu/docview/1688362173/1E666D9C63AD4135PQ/99?accountid=14608",NA,NA,NA,NA,NA,NA,NA,NA,NA,NA,NA,NA,NA,NA,NA,NA,NA,NA,NA,NA,NA,NA,NA,NA,NA,NA,NA,NA,NA,NA,NA,2015,2015,"jun","Colombia","juan manuel santos","Juan Manuel Santos","Juan Manuel Santos (2010-2018)",5,"Bilateral","Europa","Juan Manuel Santos Calderon2","Colombia","Colombia",2014-08-07,2018-08-07,5,5.5,4.75,5.66,5,4.25,4.5,5,FALSE,FALSE,FALSE,TRUE,2015,"Derecha","Derecha","Solberg"
"2597-COL-NOR-42713","2597","Colombia","COL","Latin America and the Caribbean","South America","Yes","GS","President","Santos","Juan Manuel Santos","0","Norway","NOR","Europe","Northern Europe",NA,"No","No",2016,2016-12-09,2016-12-11,3,"No",NA,"Yes","Prime Minister Erna Solberg","No",NA,"No",NA,"No",NA,"No",NA,"No","No","No","No","No",NA,"Received the nobel Peace Prize. Also was interviewed by the norwegian nobel Institute in Oslo","1","http://search.proquest.com.du.idm.oclc.org/docview/1847660592?accountid=14608","http://www.gettyimages.com/license/628717654","http://www.gettyimages.com/license/628720750","http://www.gettyimages.com/license/628890338","http://www.gettyimages.com/license/629092530",NA,NA,NA,NA,NA,NA,NA,NA,NA,NA,NA,NA,NA,NA,NA,NA,NA,NA,NA,NA,NA,NA,NA,NA,NA,NA,NA,NA,2016,2015,"dic","Colombia","juan manuel santos","Juan Manuel Santos","Juan Manuel Santos (2010-2018)",7,"Bilateral","Europa","Juan Manuel Santos Calderon2","Colombia","Colombia",2014-08-07,2018-08-07,5,5.5,4.75,5.66,5,4.25,4.5,5,FALSE,FALSE,FALSE,TRUE,2016,"Derecha","Derecha","Solberg"
"2597-COL-PRT-41228","2597","Colombia","COL","Latin America and the Caribbean","South America","Yes","GS","President","Santos","Juan Manuel Santos","0","Portugal","PRT","Europe","Southern Europe",NA,"No","No",2012,2012-11-15,2012-11-16,2,"No",NA,"Yes","Prime Minister Pedro Passos Coelho","No",NA,"No",NA,"No",NA,"No",NA,"No","No","No","Yes","No",NA,NA,"1","http://0-search.proquest.com.bianca.penlib.du.edu/docview/1166005139/437D4AB4F42D43B8PQ/65?accountid=14608",NA,NA,NA,NA,NA,NA,NA,NA,NA,NA,NA,NA,NA,NA,NA,NA,NA,NA,NA,NA,NA,NA,NA,NA,NA,NA,NA,NA,NA,NA,NA,NA,2012,2010,"nov","Colombia","juan manuel santos","Juan Manuel Santos","Juan Manuel Santos (2010-2018)",3,"Bilateral","Europa","Juan Manuel Santos Calderon","Colombia","Colombia",2010-08-07,2014-08-07,4.57000017166138,6.71000003814697,6.1399998664856,5.32999992370605,6,3.71000003814697,5,5,FALSE,FALSE,FALSE,TRUE,2012,"Centro","Derecha","Cavaco Silva"
"2597-COL-PRT-41948","2597","Colombia","COL","Latin America and the Caribbean","South America","Yes","GS","President","Santos","Juan Manuel Santos","0","Portugal","PRT","Europe","Southern Europe",NA,"No","No",2014,2014-11-05,2014-11-07,3,"No",NA,"Yes","Prime Minister Pedro Passos Coelho","No",NA,"No",NA,"No",NA,"No",NA,"No","No","No","No","No",NA,"Also met with President Anibal Cavaco Silva","1","http://0-search.proquest.com.bianca.penlib.du.edu/docview/1620137409/64373BA904A14BB2PQ/21?accountid=14608",NA,NA,NA,NA,NA,NA,NA,NA,NA,NA,NA,NA,NA,NA,NA,NA,NA,NA,NA,NA,NA,NA,NA,NA,NA,NA,NA,NA,NA,NA,NA,NA,2014,2010,"nov","Colombia","juan manuel santos","Juan Manuel Santos","Juan Manuel Santos (2010-2018)",5,"Bilateral","Europa","Juan Manuel Santos Calderon2","Colombia","Colombia",2014-08-07,2018-08-07,5,5.5,4.75,5.66,5,4.25,4.5,5,FALSE,FALSE,FALSE,TRUE,2014,"Derecha","Derecha","Cavaco Silva"
"2597-COL-PRT-43052","2597","Colombia","COL","Latin America and the Caribbean","South America","Yes","GS","President","Santos","Juan Manuel Santos","0","Portugal","PRT","Europe","Southern Europe",NA,"No","No",2017,2017-11-13,2017-11-14,2,"No",NA,"Yes","President Marcelo Rebelo de Sousa","No",NA,"No",NA,"No",NA,"No",NA,"No","No","No","No","No",NA,NA,"1","https://www.gettyimages.fr/detail/photo-d'actualit%C3%A9/the-president-of-colombia-juan-manuel-santos-photo-dactualit%C3%A9/873695128",NA,NA,NA,NA,NA,NA,NA,NA,NA,NA,NA,NA,NA,NA,NA,NA,NA,NA,NA,NA,NA,NA,NA,NA,NA,NA,NA,NA,NA,NA,NA,NA,2017,2015,"nov","Colombia","juan manuel santos","Juan Manuel Santos","Juan Manuel Santos (2010-2018)",8,"Bilateral","Europa","Juan Manuel Santos Calderon2","Colombia","Colombia",2014-08-07,2018-08-07,5,5.5,4.75,5.66,5,4.25,4.5,5,FALSE,FALSE,FALSE,TRUE,2017,"Derecha","Derecha","de Sousa"
"1337-COL-ESP-36232","1337","Colombia","COL","Latin America and the Caribbean","South America","Yes","GS","President","Arango","Andres Pastrana Arango","0","Spain","ESP","Europe","Southern Europe",NA,"No","No",1999,1999-03-13,1999-03-17,5,"No",NA,"Yes","Prime Minister Jose Maria Aznar","No",NA,"No",NA,"No",NA,"No",NA,"No","Yes","No","No","No",NA,NA,"1","http://0-search.proquest.com.bianca.penlib.du.edu/docview/452797508/22720FB5B1384BDAPQ/102?accountid=14608","http://0-search.proquest.com.bianca.penlib.du.edu/docview/452803031/22720FB5B1384BDAPQ/97?accountid=14608","http://0-search.proquest.com.bianca.penlib.du.edu/docview/451730129/22720FB5B1384BDAPQ/110?accountid=14608","http://0-search.proquest.com.bianca.penlib.du.edu/docview/454205138/22720FB5B1384BDAPQ/119?accountid=14608",NA,NA,NA,NA,NA,NA,NA,NA,NA,NA,NA,NA,NA,NA,NA,NA,NA,NA,NA,NA,NA,NA,NA,NA,NA,NA,NA,NA,NA,1999,1995,"mar","Colombia","andres pastrana arango","Andres Pastrana Arango","Andres Pastrana Arango (1998-2002)",1,"Bilateral","Europa","Andres Pastrana Arango","Colombia","Colombia",1998-08-07,2002-08-07,6,6.28999996185303,6.1399998664856,3.5,6.42999982833862,3.14000010490417,3,3.5699999332428,FALSE,FALSE,FALSE,TRUE,1999,"Derecha","Derecha","Aznar"
"1746-COL-ESP-38544","1746","Colombia","COL","Latin America and the Caribbean","South America","Yes","GS","President","Uribe","Alvaro Uribe","0","Spain","ESP","Europe","Southern Europe",NA,"No","No",2005,2005-07-11,2005-07-13,3,"No",NA,"Yes","Prime Minister Jose Luis Rodriguez Zapatero","No",NA,"No",NA,"No",NA,"No",NA,"Yes","Yes","No","Yes","No",NA,NA,"1","http://www.gettyimages.com/event/colombian-president-alvaro-uribe-visits-spain-53228586#madrid-spain-spanish-prime-minister-jose-luis-rodriguez-zapatero-picture-id53225994","http://0-search.proquest.com.bianca.penlib.du.edu/docview/452419475/2078087B5B864CD9PQ/93?accountid=14608","http://0-search.proquest.com.bianca.penlib.du.edu/docview/467957689/2078087B5B864CD9PQ/164?accountid=14608","http://0-search.proquest.com.bianca.penlib.du.edu/docview/460228225/2078087B5B864CD9PQ/187?accountid=14608","http://0-search.proquest.com.bianca.penlib.du.edu/docview/192326179/2078087B5B864CD9PQ/194?accountid=14608",NA,NA,NA,NA,NA,NA,NA,NA,NA,NA,NA,NA,NA,NA,NA,NA,NA,NA,NA,NA,NA,NA,NA,NA,NA,NA,NA,NA,2005,2005,"jul","Colombia","alvaro uribe","Alvaro Uribe","Alvaro Uribe (2002-2010)",3,"Bilateral","Europa","Alvaro Uribe Velez1","Colombia","Colombia",2002-08-07,2006-08-07,6.8600001335144,6.71000003814697,6.71000003814697,3,6.71000003814697,3.85999989509583,3.71000003814697,4.42999982833862,FALSE,FALSE,FALSE,TRUE,2005,"Derecha","Izquierda","Rodriguez Zapatero"
"1746-COL-ESP-39470","1746","Colombia","COL","Latin America and the Caribbean","South America","Yes","GS","President","Uribe","Alvaro Uribe","0","Spain","ESP","Europe","Southern Europe",NA,"No","No",2008,2008-01-23,2008-01-24,2,"No",NA,"Yes","Prime Minister Jose Luis Rodriguez Zapatero","No",NA,"No",NA,"No",NA,"No",NA,"No","Yes","No","No","No",NA,NA,"1","http://0-search.proquest.com.bianca.penlib.du.edu/docview/428192055/C472AD13FEDA47D5PQ/112?accountid=14608","http://0-search.proquest.com.bianca.penlib.du.edu/docview/459607794/3572AD1AC0604F6EPQ/58?accountid=14608",NA,NA,NA,NA,NA,NA,NA,NA,NA,NA,NA,NA,NA,NA,NA,NA,NA,NA,NA,NA,NA,NA,NA,NA,NA,NA,NA,NA,NA,NA,NA,2008,2005,"ene","Colombia","alvaro uribe","Alvaro Uribe","Alvaro Uribe (2002-2010)",6,"Bilateral","Europa","Alvaro Uribe Velez2","Colombia","Colombia",2006-08-07,2010-08-07,6.8600001335144,6.71000003814697,6.71000003814697,2.82999992370606,6.71000003814697,3.85999989509583,3.4300000667572,4.42999982833862,FALSE,FALSE,FALSE,TRUE,2008,"Derecha","Izquierda","Rodriguez Zapatero"
"1746-COL-ESP-39931","1746","Colombia","COL","Latin America and the Caribbean","South America","Yes","GS","President","Uribe","Alvaro Uribe","0","Spain","ESP","Europe","Southern Europe",NA,"No","No",2009,2009-04-28,2009-04-29,2,"No",NA,"Yes","Prime Minister Jose Luis Rodriguez Zapatero","No",NA,"No",NA,"No",NA,"No",NA,"Yes","No","No","Yes","No",NA,NA,"1","http://0-search.proquest.com.bianca.penlib.du.edu/docview/433399860/2BC5C2A19FE842DFPQ/34?accountid=14608","http://0-search.proquest.com.bianca.penlib.du.edu/docview/459278429/2BC5C2A19FE842DFPQ/36?accountid=14608",NA,NA,NA,NA,NA,NA,NA,NA,NA,NA,NA,NA,NA,NA,NA,NA,NA,NA,NA,NA,NA,NA,NA,NA,NA,NA,NA,NA,NA,NA,NA,2009,2005,"abr","Colombia","alvaro uribe","Alvaro Uribe","Alvaro Uribe (2002-2010)",7,"Bilateral","Europa","Alvaro Uribe Velez2","Colombia","Colombia",2006-08-07,2010-08-07,6.8600001335144,6.71000003814697,6.71000003814697,2.82999992370606,6.71000003814697,3.85999989509583,3.4300000667572,4.42999982833862,FALSE,FALSE,FALSE,TRUE,2009,"Derecha","Izquierda","Rodriguez Zapatero"
"2597-COL-ESP-40643","2597","Colombia","COL","Latin America and the Caribbean","South America","Yes","GS","President","Santos","Juan Manuel Santos","0","Spain","ESP","Europe","Southern Europe",NA,"No","No",2011,2011-04-10,2011-04-12,3,"No",NA,"Yes","Prime Minister Jose Luis Rodriguez Zapatero","No",NA,"No",NA,"No",NA,"No",NA,"No","No","No","Yes","No",NA,NA,"1","https://es.wikipedia.org/wiki/Anexo:Visitas_oficiales_al_exterior_del_presidente_Juan_Manuel_Santos","http://0-search.proquest.com.bianca.penlib.du.edu/docview/861241963/AD5F8E0D3BF34E63PQ/6?accountid=14608",NA,NA,NA,NA,NA,NA,NA,NA,NA,NA,NA,NA,NA,NA,NA,NA,NA,NA,NA,NA,NA,NA,NA,NA,NA,NA,NA,NA,NA,NA,NA,2011,2010,"abr","Colombia","juan manuel santos","Juan Manuel Santos","Juan Manuel Santos (2010-2018)",1,"Bilateral","Europa","Juan Manuel Santos Calderon","Colombia","Colombia",2010-08-07,2014-08-07,4.57000017166138,6.71000003814697,6.1399998664856,5.32999992370605,6,3.71000003814697,5,5,FALSE,FALSE,FALSE,TRUE,2011,"Centro","Derecha","Rajoy Brey"
"2597-COL-ESP-41660","2597","Colombia","COL","Latin America and the Caribbean","South America","Yes","GS","President","Santos","Juan Manuel Santos","0","Spain","ESP","Europe","Southern Europe",NA,"No","No",2014,2014-01-21,2014-01-22,2,"No",NA,"Yes","Prime Minister Mariano Rajoy","No",NA,"No",NA,"No",NA,"No",NA,"Yes","No","No","No","No",NA,NA,"1","http://0-search.proquest.com.bianca.penlib.du.edu/docview/1490677708/18C5477817164C5EPQ/6?accountid=14608","http://0-search.proquest.com.bianca.penlib.du.edu/docview/1490973903/18C5477817164C5EPQ/15?accountid=14608",NA,NA,NA,NA,NA,NA,NA,NA,NA,NA,NA,NA,NA,NA,NA,NA,NA,NA,NA,NA,NA,NA,NA,NA,NA,NA,NA,NA,NA,NA,NA,2014,2010,"ene","Colombia","juan manuel santos","Juan Manuel Santos","Juan Manuel Santos (2010-2018)",4,"Bilateral","Europa","Juan Manuel Santos Calderon","Colombia","Colombia",2010-08-07,2014-08-07,4.57000017166138,6.71000003814697,6.1399998664856,5.32999992370605,6,3.71000003814697,5,5,FALSE,FALSE,FALSE,TRUE,2014,"Centro","Derecha","Rajoy Brey"
"2597-COL-ESP-41946","2597","Colombia","COL","Latin America and the Caribbean","South America","Yes","GS","President","Santos","Juan Manuel Santos","0","Spain","ESP","Europe","Southern Europe",NA,"No","No",2014,2014-11-03,2014-11-04,2,"No",NA,"Yes","Prime Minister Mariano Rajoy","No",NA,"No",NA,"No",NA,"No",NA,"No","No","No","No","No",NA,NA,"1","http://0-search.proquest.com.bianca.penlib.du.edu/docview/1619987739/96FF1E8EED434A05PQ/8?accountid=14608","http://0-search.proquest.com.bianca.penlib.du.edu/docview/1619425695/96FF1E8EED434A05PQ/9?accountid=14608",NA,NA,NA,NA,NA,NA,NA,NA,NA,NA,NA,NA,NA,NA,NA,NA,NA,NA,NA,NA,NA,NA,NA,NA,NA,NA,NA,NA,NA,NA,NA,2014,2010,"nov","Colombia","juan manuel santos","Juan Manuel Santos","Juan Manuel Santos (2010-2018)",5,"Bilateral","Europa","Juan Manuel Santos Calderon2","Colombia","Colombia",2014-08-07,2018-08-07,5,5.5,4.75,5.66,5,4.25,4.5,5,FALSE,FALSE,FALSE,TRUE,2014,"Derecha","Derecha","Rajoy Brey"
"2597-COL-ESP-42340","2597","Colombia","COL","Latin America and the Caribbean","South America","Yes","GS","President","Santos","Juan Manuel Santos","0","Spain","ESP","Europe","Southern Europe",NA,"No","No",2015,2015-12-02,2015-12-02,1,"No",NA,"Yes","Prime Minister Mariano Rajoy","No",NA,"No",NA,"No",NA,"No",NA,"No","No","No","No","No",NA,NA,"1","http://0-search.proquest.com.bianca.penlib.du.edu/docview/1737983477/3C2AE53308934C4APQ/3?accountid=14608","http://0-search.proquest.com.bianca.penlib.du.edu/docview/1738072389/3C2AE53308934C4APQ/7?accountid=14608","http://0-search.proquest.com.bianca.penlib.du.edu/docview/1738510657/3C2AE53308934C4APQ/16?accountid=14608",NA,NA,NA,NA,NA,NA,NA,NA,NA,NA,NA,NA,NA,NA,NA,NA,NA,NA,NA,NA,NA,NA,NA,NA,NA,NA,NA,NA,NA,NA,2015,2015,"dic","Colombia","juan manuel santos","Juan Manuel Santos","Juan Manuel Santos (2010-2018)",6,"Bilateral","Europa","Juan Manuel Santos Calderon2","Colombia","Colombia",2014-08-07,2018-08-07,5,5.5,4.75,5.66,5,4.25,4.5,5,FALSE,FALSE,FALSE,TRUE,2015,"Derecha","Derecha","Rajoy Brey"
"2597-COL-ESP-42717","2597","Colombia","COL","Latin America and the Caribbean","South America","Yes","GS","President","Santos","Juan Manuel Santos","0","Spain","ESP","Europe","Southern Europe",NA,"No","No",2016,2016-12-13,2016-12-13,1,"No",NA,"Yes","Prime Minister Mariano Rajoy","No",NA,"No",NA,"No",NA,"No",NA,"Yes","No","No","No","No",NA,"Was  awarded Doctor Honoris Causa at the University Alfonso X El Sabio in Villanueva de la Canada;near Madrid. Also attended the Premio Nueva Economia Forum 2016","1","http://search.proquest.com.du.idm.oclc.org/docview/1848528382?accountid=14608","http://www.gettyimages.com/license/629500730","http://www.gettyimages.com/license/629501266","http://www.gettyimages.com/license/629645730",NA,NA,NA,NA,NA,NA,NA,NA,NA,NA,NA,NA,NA,NA,NA,NA,NA,NA,NA,NA,NA,NA,NA,NA,NA,NA,NA,NA,NA,2016,2015,"dic","Colombia","juan manuel santos","Juan Manuel Santos","Juan Manuel Santos (2010-2018)",7,"Bilateral","Europa","Juan Manuel Santos Calderon2","Colombia","Colombia",2014-08-07,2018-08-07,5,5.5,4.75,5.66,5,4.25,4.5,5,FALSE,FALSE,FALSE,TRUE,2016,"Derecha","Derecha","Rajoy Brey"
"2597-COL-ESP-43232","2597","Colombia","COL","Latin America and the Caribbean","South America","Yes","GS","President","Santos","Juan Manuel Santos","0","Spain","ESP","Europe","Southern Europe",NA,"No","No",2018,2018-05-12,2018-05-14,3,"No",NA,"Yes","Prime Minister Mariano Rajoy","No",NA,"No",NA,"No",NA,"No",NA,"No","No","No","No","No",NA,"met with King Philip VI","2","https://advance-lexis-com.du.idm.oclc.org/api/permalink/a250bea4-aecd-4d81-b445-dda740967295/?context=1516831","https://advance-lexis-com.du.idm.oclc.org/api/permalink/cf744a56-81e7-4838-8035-297d133bb27f/?context=1516831","https://www.gettyimages.com/photos/juan-manuel-santos?begindate=2018-01-01&enddate=2018-12-31&events=775167511&family=editorial&phrase=juan%20manuel%20santos&recency=daterange&sort=newest#license","https://www.gettyimages.com/photos/juan-manuel-santos?begindate=2018-01-01&enddate=2018-12-31&events=775164465&family=editorial&phrase=juan%20manuel%20santos&recency=daterange&sort=newest#license","https://wwwgettyimagescom/detail/news-photo/king-felipe-vi-of-spain-and-queen-letizia-of-spain-receive-news-photo/958401970?adppopup=true",NA,NA,NA,NA,NA,NA,NA,NA,NA,NA,NA,NA,NA,NA,NA,NA,NA,NA,NA,NA,NA,NA,NA,NA,NA,NA,NA,NA,2018,2015,"may","Colombia","juan manuel santos","Juan Manuel Santos","Juan Manuel Santos (2010-2018)",8,"Bilateral","Europa","Juan Manuel Santos Calderon2","Colombia","Colombia",2014-08-07,2018-08-07,5,5.5,4.75,5.66,5,4.25,4.5,5,FALSE,FALSE,FALSE,TRUE,2018,"Derecha","Izquierda","Sanchez"
"3477-COL-ESP-44454","3477","Colombia","COL","Latin America and the Caribbean","South America","Yes","GS","President","Duque","Ivan Duque","0","Spain","ESP","Europe","Southern Europe",NA,"No","No",2021,2021-09-15,2021-09-18,4,"No",NA,"Yes","Prime Minister Pedro Sanchez","No",NA,"No",NA,"No",NA,"No",NA,"No","Yes","Yes","Yes","No",NA,"Met with King Felipe VI;Signed 6 agreements to protect investments and cooperate on law enforcement;Granted the order of Isabelle the Catholic;Met with the owner of Real Madrid as well as two business business fairs","1","https://newsbeezer.com/colombiaeng/duques-visit-provokes-division-in-the-spanish-ruling-coalition/","https://california18.com/president-duque-closes-his-official-visit-to-spain-in-galicia/527442021/","https://www.laprensalatina.com/colombias-ivan-duque-meets-spanish-king-pm-in-official-visit/","https://digismak.com/ivan-duque-art-cannot-be-seen-with-a-political-prism-culture/",NA,NA,NA,NA,NA,NA,NA,NA,NA,NA,NA,NA,NA,NA,NA,NA,NA,NA,NA,NA,NA,NA,NA,NA,NA,NA,NA,NA,NA,2021,2020,"sep","Colombia","ivan duque","Ivan Duque","Ivan Duque (2018-2022)",4,"Bilateral","Europa","Iván Duque Márquez","Colombia","Colombia",2018-08-07,2022-08-07,6,5.25,6.75,3,6.25,4.25,4,2.75,FALSE,FALSE,FALSE,TRUE,2021,"Derecha",NA,NA
"1337-COL-SWE-36915","1337","Colombia","COL","Latin America and the Caribbean","South America","Yes","GS","President","Arango","Andres Pastrana Arango","0","Sweden","SWE","Europe","Northern Europe",NA,"No","No",2001,2001-01-24,2001-01-27,4,"No",NA,"Yes","Prime Minister Goran Persson","No",NA,"No",NA,"No",NA,"No",NA,"No","No","No","No","No",NA,NA,"1","http://0-search.proquest.com.bianca.penlib.du.edu/docview/453858140/E08C2229BE774B98PQ/177?accountid=14608","http://0-search.proquest.com.bianca.penlib.du.edu/docview/452234702/E08C2229BE774B98PQ/257?accountid=14608",NA,NA,NA,NA,NA,NA,NA,NA,NA,NA,NA,NA,NA,NA,NA,NA,NA,NA,NA,NA,NA,NA,NA,NA,NA,NA,NA,NA,NA,NA,NA,2001,2000,"ene","Colombia","andres pastrana arango","Andres Pastrana Arango","Andres Pastrana Arango (1998-2002)",3,"Bilateral","Europa","Andres Pastrana Arango","Colombia","Colombia",1998-08-07,2002-08-07,6,6.28999996185303,6.1399998664856,3.5,6.42999982833862,3.14000010490417,3,3.5699999332428,FALSE,FALSE,FALSE,TRUE,2001,"Derecha","Izquierda","Persson"
"2597-COL-SWE-42170","2597","Colombia","COL","Latin America and the Caribbean","South America","Yes","GS","President","Santos","Juan Manuel Santos","0","Sweden","SWE","Europe","Northern Europe",NA,"No","No",2015,2015-06-15,2015-06-16,2,"No",NA,"Yes","Prime Minister Stefan Lofven","No",NA,"No",NA,"No",NA,"No",NA,"No","No","No","No","No",NA,NA,"1","http://0-search.proquest.com.bianca.penlib.du.edu/docview/1686835327/1E666D9C63AD4135PQ/15?accountid=14608",NA,NA,NA,NA,NA,NA,NA,NA,NA,NA,NA,NA,NA,NA,NA,NA,NA,NA,NA,NA,NA,NA,NA,NA,NA,NA,NA,NA,NA,NA,NA,NA,2015,2015,"jun","Colombia","juan manuel santos","Juan Manuel Santos","Juan Manuel Santos (2010-2018)",5,"Bilateral","Europa","Juan Manuel Santos Calderon2","Colombia","Colombia",2014-08-07,2018-08-07,5,5.5,4.75,5.66,5,4.25,4.5,5,FALSE,FALSE,FALSE,TRUE,2015,"Derecha","Izquierda","Stefan Lofven"
"2597-COL-SWE-42715","2597","Colombia","COL","Latin America and the Caribbean","South America","Yes","GS","President","Santos","Juan Manuel Santos","0","Sweden","SWE","Europe","Northern Europe",NA,"No","No",2016,2016-12-11,2016-12-12,2,"No",NA,"Yes","Prime Minister Stefan Lofven","No",NA,"No",NA,"No",NA,"No",NA,"No","No","No","No","No",NA,"Also met with King Carl XVI Gustaf","1","http://www.government.se/articles/2016/12/prime-minister-met-nobel-Peace-prize-laureate-president-juan-manuel-santos/","http://www.gettyimages.com/license/629272488","http://www.gettyimages.com/license/629332324","http://www.gettyimages.com/license/629335384",NA,NA,NA,NA,NA,NA,NA,NA,NA,NA,NA,NA,NA,NA,NA,NA,NA,NA,NA,NA,NA,NA,NA,NA,NA,NA,NA,NA,NA,2016,2015,"dic","Colombia","juan manuel santos","Juan Manuel Santos","Juan Manuel Santos (2010-2018)",7,"Bilateral","Europa","Juan Manuel Santos Calderon2","Colombia","Colombia",2014-08-07,2018-08-07,5,5.5,4.75,5.66,5,4.25,4.5,5,FALSE,FALSE,FALSE,TRUE,2016,"Derecha","Izquierda","Stefan Lofven"
"3477-COL-CHE-43635","3477","Colombia","COL","Latin America and the Caribbean","South America","Yes","GS","President","Duque","Ivan Duque","0","Switzerland","CHE","Europe","Western Europe",NA,"No","No",2019,2019-06-19,2019-06-20,2,"No",NA,"Yes","President Ueli Maurer","No",NA,"No",NA,"No",NA,"No",NA,"Yes","No","No","No","No",NA,"met with International Labor Organization (ILO) Director General Guy Ryder;met with International Organization for Migration (IMO) Director General Antionio Vitorino;gave speech at session of the ILO","1","https://id.presidencia.gov.co/Paginas/prensa/2019/190617-Presidente-Duque-inicia-este-lunes-visita-de-trabajo-al-Reino-Unido-Francia-y-Suiza.aspx","https://id.presidencia.gov.co/Paginas/prensa/2019/190619-Presidente-Duque-Director-OIT-hablaron-sobre-retos-trae-para-mercado-laboral-colombiano-fenomeno-migratorio.aspx","https://id.presidencia.gov.co/Paginas/prensa/2019/190619-Presidente-Duque-reitera-necesidad-respaldo-comunidad-internacional-enfrentar-desafio-migratorio-Colombia.aspx","https://id.presidencia.gov.co/Paginas/prensa/2019/190619-Presidente-Ivan-Duque-Organizacion-Internacional-Trabajo-OIT-compromiso-Colombia-adoptar-mejores-practicas-empleo.aspx","https://id.presidencia.gov.co/Paginas/prensa/2019/190620-proximo-20-de-julio-Presidente-Ivan-Duque-presentara-un-nuevo-proyecto-de-ley-con-mensaje-de-urgencia-para-eliminar.aspx",NA,NA,NA,NA,NA,NA,NA,NA,NA,NA,NA,NA,NA,NA,NA,NA,NA,NA,NA,NA,NA,NA,NA,NA,NA,NA,NA,NA,2019,2015,"jun","Colombia","ivan duque","Ivan Duque","Ivan Duque (2018-2022)",1,"Bilateral","Europa","Iván Duque Márquez","Colombia","Colombia",2018-08-07,2022-08-07,6,5.25,6.75,3,6.25,4.25,4,2.75,FALSE,FALSE,FALSE,TRUE,2019,"Derecha","Derecha","Maurer"
"1337-COL-GBR-36629","1337","Colombia","COL","Latin America and the Caribbean","South America","Yes","GS","President","Arango","Andres Pastrana Arango","0","United Kingdom","GBR","Europe","Northern Europe",NA,"No","No",2000,2000-04-13,2000-04-13,1,"No",NA,"Yes","Prime Minister Tony Blair","No",NA,"No",NA,"No",NA,"No",NA,"Yes","No","No","Yes","No",NA,"no article could be founds [PE-Latam 2026-09-01: revisado, TripStartDate queda No_verificable -El propio COLT marco este item con Confidence 3/5 y anoto en Notes 'no article could be founds' (sic), usando como unicas fuentes tres licencias de fo-]","3","http://www.gettyimages.com/license/51953436","http://www.gettyimages.com/license/51953435","http://www.gettyimages.com/license/51953433",NA,NA,NA,NA,NA,NA,NA,NA,NA,NA,NA,NA,NA,NA,NA,NA,NA,NA,NA,NA,NA,NA,NA,NA,NA,NA,NA,NA,NA,NA,2000,2000,"abr","Colombia","andres pastrana arango","Andres Pastrana Arango","Andres Pastrana Arango (1998-2002)",2,"Bilateral","Europa","Andres Pastrana Arango","Colombia","Colombia",1998-08-07,2002-08-07,6,6.28999996185303,6.1399998664856,3.5,6.42999982833862,3.14000010490417,3,3.5699999332428,FALSE,FALSE,FALSE,TRUE,2000,"Derecha","Izquierda","Blair"
"1746-COL-GBR-38546","1746","Colombia","COL","Latin America and the Caribbean","South America","Yes","GS","President","Uribe","Alvaro Uribe","0","United Kingdom","GBR","Europe","Northern Europe",NA,"No","No",2005,2005-07-13,2005-07-14,2,"No",NA,"Yes","Prime Minister Tony Blair","No",NA,"No",NA,"No",NA,"No",NA,"No","No","No","Yes","No",NA,NA,"1","http://0-search.proquest.com.bianca.penlib.du.edu/docview/467957689/2078087B5B864CD9PQ/164?accountid=14608","http://0-search.proquest.com.bianca.penlib.du.edu/docview/460228225/2078087B5B864CD9PQ/187?accountid=14608","http://0-search.proquest.com.bianca.penlib.du.edu/docview/334520581/2078087B5B864CD9PQ/256?accountid=14608",NA,NA,NA,NA,NA,NA,NA,NA,NA,NA,NA,NA,NA,NA,NA,NA,NA,NA,NA,NA,NA,NA,NA,NA,NA,NA,NA,NA,NA,NA,2005,2005,"jul","Colombia","alvaro uribe","Alvaro Uribe","Alvaro Uribe (2002-2010)",3,"Bilateral","Europa","Alvaro Uribe Velez1","Colombia","Colombia",2002-08-07,2006-08-07,6.8600001335144,6.71000003814697,6.71000003814697,3,6.71000003814697,3.85999989509583,3.71000003814697,4.42999982833862,FALSE,FALSE,FALSE,TRUE,2005,"Derecha","Izquierda","Blair"
"2597-COL-GBR-40866","2597","Colombia","COL","Latin America and the Caribbean","South America","Yes","GS","President","Santos","Juan Manuel Santos","0","United Kingdom","GBR","Europe","Northern Europe",NA,"No","No",2011,2011-11-19,2011-11-22,4,"No",NA,"Yes","Prime Minister David Cameron","No",NA,"No",NA,"No",NA,"No",NA,"Yes","No","No","Yes","No",NA,"Also met Queen Elizabeth II","1","https://es.wikipedia.org/wiki/Anexo:Visitas_oficiales_al_exterior_del_presidente_Juan_Manuel_Santos","http://0-search.proquest.com.bianca.penlib.du.edu/docview/905880106/3D8C84C31F8F4481PQ/2?accountid=14608",NA,NA,NA,NA,NA,NA,NA,NA,NA,NA,NA,NA,NA,NA,NA,NA,NA,NA,NA,NA,NA,NA,NA,NA,NA,NA,NA,NA,NA,NA,NA,2011,2010,"nov","Colombia","juan manuel santos","Juan Manuel Santos","Juan Manuel Santos (2010-2018)",2,"Bilateral","Europa","Juan Manuel Santos Calderon","Colombia","Colombia",2010-08-07,2014-08-07,4.57000017166138,6.71000003814697,6.1399998664856,5.32999992370605,6,3.71000003814697,5,5,FALSE,FALSE,FALSE,TRUE,2011,"Centro","Derecha","Cameron"
"2597-COL-GBR-42674","2597","Colombia","COL","Latin America and the Caribbean","South America","Yes","GS","President","Santos","Juan Manuel Santos","0","United Kingdom","GBR","Europe","Northern Europe",NA,"No","No",2016,2016-10-31,2016-11-03,4,"No",NA,"Yes","Prime Minister Theresa May","No",NA,"No",NA,"No",NA,"No",NA,"Yes","No","No","Yes","No",NA,"On a 3-day state visit to Britain. Also met with Queen Elizabeth II","1","http://search.proquest.com.du.idm.oclc.org/docview/1834643810?accountid=14608","http://search.proquest.com.du.idm.oclc.org/docview/1834669987?accountid=14608","http://www.gettyimages.com/license/619445750","http://www.gettyimages.com/license/619719634","http://www.gettyimages.com/license/620134880",NA,NA,NA,NA,NA,NA,NA,NA,NA,NA,NA,NA,NA,NA,NA,NA,NA,NA,NA,NA,NA,NA,NA,NA,NA,NA,NA,NA,2016,2015,"oct","Colombia","juan manuel santos","Juan Manuel Santos","Juan Manuel Santos (2010-2018)",7,"Bilateral","Europa","Juan Manuel Santos Calderon2","Colombia","Colombia",2014-08-07,2018-08-07,5,5.5,4.75,5.66,5,4.25,4.5,5,FALSE,FALSE,FALSE,TRUE,2016,"Derecha","Derecha","May"
"3477-COL-GBR-43633","3477","Colombia","COL","Latin America and the Caribbean","South America","Yes","GS","President","Duque","Ivan Duque","0","United Kingdom","GBR","Europe","Northern Europe",NA,"No","No",2019,2019-06-17,2019-06-19,3,"No",NA,"Yes","Prime Minister Theresa May","No",NA,"No",NA,"No",NA,"No",NA,"No","Yes","No","Yes","No",NA,"participated in a conference at Canning House;visited Francis Crick Medical Research Institute;attended forum at South Bank University with Colombian community living in London;attended working breakfast with business representatives and investors;met with Foreign Secretary Jeremy Hunt;met with Prince Charles;signed an agreement for sustainable growth","1","https://id.presidencia.gov.co/Paginas/prensa/2019/190617-Presidente-Duque-inicia-este-lunes-visita-de-trabajo-al-Reino-Unido-Francia-y-Suiza.aspx","https://search-proquest-com.du.idm.oclc.org/docview/2242581064/AE777886E5124978PQ/61?accountid=14608","https://id.presidencia.gov.co/Paginas/prensa/2019/Colombia-pais-tiene-estabilidad-politica-juridica-espiritu-empresarial-claro-determinado-inversionistas.aspx","https://id.presidencia.gov.co/Paginas/prensa/2019/190617-Reino-Unido-anuncia-recursos-para-investigacion-cientifica-Colombia-por-3-punto-5-millones-de-libras-esterlinas.aspx","https://id.presidencia.gov.co/Paginas/prensa/2019/190617-Colombia-y-el-Reino-Unido-mantendran-flujos-comerciales-Presidente-Duque.aspx","https://id.presidencia.gov.co/Paginas/prensa/2019/190618-Colombia-Reino-Unido-firman-alianza-contra-cambio-climatico-con-una-inversion-de-8-5-millones-de-libras-esterlinas.aspx",NA,NA,NA,NA,NA,NA,NA,NA,NA,NA,NA,NA,NA,NA,NA,NA,NA,NA,NA,NA,NA,NA,NA,NA,NA,NA,NA,2019,2015,"jun","Colombia","ivan duque","Ivan Duque","Ivan Duque (2018-2022)",1,"Bilateral","Europa","Iván Duque Márquez","Colombia","Colombia",2018-08-07,2022-08-07,6,5.25,6.75,3,6.25,4.25,4,2.75,FALSE,FALSE,FALSE,TRUE,2019,"Derecha","Derecha","Johnson"
"2223-ECU-BLR-41578","2223","Ecuador","ECU","Latin America and the Caribbean","South America","Yes","GS","President","Correa","Rafael Correa","0","Belarus","BLR","Europe","Eastern Europe",NA,"No","No",2013,2013-10-31,2013-10-31,1,"No",NA,"Yes","President Alyaksandr Lukashenka","No",NA,"No",NA,"No",NA,"No",NA,"No","No","No","No","No",NA,"End date unclear.","2","http://du.idm.oclc.org/login?url=https://search-proquest-com.du.idm.oclc.org/docview/1447219963?accountid=14608","http://du.idm.oclc.org/login?url=https://search-proquest-com.du.idm.oclc.org/docview/1447550528?accountid=14608",NA,NA,NA,NA,NA,NA,NA,NA,NA,NA,NA,NA,NA,NA,NA,NA,NA,NA,NA,NA,NA,NA,NA,NA,NA,NA,NA,NA,NA,NA,NA,2013,2010,"oct","Ecuador","rafael correa","Rafael Correa","Rafael Correa (2007-2017)",7,"Bilateral","Europa","Rafael Vicente Correa Delgado3","Ecuador","Ecuador",2013-05-24,2017-05-24,3.5,2.17000007629394,2.67000007629394,2.32999992370606,2,4,3.5,3.32999992370606,FALSE,FALSE,FALSE,TRUE,2013,"Centro","Izquierda","Lukashenko"
"2223-ECU-BEL-40143","2223","Ecuador","ECU","Latin America and the Caribbean","South America","Yes","GS","President","Correa","Rafael Correa","0","Belgium","BEL","Europe","Western Europe",NA,"No","No",2009,2009-11-26,2009-11-28,3,"No",NA,"Yes","King Albert II","No",NA,"No",NA,"No",NA,"No",NA,"No","No","Yes","No","No",NA,"Dates implied. May have met with Prime Minsiter Herman Van Rompuy. Visited Belgian Parliament. Also met with mayor of Brussels Freddy Thielemans. Discussed YasunÃƒ­-ITT initiative. Paid tribute to statue of Simon Bolivar;likely placed flowers.","2","http://wnc.eastview.com.du.idm.oclc.org/wnc/article?id=39615190","http://www.gettyimages.com/license/93432045","http://www.gettyimages.com/license/93447598","http://du.idm.oclc.org/login?url=https://search-proquest-com.du.idm.oclc.org/docview/368638627?accountid=14608",NA,NA,NA,NA,NA,NA,NA,NA,NA,NA,NA,NA,NA,NA,NA,NA,NA,NA,NA,NA,NA,NA,NA,NA,NA,NA,NA,NA,NA,2009,2005,"nov","Ecuador","rafael correa","Rafael Correa","Rafael Correa (2007-2017)",3,"Bilateral","Europa","Rafael Vicente Correa Delgado2","Ecuador","Ecuador",2009-08-10,2013-05-24,2.82999992370606,2.17000007629394,2,2,1.83000004291534,4.17000007629395,3.5,3.32999992370606,FALSE,FALSE,FALSE,TRUE,2009,"Izquierda","Centro","Leterme"
"2223-ECU-FRA-39581","2223","Ecuador","ECU","Latin America and the Caribbean","South America","Yes","GS","President","Correa","Rafael Correa","0","France","FRA","Europe","Western Europe",NA,"No","No",2008,2008-05-13,2008-05-14,2,"No",NA,"Yes","President Nicolas Sarkozy","No",NA,"No",NA,"No",NA,"No",NA,"No","No","No","No","No",NA,"Also met with Prime Minister Francois Fillon and the environmental minister","2","http://du.idm.oclc.org/login?url=https://search-proquest-com.du.idm.oclc.org/docview/460165607?accountid=14608","http://du.idm.oclc.org/login?url=https://search-proquest-com.du.idm.oclc.org/docview/432873018?accountid=14608",NA,NA,NA,NA,NA,NA,NA,NA,NA,NA,NA,NA,NA,NA,NA,NA,NA,NA,NA,NA,NA,NA,NA,NA,NA,NA,NA,NA,NA,NA,NA,2008,2005,"may","Ecuador","rafael correa","Rafael Correa","Rafael Correa (2007-2017)",2,"Bilateral","Europa","Rafael Vicente Correa Delgado1","Ecuador","Ecuador",2007-01-15,2009-08-10,1.83000004291534,1.83000004291534,1.66999995708466,1.83000004291534,1.66999995708466,4.67000007629395,3.67000007629394,3.5,FALSE,FALSE,FALSE,TRUE,2008,"Izquierda","Derecha","Sarkozy"
"2223-ECU-FRA-41583","2223","Ecuador","ECU","Latin America and the Caribbean","South America","Yes","GS","President","Correa","Rafael Correa","0","France","FRA","Europe","Western Europe",NA,"No","No",2013,2013-11-05,2013-11-08,4,"No",NA,"Yes","President Francois Hollande","No",NA,"No",NA,"No",NA,"No",NA,"Yes","Yes","No","No","Yes","United Nations Educational, Scientific and Cultural Organization (UNESCO) Director-General Irina Bokova","Dates unclear Addressed UNESCO General Conference Gave lecture at University of Paris-Sorbonne Present for signing by education minister Visited engineering school and research centre of Villeurbanne","2","http://du.idm.oclc.org/login?url=https://search-proquest-com.du.idm.oclc.org/docview/1449213635?accountid=14608","http://www.gettyimages.com/license/187365349","http://www.gettyimages.com/license/187012686","http://www.gettyimages.com/license/187232665","http://www.gettyimages.com/license/187232804",NA,NA,NA,NA,NA,NA,NA,NA,NA,NA,NA,NA,NA,NA,NA,NA,NA,NA,NA,NA,NA,NA,NA,NA,NA,NA,NA,NA,2013,2010,"nov","Ecuador","rafael correa","Rafael Correa","Rafael Correa (2007-2017)",7,"Bilateral","Europa","Rafael Vicente Correa Delgado3","Ecuador","Ecuador",2013-05-24,2017-05-24,3.5,2.17000007629394,2.67000007629394,2.32999992370606,2,4,3.5,3.32999992370606,FALSE,FALSE,FALSE,TRUE,2013,"Centro","Izquierda","Hollande"
"3334-ECU-FRA-43656","3334","Ecuador","ECU","Latin America and the Caribbean","South America","Yes","GS","President","Moreno","Lenin Moreno","0","France","FRA","Europe","Western Europe",NA,"No","No",2019,2019-07-10,2019-07-11,2,"No",NA,"Yes","President Emmanuel Macron","No",NA,"No",NA,"No",NA,"No",NA,"Yes","No","No","Yes","Yes","Organization for Economic Cooperation and Development (OECD) Secretary-General Jose Angel Gurria","gave a keynote conference;met with the directors of Air France and JLM Patrick Alexandre and Henri Ourcade","1","https://www.presidencia.gob.ec/presidente-lenin-moreno-se-reunira-con-su-homologo-frances-emmanuel-macron/","https://www.presidencia.gob.ec/ocde-destaca-el-trabajo-realizado-por-ecuador-en-su-lucha-contra-la-corrupcion/","https://www.gettyimages.com/detail/news-photo/french-president-emmanuel-macron-welcomes-ecuadorean-news-photo/1161346889?adppopup=true","https://www.cancilleria.gob.ec/2019/07/11/ecuador-y-francia-analizan-perspectivas-de-aumentar-las-inversiones-francesas/",NA,NA,NA,NA,NA,NA,NA,NA,NA,NA,NA,NA,NA,NA,NA,NA,NA,NA,NA,NA,NA,NA,NA,NA,NA,NA,NA,NA,NA,2019,2015,"jul","Ecuador","lenin moreno","Lenin Moreno","Lenin Moreno (2017-2021)",3,"Bilateral","Europa","Lenín Moreno Garcés","Ecuador","Ecuador",2017-05-24,2021-05-24,6,5.33,6.5,3.75,6.5,2.25,2.5,3.375,FALSE,FALSE,FALSE,TRUE,2019,"Derecha","Derecha","Macron"
"2223-ECU-DEU-41380","2223","Ecuador","ECU","Latin America and the Caribbean","South America","Yes","GS","President","Correa","Rafael Correa","0","Germany","DEU","Europe","Western Europe",NA,"No","No",2013,2013-04-15,2013-04-17,3,"No",NA,"Yes","Chancellor Angela Merkel","No",NA,"No",NA,"No",NA,"No",NA,"No","No","No","No","No",NA,"Dates implied. Likely also met with President Joachim Gauck. [PE-Latam 2026-09-03: TripStartDate corregido de '2013-04-16' a '2013-04-15'. Fuente: https://www.presidencia.gob.ec/primer-mandatario-arriba-a-berlin-para-afianzar-las-relaciones-entre-ecuador-y-alemania/] [PE-Latam 2026-09-03: TripDuration corregido de '2' a '3'. Fuente: https://www.presidencia.gob.ec/primer-mandatario-arriba-a-berlin-para-afianzar-las-relaciones-entre-ecuador-y-alemania/]","2","http://du.idm.oclc.org/login?url=https://search-proquest-com.du.idm.oclc.org/docview/1346169836?accountid=14608","http://www.gettyimages.com/license/166724145","http://www.gettyimages.com/license/166809632","http://www.gettyimages.com/license/549703561",NA,NA,NA,NA,NA,NA,NA,NA,NA,NA,NA,NA,NA,NA,NA,NA,NA,NA,NA,NA,NA,NA,NA,NA,NA,NA,NA,NA,NA,2013,2010,"abr","Ecuador","rafael correa","Rafael Correa","Rafael Correa (2007-2017)",7,"Bilateral","Europa","Rafael Vicente Correa Delgado2","Ecuador","Ecuador",2009-08-10,2013-05-24,2.82999992370606,2.17000007629394,2,2,1.83000004291534,4.17000007629395,3.5,3.32999992370606,FALSE,FALSE,FALSE,TRUE,2013,"Izquierda","Derecha","Merkel"
"720-ECU-VAT-34782","720","Ecuador","ECU","Latin America and the Caribbean","South America","Yes","GS","President","Duran-Ballen","Sixto Duran-Ballen","0","Holy See","VAT","Europe","Southern Europe",NA,"No","No",1995,1995-03-24,1995-03-24,1,"No",NA,"Yes","Pope John Paul II","No",NA,"No",NA,"No",NA,"No",NA,"No","No","No","No","No",NA,"Unclear on departure. This Meeting concludes a European tour;cannot find sources on those visits. [PE-Latam 2026-09-03: revisado, TripStartDate / TripEndDate queda No_verificable -No encontré una fuente independiente que confirme la fecha exacta (24 de marzo de 1995) del encuentro de Durán-Ballén con el papa Juan Pablo II. El pr-]","2","http://du.idm.oclc.org/login?url=https://search.proquest.com/docview/278611679?accountid=14608","http://infoweb.newsbank.com/resources/doc/nb/news/116C473AE5845D58?p=WORLDNEWS",NA,NA,NA,NA,NA,NA,NA,NA,NA,NA,NA,NA,NA,NA,NA,NA,NA,NA,NA,NA,NA,NA,NA,NA,NA,NA,NA,NA,NA,NA,NA,1995,1995,"mar","Ecuador","sixto duran-ballen","Sixto Duran-Ballen","Sixto Duran-Ballen (1992-1996)",3,"Bilateral","Europa","Sixto Alfonso Duran Ballen Cordovez","Ecuador","Ecuador",1992-08-10,1996-08-10,6.5,6.17000007629395,6.17000007629395,4.82999992370605,6.17000007629395,3.67000007629394,3.5,3.67000007629394,FALSE,FALSE,FALSE,TRUE,1995,"Derecha",NA,NA
"2223-ECU-VAT-41352","2223","Ecuador","ECU","Latin America and the Caribbean","South America","Yes","GS","President","Correa","Rafael Correa","0","Holy See","VAT","Europe","Southern Europe",NA,"No","No",2013,2013-03-19,2013-03-19,1,"No",NA,"Yes","Pope Francis","No",NA,"No",NA,"No",NA,"No",NA,"No","No","Yes","No","No",NA,"Attended inauguration of Pope Francis.","1","http://du.idm.oclc.org/login?url=https://search-proquest-com.du.idm.oclc.org/docview/1318836877?accountid=14608","http://www.gettyimages.com/license/164065693",NA,NA,NA,NA,NA,NA,NA,NA,NA,NA,NA,NA,NA,NA,NA,NA,NA,NA,NA,NA,NA,NA,NA,NA,NA,NA,NA,NA,NA,NA,NA,2013,2010,"mar","Ecuador","rafael correa","Rafael Correa","Rafael Correa (2007-2017)",7,"Bilateral","Europa","Rafael Vicente Correa Delgado2","Ecuador","Ecuador",2009-08-10,2013-05-24,2.82999992370606,2.17000007629394,2,2,1.83000004291534,4.17000007629395,3.5,3.32999992370606,FALSE,FALSE,FALSE,TRUE,2013,"Izquierda",NA,NA
"2223-ECU-VAT-41383","2223","Ecuador","ECU","Latin America and the Caribbean","South America","Yes","GS","President","Correa","Rafael Correa","0","Holy See","VAT","Europe","Southern Europe",NA,"No","No",2013,2013-04-19,2013-04-19,1,"No",NA,"Yes","Pope Francis","No",NA,"No",NA,"No",NA,"No",NA,"No","No","No","No","No",NA,"Spoke of the relationship between the church and Ecuador Also met with Secretary of State Tarcisio Cardinal Bertone","1","http://www.gettyimages.com/license/166982877","http://www.gettyimages.com/license/166984670","http://www.gettyimages.com/license/166984702",NA,NA,NA,NA,NA,NA,NA,NA,NA,NA,NA,NA,NA,NA,NA,NA,NA,NA,NA,NA,NA,NA,NA,NA,NA,NA,NA,NA,NA,NA,2013,2010,"abr","Ecuador","rafael correa","Rafael Correa","Rafael Correa (2007-2017)",7,"Bilateral","Europa","Rafael Vicente Correa Delgado2","Ecuador","Ecuador",2009-08-10,2013-05-24,2.82999992370606,2.17000007629394,2,2,1.83000004291534,4.17000007629395,3.5,3.32999992370606,FALSE,FALSE,FALSE,TRUE,2013,"Izquierda",NA,NA
"2223-ECU-VAT-42123","2223","Ecuador","ECU","Latin America and the Caribbean","South America","Yes","GS","President","Correa","Rafael Correa","0","Holy See","VAT","Europe","Southern Europe",NA,"No","No",2015,2015-04-29,2015-04-29,1,"No",NA,"Yes","Pope Francis","No",NA,"No",NA,"No",NA,"No",NA,"No","No","No","No","No",NA,"Unclear if reference to second Meeting is second in the trip or overall.","3","http://du.idm.oclc.org/login?url=https://search-proquest-com.du.idm.oclc.org/docview/1676305301?accountid=14608",NA,NA,NA,NA,NA,NA,NA,NA,NA,NA,NA,NA,NA,NA,NA,NA,NA,NA,NA,NA,NA,NA,NA,NA,NA,NA,NA,NA,NA,NA,NA,NA,2015,2015,"abr","Ecuador","rafael correa","Rafael Correa","Rafael Correa (2007-2017)",9,"Bilateral","Europa","Rafael Vicente Correa Delgado3","Ecuador","Ecuador",2013-05-24,2017-05-24,3.5,2.17000007629394,2.67000007629394,2.32999992370606,2,4,3.5,3.32999992370606,FALSE,FALSE,FALSE,TRUE,2015,"Centro",NA,NA
"3334-ECU-VAT-43085","3334","Ecuador","ECU","Latin America and the Caribbean","South America","Yes","GS","President","Moreno","Lenin Moreno","0","Holy See","VAT","Europe","Southern Europe",NA,"No","No",2017,2017-12-16,2017-12-16,1,"No",NA,"Yes","Pope Francis","No",NA,"No",NA,"No",NA,"No",NA,"No","No","No","No","No",NA,NA,"1","https://www.gettyimages.fr/detail/photo-d'actualit%C3%A9/pope-francis-meets-president-of-ecuador-lenin-moreno-photo-dactualit%C3%A9/893928466",NA,NA,NA,NA,NA,NA,NA,NA,NA,NA,NA,NA,NA,NA,NA,NA,NA,NA,NA,NA,NA,NA,NA,NA,NA,NA,NA,NA,NA,NA,NA,NA,2017,2015,"dic","Ecuador","lenin moreno","Lenin Moreno","Lenin Moreno (2017-2021)",1,"Bilateral","Europa","Lenín Moreno Garcés","Ecuador","Ecuador",2017-05-24,2021-05-24,6,5.33,6.5,3.75,6.5,2.25,2.5,3.375,FALSE,FALSE,FALSE,TRUE,2017,"Derecha",NA,NA
"3334-ECU-ITA-43654","3334","Ecuador","ECU","Latin America and the Caribbean","South America","Yes","GS","President","Moreno","Lenin Moreno","0","Italy","ITA","Europe","Southern Europe",NA,"No","No",2019,2019-07-08,2019-07-10,3,"No",NA,"Yes","President Sergio Mattarella","No",NA,"No",NA,"No",NA,"No",NA,"Yes","No","Yes","Yes","No",NA,"opened and spoke at magisterial conference for investors;visited the Vatican gardens","1","https://www.presidencia.gob.ec/presidente-lenin-moreno-expondra-en-italia-las-oportunidades-que-ofrece-ecuador-para-invertir/","https://www.presidencia.gob.ec/presidente-de-italia-reconoce-el-compromiso-del-gobierno-nacional-en-su-lucha-contra-la-corrupcion-2/","https://www.presidencia.gob.ec/presidente-de-italia-reconoce-el-compromiso-del-gobierno-nacional-en-su-lucha-contra-la-corrupcion/","https://www.presidencia.gob.ec/presidente-lenin-moreno-mantendra-importante-agenda-en-europa/",NA,NA,NA,NA,NA,NA,NA,NA,NA,NA,NA,NA,NA,NA,NA,NA,NA,NA,NA,NA,NA,NA,NA,NA,NA,NA,NA,NA,NA,2019,2015,"jul","Ecuador","lenin moreno","Lenin Moreno","Lenin Moreno (2017-2021)",3,"Bilateral","Europa","Lenín Moreno Garcés","Ecuador","Ecuador",2017-05-24,2021-05-24,6,5.33,6.5,3.75,6.5,2.25,2.5,3.375,FALSE,FALSE,FALSE,TRUE,2019,"Derecha",NA,"Conte"
"3334-ECU-NLD-43657","3334","Ecuador","ECU","Latin America and the Caribbean","South America","Yes","GS","President","Moreno","Lenin Moreno","0","Netherlands","NLD","Europe","Western Europe",NA,"No","No",2019,2019-07-11,2019-07-12,2,"No",NA,"Yes","Prime Minister Mark Rutte","No",NA,"No",NA,"No",NA,"No",NA,"No","No","No","No","No",NA,"met with King Willem-Alexander;met with Deputy Prime Minister Hugo de Jonge","2","https://www.presidencia.gob.ec/luego-de-24-anos-llega-un-presidente-ecuatoriano-a-paises-bajos/","https://www.gettyimages.com/detail/news-photo/dutch-king-willem-alexander-receives-the-president-of-news-photo/1155246923","https://cuencahighlife.com/moreno-travels-to-europe-to-promote-investment/",NA,NA,NA,NA,NA,NA,NA,NA,NA,NA,NA,NA,NA,NA,NA,NA,NA,NA,NA,NA,NA,NA,NA,NA,NA,NA,NA,NA,NA,NA,2019,2015,"jul","Ecuador","lenin moreno","Lenin Moreno","Lenin Moreno (2017-2021)",3,"Bilateral","Europa","Lenín Moreno Garcés","Ecuador","Ecuador",2017-05-24,2021-05-24,6,5.33,6.5,3.75,6.5,2.25,2.5,3.375,FALSE,FALSE,FALSE,TRUE,2019,"Derecha","Derecha","M. Rutte"
"2223-ECU-RUS-40114","2223","Ecuador","ECU","Latin America and the Caribbean","South America","Yes","GS","President","Correa","Rafael Correa","0","Russia","RUS","Europe","Eastern Europe",NA,"No","No",2009,2009-10-28,2009-10-30,3,"No",NA,"Yes","President Dmitry Medvedev","No",NA,"No",NA,"No",NA,"No",NA,"No","Yes","Yes","No","No",NA,"End date implied Signed agreements on nuclear energy and military cooperation Laid a wreath at the Tomb of the Unknown Soldier Also met with Patriarch Kirill","1","http://du.idm.oclc.org/login?url=https://search-proquest-com.du.idm.oclc.org/docview/1238970635?accountid=14608","http://du.idm.oclc.org/login?url=https://search-proquest-com.du.idm.oclc.org/docview/460434357?accountid=14608","http://www.gettyimages.com/license/92610688","http://wnc.eastview.com.du.idm.oclc.org/wnc/article?id=32641386","http://wnc.eastview.com.du.idm.oclc.org/wnc/article?id=32641043",NA,NA,NA,NA,NA,NA,NA,NA,NA,NA,NA,NA,NA,NA,NA,NA,NA,NA,NA,NA,NA,NA,NA,NA,NA,NA,NA,NA,2009,2005,"oct","Ecuador","rafael correa","Rafael Correa","Rafael Correa (2007-2017)",3,"Bilateral","Europa","Rafael Vicente Correa Delgado2","Ecuador","Ecuador",2009-08-10,2013-05-24,2.82999992370606,2.17000007629394,2,2,1.83000004291534,4.17000007629395,3.5,3.32999992370606,FALSE,FALSE,FALSE,TRUE,2009,"Izquierda","Derecha","Putin"
"2223-ECU-RUS-41575","2223","Ecuador","ECU","Latin America and the Caribbean","South America","Yes","GS","President","Correa","Rafael Correa","0","Russia","RUS","Europe","Eastern Europe",NA,"No","No",2013,2013-10-28,2013-10-31,4,"No",NA,"Yes","President Vladimir Putin","No",NA,"No",NA,"No",NA,"No",NA,"No","Yes","Yes","No","No",NA,"End date implied. Agreement signed on power plant financing. Laid a wreath at the Tomb of the Unknown Soldier.","1","http://du.idm.oclc.org/login?url=https://search-proquest-com.du.idm.oclc.org/docview/1445893831?accountid=14608","http://du.idm.oclc.org/login?url=https://search-proquest-com.du.idm.oclc.org/docview/1446975652?accountid=14608","http://www.gettyimages.com/license/186177121",NA,NA,NA,NA,NA,NA,NA,NA,NA,NA,NA,NA,NA,NA,NA,NA,NA,NA,NA,NA,NA,NA,NA,NA,NA,NA,NA,NA,NA,NA,2013,2010,"oct","Ecuador","rafael correa","Rafael Correa","Rafael Correa (2007-2017)",7,"Bilateral","Europa","Rafael Vicente Correa Delgado3","Ecuador","Ecuador",2013-05-24,2017-05-24,3.5,2.17000007629394,2.67000007629394,2.32999992370606,2,4,3.5,3.32999992370606,FALSE,FALSE,FALSE,TRUE,2013,"Centro","Derecha","Putin"
"1499-ECU-ESP-37081","1499","Ecuador","ECU","Latin America and the Caribbean","South America","Yes","GS","President","Noboa","Gustavo Noboa","0","Spain","ESP","Europe","Southern Europe",NA,"No","No",2001,2001-07-09,2001-07-12,4,"No",NA,"Yes","Prime Minister Jose Maria Aznar","No",NA,"No",NA,"No",NA,"No",NA,"No","Yes","No","No","No",NA,"Sign a bilateral agreement to resume soft loans to fund potable water works;sewerage and bridges;among other things Discussed Ecuadorian immigrants in Spain and debt [PE-Latam 2026-09-03: revisado, General (viaje a Espana, julio 2001) queda No_verificable -No se pudo verificar de forma independiente (agotamiento del cupo de busquedas web) el acuerdo bilateral con Aznar de julio de 2001, mas alla de la fu-]","3","http://du.idm.oclc.org/login?url=https://search-proquest-com.du.idm.oclc.org/docview/452642979?accountid=14608",NA,NA,NA,NA,NA,NA,NA,NA,NA,NA,NA,NA,NA,NA,NA,NA,NA,NA,NA,NA,NA,NA,NA,NA,NA,NA,NA,NA,NA,NA,NA,NA,2001,2000,"jul","Ecuador","gustavo noboa","Gustavo Noboa","Gustavo Noboa (2000-2003)",2,"Bilateral","Europa","Gustavo Jose Joaquin Noboa Bejarano","Ecuador","Ecuador",2000-01-22,2003-01-15,6.32999992370605,5.82999992370605,6.17000007629395,4.17000007629395,5.67000007629395,2.17000007629394,3.17000007629394,3.17000007629394,FALSE,FALSE,FALSE,TRUE,2001,"Derecha","Derecha","Aznar"
"2223-ECU-ESP-39275","2223","Ecuador","ECU","Latin America and the Caribbean","South America","Yes","GS","President","Correa","Rafael Correa","0","Spain","ESP","Europe","Southern Europe",NA,"No","No",2007,2007-07-12,2007-07-12,1,"No",NA,"Yes","Prime Minister Jose Luis Rodriguez Zapatero","No",NA,"No",NA,"No",NA,"No",NA,"No","No","No","No","No",NA,NA,"3","http://du.idm.oclc.org/login?url=https://search-proquest-com.du.idm.oclc.org/docview/452262192?accountid=14608",NA,NA,NA,NA,NA,NA,NA,NA,NA,NA,NA,NA,NA,NA,NA,NA,NA,NA,NA,NA,NA,NA,NA,NA,NA,NA,NA,NA,NA,NA,NA,NA,2007,2005,"jul","Ecuador","rafael correa","Rafael Correa","Rafael Correa (2007-2017)",1,"Bilateral","Europa","Rafael Vicente Correa Delgado1","Ecuador","Ecuador",2007-01-15,2009-08-10,1.83000004291534,1.83000004291534,1.66999995708466,1.83000004291534,1.66999995708466,4.67000007629395,3.67000007629394,3.5,FALSE,FALSE,FALSE,TRUE,2007,"Izquierda","Izquierda","Rodriguez Zapatero"
"2223-ECU-ESP-39373","2223","Ecuador","ECU","Latin America and the Caribbean","South America","Yes","GS","President","Correa","Rafael Correa","0","Spain","ESP","Europe","Southern Europe",NA,"No","No",2007,2007-10-18,2007-10-21,4,"No",NA,"Yes","Prime Minister Jose Luis Rodriguez Zapatero","No",NA,"No",NA,"No",NA,"No",NA,"Yes","No","Yes","No","No",NA,"Spoke to Ecuadorian community and attended a town where Ecuadorian migrants were killed Also met with King Juan Carlos I Four day trip;unclear of departure/arrival dates","3","http://infoweb.newsbank.com/resources/doc/nb/news/14128A60D0A73EA0?p=WORLDNEWS","http://du.idm.oclc.org/login?url=https://search-proquest-com.du.idm.oclc.org/docview/368429516?accountid=14608",NA,NA,NA,NA,NA,NA,NA,NA,NA,NA,NA,NA,NA,NA,NA,NA,NA,NA,NA,NA,NA,NA,NA,NA,NA,NA,NA,NA,NA,NA,NA,2007,2005,"oct","Ecuador","rafael correa","Rafael Correa","Rafael Correa (2007-2017)",1,"Bilateral","Europa","Rafael Vicente Correa Delgado1","Ecuador","Ecuador",2007-01-15,2009-08-10,1.83000004291534,1.83000004291534,1.66999995708466,1.83000004291534,1.66999995708466,4.67000007629395,3.67000007629394,3.5,FALSE,FALSE,FALSE,TRUE,2007,"Izquierda","Izquierda","Rodriguez Zapatero"
"2223-ECU-ESP-39580","2223","Ecuador","ECU","Latin America and the Caribbean","South America","Yes","GS","President","Correa","Rafael Correa","0","Spain","ESP","Europe","Southern Europe",NA,"No","No",2008,2008-05-12,2008-05-13,2,"No",NA,"Yes","Prime Minister Jose Luis Rodriguez Zapatero","No",NA,"No",NA,"No",NA,"No",NA,"Yes","No","No","No","No",NA,"Also met with King Juan Carlos I and Prince Felipe Also met with Ecuadorians living in Spain","2","http://du.idm.oclc.org/login?url=https://search-proquest-com.du.idm.oclc.org/docview/368429516?accountid=14608","http://www.gettyimages.com/license/81067987","http://du.idm.oclc.org/login?url=https://search-proquest-com.du.idm.oclc.org/docview/460165607?accountid=14608","http://du.idm.oclc.org/login?url=https://search-proquest-com.du.idm.oclc.org/docview/432825235?accountid=14608",NA,NA,NA,NA,NA,NA,NA,NA,NA,NA,NA,NA,NA,NA,NA,NA,NA,NA,NA,NA,NA,NA,NA,NA,NA,NA,NA,NA,NA,2008,2005,"may","Ecuador","rafael correa","Rafael Correa","Rafael Correa (2007-2017)",2,"Bilateral","Europa","Rafael Vicente Correa Delgado1","Ecuador","Ecuador",2007-01-15,2009-08-10,1.83000004291534,1.83000004291534,1.66999995708466,1.83000004291534,1.66999995708466,4.67000007629395,3.67000007629394,3.5,FALSE,FALSE,FALSE,TRUE,2008,"Izquierda","Izquierda","Rodriguez Zapatero"
"2223-ECU-ESP-40985","2223","Ecuador","ECU","Latin America and the Caribbean","South America","Yes","GS","President","Correa","Rafael Correa","0","Spain","ESP","Europe","Southern Europe",NA,"No","No",2012,2012-03-17,2012-03-18,2,"No",NA,"Yes","Prime Minister Mariano Rajoy","No",NA,"No",NA,"No",NA,"No",NA,"No","No","No","No","No",NA,"Begin date implied;end date unclear.","2","http://www.gettyimages.com/license/141490054","http://www.gettyimages.com/license/141490230","http://wnc.eastview.com.du.idm.oclc.org/wnc/article?id=30498462",NA,NA,NA,NA,NA,NA,NA,NA,NA,NA,NA,NA,NA,NA,NA,NA,NA,NA,NA,NA,NA,NA,NA,NA,NA,NA,NA,NA,NA,NA,2012,2010,"mar","Ecuador","rafael correa","Rafael Correa","Rafael Correa (2007-2017)",6,"Bilateral","Europa","Rafael Vicente Correa Delgado2","Ecuador","Ecuador",2009-08-10,2013-05-24,2.82999992370606,2.17000007629394,2,2,1.83000004291534,4.17000007629395,3.5,3.32999992370606,FALSE,FALSE,FALSE,TRUE,2012,"Izquierda","Derecha","Rajoy Brey"
"2223-ECU-ESP-41751","2223","Ecuador","ECU","Latin America and the Caribbean","South America","Yes","GS","President","Correa","Rafael Correa","0","Spain","ESP","Europe","Southern Europe",NA,"No","No",2014,2014-04-22,2014-04-26,5,"No",NA,"Yes","King Juan Carlos I","No",NA,"No",NA,"No",NA,"No",NA,"Yes","No","No","No","No",NA,"May have met with Prime Minister Mariano Rajoy. Received honorary degree from University of Barcelona. Spoke at degree ceremony. Spoke to Ecuador's Catalonian community.","1","http://du.idm.oclc.org/login?url=https://search-proquest-com.du.idm.oclc.org/docview/1518709603?accountid=14608","http://du.idm.oclc.org/login?url=https://search-proquest-com.du.idm.oclc.org/docview/1519081997?accountid=14608","http://www.gettyimages.com/license/486102783","http://www.gettyimages.com/license/486267891",NA,NA,NA,NA,NA,NA,NA,NA,NA,NA,NA,NA,NA,NA,NA,NA,NA,NA,NA,NA,NA,NA,NA,NA,NA,NA,NA,NA,NA,2014,2010,"abr","Ecuador","rafael correa","Rafael Correa","Rafael Correa (2007-2017)",8,"Bilateral","Europa","Rafael Vicente Correa Delgado3","Ecuador","Ecuador",2013-05-24,2017-05-24,3.5,2.17000007629394,2.67000007629394,2.32999992370606,2,4,3.5,3.32999992370606,FALSE,FALSE,FALSE,TRUE,2014,"Centro","Derecha","Rajoy Brey"
"2223-ECU-ESP-42763","2223","Ecuador","ECU","Latin America and the Caribbean","South America","Yes","GS","President","Correa","Rafael Correa","0","Spain","ESP","Europe","Southern Europe",NA,"No","No",2017,2017-01-28,2017-01-30,3,"No",NA,"Yes","Prime Minister Mariano Rajoy","No",NA,"No",NA,"No",NA,"Yes","King Felipe VI","Yes","No","No","No","No",NA,"attended Economy for Development Ecuador Case Conference;also met with King Felipe VI [PE-Latam 2026-09-03: MetNonhostHOGS corregido de 'No' a 'Yes'. Fuente: https://www.lamoncloa.gob.es/presidente/actividades/Paginas/2017/300117correa.aspx ; https://www.eluniverso.com/noticias/2017/01/25/nota/6015364/rafae] [PE-Latam 2026-09-03: NonhostHOGSNames corregido de '' a 'King Felipe VI'. Fuente: https://www.lamoncloa.gob.es/presidente/actividades/Paginas/2017/300117correa.aspx ; https://www.eluniverso.com/noticias/2017/01/25/nota/6015364/rafae]","1","https://www.gettyimages.fr/detail/photo-d'actualit%C3%A9/president-of-ecuador-rafael-correa-gestures-during-photo-dactualit%C3%A9/633231970",NA,NA,NA,NA,NA,NA,NA,NA,NA,NA,NA,NA,NA,NA,NA,NA,NA,NA,NA,NA,NA,NA,NA,NA,NA,NA,NA,NA,NA,NA,NA,NA,2017,2015,"ene","Ecuador","rafael correa","Rafael Correa","Rafael Correa (2007-2017)",11,"Bilateral","Europa","Rafael Vicente Correa Delgado3","Ecuador","Ecuador",2013-05-24,2017-05-24,3.5,2.17000007629394,2.67000007629394,2.32999992370606,2,4,3.5,3.32999992370606,FALSE,FALSE,FALSE,TRUE,2017,"Centro","Derecha","Rajoy Brey"
"3334-ECU-ESP-43307","3334","Ecuador","ECU","Latin America and the Caribbean","South America","Yes","GS","President","Moreno","Lenin Moreno","0","Spain","ESP","Europe","Southern Europe",NA,"No","No",2018,2018-07-26,2018-07-27,2,"No",NA,"Yes","Prime Minister Pedro Sanchez","No",NA,"No",NA,"No",NA,"No",NA,"No","Yes","Yes","No","No",NA,"met King Philip VI","1","https://advance-lexis-com.du.idm.oclc.org/api/permalink/1b0952e7-365d-43af-9956-3059513a461d/?context=1516831","https://www.gettyimages.com/detail/news-photo/king-felipe-vi-of-spain-receives-president-of-ecuador-lenin-news-photo/1005562698?adppopup=true","https://advance-lexis-com.du.idm.oclc.org/api/permalink/4c65c6e3-a602-45af-8aa7-c8f1979a6de4/?context=1516831",NA,NA,NA,NA,NA,NA,NA,NA,NA,NA,NA,NA,NA,NA,NA,NA,NA,NA,NA,NA,NA,NA,NA,NA,NA,NA,NA,NA,NA,NA,2018,2015,"jul","Ecuador","lenin moreno","Lenin Moreno","Lenin Moreno (2017-2021)",2,"Bilateral","Europa","Lenín Moreno Garcés","Ecuador","Ecuador",2017-05-24,2021-05-24,6,5.33,6.5,3.75,6.5,2.25,2.5,3.375,FALSE,FALSE,FALSE,TRUE,2018,"Derecha","Izquierda","Sanchez"
"1849-PRY-BEL-38852","1849","Paraguay","PRY","Latin America and the Caribbean","South America","Yes","GS","President","Duarte","Nicanor Duarte","0","Belgium","BEL","Europe","Western Europe",NA,"No","No",2006,2006-05-15,2006-05-16,2,"No",NA,"Yes","King Albert II","No",NA,"No",NA,"No",NA,"No",NA,"No","No","No","No","No",NA,"[PE-Latam 2026-08-24: Pendiente de decision -No se hallo fuente que confirme una visita a Belgica en mayo de 2006. Al igual que con Austria, es compatible con la gira europea de mayo de 2006 cuyo-]","3","https://search-proquest-com.du.idm.oclc.org/central/docview/452403180/2AB61FAAC893440EPQ/20?accountid=14608","https://wwwgettyimagescom/detail/news-photo/belgian-king-albert-ii-shakes-hands-with-paraguayan-news-photo/57611355#/brussels-belgium-belgian-king-albert-ii-shakes-hands-with-paraguayan-picture-id57611355",NA,NA,NA,NA,NA,NA,NA,NA,NA,NA,NA,NA,NA,NA,NA,NA,NA,NA,NA,NA,NA,NA,NA,NA,NA,NA,NA,NA,NA,NA,NA,2006,2005,"may","Paraguay","nicanor duarte","Nicanor Duarte","Nicanor Duarte (2003-2008)",3,"Bilateral","Europa","Oscar Nicanor Duarte Frutos","Paraguay","Paraguay",2003-08-15,2008-08-15,3.79999995231628,4.19999980926514,3.20000004768372,4.19999980926514,3.79999995231628,3.59999990463257,4.40000009536743,4,FALSE,FALSE,FALSE,TRUE,2006,"Centro","Derecha","Verhofstadt"
"844-PRY-FRA-34431","844","Paraguay","PRY","Latin America and the Caribbean","South America","Yes","GS","President","Wasmosy","Juan Carlos Wasmosy","0","France","FRA","Europe","Western Europe",NA,"No","No",1994,1994-04-07,1994-04-08,2,"No",NA,"Yes","President Francois Mitterrand","No",NA,"No",NA,"No",NA,"No",NA,"No","No","No","No","No",NA,"Meeting w/ Netherlands Radio [PE-Latam 2026-08-24: Agregada a nuestra base como Trip_ID 310]","2","http://infoweb.newsbank.com.du.idm.oclc.org/iw-search/we/HistArchive/?p_product=FBISX&p_theme=fbis&p_nbid=G57K5BIVMTUyNTEwODk3NS4yMDU0MjI6MToxNToxMzIuMTc0LjI1NC4xMTY&d_db=FBIS&p_action=doc&s_lastNonissuequeryname=8&p_queryname=8&p_docref=v2:11C33B0D5F860D98@FBISX-12C562F38FDDE3C0@2449449-12C56300674953C8@35-12C56300AEB52B28@President%20Wasmosy%20Departs%20for%20European%20Tour&p_docnum=28","http://infoweb.newsbank.com.du.idm.oclc.org/iw-search/we/HistArchive/?p_product=FBISX&p_theme=fbis&p_nbid=G57K5BIVMTUyNTEwODk3NS4yMDU0MjI6MToxNToxMzIuMTc0LjI1NC4xMTY&d_db=FBIS&p_action=doc&s_lastNonissuequeryname=8&p_queryname=8&p_docref=image%2Fv2:11C33B0D5F860D98@FBISX-1244D31372FCFA80@2449454-1244D3232155A930-1244D3234965E240&p_docnum=33",NA,NA,NA,NA,NA,NA,NA,NA,NA,NA,NA,NA,NA,NA,NA,NA,NA,NA,NA,NA,NA,NA,NA,NA,NA,NA,NA,NA,NA,NA,NA,1994,1990,"abr","Paraguay","juan carlos wasmosy","Juan Carlos Wasmosy","Juan Carlos Wasmosy (1993-1998)",1,"Bilateral","Europa","Juan Carlos Maria Wasmosy Monti","Paraguay","Paraguay",1993-08-15,1998-08-15,5.75,4,5.40000009536743,4.75,5.80000019073486,3.20000004768372,4.19999980926514,4.40000009536743,FALSE,FALSE,FALSE,TRUE,1994,"Derecha","Izquierda","Mitterand"
"1849-PRY-FRA-38854","1849","Paraguay","PRY","Latin America and the Caribbean","South America","Yes","GS","President","Duarte","Nicanor Duarte","0","France","FRA","Europe","Western Europe",NA,"No","No",2006,2006-05-17,2006-05-17,1,"No",NA,"Yes","President Jacques Chirac","No",NA,"No",NA,"No",NA,"No",NA,"No","No","No","Yes","No",NA,"[PE-Latam 2026-08-24: Agregada a nuestra base como Trip_ID 212]","1","https://search-proquest-com.du.idm.oclc.org/central/docview/452721285/2AB61FAAC893440EPQ/23?accountid=14608","https://www.gettyimages.com/license/57633236","https://advance-lexis-com.du.idm.oclc.org/api/permalink/7ab483cb-e0a8-47f1-abd8-4395caec3e44/?context=1516831",NA,NA,NA,NA,NA,NA,NA,NA,NA,NA,NA,NA,NA,NA,NA,NA,NA,NA,NA,NA,NA,NA,NA,NA,NA,NA,NA,NA,NA,NA,2006,2005,"may","Paraguay","nicanor duarte","Nicanor Duarte","Nicanor Duarte (2003-2008)",3,"Bilateral","Europa","Oscar Nicanor Duarte Frutos","Paraguay","Paraguay",2003-08-15,2008-08-15,3.79999995231628,4.19999980926514,3.20000004768372,4.19999980926514,3.79999995231628,3.59999990463257,4.40000009536743,4,FALSE,FALSE,FALSE,TRUE,2006,"Centro","Derecha","Chirac"
"1395-PRY-DEU-36811","1395","Paraguay","PRY","Latin America and the Caribbean","South America","Yes","GS","President","Gonzalez Macchi","Luis Angel Gonzalez Macchi","0","Germany","DEU","Europe","Western Europe",NA,"No","No",2000,2000-10-12,2000-10-15,4,"No",NA,"Yes","President Johannes Rau","No",NA,"No",NA,"No",NA,"No",NA,"No","No","No","No","No",NA,"[PE-Latam 2026-08-24: Pendiente de decision -No se encontro ninguna fuente independiente que confirme o descarte una visita oficial de Gonzalez Macchi a Alemania en octubre de 2000. Las busquedas-]","1","https://advance-lexis-com.du.idm.oclc.org/api/permalink/d3c531ee-d068-4b1b-aa40-0471a08aa756/?context=1516831",NA,NA,NA,NA,NA,NA,NA,NA,NA,NA,NA,NA,NA,NA,NA,NA,NA,NA,NA,NA,NA,NA,NA,NA,NA,NA,NA,NA,NA,NA,NA,NA,2000,2000,"oct","Paraguay","luis angel gonzalez macchi","Luis Angel Gonzalez Macchi","Luis Angel Gonzalez Macchi (1999-2003)",2,"Bilateral","Europa","Luis Angel Gonzalez Macchi","Paraguay","Paraguay",1999-03-28,2003-08-15,5.75,4,5.19999980926514,4.75,5.59999990463257,3.40000009536743,4,3.79999995231628,FALSE,FALSE,FALSE,TRUE,2000,"Derecha","Izquierda","Schroder"
"2386-PRY-DEU-40683","2386","Paraguay","PRY","Latin America and the Caribbean","South America","Yes","GS","President","Lugo","Fernando Lugo","0","Germany","DEU","Europe","Western Europe",NA,"No","No",2011,2011-05-20,2011-05-21,2,"No",NA,"Yes","Chancellor Angela Merkel","No",NA,"No",NA,"No",NA,"No",NA,"No","No","No","No","No",NA,"[PE-Latam 2026-08-24: Agregada a nuestra base como Trip_ID 235]","2","https://www.gettyimages.com/license/114460780",NA,NA,NA,NA,NA,NA,NA,NA,NA,NA,NA,NA,NA,NA,NA,NA,NA,NA,NA,NA,NA,NA,NA,NA,NA,NA,NA,NA,NA,NA,NA,NA,2011,2010,"may","Paraguay","fernando lugo","Fernando Lugo","Fernando Lugo (2008-2012)",3,"Bilateral","Europa","Fernando Armindo Lugo Mendez","Paraguay","Paraguay",2008-08-15,2012-06-22,2.59999990463257,4,2.59999990463257,3.40000009536743,3.20000004768372,3.79999995231628,4.40000009536743,4,FALSE,FALSE,FALSE,TRUE,2011,"Izquierda","Derecha","Merkel"
"2931-PRY-DEU-42713","2931","Paraguay","PRY","Latin America and the Caribbean","South America","Yes","GS","President","Cartes","Horacio Cartes","0","Germany","DEU","Europe","Western Europe",NA,"No","No",2016,2016-12-09,2016-12-09,1,"No",NA,"Yes","President Joachim Gauck","No",NA,"No",NA,"No",NA,"No",NA,"No","No","No","No","No",NA,"[PE-Latam 2026-08-24: Pendiente de decision -Sin nota descriptiva ni corroboración independiente disponible para este viaje a Alemania en diciembre de 2016.-]","1","https://www.gettyimages.com/license/628719484",NA,NA,NA,NA,NA,NA,NA,NA,NA,NA,NA,NA,NA,NA,NA,NA,NA,NA,NA,NA,NA,NA,NA,NA,NA,NA,NA,NA,NA,NA,NA,NA,2016,2015,"dic","Paraguay","horacio cartes","Horacio Cartes","Horacio Cartes (2013-2018)",4,"Bilateral","Europa","Horacio Manuel Cartes Jara","Paraguay","Paraguay",2013-08-15,2018-08-15,5.59999990463257,5,4.19999980926514,4.40000009536743,5.40000009536743,2.59999990463257,4.59999990463257,4.40000009536743,FALSE,FALSE,FALSE,TRUE,2016,"Derecha","Derecha","Merkel"
"844-PRY-VAT-34745","844","Paraguay","PRY","Latin America and the Caribbean","South America","Yes","GS","President","Wasmosy","Juan Carlos Wasmosy","0","Holy See","VAT","Europe","Southern Europe",NA,"No","No",1995,1995-02-15,1995-02-19,5,"No",NA,"Yes","Pope John Paul II","No",NA,"No",NA,"No",NA,"No",NA,"No","No","Yes","No","No",NA,"[PE-Latam 2026-08-24: Pendiente de decision -No se encontró título recuperable en las fuentes ni corroboración independiente de una visita al Vaticano en estas fechas (15-19 feb 1995); las visita-]","1","http://infoweb.newsbank.com.du.idm.oclc.org/iw-search/we/HistArchive/?p_product=FBISX&p_theme=fbis&p_nbid=B47X4BAFMTUyNTE5MTE1OS40OTU5NDQ6MToxNToxMzIuMTc0LjI1NC4xMTY&d_db=FBIS&p_action=doc&s_lastNonissuequeryname=6&p_queryname=6&p_docref=image%2Fv2:11C33B0D5F860D98@FBISX-1244543965EE6F18@2449743-1244544900D43C08-124454492819AFA0&p_docnum=2","http://infoweb.newsbank.com.du.idm.oclc.org/iw-search/we/HistArchive/?p_product=FBISX&p_theme=fbis&p_nbid=B47X4BAFMTUyNTE5MTE1OS40OTU5NDQ6MToxNToxMzIuMTc0LjI1NC4xMTY&d_db=FBIS&p_action=doc&s_lastNonissuequeryname=6&p_queryname=6&p_docref=image%2Fv2:11C33B0D5F860D98@FBISX-12193EB55B78AF30@2449765-12193EC637408418-12193EC665DA2F80&p_docnum=5",NA,NA,NA,NA,NA,NA,NA,NA,NA,NA,NA,NA,NA,NA,NA,NA,NA,NA,NA,NA,NA,NA,NA,NA,NA,NA,NA,NA,NA,NA,NA,1995,1995,"feb","Paraguay","juan carlos wasmosy","Juan Carlos Wasmosy","Juan Carlos Wasmosy (1993-1998)",2,"Bilateral","Europa","Juan Carlos Maria Wasmosy Monti","Paraguay","Paraguay",1993-08-15,1998-08-15,5.75,4,5.40000009536743,4.75,5.80000019073486,3.20000004768372,4.19999980926514,4.40000009536743,FALSE,FALSE,FALSE,TRUE,1995,"Derecha",NA,NA
"1849-PRY-VAT-38278","1849","Paraguay","PRY","Latin America and the Caribbean","South America","Yes","GS","President","Duarte","Nicanor Duarte","0","Holy See","VAT","Europe","Southern Europe",NA,"No","No",2004,2004-10-18,2004-10-18,1,"No",NA,"Yes","Pope John Paul II","No",NA,"No",NA,"No",NA,"No",NA,"No","No","No","No","No",NA,"[PE-Latam 2026-08-24: Agregada a nuestra base como Trip_ID 213]","1","https://www.gettyimages.com/license/51491768","https://www.gettyimages.ca/event/pope-john-paul-ii-meets-with-paraguayan-president-nicanor-duarte-frutos-51491698#/pope-john-paul-ii-talks-with-the-paraguayan-president-nicanor-duarte-picture-id51492052",NA,NA,NA,NA,NA,NA,NA,NA,NA,NA,NA,NA,NA,NA,NA,NA,NA,NA,NA,NA,NA,NA,NA,NA,NA,NA,NA,NA,NA,NA,NA,2004,2000,"oct","Paraguay","nicanor duarte","Nicanor Duarte","Nicanor Duarte (2003-2008)",2,"Bilateral","Europa","Oscar Nicanor Duarte Frutos","Paraguay","Paraguay",2003-08-15,2008-08-15,3.79999995231628,4.19999980926514,3.20000004768372,4.19999980926514,3.79999995231628,3.59999990463257,4.40000009536743,4,FALSE,FALSE,FALSE,TRUE,2004,"Centro",NA,NA
"1849-PRY-VAT-39384","1849","Paraguay","PRY","Latin America and the Caribbean","South America","Yes","GS","President","Duarte","Nicanor Duarte","0","Holy See","VAT","Europe","Southern Europe",NA,"No","No",2007,2007-10-29,2007-10-29,1,"No",NA,"Yes","Pope Benedict XVI","No",NA,"No",NA,"No",NA,"No",NA,"No","No","No","No","No",NA,"[PE-Latam 2026-08-24: Pendiente de decision -No se hallo en los indices de audiencias de Benedicto XVI (vatican.va) ni en otra fuente una audiencia especifica con Duarte Frutos el 29-oct-2007. No-]","1","https://www.gettyimages.com/license/111023122","https://www.gettyimages.com/license/111023100",NA,NA,NA,NA,NA,NA,NA,NA,NA,NA,NA,NA,NA,NA,NA,NA,NA,NA,NA,NA,NA,NA,NA,NA,NA,NA,NA,NA,NA,NA,NA,2007,2005,"oct","Paraguay","nicanor duarte","Nicanor Duarte","Nicanor Duarte (2003-2008)",5,"Bilateral","Europa","Oscar Nicanor Duarte Frutos","Paraguay","Paraguay",2003-08-15,2008-08-15,3.79999995231628,4.19999980926514,3.20000004768372,4.19999980926514,3.79999995231628,3.59999990463257,4.40000009536743,4,FALSE,FALSE,FALSE,TRUE,2007,"Centro",NA,NA
"2931-PRY-VAT-41603","2931","Paraguay","PRY","Latin America and the Caribbean","South America","Yes","GS","President","Cartes","Horacio Cartes","0","Holy See","VAT","Europe","Southern Europe",NA,"No","No",2013,2013-11-25,2013-11-25,1,"No",NA,"Yes","Pope Francis","No",NA,"No",NA,"No",NA,"No",NA,"No","No","No","No","No",NA,"[PE-Latam 2026-08-24: Pendiente de decision -No coincide en fecha con ninguno de los encuentros Cartes-Francisco ya registrados en nuestra base (abr-2014, ene-2017, nov-2017), por lo que no se tr-]","1","https://www.gettyimages.com/license/451914169",NA,NA,NA,NA,NA,NA,NA,NA,NA,NA,NA,NA,NA,NA,NA,NA,NA,NA,NA,NA,NA,NA,NA,NA,NA,NA,NA,NA,NA,NA,NA,NA,2013,2010,"nov","Paraguay","horacio cartes","Horacio Cartes","Horacio Cartes (2013-2018)",1,"Bilateral","Europa","Horacio Manuel Cartes Jara","Paraguay","Paraguay",2013-08-15,2018-08-15,5.59999990463257,5,4.19999980926514,4.40000009536743,5.40000009536743,2.59999990463257,4.59999990463257,4.40000009536743,FALSE,FALSE,FALSE,TRUE,2013,"Derecha",NA,NA
"2931-PRY-VAT-41756","2931","Paraguay","PRY","Latin America and the Caribbean","South America","Yes","GS","President","Cartes","Horacio Cartes","0","Holy See","VAT","Europe","Southern Europe",NA,"No","No",2014,2014-04-27,2014-04-29,3,"No",NA,"Yes","Pope Francis","No",NA,"No",NA,"No",NA,"No",NA,"No","No","Yes","No","No",NA,"Attended the CaNonization ceremony of Pope John Paul. Also met OAS Secretary General Jose Miguel Insulza","1","https://search-proquest-com.du.idm.oclc.org/central/docview/1519412563/23CD5F05DCD04BA1PQ/21?accountid=14608","https://www.gettyimages.com/license/487308349","https://www.gettyimages.com/license/487303423","https://www.gettyimages.com/license/487056323",NA,NA,NA,NA,NA,NA,NA,NA,NA,NA,NA,NA,NA,NA,NA,NA,NA,NA,NA,NA,NA,NA,NA,NA,NA,NA,NA,NA,NA,2014,2010,"abr","Paraguay","horacio cartes","Horacio Cartes","Horacio Cartes (2013-2018)",1,"Bilateral","Europa","Horacio Manuel Cartes Jara","Paraguay","Paraguay",2013-08-15,2018-08-15,5.59999990463257,5,4.19999980926514,4.40000009536743,5.40000009536743,2.59999990463257,4.59999990463257,4.40000009536743,FALSE,FALSE,FALSE,TRUE,2014,"Derecha",NA,NA
"2931-PRY-VAT-42755","2931","Paraguay","PRY","Latin America and the Caribbean","South America","Yes","GS","President","Cartes","Horacio Cartes","0","Holy See","VAT","Europe","Southern Europe",NA,"No","No",2017,2017-01-20,2017-01-20,1,"No",NA,"Yes","Pope Francis","No",NA,"No",NA,"No",NA,"No",NA,"No","No","No","No","No",NA,"[PE-Latam 2026-08-24: Revisado, no corresponde agregarlo a nuestra base -Este ítem de COLT (20-ene-2017) cae apenas 4-5 días después de nuestro Trip_ID 92 (15-16-ene-2017), que ya tiene la fecha exacta marcada como estimada-]","1","https://www.gettyimages.com/license/632159574",NA,NA,NA,NA,NA,NA,NA,NA,NA,NA,NA,NA,NA,NA,NA,NA,NA,NA,NA,NA,NA,NA,NA,NA,NA,NA,NA,NA,NA,NA,NA,NA,2017,2015,"ene","Paraguay","horacio cartes","Horacio Cartes","Horacio Cartes (2013-2018)",4,"Bilateral","Europa","Horacio Manuel Cartes Jara","Paraguay","Paraguay",2013-08-15,2018-08-15,5.59999990463257,5,4.19999980926514,4.40000009536743,5.40000009536743,2.59999990463257,4.59999990463257,4.40000009536743,FALSE,FALSE,FALSE,TRUE,2017,"Derecha",NA,NA
"2931-PRY-VAT-43048","2931","Paraguay","PRY","Latin America and the Caribbean","South America","Yes","GS","President","Cartes","Horacio Cartes","0","Holy See","VAT","Europe","Southern Europe",NA,"No","No",2017,2017-11-07,2017-11-09,4,"No",NA,"Yes","Pope Francis","No",NA,"No",NA,"No",NA,"No",NA,"No","No","No","No","No",NA,"[PE-Latam 2026-08-24: TripStartDate corregido de '2017-11-09T00:00:00' a '2017-11-07' (nuestra investigacion). Fuente: Última Hora, cronología de encuentros Cartes-Francisco (ya citada en nuestra base, alta confiabilidad): salida confirmada 07-nov a las 13:00hs, regres] [PE-Latam 2026-08-24: TripDuration corregido de '1' a '4' (nuestra investigacion). Fuente: Última Hora, cronología de encuentros Cartes-Francisco (ya citada en nuestra base, alta confiabilidad): salida confirmada 07-nov a las 13:00hs, regres]","1","https://www.gettyimages.com/license/872161060","https://www.gettyimages.com/license/872208730",NA,NA,NA,NA,NA,NA,NA,NA,NA,NA,NA,NA,NA,NA,NA,NA,NA,NA,NA,NA,NA,NA,NA,NA,NA,NA,NA,NA,NA,NA,NA,2017,2015,"nov","Paraguay","horacio cartes","Horacio Cartes","Horacio Cartes (2013-2018)",5,"Bilateral","Europa","Horacio Manuel Cartes Jara","Paraguay","Paraguay",2013-08-15,2018-08-15,5.59999990463257,5,4.19999980926514,4.40000009536743,5.40000009536743,2.59999990463257,4.59999990463257,4.40000009536743,FALSE,FALSE,FALSE,TRUE,2017,"Derecha",NA,NA
"3481-PRY-VAT-43409","3481","Paraguay","PRY","Latin America and the Caribbean","South America","Yes","GS","President","Abdo Benitez","Mario Abdo Benitez","0","Holy See","VAT","Europe","Southern Europe",NA,"No","No",2018,2018-11-05,2018-11-05,1,"No",NA,"Yes","Pope Francis","No",NA,"No",NA,"No",NA,"No",NA,"No","No","No","No","No",NA,NA,"2","https://www.gettyimages.com/detail/news-photo/pope-francis-meets-president-of-paraguay-mario-abdo-benitez-news-photo/1057642448?adppopup=true","https://advance-lexis-com.du.idm.oclc.org/api/permalink/70f88c0e-1d21-4683-af8d-93e49054766b/?context=1516831",NA,NA,NA,NA,NA,NA,NA,NA,NA,NA,NA,NA,NA,NA,NA,NA,NA,NA,NA,NA,NA,NA,NA,NA,NA,NA,NA,NA,NA,NA,NA,2018,2015,"nov","Paraguay","mario abdo benitez","Mario Abdo Benitez","Mario Abdo Benitez (2018-2023)",1,"Bilateral","Europa","Mario Abdo Beníte","Paraguay","Paraguay",2018-08-15,2023-08-15,6.6,5.4,4.6,4.8,6,3.4,3.6,4,FALSE,FALSE,FALSE,TRUE,2018,"Derecha",NA,NA
"3481-PRY-VAT-44799","3481","Paraguay","PRY","Latin America and the Caribbean","South America","Yes","GS","President","Abdo Benitez","Mario Abdo Benitez","0","Holy See","VAT","Europe","Southern Europe",NA,"No","No",2022,2022-08-26,2022-08-28,3,"No",NA,"Yes","Pope Francis","No",NA,"No",NA,"No",NA,"No",NA,"No","No","Yes","No","No",NA,"Attended the ceremony for the investiture of Archbishop Adalberto Martinez as a Cardinal;Met with Pope Francis;Traveled with his wife, children, and several other government ministers;Held breakfast event for members of the Paraguayan community;Met with President Sergio Mattarella [PE-Latam 2026-08-24: Agregada a nuestra base como Trip_ID 268]","1","https://advance-lexis-com.du.idm.oclc.org/api/permalink/c45cbb08-0b2a-4896-9fd6-3e783148ad61/?context=1516831","https://www.efe.com/efe/english/world/president-of-paraguay-visits-vatican-invites-pope-to-visit-country-again/50000262-3803325","https://twitter.com/MaritoAbdo/status/1563877342979788800","https://twitter.com/MaritoAbdo/status/1563621197111500800",NA,NA,NA,NA,NA,NA,NA,NA,NA,NA,NA,NA,NA,NA,NA,NA,NA,NA,NA,NA,NA,NA,NA,NA,NA,NA,NA,NA,NA,2022,2020,"ago","Paraguay","mario abdo benitez","Mario Abdo Benitez","Mario Abdo Benitez (2018-2023)",5,"Bilateral","Europa","Mario Abdo Beníte","Paraguay","Paraguay",2018-08-15,2023-08-15,6.6,5.4,4.6,4.8,6,3.4,3.6,4,FALSE,FALSE,FALSE,TRUE,2022,"Derecha",NA,NA
"3481-PRY-VAT-44946","3481","Paraguay","PRY","Latin America and the Caribbean","South America","Yes","GS","President","Abdo Benitez","Mario Abdo Benitez","0","Holy See","VAT","Europe","Southern Europe",NA,"No","No",2023,2023-01-19,2023-01-20,2,"No",NA,"Yes","Pope Francis","No",NA,"No",NA,"No",NA,"No",NA,"No","No","No","No","No",NA,"Attended meeting with Pope Francis [PE-Latam 2026-08-24: TripStartDate corregido de '2023-01-20T00:00:00' a 'Start_Date=2023-01-19; Duration_Days=2' (nuestra investigacion). Fuente: abc.com.py (20-ene-2023, 'Abdo Benítez y el papa se reunieron durante media hora y le llevó mate')] [PE-Latam 2026-08-24: TripStartDate corregido de 'Start_Date=2023-01-19; Duration_Days=2' a '2023-01-19' (nuestra investigacion). Fuente: abc.com.py (20-ene-2023, 'Abdo Benítez y el papa se reunieron durante media hora y le llevó mate')] [PE-Latam 2026-08-24: TripDuration corregido de '1' a '2' (nuestra investigacion). Fuente: abc.com.py (20-ene-2023, 'Abdo Benítez y el papa se reunieron durante media hora y le llevó mate')]","1","https://advance-lexis-com.du.idm.oclc.org/api/permalink/3d8ec1b7-8211-4576-96c4-8d36c1a7bd39/?context=1516831","https://advance-lexis-com.du.idm.oclc.org/api/permalink/16e68d92-0ed9-44fb-ab21-45553b97ab73/?context=1516831","https://advance-lexis-com.du.idm.oclc.org/api/permalink/177c4eed-9b23-4913-9fb0-ea036b27f7ac/?context=1516831","https://media.gettyimages.com/id/1457959017/photo/pope-francis-meets-president-of-paraguay-mario-abdo-ben%C3%ADtez-at-the-apostolic-palace-on.jpg?s=612x612&w=0&k=20&c=CTGx5Cu603Ex_Nx8UIAvYi0uxne3dZLbG1n_uDyk6Go=",NA,NA,NA,NA,NA,NA,NA,NA,NA,NA,NA,NA,NA,NA,NA,NA,NA,NA,NA,NA,NA,NA,NA,NA,NA,NA,NA,NA,NA,2023,2020,"ene","Paraguay","mario abdo benitez","Mario Abdo Benitez","Mario Abdo Benitez (2018-2023)",5,"Bilateral","Europa","Mario Abdo Beníte","Paraguay","Paraguay",2018-08-15,2023-08-15,6.6,5.4,4.6,4.8,6,3.4,3.6,4,FALSE,FALSE,FALSE,TRUE,2023,"Derecha",NA,NA
"1849-PRY-ITA-38279","1849","Paraguay","PRY","Latin America and the Caribbean","South America","Yes","GS","President","Duarte","Nicanor Duarte","0","Italy","ITA","Europe","Southern Europe",NA,"No","No",2004,2004-10-19,2004-10-19,1,"No",NA,"Yes","Prime Minister Silvio Berlusconi","No",NA,"No",NA,"No",NA,"No",NA,"No","No","No","No","No",NA,"[PE-Latam 2026-08-24: Agregada a nuestra base como Trip_ID 214]","1","https://search-proquest-com.du.idm.oclc.org/central/docview/224020269/67362E98E2BE4045PQ/10?accountid=14608","https://advance-lexis-com.du.idm.oclc.org/api/permalink/9945827d-ea2d-4cbe-a67b-e1e5711603d4/?context=1516831",NA,NA,NA,NA,NA,NA,NA,NA,NA,NA,NA,NA,NA,NA,NA,NA,NA,NA,NA,NA,NA,NA,NA,NA,NA,NA,NA,NA,NA,NA,NA,2004,2000,"oct","Paraguay","nicanor duarte","Nicanor Duarte","Nicanor Duarte (2003-2008)",2,"Bilateral","Europa","Oscar Nicanor Duarte Frutos","Paraguay","Paraguay",2003-08-15,2008-08-15,3.79999995231628,4.19999980926514,3.20000004768372,4.19999980926514,3.79999995231628,3.59999990463257,4.40000009536743,4,FALSE,FALSE,FALSE,TRUE,2004,"Centro","Derecha","Berlusconi"
"3481-PRY-ITA-43409","3481","Paraguay","PRY","Latin America and the Caribbean","South America","Yes","GS","President","Abdo Benitez","Mario Abdo Benitez","0","Italy","ITA","Europe","Southern Europe","Roma/Cesena","No","No",2018,2018-11-05,2018-11-07,3,"No",NA,"Yes","President Sergio Mattarella","No",NA,"No",NA,"No",NA,"No",NA,"No","No","No","No","No",NA,NA,"2","https://advance-lexis-com.du.idm.oclc.org/api/permalink/70f88c0e-1d21-4683-af8d-93e49054766b/?context=1516831","https://advance-lexis-com.du.idm.oclc.org/api/permalink/2063451c-fd15-42dd-9f8a-21a324982d84/?context=1516831",NA,NA,NA,NA,NA,NA,NA,NA,NA,NA,NA,NA,NA,NA,NA,NA,NA,NA,NA,NA,NA,NA,NA,NA,NA,NA,NA,NA,NA,NA,NA,2018,2015,"nov","Paraguay","mario abdo benitez","Mario Abdo Benitez","Mario Abdo Benitez (2018-2023)",1,"Bilateral","Europa","Mario Abdo Beníte","Paraguay","Paraguay",2018-08-15,2023-08-15,6.6,5.4,4.6,4.8,6,3.4,3.6,4,FALSE,FALSE,FALSE,TRUE,2018,"Derecha",NA,"Conte"
"3481-PRY-ITA-44943","3481","Paraguay","PRY","Latin America and the Caribbean","South America","Yes","GS","President","Abdo Benitez","Mario Abdo Benitez","0","Italy","ITA","Europe","Southern Europe",NA,"No","No",2023,2023-01-17,2023-01-20,4,"No",NA,"Yes","Prime Minister Giorgia Meloni","No",NA,"No",NA,"No",NA,"No",NA,"No","No","Yes","No","No",NA,"Met with President Sergio Mattarella;Attended lunch at Quirinal Palace;Participated in an honorary session of the Board of Delegates of the International Italo-American Organization (IILA) [PE-Latam 2026-08-24: Revisado, no corresponde agregarlo a nuestra base -Este TripID de COLT (Italia, inicio 17-ene, duración 4 días, con reunión con Mattarella en el Quirinal e IILA) describe el mismo viaje a Roma/Vaticano-]","1","https://advance-lexis-com.du.idm.oclc.org/api/permalink/859fe093-b7d9-49d9-a9b0-b54cc08dae9e/?context=1516831","https://advance-lexis-com.du.idm.oclc.org/api/permalink/16e68d92-0ed9-44fb-ab21-45553b97ab73/?context=1516831","https://advance-lexis-com.du.idm.oclc.org/api/permalink/f359bb91-8354-423b-94c3-423b9e9eda65/?context=1516831","https://twitter.com/MaritoAbdo/status/1616173779310231560?cxt=HHwWkICysanf5u0sAAAA",NA,NA,NA,NA,NA,NA,NA,NA,NA,NA,NA,NA,NA,NA,NA,NA,NA,NA,NA,NA,NA,NA,NA,NA,NA,NA,NA,NA,NA,2023,2020,"ene","Paraguay","mario abdo benitez","Mario Abdo Benitez","Mario Abdo Benitez (2018-2023)",5,"Bilateral","Europa","Mario Abdo Beníte","Paraguay","Paraguay",2018-08-15,2023-08-15,6.6,5.4,4.6,4.8,6,3.4,3.6,4,FALSE,FALSE,FALSE,TRUE,2023,"Derecha",NA,NA
"2931-PRY-PRT-42865","2931","Paraguay","PRY","Latin America and the Caribbean","South America","Yes","GS","President","Cartes","Horacio Cartes","0","Portugal","PRT","Europe","Southern Europe",NA,"No","No",2017,2017-05-10,2017-05-13,4,"No",NA,"Yes","Prime Minister Antonio Costa","No",NA,"No",NA,"No",NA,"No",NA,"No","No","Yes","Yes","No",NA,"President traveled to Belem;where he visited historical sites. Later the delegation went to Fatima;where its first activity is to join the commemorations of the centenary of the apparitions of Our Lady of the Virgin of Fatima;a ceremony to which Pope Francis will attend [PE-Latam 2026-08-24: Pendiente de decision -La fuente citada por COLT es de un medio paraguayo directamente relacionado con este viaje (visita a Fátima en el centenario de las apariciones, con p-]","3","https://search-proquest-com.du.idm.oclc.org/central/docview/1897036535/C320178906194E1FPQ/62?accountid=14608","https://www.gettyimages.com/license/681819114","https://www.lanacion.com.py/politica_edicion_impresa/2017/05/10/el-presidente-cartes-partio-ayer-a-portugal/",NA,NA,NA,NA,NA,NA,NA,NA,NA,NA,NA,NA,NA,NA,NA,NA,NA,NA,NA,NA,NA,NA,NA,NA,NA,NA,NA,NA,NA,NA,2017,2015,"may","Paraguay","horacio cartes","Horacio Cartes","Horacio Cartes (2013-2018)",4,"Bilateral","Europa","Horacio Manuel Cartes Jara","Paraguay","Paraguay",2013-08-15,2018-08-15,5.59999990463257,5,4.19999980926514,4.40000009536743,5.40000009536743,2.59999990463257,4.59999990463257,4.40000009536743,FALSE,FALSE,FALSE,TRUE,2017,"Derecha","Derecha","de Sousa"
"2931-PRY-ESP-42163","2931","Paraguay","PRY","Latin America and the Caribbean","South America","Yes","GS","President","Cartes","Horacio Cartes","0","Spain","ESP","Europe","Southern Europe",NA,"No","No",2015,2015-06-08,2015-06-09,2,"No",NA,"Yes","Prime Minister Mariano Rajoy","No",NA,"No",NA,"No",NA,"No",NA,"No","No","No","No","No",NA,"Also met King of Spain [PE-Latam 2026-08-24: Revisado, no corresponde agregarlo a nuestra base -Fuente oficial del gobierno español confirma que la visita de Estado a España con recepción de Felipe VI fue el 08-09 de junio de 2015, coincidiendo c-]","2","https://www.gettyimages.com/license/476436688","https://www.gettyimages.com/license/476436436","https://www.gettyimages.com/license/476426856","https://www.gettyimages.com/license/476429542","https://www.gettyimages.com/license/476347456",NA,NA,NA,NA,NA,NA,NA,NA,NA,NA,NA,NA,NA,NA,NA,NA,NA,NA,NA,NA,NA,NA,NA,NA,NA,NA,NA,NA,2015,2015,"jun","Paraguay","horacio cartes","Horacio Cartes","Horacio Cartes (2013-2018)",2,"Bilateral","Europa","Horacio Manuel Cartes Jara","Paraguay","Paraguay",2013-08-15,2018-08-15,5.59999990463257,5,4.19999980926514,4.40000009536743,5.40000009536743,2.59999990463257,4.59999990463257,4.40000009536743,FALSE,FALSE,FALSE,TRUE,2015,"Derecha","Derecha","Rajoy Brey"
"3481-PRY-ESP-44867","3481","Paraguay","PRY","Latin America and the Caribbean","South America","Yes","GS","President","Abdo Benitez","Mario Abdo Benitez","0","Spain","ESP","Europe","Southern Europe","Madrid","No","No",2022,2022-11-02,2022-11-04,3,"No",NA,"Yes","Prime Minister Pedro Sanchez","No",NA,"No",NA,"No",NA,"No",NA,"No","No","No","Yes","No",NA,"Met with King Felipe VI;Visited headquarters of the World Tourism Organization (UNWTO);Participated in a business forum to attract Spanish companies interested in investing in Paraguay","1","https://advance-lexis-com.du.idm.oclc.org/api/permalink/08764dd6-28bb-4be5-8df3-0c5109e045c0/?context=1516831","https://advance-lexis-com.du.idm.oclc.org/api/permalink/5edcd781-c7d4-4568-8e90-77a71ff8e9b5/?context=1516831","https://media.gettyimages.com/id/1438667013/photo/spanish-royals-host-an-official-lunch-for-the-president-of-paraguay.jpg?s=2048x2048&w=gi&k=20&c=THkMPTt5WhGuPqBVDqsMt1FUqQxM7P5MPCstY4pnSx0=","https://www.regalfille.com/2022/11/king-felipe-queen-letizia-welcomed-paraguay-president-palace/",NA,NA,NA,NA,NA,NA,NA,NA,NA,NA,NA,NA,NA,NA,NA,NA,NA,NA,NA,NA,NA,NA,NA,NA,NA,NA,NA,NA,NA,2022,2020,"nov","Paraguay","mario abdo benitez","Mario Abdo Benitez","Mario Abdo Benitez (2018-2023)",5,"Bilateral","Europa","Mario Abdo Beníte","Paraguay","Paraguay",2018-08-15,2023-08-15,6.6,5.4,4.6,4.8,6,3.4,3.6,4,FALSE,FALSE,FALSE,TRUE,2022,"Derecha",NA,NA
"844-PRY-GBR-34517","844","Paraguay","PRY","Latin America and the Caribbean","South America","Yes","GS","President","Wasmosy","Juan Carlos Wasmosy","0","United Kingdom","GBR","Europe","Northern Europe",NA,"No","No",1994,1994-07-02,1994-07-07,6,"No",NA,"Yes","Prime Minister John Major","No",NA,"No",NA,"No",NA,"No",NA,"No","Yes","No","Yes","No",NA,"signs drug trafficking agreement;meets with various government officials [PE-Latam 2026-08-24: Agregada a nuestra base como Trip_ID 323]","1","http://infoweb.newsbank.com.du.idm.oclc.org/iw-search/we/HistArchive/?p_product=FBISX&p_theme=fbis&p_nbid=B47X4BAFMTUyNTE5MTE1OS40OTU5NDQ6MToxNToxMzIuMTc0LjI1NC4xMTY&d_db=FBIS&p_action=doc&s_lastNonissuequeryname=2&p_queryname=2&p_docref=v2:11C33B0D5F860D98@FBISX-1219523F4AD423F8@2449540-1219524F704A3E60@50-1219524FA90144C8@Wasmosy%20Departs%20for%20United%20Kingdom&p_docnum=49","http://infoweb.newsbank.com.du.idm.oclc.org/iw-search/we/HistArchive/?p_product=FBISX&p_theme=fbis&p_nbid=B47X4BAFMTUyNTE5MTE1OS40OTU5NDQ6MToxNToxMzIuMTc0LjI1NC4xMTY&d_db=FBIS&p_action=doc&s_lastNonissuequeryname=2&p_queryname=2&p_docref=image%2Fv2:11C33B0D5F860D98@FBISX-12442D788B5C4788@2449542-12442D8BEEC144D0-12442D8C2F1EDDC0&p_docnum=50",NA,NA,NA,NA,NA,NA,NA,NA,NA,NA,NA,NA,NA,NA,NA,NA,NA,NA,NA,NA,NA,NA,NA,NA,NA,NA,NA,NA,NA,NA,NA,1994,1990,"jul","Paraguay","juan carlos wasmosy","Juan Carlos Wasmosy","Juan Carlos Wasmosy (1993-1998)",1,"Bilateral","Europa","Juan Carlos Maria Wasmosy Monti","Paraguay","Paraguay",1993-08-15,1998-08-15,5.75,4,5.40000009536743,4.75,5.80000019073486,3.20000004768372,4.19999980926514,4.40000009536743,FALSE,FALSE,FALSE,TRUE,1994,"Derecha","Derecha","Major"
"2931-PRY-GBR-41949","2931","Paraguay","PRY","Latin America and the Caribbean","South America","Yes","GS","President","Cartes","Horacio Cartes","0","United Kingdom","GBR","Europe","Northern Europe",NA,"No","No",2014,2014-11-06,2014-11-06,1,"No",NA,"Yes","Prime Minister David Cameron","No",NA,"No",NA,"No",NA,"No",NA,"No","No","No","Yes","No",NA,"Attended the UK-Paraguay Trade and Investment Forum [PE-Latam 2026-08-24: Pendiente de decision -Nota específica ('Attended the UK-Paraguay Trade and Investment Forum') es plausible pero no se pudo corroborar con una fuente independiente abierta d-]","1","https://search-proquest-com.du.idm.oclc.org/central/docview/1620524839/23CD5F05DCD04BA1PQ/6?accountid=14608",NA,NA,NA,NA,NA,NA,NA,NA,NA,NA,NA,NA,NA,NA,NA,NA,NA,NA,NA,NA,NA,NA,NA,NA,NA,NA,NA,NA,NA,NA,NA,NA,2014,2010,"nov","Paraguay","horacio cartes","Horacio Cartes","Horacio Cartes (2013-2018)",2,"Bilateral","Europa","Horacio Manuel Cartes Jara","Paraguay","Paraguay",2013-08-15,2018-08-15,5.59999990463257,5,4.19999980926514,4.40000009536743,5.40000009536743,2.59999990463257,4.59999990463257,4.40000009536743,FALSE,FALSE,FALSE,TRUE,2014,"Derecha","Derecha","Cameron"
"1654-PER-BEL-37593","1654","Peru","PER","Latin America and the Caribbean","South America","Yes","GS","President","Toledo","Alejandro Toledo","0","Belgium","BEL","Europe","Western Europe",NA,"No","No",2002,2002-12-03,2002-12-04,2,"No",NA,"Yes","Prime Minister Guy Verhofstadt","No",NA,"No",NA,"No",NA,"No",NA,"No","No","No","No","Yes","European Commission (EC) President Romano Prodi","Also met King Albert II","2","https://advance-lexis-com.du.idm.oclc.org/api/permalink/daa132d8-fbdd-41b9-a39f-5dbf5ac7025f/?context=1516831","https://advance-lexis-com.du.idm.oclc.org/api/permalink/47863a3f-e1bc-4c8b-a7a7-a06e6e257144/?context=1516831","https://advance-lexis-com.du.idm.oclc.org/api/permalink/17dda52b-88ea-437b-b246-221c45dc76db/?context=1516831",NA,NA,NA,NA,NA,NA,NA,NA,NA,NA,NA,NA,NA,NA,NA,NA,NA,NA,NA,NA,NA,NA,NA,NA,NA,NA,NA,NA,NA,NA,2002,2000,"dic","Peru","alejandro toledo","Alejandro Toledo","Alejandro Toledo (2001-2006)",2,"Bilateral","Europa","Alejandro Celestino Toledo Manrique","Peru","Peru",2001-07-28,2006-07-28,4.67000007629395,5.8899998664856,5.21999979019165,5,5.67000007629395,3.44000005722046,4.21999979019165,4.67000007629395,FALSE,FALSE,FALSE,TRUE,2002,"Centro","Derecha","Verhofstadt"
"2703-PER-FRA-41227","2703","Peru","PER","Latin America and the Caribbean","South America","Yes","GS","President","Humala","Ollanta Humala","0","France","FRA","Europe","Western Europe",NA,"No","No",2012,2012-11-14,2012-11-16,3,"No",NA,"Yes","President Francois Hollande","No",NA,"No",NA,"No",NA,"No",NA,"No","Yes","No","Yes","No",NA,NA,"1","https://www.gettyimages.com/license/156433700","https://advance-lexis-com.du.idm.oclc.org/api/permalink/cbbb26b5-2237-4917-bdcd-334bcdd462f0/?context=1516831","https://advance-lexis-com.du.idm.oclc.org/api/permalink/db90e820-9817-4bfc-b9f8-d62f619f6303/?context=1516831","https://advance-lexis-com.du.idm.oclc.org/api/permalink/648ca0a6-76e3-434b-8ad1-4fda084626e0/?context=1516831",NA,NA,NA,NA,NA,NA,NA,NA,NA,NA,NA,NA,NA,NA,NA,NA,NA,NA,NA,NA,NA,NA,NA,NA,NA,NA,NA,NA,NA,2012,2010,"nov","Peru","ollanta humala","Ollanta Humala","Ollanta Humala (2011-2016)",2,"Bilateral","Europa","Ollanta Moises Humala Tasso","Peru","Peru",2011-07-28,2016-07-28,4.55999994277954,5.67000007629395,4.44000005722046,4.78000020980835,4.78000020980835,4,4,4.1100001335144,FALSE,FALSE,FALSE,TRUE,2012,"Centro","Izquierda","Hollande"
"2703-PER-FRA-41556","2703","Peru","PER","Latin America and the Caribbean","South America","Yes","GS","President","Humala","Ollanta Humala","0","France","FRA","Europe","Western Europe",NA,"No","No",2013,2013-10-09,2013-10-09,1,"No",NA,"Yes","President Francois Hollande","No",NA,"No",NA,"No",NA,"No",NA,"No","No","No","No","No",NA,NA,"2","https://www.gettyimages.com/license/183681904","https://advance-lexis-com.du.idm.oclc.org/api/permalink/bbbf8f73-a23a-4086-a8b0-a0e66307f1a4/?context=1516831",NA,NA,NA,NA,NA,NA,NA,NA,NA,NA,NA,NA,NA,NA,NA,NA,NA,NA,NA,NA,NA,NA,NA,NA,NA,NA,NA,NA,NA,NA,NA,2013,2010,"oct","Peru","ollanta humala","Ollanta Humala","Ollanta Humala (2011-2016)",3,"Bilateral","Europa","Ollanta Moises Humala Tasso","Peru","Peru",2011-07-28,2016-07-28,4.55999994277954,5.67000007629395,4.44000005722046,4.78000020980835,4.78000020980835,4,4,4.1100001335144,FALSE,FALSE,FALSE,TRUE,2013,"Centro","Izquierda","Hollande"
"448-PER-DEU-35346","448","Peru","PER","Latin America and the Caribbean","South America","Yes","GS","President","Fujimori","Alberto Fujimori","0","Germany","DEU","Europe","Western Europe",NA,"No","No",1996,1996-10-08,1996-10-11,4,"No",NA,"Yes","Chancellor Helmut Kohl","No",NA,"No",NA,"No",NA,"No",NA,"No","No","Yes","Yes","No",NA,"Met with businessmen;attended Ibero-America Day festivities","1","https://advance-lexis-com.du.idm.oclc.org/api/permalink/991fe06b-1e2a-49b2-934b-3ac662711745/?context=1516831","https://advance-lexis-com.du.idm.oclc.org/api/permalink/42dba50a-113b-4752-8bb9-1a174ec3ff84/?context=1516831","https://advance-lexis-com.du.idm.oclc.org/api/permalink/ae945697-de1c-43ea-8a45-9a18f716755c/?context=1516831","https://advance-lexis-com.du.idm.oclc.org/api/permalink/d7d652c0-6472-4406-96c2-f6bd71afd5c9/?context=1516831","https://advance-lexis-com.du.idm.oclc.org/api/permalink/82e47880-8c83-487a-8c4a-5fd966a4203f/?context=1516831",NA,NA,NA,NA,NA,NA,NA,NA,NA,NA,NA,NA,NA,NA,NA,NA,NA,NA,NA,NA,NA,NA,NA,NA,NA,NA,NA,NA,1996,1995,"oct","Peru","alberto fujimori","Alberto Fujimori","Alberto Fujimori (1990-2000)",7,"Bilateral","Europa","Alberto Kenya Fujimori Fujimori2","Peru","Peru",1995-07-28,2000-07-28,5.44000005722046,5.67000007629395,5.55999994277954,4.78000020980835,5.67000007629395,3.77999997138977,4.1100001335144,4.1100001335144,FALSE,FALSE,FALSE,TRUE,1996,"Derecha","Derecha","Kohl"
"1654-PER-DEU-37911","1654","Peru","PER","Latin America and the Caribbean","South America","Yes","GS","President","Toledo","Alejandro Toledo","0","Germany","DEU","Europe","Western Europe",NA,"No","No",2003,2003-10-17,2003-10-18,2,"No",NA,"Yes","Chancellor Gerhard Schroder","No",NA,"No",NA,"No",NA,"No",NA,"No","No","No","No","No",NA,NA,"1","https://advance-lexis-com.du.idm.oclc.org/api/permalink/06c42b50-6cc0-4894-9407-fdcf2d0f82e5/?context=1516831","https://advance-lexis-com.du.idm.oclc.org/api/permalink/155a858b-c189-4fe2-850e-fc30ed4091da/?context=1516831",NA,NA,NA,NA,NA,NA,NA,NA,NA,NA,NA,NA,NA,NA,NA,NA,NA,NA,NA,NA,NA,NA,NA,NA,NA,NA,NA,NA,NA,NA,NA,2003,2000,"oct","Peru","alejandro toledo","Alejandro Toledo","Alejandro Toledo (2001-2006)",3,"Bilateral","Europa","Alejandro Celestino Toledo Manrique","Peru","Peru",2001-07-28,2006-07-28,4.67000007629395,5.8899998664856,5.21999979019165,5,5.67000007629395,3.44000005722046,4.21999979019165,4.67000007629395,FALSE,FALSE,FALSE,TRUE,2003,"Centro","Izquierda","Schroder"
"2703-PER-DEU-41072","2703","Peru","PER","Latin America and the Caribbean","South America","Yes","GS","President","Humala","Ollanta Humala","0","Germany","DEU","Europe","Western Europe",NA,"No","No",2012,2012-06-12,2012-06-12,1,"No",NA,"Yes","Chancellor Angela Merkel","No",NA,"No",NA,"No",NA,"No",NA,"No","No","No","No","No",NA,NA,"2","https://www.gettyimages.com/license/146200863","https://advance-lexis-com.du.idm.oclc.org/api/permalink/acc793e6-ad84-4b8d-8d1c-f443865e414d/?context=1516831",NA,NA,NA,NA,NA,NA,NA,NA,NA,NA,NA,NA,NA,NA,NA,NA,NA,NA,NA,NA,NA,NA,NA,NA,NA,NA,NA,NA,NA,NA,NA,2012,2010,"jun","Peru","ollanta humala","Ollanta Humala","Ollanta Humala (2011-2016)",1,"Bilateral","Europa","Ollanta Moises Humala Tasso","Peru","Peru",2011-07-28,2016-07-28,4.55999994277954,5.67000007629395,4.44000005722046,4.78000020980835,4.78000020980835,4,4,4.1100001335144,FALSE,FALSE,FALSE,TRUE,2012,"Centro","Derecha","Merkel"
"1654-PER-VAT-37596","1654","Peru","PER","Latin America and the Caribbean","South America","Yes","GS","President","Toledo","Alejandro Toledo","0","Holy See","VAT","Europe","Southern Europe",NA,"No","No",2002,2002-12-06,2002-12-06,1,"No",NA,"Yes","Pope John Paul II","No",NA,"No",NA,"No",NA,"No",NA,"No","No","No","No","No",NA,NA,"1","https://advance-lexis-com.du.idm.oclc.org/api/permalink/b57a822c-94b5-4e86-8077-9322badf286d/?context=1516831","https://advance-lexis-com.du.idm.oclc.org/api/permalink/27bfd05e-4b6b-4c8a-a67f-52ef3352c51b/?context=1516831",NA,NA,NA,NA,NA,NA,NA,NA,NA,NA,NA,NA,NA,NA,NA,NA,NA,NA,NA,NA,NA,NA,NA,NA,NA,NA,NA,NA,NA,NA,NA,2002,2000,"dic","Peru","alejandro toledo","Alejandro Toledo","Alejandro Toledo (2001-2006)",2,"Bilateral","Europa","Alejandro Celestino Toledo Manrique","Peru","Peru",2001-07-28,2006-07-28,4.67000007629395,5.8899998664856,5.21999979019165,5,5.67000007629395,3.44000005722046,4.21999979019165,4.67000007629395,FALSE,FALSE,FALSE,TRUE,2002,"Centro",NA,NA
"198-PER-VAT-40147","198","Peru","PER","Latin America and the Caribbean","South America","Yes","GS","President","Garcia","Alan Garcia","0","Holy See","VAT","Europe","Southern Europe",NA,"No","No",2009,2009-11-30,2009-11-30,1,"No",NA,"Yes","Pope Benedict XVI","No",NA,"No",NA,"No",NA,"No",NA,"No","No","No","No","No",NA,"[PE-Latam 2026-08-31: revisado, TripStartDate/MetHostHoGS queda No_verificable -COLT registra una audiencia de Garcia con el Papa Benedicto XVI en el Vaticano el 30/11/2009, coincidiendo con el mismo dia de inicio de la XIX Cumbre-]","1","https://www.gettyimages.com/license/93499157","https://advance-lexis-com.du.idm.oclc.org/api/permalink/fc250a10-0603-4f33-bf33-ba2eae94d404/?context=1516831",NA,NA,NA,NA,NA,NA,NA,NA,NA,NA,NA,NA,NA,NA,NA,NA,NA,NA,NA,NA,NA,NA,NA,NA,NA,NA,NA,NA,NA,NA,NA,2009,2005,"nov","Peru","alan garcia","Alan Garcia","Alan Garcia (1985-1990; 2006-2011)",4,"Bilateral","Europa","Alan Gabriel Ludwig Garcia Perez2","Peru","Peru",2006-07-28,2011-07-28,5.67000007629395,6.1100001335144,5.55999994277954,5,5.67000007629395,3.89000010490417,4.44000005722046,4.55999994277954,FALSE,FALSE,FALSE,TRUE,2009,"Derecha",NA,NA
"2703-PER-VAT-41957","2703","Peru","PER","Latin America and the Caribbean","South America","Yes","GS","President","Humala","Ollanta Humala","0","Holy See","VAT","Europe","Southern Europe",NA,"No","No",2014,2014-11-14,2014-11-14,1,"No",NA,"Yes","Pope Francis","No",NA,"No",NA,"No",NA,"No",NA,"No","No","No","No","No",NA,NA,"1","https://www.gettyimages.com/license/458964898","https://advance-lexis-com.du.idm.oclc.org/api/permalink/cdbe8576-4c6d-415b-acc6-3f9363badd32/?context=1516831","https://advance-lexis-com.du.idm.oclc.org/api/permalink/7941f74f-0c6a-48bf-96a9-40986b09443c/?context=1516831",NA,NA,NA,NA,NA,NA,NA,NA,NA,NA,NA,NA,NA,NA,NA,NA,NA,NA,NA,NA,NA,NA,NA,NA,NA,NA,NA,NA,NA,NA,2014,2010,"nov","Peru","ollanta humala","Ollanta Humala","Ollanta Humala (2011-2016)",4,"Bilateral","Europa","Ollanta Moises Humala Tasso","Peru","Peru",2011-07-28,2016-07-28,4.55999994277954,5.67000007629395,4.44000005722046,4.78000020980835,4.78000020980835,4,4,4.1100001335144,FALSE,FALSE,FALSE,TRUE,2014,"Centro",NA,NA
"3245-PER-VAT-43000","3245","Peru","PER","Latin America and the Caribbean","South America","Yes","GS","President","Kuczynski","Pedro Pablo Kuczynski","0","Holy See","VAT","Europe","Southern Europe",NA,"No","No",2017,2017-09-22,2017-09-22,1,"No",NA,"Yes","Pope Francis","No",NA,"No",NA,"No",NA,"No",NA,"No","No","No","No","No",NA,NA,"2","https://www.gettyimages.com/license/851312060","https://advance-lexis-com.du.idm.oclc.org/api/permalink/e1242bce-4412-43c6-890b-61a7e31c5bb3/?context=1516831","https://advance-lexis-com.du.idm.oclc.org/api/permalink/bcf72b59-38d9-4f99-b49d-dfc779fa1714/?context=1516831",NA,NA,NA,NA,NA,NA,NA,NA,NA,NA,NA,NA,NA,NA,NA,NA,NA,NA,NA,NA,NA,NA,NA,NA,NA,NA,NA,NA,NA,NA,2017,2015,"sep","Peru","pedro pablo kuczynski","Pedro Pablo Kuczynski","Pedro Pablo Kuczynski (2016-2018)",2,"Bilateral","Europa","Pedro Pablo Kuczynski","Peru","Peru",2016-07-28,2018-03-23,6.4,6,6.5,5.5,5.5,3,4,4.5,FALSE,FALSE,FALSE,TRUE,2017,"Derecha",NA,NA
"448-PER-HUN-36051","448","Peru","PER","Latin America and the Caribbean","South America","Yes","GS","President","Fujimori","Alberto Fujimori","0","Hungary","HUN","Europe","Eastern Europe",NA,"No","No",1998,1998-09-13,1998-09-15,3,"No",NA,"Yes","Prime Minister Viktor Orban","No",NA,"No",NA,"No",NA,"No",NA,"No","Yes","No","No","No",NA,"Signed bilateral cooperation agreements on agriculture;tourism and sports;received honorary doctorate at the Budapest University of Economy","1","https://advance-lexis-com.du.idm.oclc.org/api/permalink/c03622db-4e4b-4939-88b5-c681f468d021/?context=1516831","https://advance-lexis-com.du.idm.oclc.org/api/permalink/a0eb3463-9815-49cb-a821-06f118a69af9/?context=1516831","https://advance-lexis-com.du.idm.oclc.org/api/permalink/bf6d982d-9245-4971-8fa5-0e46d4adb2d0/?context=1516831",NA,NA,NA,NA,NA,NA,NA,NA,NA,NA,NA,NA,NA,NA,NA,NA,NA,NA,NA,NA,NA,NA,NA,NA,NA,NA,NA,NA,NA,NA,1998,1995,"sep","Peru","alberto fujimori","Alberto Fujimori","Alberto Fujimori (1990-2000)",9,"Bilateral","Europa","Alberto Kenya Fujimori Fujimori2","Peru","Peru",1995-07-28,2000-07-28,5.44000005722046,5.67000007629395,5.55999994277954,4.78000020980835,5.67000007629395,3.77999997138977,4.1100001335144,4.1100001335144,FALSE,FALSE,FALSE,TRUE,1998,"Derecha","Izquierda","Orban"
"448-PER-ITA-35625","448","Peru","PER","Latin America and the Caribbean","South America","Yes","GS","President","Fujimori","Alberto Fujimori","0","Italy","ITA","Europe","Southern Europe",NA,"No","No",1997,1997-07-14,1997-07-15,2,"No",NA,"Yes","Prime Minister Romano Prodi","No",NA,"No",NA,"No",NA,"No",NA,"No","No","Yes","No","No",NA,"Also met with President Oscar Luigi Scalfaro","2","https://advance-lexis-com.du.idm.oclc.org/api/permalink/d27d9c99-a6c6-4471-87d3-82be2471504e/?context=1516831","https://advance-lexis-com.du.idm.oclc.org/api/permalink/d27d9c99-a6c6-4471-87d3-82be2471504e/?context=1516831",NA,NA,NA,NA,NA,NA,NA,NA,NA,NA,NA,NA,NA,NA,NA,NA,NA,NA,NA,NA,NA,NA,NA,NA,NA,NA,NA,NA,NA,NA,NA,1997,1995,"jul","Peru","alberto fujimori","Alberto Fujimori","Alberto Fujimori (1990-2000)",7,"Bilateral","Europa","Alberto Kenya Fujimori Fujimori2","Peru","Peru",1995-07-28,2000-07-28,5.44000005722046,5.67000007629395,5.55999994277954,4.78000020980835,5.67000007629395,3.77999997138977,4.1100001335144,4.1100001335144,FALSE,FALSE,FALSE,TRUE,1997,"Derecha","Izquierda","Prodi"
"1654-PER-ITA-37592","1654","Peru","PER","Latin America and the Caribbean","South America","Yes","GS","President","Toledo","Alejandro Toledo","0","Italy","ITA","Europe","Southern Europe",NA,"No","No",2002,2002-12-02,2002-12-03,2,"No",NA,"Yes","Prime Minister Silvio Berlusconi","No",NA,"No",NA,"No",NA,"No",NA,"No","No","No","Yes","No",NA,"Also met President Carlo Azeglio Ciampi","1","https://advance-lexis-com.du.idm.oclc.org/api/permalink/a6d9090e-dd0d-4651-8f91-ea5c61382b98/?context=1516831","https://advance-lexis-com.du.idm.oclc.org/api/permalink/108aa15e-e8b9-4e44-b5bf-1bb5b1497d81/?context=1516831","https://advance-lexis-com.du.idm.oclc.org/api/permalink/20887e61-7562-46bb-b18a-039f11c20103/?context=1516831",NA,NA,NA,NA,NA,NA,NA,NA,NA,NA,NA,NA,NA,NA,NA,NA,NA,NA,NA,NA,NA,NA,NA,NA,NA,NA,NA,NA,NA,NA,2002,2000,"dic","Peru","alejandro toledo","Alejandro Toledo","Alejandro Toledo (2001-2006)",2,"Bilateral","Europa","Alejandro Celestino Toledo Manrique","Peru","Peru",2001-07-28,2006-07-28,4.67000007629395,5.8899998664856,5.21999979019165,5,5.67000007629395,3.44000005722046,4.21999979019165,4.67000007629395,FALSE,FALSE,FALSE,TRUE,2002,"Centro","Derecha","Berlusconi"
"448-PER-POL-36048","448","Peru","PER","Latin America and the Caribbean","South America","Yes","GS","President","Fujimori","Alberto Fujimori","0","Poland","POL","Europe","Eastern Europe",NA,"No","No",1998,1998-09-10,1998-09-13,4,"No",NA,"Yes","President Aleksander Kwasniewski","No",NA,"No",NA,"No",NA,"No",NA,"No","No","Yes","No","No",NA,"Visited AuscH.W.itz;Cracow and Wieliczka Also took part in the Polish-Peruvian economic Forum","1","https://advance-lexis-com.du.idm.oclc.org/api/permalink/6e59f2c3-c0d0-471e-ac92-6652c9519091/?context=1516831","https://advance-lexis-com.du.idm.oclc.org/api/permalink/6d524421-3b93-4b09-a05f-a46ff7bb5703/?context=1516831","https://advance-lexis-com.du.idm.oclc.org/api/permalink/ea19c52f-0d01-42d9-8f2a-cfdcf249611d/?context=1516831",NA,NA,NA,NA,NA,NA,NA,NA,NA,NA,NA,NA,NA,NA,NA,NA,NA,NA,NA,NA,NA,NA,NA,NA,NA,NA,NA,NA,NA,NA,1998,1995,"sep","Peru","alberto fujimori","Alberto Fujimori","Alberto Fujimori (1990-2000)",9,"Bilateral","Europa","Alberto Kenya Fujimori Fujimori2","Peru","Peru",1995-07-28,2000-07-28,5.44000005722046,5.67000007629395,5.55999994277954,4.78000020980835,5.67000007629395,3.77999997138977,4.1100001335144,4.1100001335144,FALSE,FALSE,FALSE,TRUE,1998,"Derecha","Izquierda","Kwasniewski"
"2703-PER-PRT-41232","2703","Peru","PER","Latin America and the Caribbean","South America","Yes","GS","President","Humala","Ollanta Humala","0","Portugal","PRT","Europe","Southern Europe",NA,"No","No",2012,2012-11-19,2012-11-19,1,"No",NA,"Yes","President Anibal Cavaco Silva","No",NA,"No",NA,"No",NA,"No",NA,"No","Yes","No","No","No",NA,NA,"2","https://www.gettyimages.com/license/156695896","https://advance-lexis-com.du.idm.oclc.org/api/permalink/648ca0a6-76e3-434b-8ad1-4fda084626e0/?context=1516831",NA,NA,NA,NA,NA,NA,NA,NA,NA,NA,NA,NA,NA,NA,NA,NA,NA,NA,NA,NA,NA,NA,NA,NA,NA,NA,NA,NA,NA,NA,NA,2012,2010,"nov","Peru","ollanta humala","Ollanta Humala","Ollanta Humala (2011-2016)",2,"Bilateral","Europa","Ollanta Moises Humala Tasso","Peru","Peru",2011-07-28,2016-07-28,4.55999994277954,5.67000007629395,4.44000005722046,4.78000020980835,4.78000020980835,4,4,4.1100001335144,FALSE,FALSE,FALSE,TRUE,2012,"Centro","Derecha","Cavaco Silva"
"3432-PER-PRT-43521","3432","Peru","PER","Latin America and the Caribbean","South America","Yes","GS","President","Vizcarra","Martin Vizcarra","0","Portugal","PRT","Europe","Southern Europe",NA,"No","No",2019,2019-02-25,2019-02-26,2,"No",NA,"Yes","President Marcelo Rebelo de Sousa","No",NA,"No",NA,"No",NA,"No",NA,"No","Yes","No","Yes","No",NA,"met with Prime Minister Antonio Costa;met with President of the Assembly of the Republic Jorge Lacao;participated in Portugal-Peru Investment Forum;met with Peruvian community in Portugal;vistied Champalimaud scientific research center;signed cooperation accords [PE-Latam 2026-08-31: revisado, TripStartDate/TripEndDate queda No_verificable -El viaje de Estado a Portugal (25-26 de febrero de 2019) ya cuenta con multiples fuentes primarias propias de COLT (gob.pe, Cancilleria, Andina en ing-]","1","https://www.gob.pe/institucion/presidencia/noticias/26019-peru-y-portugal-reafirman-vinculos-diplomaticos-y-comerciales-y-suscriben-acuerdos-en-materia-de-transporte-aereo-y-oportunidades-para-jovenes","https://search-proquest-com.du.idm.oclc.org/docview/2186183703/903B1ACBDBAA4296PQ/8?accountid=14608","https://andina.pe/ingles/noticia-peru-presidents-visit-to-portugal-spain-to-strengthen-relations-investments-743300.aspx","http://www.xinhuanet.com/english/2019-02/26/c_137850031.htm","https://www.gob.pe/institucion/rree/noticias/25841-presidente-vizcarra-realizara-visitas-de-estado-a-portugal-y-espana-para-profundizar-relaciones-y-promover-inversiones",NA,NA,NA,NA,NA,NA,NA,NA,NA,NA,NA,NA,NA,NA,NA,NA,NA,NA,NA,NA,NA,NA,NA,NA,NA,NA,NA,NA,2019,2015,"feb","Peru","martin vizcarra","Martin Vizcarra","Martin Vizcarra (2018-2020)",1,"Bilateral","Europa","Martín Vizcarra","Peru","Peru",2018-03-23,2020-11-09,4.5,5.5,4.5,4,4,3.5,3.5,3,FALSE,FALSE,FALSE,TRUE,2019,"Centro","Derecha","de Sousa"
"448-PER-ROU-36047","448","Peru","PER","Latin America and the Caribbean","South America","Yes","GS","President","Fujimori","Alberto Fujimori","0","Romania","ROU","Europe","Eastern Europe",NA,"No","No",1998,1998-09-09,1998-09-10,2,"No",NA,"Yes","President Emil Constantinescu","No",NA,"No",NA,"No",NA,"No",NA,"No","Yes","No","Yes","No",NA,"Conference with Romanian business leaders;signed cooperation accords in the field of tourism;the fight against drug trafficking and in the cultural and scientific domain","1","https://advance-lexis-com.du.idm.oclc.org/api/permalink/0dd4ccd8-be8a-47d6-ac5d-652c4d4c25e9/?context=1516831","https://advance-lexis-com.du.idm.oclc.org/api/permalink/71d60c9f-34a5-47dd-833d-da15e941ed60/?context=1516831","https://advance-lexis-com.du.idm.oclc.org/api/permalink/fcad2183-d5d0-438f-b0fd-eeee9eaefb0f/?context=1516831","https://advance-lexis-com.du.idm.oclc.org/api/permalink/2f60291a-9284-49e2-aa23-22b17b4ecd10/?context=1516831","https://advance-lexis-com.du.idm.oclc.org/api/permalink/0b1cb080-888e-4a14-b074-b038e4695887/?context=1516831",NA,NA,NA,NA,NA,NA,NA,NA,NA,NA,NA,NA,NA,NA,NA,NA,NA,NA,NA,NA,NA,NA,NA,NA,NA,NA,NA,NA,1998,1995,"sep","Peru","alberto fujimori","Alberto Fujimori","Alberto Fujimori (1990-2000)",9,"Bilateral","Europa","Alberto Kenya Fujimori Fujimori2","Peru","Peru",1995-07-28,2000-07-28,5.44000005722046,5.67000007629395,5.55999994277954,4.78000020980835,5.67000007629395,3.77999997138977,4.1100001335144,4.1100001335144,FALSE,FALSE,FALSE,TRUE,1998,"Derecha","Derecha","Vasile"
"2703-PER-RUS-41950","2703","Peru","PER","Latin America and the Caribbean","South America","Yes","GS","President","Humala","Ollanta Humala","0","Russia","RUS","Europe","Eastern Europe",NA,"No","No",2014,2014-11-07,2014-11-09,3,"No",NA,"Yes","President Vladimir Putin","No",NA,"No",NA,"No",NA,"No",NA,"No","Yes","No","No","No",NA,NA,"2","https://advance-lexis-com.du.idm.oclc.org/api/permalink/5dd02058-5700-44a2-bbce-ecc91e5c0a5e/?context=1516831","https://www.gettyimages.com/license/458561446","https://advance-lexis-com.du.idm.oclc.org/api/permalink/434195b0-15df-432b-b7f4-1438f3616182/?context=1516831",NA,NA,NA,NA,NA,NA,NA,NA,NA,NA,NA,NA,NA,NA,NA,NA,NA,NA,NA,NA,NA,NA,NA,NA,NA,NA,NA,NA,NA,NA,2014,2010,"nov","Peru","ollanta humala","Ollanta Humala","Ollanta Humala (2011-2016)",4,"Bilateral","Europa","Ollanta Moises Humala Tasso","Peru","Peru",2011-07-28,2016-07-28,4.55999994277954,5.67000007629395,4.44000005722046,4.78000020980835,4.78000020980835,4,4,4.1100001335144,FALSE,FALSE,FALSE,TRUE,2014,"Centro","Derecha","Putin"
"1654-PER-ESP-37188","1654","Peru","PER","Latin America and the Caribbean","South America","Yes","GS","President","Toledo","Alejandro Toledo","0","Spain","ESP","Europe","Southern Europe",NA,"No","No",2001,2001-10-24,2001-10-24,1,"No",NA,"Yes","Prime Minister Jose Maria Aznar","No",NA,"No",NA,"No",NA,"No",NA,"No","No","No","No","No",NA,NA,"1","https://advance-lexis-com.du.idm.oclc.org/api/permalink/d6c89a28-3f8c-4f98-aa93-25454b31967d/?context=1516831","https://advance-lexis-com.du.idm.oclc.org/api/permalink/f81c1abf-4fb2-474a-b4fc-86f54c480a03/?context=1516831",NA,NA,NA,NA,NA,NA,NA,NA,NA,NA,NA,NA,NA,NA,NA,NA,NA,NA,NA,NA,NA,NA,NA,NA,NA,NA,NA,NA,NA,NA,NA,2001,2000,"oct","Peru","alejandro toledo","Alejandro Toledo","Alejandro Toledo (2001-2006)",1,"Bilateral","Europa","Alejandro Celestino Toledo Manrique","Peru","Peru",2001-07-28,2006-07-28,4.67000007629395,5.8899998664856,5.21999979019165,5,5.67000007629395,3.44000005722046,4.21999979019165,4.67000007629395,FALSE,FALSE,FALSE,TRUE,2001,"Centro","Derecha","Aznar"
"1654-PER-ESP-38173","1654","Peru","PER","Latin America and the Caribbean","South America","Yes","GS","President","Toledo","Alejandro Toledo","0","Spain","ESP","Europe","Southern Europe",NA,"No","No",2004,2004-07-05,2004-07-07,3,"No",NA,"Yes","Prime Minister Jose Luis Rodriguez Zapatero","No",NA,"No",NA,"No",NA,"No",NA,"No","Yes","No","Yes","No",NA,NA,"1","https://advance-lexis-com.du.idm.oclc.org/api/permalink/0cb1d356-7828-4cf4-aa57-c9c116451b5f/?context=1516831","https://advance-lexis-com.du.idm.oclc.org/api/permalink/fbde960b-bacd-4cef-83fa-164d6bf05d08/?context=1516831","https://advance-lexis-com.du.idm.oclc.org/api/permalink/61b8794f-fe6a-4942-ba33-df802775f67f/?context=1516831",NA,NA,NA,NA,NA,NA,NA,NA,NA,NA,NA,NA,NA,NA,NA,NA,NA,NA,NA,NA,NA,NA,NA,NA,NA,NA,NA,NA,NA,NA,2004,2000,"jul","Peru","alejandro toledo","Alejandro Toledo","Alejandro Toledo (2001-2006)",3,"Bilateral","Europa","Alejandro Celestino Toledo Manrique","Peru","Peru",2001-07-28,2006-07-28,4.67000007629395,5.8899998664856,5.21999979019165,5,5.67000007629395,3.44000005722046,4.21999979019165,4.67000007629395,FALSE,FALSE,FALSE,TRUE,2004,"Centro","Izquierda","Rodriguez Zapatero"
"198-PER-ESP-39467","198","Peru","PER","Latin America and the Caribbean","South America","Yes","GS","President","Garcia","Alan Garcia","0","Spain","ESP","Europe","Southern Europe",NA,"No","No",2008,2008-01-20,2008-01-22,3,"No",NA,"Yes","Prime Minister Jose Luis Rodriguez Zapatero","No",NA,"No",NA,"No",NA,"No",NA,"No","No","No","Yes","No",NA,"Also Met with King Juan Carlos I","1","https://www.gettyimages.com/license/79145537","https://advance-lexis-com.du.idm.oclc.org/api/permalink/6439d78a-1b03-4e66-b88e-149dbd717453/?context=1516831","https://advance-lexis-com.du.idm.oclc.org/api/permalink/7fb5c22e-dd70-4832-a945-a8fb8590c184/?context=1516831",NA,NA,NA,NA,NA,NA,NA,NA,NA,NA,NA,NA,NA,NA,NA,NA,NA,NA,NA,NA,NA,NA,NA,NA,NA,NA,NA,NA,NA,NA,2008,2005,"ene","Peru","alan garcia","Alan Garcia","Alan Garcia (1985-1990; 2006-2011)",2,"Bilateral","Europa","Alan Gabriel Ludwig Garcia Perez2","Peru","Peru",2006-07-28,2011-07-28,5.67000007629395,6.1100001335144,5.55999994277954,5,5.67000007629395,3.89000010490417,4.44000005722046,4.55999994277954,FALSE,FALSE,FALSE,TRUE,2008,"Derecha","Izquierda","Rodriguez Zapatero"
"2703-PER-ESP-40933","2703","Peru","PER","Latin America and the Caribbean","South America","Yes","GS","President","Humala","Ollanta Humala","0","Spain","ESP","Europe","Southern Europe",NA,"No","No",2012,2012-01-25,2012-01-26,2,"No",NA,"Yes","Prime Minister Mariano Rajoy","No",NA,"No",NA,"No",NA,"No",NA,"Yes","No","No","Yes","No",NA,"Attended Gala hosted by King Juan Carlos I","1","https://www.gettyimages.com/license/137699042","https://advance-lexis-com.du.idm.oclc.org/api/permalink/cc4ffd7b-f791-4dd4-8bf9-7e14df89796c/?context=1516831","https://advance-lexis-com.du.idm.oclc.org/api/permalink/a63b14bc-351b-42ef-9126-109ef9747804/?context=1516831","https://advance-lexis-com.du.idm.oclc.org/api/permalink/4f0e055e-2307-47d8-9b60-a1d27996fbdc/?context=1516831",NA,NA,NA,NA,NA,NA,NA,NA,NA,NA,NA,NA,NA,NA,NA,NA,NA,NA,NA,NA,NA,NA,NA,NA,NA,NA,NA,NA,NA,2012,2010,"ene","Peru","ollanta humala","Ollanta Humala","Ollanta Humala (2011-2016)",1,"Bilateral","Europa","Ollanta Moises Humala Tasso","Peru","Peru",2011-07-28,2016-07-28,4.55999994277954,5.67000007629395,4.44000005722046,4.78000020980835,4.78000020980835,4,4,4.1100001335144,FALSE,FALSE,FALSE,TRUE,2012,"Centro","Derecha","Rajoy Brey"
"2703-PER-ESP-42192","2703","Peru","PER","Latin America and the Caribbean","South America","Yes","GS","President","Humala","Ollanta Humala","0","Spain","ESP","Europe","Southern Europe",NA,"No","No",2015,2015-07-07,2015-07-08,2,"No",NA,"Yes","Prime Minister Mariano Rajoy","No",NA,"No",NA,"No",NA,"No",NA,"No","No","No","Yes","No",NA,NA,"1","https://advance-lexis-com.du.idm.oclc.org/api/permalink/f842fc43-9f0c-4830-b1be-7904d43cb32b/?context=1516831","https://advance-lexis-com.du.idm.oclc.org/api/permalink/d5b1dab9-27af-44f8-bedf-0fc9b9379fed/?context=1516831",NA,NA,NA,NA,NA,NA,NA,NA,NA,NA,NA,NA,NA,NA,NA,NA,NA,NA,NA,NA,NA,NA,NA,NA,NA,NA,NA,NA,NA,NA,NA,2015,2015,"jul","Peru","ollanta humala","Ollanta Humala","Ollanta Humala (2011-2016)",4,"Bilateral","Europa","Ollanta Moises Humala Tasso","Peru","Peru",2011-07-28,2016-07-28,4.55999994277954,5.67000007629395,4.44000005722046,4.78000020980835,4.78000020980835,4,4,4.1100001335144,FALSE,FALSE,FALSE,TRUE,2015,"Centro","Derecha","Rajoy Brey"
"2703-PER-ESP-42496","2703","Peru","PER","Latin America and the Caribbean","South America","Yes","GS","President","Humala","Ollanta Humala","0","Spain","ESP","Europe","Southern Europe",NA,"No","No",2016,2016-05-06,2016-05-07,2,"No",NA,"Yes","Prime Minister Mariano Rajoy","No",NA,"No",NA,"No",NA,"No",NA,"Yes","No","No","No","No",NA,NA,"1","https://www.gettyimages.com/license/528544408","https://advance-lexis-com.du.idm.oclc.org/api/permalink/2602fe5e-8f00-405c-92e2-1166b3fa3dc3/?context=1516831","https://advance-lexis-com.du.idm.oclc.org/api/permalink/79ea6750-4e10-47c8-af5d-ac7df7ae5932/?context=1516831",NA,NA,NA,NA,NA,NA,NA,NA,NA,NA,NA,NA,NA,NA,NA,NA,NA,NA,NA,NA,NA,NA,NA,NA,NA,NA,NA,NA,NA,NA,2016,2015,"may","Peru","ollanta humala","Ollanta Humala","Ollanta Humala (2011-2016)",5,"Bilateral","Europa","Ollanta Moises Humala Tasso","Peru","Peru",2011-07-28,2016-07-28,4.55999994277954,5.67000007629395,4.44000005722046,4.78000020980835,4.78000020980835,4,4,4.1100001335144,FALSE,FALSE,FALSE,TRUE,2016,"Centro","Derecha","Rajoy Brey"
"3245-PER-ESP-42898","3245","Peru","PER","Latin America and the Caribbean","South America","Yes","GS","President","Kuczynski","Pedro Pablo Kuczynski","0","Spain","ESP","Europe","Southern Europe",NA,"No","No",2017,2017-06-12,2017-06-13,2,"No",NA,"Yes","Prime Minister Mariano Rajoy","No",NA,"No",NA,"No",NA,"No",NA,"No","No","No","Yes","No",NA,NA,"2","https://www.gettyimages.com/license/695073822","https://advance-lexis-com.du.idm.oclc.org/api/permalink/e2414dc9-79f1-496d-8b99-d49c590b432d/?context=1516831",NA,NA,NA,NA,NA,NA,NA,NA,NA,NA,NA,NA,NA,NA,NA,NA,NA,NA,NA,NA,NA,NA,NA,NA,NA,NA,NA,NA,NA,NA,NA,2017,2015,"jun","Peru","pedro pablo kuczynski","Pedro Pablo Kuczynski","Pedro Pablo Kuczynski (2016-2018)",1,"Bilateral","Europa","Pedro Pablo Kuczynski","Peru","Peru",2016-07-28,2018-03-23,6.4,6,6.5,5.5,5.5,3,4,4.5,FALSE,FALSE,FALSE,TRUE,2017,"Derecha","Derecha","Rajoy Brey"
"3432-PER-ESP-43523","3432","Peru","PER","Latin America and the Caribbean","South America","Yes","GS","President","Vizcarra","Martin Vizcarra","0","Spain","ESP","Europe","Southern Europe",NA,"No","No",2019,2019-02-27,2019-03-01,3,"No",NA,"Yes","Prime Minister Pedro Sanchez","No",NA,"No",NA,"No",NA,"No",NA,"No","Yes","Yes","Yes","No",NA,"met with King Felipe IV;met with Mayor of Madrid Manuela Carmena;attended opening ceremony of Peru Investment Roadshow;signed joint declaration;participated in opening ceremony of ARCOMadrid 2019 Art Fair [PE-Latam 2026-08-31: revisado, TripStartDate/TripEndDate queda No_verificable -El viaje de Estado a Espana (27/2-1/3/2019, incluyendo encuentro con el Rey Felipe VI) ya cuenta con multiples fuentes primarias propias de COLT (gob.-]","1","https://www.gob.pe/institucion/presidencia/noticias/26052-presidente-vizcarra-un-gobierno-que-oprime-a-su-pueblo-perpetuandose-en-el-poder-no-puede-gozar-del-aprecio-de-quienes-creemos-en-la-libertad-y-la-democracia","https://www.gob.pe/institucion/rree/noticias/26066-declaracion-conjunta-espana-y-el-peru-una-relacion-estrategica-reforzada","https://www.gob.pe/institucion/presidencia/noticias/26064-presidente-vizcarra-encabezo-firma-de-7-acuerdos-con-espana-y-destaco-crecimiento-economico-estabilidad-y-reglas-claras-para-inversiones-en-peru","https://www.gob.pe/institucion/apci/noticias/110592-el-presidente-de-la-republica-y-el-presidente-del-gobierno-espanol-aprueban-nuevo-marco-de-asociacion-peru-espana","https://andina.pe/ingles/noticia-peru-presidents-visit-to-portugal-spain-to-strengthen-relations-investments-743300.aspx","https://www.gettyimages.com/detail/news-photo/president-of-peru-martin-vizcarra-king-felipe-vi-of-spain-news-photo/1128138949",NA,NA,NA,NA,NA,NA,NA,NA,NA,NA,NA,NA,NA,NA,NA,NA,NA,NA,NA,NA,NA,NA,NA,NA,NA,NA,NA,2019,2015,"feb","Peru","martin vizcarra","Martin Vizcarra","Martin Vizcarra (2018-2020)",1,"Bilateral","Europa","Martín Vizcarra","Peru","Peru",2018-03-23,2020-11-09,4.5,5.5,4.5,4,4,3.5,3.5,3,FALSE,FALSE,FALSE,TRUE,2019,"Centro","Izquierda","Sanchez"
"448-PER-GBR-35983","448","Peru","PER","Latin America and the Caribbean","South America","Yes","GS","President","Fujimori","Alberto Fujimori","0","United Kingdom","GBR","Europe","Northern Europe",NA,"No","No",1998,1998-07-07,1998-07-10,4,"No",NA,"Yes","Prime Minister Tony Blair","No",NA,"No",NA,"No",NA,"No",NA,"No","No","Yes","Yes","No",NA,"Visited Queen Elizabeth II at Buckingham Palace;held talks with the Confederation of British Industry","1","https://advance-lexis-com.du.idm.oclc.org/api/permalink/a2df47b3-4d35-43da-8272-4b7b5edafa32/?context=1516831","https://advance-lexis-com.du.idm.oclc.org/api/permalink/69b7183d-4470-4b69-a6e1-b92a526dddf3/?context=1516831",NA,NA,NA,NA,NA,NA,NA,NA,NA,NA,NA,NA,NA,NA,NA,NA,NA,NA,NA,NA,NA,NA,NA,NA,NA,NA,NA,NA,NA,NA,NA,1998,1995,"jul","Peru","alberto fujimori","Alberto Fujimori","Alberto Fujimori (1990-2000)",8,"Bilateral","Europa","Alberto Kenya Fujimori Fujimori2","Peru","Peru",1995-07-28,2000-07-28,5.44000005722046,5.67000007629395,5.55999994277954,4.78000020980835,5.67000007629395,3.77999997138977,4.1100001335144,4.1100001335144,FALSE,FALSE,FALSE,TRUE,1998,"Derecha","Izquierda","Blair"
"1654-PER-GBR-37595","1654","Peru","PER","Latin America and the Caribbean","South America","Yes","GS","President","Toledo","Alejandro Toledo","0","United Kingdom","GBR","Europe","Northern Europe",NA,"No","No",2002,2002-12-05,2002-12-06,2,"No",NA,"Yes","Prime Minister Tony Blair","No",NA,"No",NA,"No",NA,"No",NA,"Yes","No","No","Yes","No",NA,NA,"2","https://advance-lexis-com.du.idm.oclc.org/api/permalink/6eaebb69-12d6-4ba6-95d7-d244783c54f5/?context=1516831","https://advance-lexis-com.du.idm.oclc.org/api/permalink/5bdfb072-1fc2-48ce-9696-e9da547299f1/?context=1516831","https://advance-lexis-com.du.idm.oclc.org/api/permalink/46303d09-f001-4c07-ad0c-7ee144a810b7/?context=1516831",NA,NA,NA,NA,NA,NA,NA,NA,NA,NA,NA,NA,NA,NA,NA,NA,NA,NA,NA,NA,NA,NA,NA,NA,NA,NA,NA,NA,NA,NA,2002,2000,"dic","Peru","alejandro toledo","Alejandro Toledo","Alejandro Toledo (2001-2006)",2,"Bilateral","Europa","Alejandro Celestino Toledo Manrique","Peru","Peru",2001-07-28,2006-07-28,4.67000007629395,5.8899998664856,5.21999979019165,5,5.67000007629395,3.44000005722046,4.21999979019165,4.67000007629395,FALSE,FALSE,FALSE,TRUE,2002,"Centro","Izquierda","Blair"
"2029-URY-AUT-38848","2029","Uruguay","URY","Latin America and the Caribbean","South America","Yes","GS","President","Vazquez","Tabare Vazquez","0","Austria","AUT","Europe","Western Europe","Vienna","No","No",2006,2006-05-11,2006-05-12,3,"No",NA,"Yes","President Heinz Fischer","No",NA,"No",NA,"No",NA,"No",NA,"No","No","No","No","No",NA,"Date of return unclear based on public information available. [PE-Latam 2026-08-24: TripDuration corregido de '2' a '3' (nuestra investigacion). Fuente: https://www.infobae.com/2006/05/04/253240-bush-y-tabare-acuerdan-intensificar-la-relacion-comercial-sus-paises/]","1","https://www.gettyimages.com/license/57590767",NA,NA,NA,NA,NA,NA,NA,NA,NA,NA,NA,NA,NA,NA,NA,NA,NA,NA,NA,NA,NA,NA,NA,NA,NA,NA,NA,NA,NA,NA,NA,NA,2006,2005,"may","Uruguay","tabare vazquez","Tabare Vazquez","Tabare Vazquez (2005-2010; 2015-2020)",2,"Bilateral","Europa","Tabare Ramon Vazquez Rosas","Uruguay","Uruguay",2005-03-01,2010-03-01,3,3.64000010490417,3.35999989509583,3.35999989509583,3.45000004768372,3.73000001907349,4.3600001335144,4.55000019073486,FALSE,FALSE,FALSE,TRUE,2006,"Centro","Derecha","Schussel"
"2552-URY-BEL-40835","2552","Uruguay","URY","Latin America and the Caribbean","South America","Yes","GS","President","Mujica","Jose Mujica","0","Belgium","BEL","Europe","Western Europe","Brussels","No","No",2011,2011-10-19,2011-10-21,3,"No",NA,"Yes","King Albert II","No",NA,"No",NA,"No",NA,"No",NA,"Yes","No","No","No","Yes","European Council President Herman Van Rompuy;European Commission (EC) President Jose Manuel Barroso","Also met with Prime Minister Yves Leterme.  Participated in joint press Conference with European Commission President Jose Manuel Barraso following bilateral talks.  Date of retrun unclear based on public information available. [PE-Latam 2026-08-24: campo Duration_Days queda en revision -La fuente confirma la fecha de inicio (19-oct, última etapa de la gira europea) pero no precisa cuántos días duró la estadía en Bruselas antes del reg-]","1","https://www.gettyimages.com/license/129141191","https://www.gettyimages.com/license/129626058","https://www.gettyimages.com/license/129707283","https://www.gettyimages.com/license/129723010","https://www.gettyimages.com/license/129728044",NA,NA,NA,NA,NA,NA,NA,NA,NA,NA,NA,NA,NA,NA,NA,NA,NA,NA,NA,NA,NA,NA,NA,NA,NA,NA,NA,NA,2011,2010,"oct","Uruguay","jose mujica","Jose Mujica","Jose Mujica (2010-2015)",2,"Bilateral","Europa","Jose Alberto Mujica Cordano","Uruguay","Uruguay",2010-03-01,2015-03-01,2.5,3.1800000667572,2.35999989509583,2.91000008583069,2.35999989509583,3.35999989509583,3.91000008583069,4.09000015258789,FALSE,FALSE,FALSE,TRUE,2011,"Izquierda","Izquierda","Di Rupo"
"2552-URY-FIN-41898","2552","Uruguay","URY","Latin America and the Caribbean","South America","Yes","GS","President","Mujica","Jose Mujica","0","Finland","FIN","Europe","Northern Europe","Helsinki","No","No",2014,2014-09-15,2014-09-17,3,"No",NA,"Yes","President Sauli Niinisto","No",NA,"No",NA,"No",NA,"No",NA,"No","No","Yes","Yes","No",NA,"Visited UPM's Biofore House in Helsinki hosted by UPM's CEO Jussi Pesonen  Also met with Prime Minister Alexander Stubb [PE-Latam 2026-08-24: TripStartDate corregido de '2014-09-16T00:00:00' a '2014-09-15' (nuestra investigacion). Fuente: gub.uy (17-set-2014) + prensa (SELA, Infobae), ya citadas en nuestra base] [PE-Latam 2026-08-24: TripDuration corregido de '2' a '3' (nuestra investigacion). Fuente: gub.uy (17-set-2014) + prensa (SELA, Infobae), ya citadas en nuestra base]","1","https://search-proquest-com.du.idm.oclc.org/central/docview/1687654201/fulltext/C2AF98C2BDD84A87PQ/129?accountid=14608","https://www.gettyimages.com/license/455576030","https://www.gettyimages.com/license/455582650",NA,NA,NA,NA,NA,NA,NA,NA,NA,NA,NA,NA,NA,NA,NA,NA,NA,NA,NA,NA,NA,NA,NA,NA,NA,NA,NA,NA,NA,NA,2014,2010,"sep","Uruguay","jose mujica","Jose Mujica","Jose Mujica (2010-2015)",5,"Bilateral","Europa","Jose Alberto Mujica Cordano","Uruguay","Uruguay",2010-03-01,2015-03-01,2.5,3.1800000667572,2.35999989509583,2.91000008583069,2.35999989509583,3.35999989509583,3.91000008583069,4.09000015258789,FALSE,FALSE,FALSE,TRUE,2014,"Izquierda","Derecha","Sauli Niinistö"
"2029-URY-FIN-42779","2029","Uruguay","URY","Latin America and the Caribbean","South America","Yes","GS","President","Vazquez","Tabare Vazquez","0","Finland","FIN","Europe","Northern Europe",NA,"No","No",2017,2017-02-13,2017-02-14,2,"No",NA,"Yes","President Sauli Niinisto","No",NA,"No",NA,"No",NA,"No",NA,"Yes","Yes","No","Yes","No",NA,"Participated in a business and economic Forum with local politicians and industry representatives to attract investment in other sectors  Participated in a joint press Conference with President Niinisto  Signed joint Memorandum of Understanding on cooperation in the bioeconomy  Also met with the Finnish prime minister and speaker of the parliament [PE-Latam 2026-08-24: Agregada a nuestra base como Trip_ID 238]","1","https://search-proquest-com.du.idm.oclc.org/central/docview/1867516670/fulltext/AD6329BFA1D64E47PQ/14?accountid=14608","https://search-proquest-com.du.idm.oclc.org/central/docview/1867516670/fulltext/AD6329BFA1D64E47PQ/14?accountid=14608","https://search-proquest-com.du.idm.oclc.org/central/docview/1867966755/fulltext/AD6329BFA1D64E47PQ/15?accountid=14608","https://www.gettyimages.com/license/635048772",NA,NA,NA,NA,NA,NA,NA,NA,NA,NA,NA,NA,NA,NA,NA,NA,NA,NA,NA,NA,NA,NA,NA,NA,NA,NA,NA,NA,NA,2017,2015,"feb","Uruguay","tabare vazquez","Tabare Vazquez","Tabare Vazquez (2005-2010; 2015-2020)",2,"Bilateral","Europa","Tabaré Vázquez","Uruguay","Uruguay",2015-03-01,2020-03-01,2.83,4.16,3.66,3.66,3.16,4,4.66,4.5,FALSE,FALSE,FALSE,TRUE,2017,"Izquierda","Derecha","Sauli Niinistö"
"2029-URY-FRA-38649","2029","Uruguay","URY","Latin America and the Caribbean","South America","Yes","GS","President","Vazquez","Tabare Vazquez","0","France","FRA","Europe","Western Europe","Paris","No","No",2005,2005-10-24,2005-10-27,4,"No",NA,"Yes","President Jacques Chirac","No",NA,"No",NA,"No",NA,"No",NA,"Yes","No","Yes","No","Yes","United Nations Educational, Scientific and Cultural Organization (UNESCO) Director-General Koichiro Matsuura","Attended oncology Conference during visit  Delivered lecture on the subject 'Uruguay Facing Globalization"" during visit to the Center for International Studies and Research in Paris  Particiapted in Press Conference during visit to UNESCO headquarters in Paris [PE-Latam 2026-08-24: Revisado, no corresponde agregarlo a nuestra base -Esta entrada de COLT (Paris, 24-oct-2005, conferencia oncologica, UNESCO, conferencia sobre globalizacion) parece corresponder al MISMO viaje a Franci-]","1","https://search-proquest-com.du.idm.oclc.org/central/docview/460192119/fulltext/A50E33BFBC41C6PQ/71?accountid=14608","https://search-proquest-com.du.idm.oclc.org/central/docview/460222655/fulltext/A50E33BFBC41C6PQ/78?accountid=14608","https://search-proquest-com.du.idm.oclc.org/central/docview/452412370/fulltext/A50E33BFBC41C6PQ/87?accountid=14608","https://www.gettyimages.com/license/55990728","https://www.gettyimages.com/license/524322452",NA,NA,NA,NA,NA,NA,NA,NA,NA,NA,NA,NA,NA,NA,NA,NA,NA,NA,NA,NA,NA,NA,NA,NA,NA,NA,NA,NA,2005,2005,"oct","Uruguay","tabare vazquez","Tabare Vazquez","Tabare Vazquez (2005-2010; 2015-2020)",1,"Bilateral","Europa","Tabare Ramon Vazquez Rosas","Uruguay","Uruguay",2005-03-01,2010-03-01,3,3.64000010490417,3.35999989509583,3.35999989509583,3.45000004768372,3.73000001907349,4.3600001335144,4.55000019073486,FALSE,FALSE,FALSE,TRUE,2005,"Centro","Derecha","Chirac"
"2029-URY-FRA-42303","2029","Uruguay","URY","Latin America and the Caribbean","South America","Yes","GS","President","Vazquez","Tabare Vazquez","0","France","FRA","Europe","Western Europe",NA,"No","No",2015,2015-10-26,2015-11-02,8,"No",NA,"Yes","President Francois Hollande","No",NA,"No",NA,"No",NA,"No",NA,"Yes","Yes","No","No","No",NA,"Participated in joint press Conference with President Hollande  Signed bilateral agreements [PE-Latam 2026-08-24: Agregada a nuestra base como Trip_ID 239]","1","https://search-proquest-com.du.idm.oclc.org/central/docview/1728046509/fulltext/9CA8C97428CF4FABPQ/54?accountid=14608","https://search-proquest-com.du.idm.oclc.org/central/docview/1729090567/fulltext/9CA8C97428CF4FABPQ/57?accountid=14608","https://www.gettyimages.com/license/494690096","https://www.gettyimages.com/license/494690398",NA,NA,NA,NA,NA,NA,NA,NA,NA,NA,NA,NA,NA,NA,NA,NA,NA,NA,NA,NA,NA,NA,NA,NA,NA,NA,NA,NA,NA,2015,2015,"oct","Uruguay","tabare vazquez","Tabare Vazquez","Tabare Vazquez (2005-2010; 2015-2020)",1,"Bilateral","Europa","Tabaré Vázquez","Uruguay","Uruguay",2015-03-01,2020-03-01,2.83,4.16,3.66,3.66,3.16,4,4.66,4.5,FALSE,FALSE,FALSE,TRUE,2015,"Izquierda","Izquierda","Hollande"
"3698-URY-FRA-45183","3698","Uruguay","URY","Latin America and the Caribbean","South America","Yes","GS","President","Pou","Luis Lacalle Pou","0","France","FRA","Europe","Western Europe","Lille","No","No",2023,2023-09-14,2023-09-14,1,"No",NA,"Yes","President Emmanuel Macron","No",NA,"No",NA,"No",NA,"No",NA,"No","No","Yes","No","No",NA,"Attended rugby match between France and Uruguay in Lille alongside President Emmanuel Macron","2","https://www.gettyimages.com/detail/news-photo/president-florian-grill-president-of-uruguay-luis-alberto-news-photo/1668327796?adppopup=true","https://twitter.com/EmmanuelMacron/status/1702405822788120625","https://en.mercopress.com/2023/09/15/presidents-of-uruguay-france-meet-for-rugby-world-cup-match",NA,NA,NA,NA,NA,NA,NA,NA,NA,NA,NA,NA,NA,NA,NA,NA,NA,NA,NA,NA,NA,NA,NA,NA,NA,NA,NA,NA,NA,NA,2023,2020,"sep","Uruguay","luis lacalle pou","Luis Lacalle Pou","Luis Lacalle Pou (2020-2025)",4,"Bilateral","Europa","Luis Alberto Lacalle Pou","Uruguay","Uruguay",2020-03-01,2025-03-01,5.83,6.5,6.5,2.83,6.33,4,5,5,FALSE,FALSE,FALSE,TRUE,2023,"Derecha",NA,NA
"2552-URY-DEU-40833","2552","Uruguay","URY","Latin America and the Caribbean","South America","Yes","GS","President","Mujica","Jose Mujica","0","Germany","DEU","Europe","Western Europe","Berlin","No","No",2011,2011-10-17,2011-10-18,2,"No",NA,"Yes","Chancellor Angela Merkel","No",NA,"No",NA,"No",NA,"No",NA,"Yes","No","No","No","No",NA,"Date of arrival and departure unclear based on public information available  Also met with President Christian Wulff  Participated in joint press Conference with Chancellor Merkel","1","https://www.gettyimages.com/license/129141191","https://www.gettyimages.com/license/129548201",NA,NA,NA,NA,NA,NA,NA,NA,NA,NA,NA,NA,NA,NA,NA,NA,NA,NA,NA,NA,NA,NA,NA,NA,NA,NA,NA,NA,NA,NA,NA,2011,2010,"oct","Uruguay","jose mujica","Jose Mujica","Jose Mujica (2010-2015)",2,"Bilateral","Europa","Jose Alberto Mujica Cordano","Uruguay","Uruguay",2010-03-01,2015-03-01,2.5,3.1800000667572,2.35999989509583,2.91000008583069,2.35999989509583,3.35999989509583,3.91000008583069,4.09000015258789,FALSE,FALSE,FALSE,TRUE,2011,"Izquierda","Derecha","Merkel"
"2029-URY-DEU-42770","2029","Uruguay","URY","Latin America and the Caribbean","South America","Yes","GS","President","Vazquez","Tabare Vazquez","0","Germany","DEU","Europe","Western Europe",NA,"No","No",2017,2017-02-04,2017-02-12,9,"No",NA,"Yes","Chancellor Angela Merkel","No",NA,"No",NA,"No",NA,"No",NA,"Yes","No","No","Yes","No",NA,"Also met with President Joachim Gauck  Visited and attended confernce on Uruguay in Hamburg  Participated in a joint press Conference with Chancellor Merkel [PE-Latam 2026-08-24: Agregada a nuestra base como Trip_ID 241]","1","https://www.gettyimages.com/license/634229666","https://search-proquest-com.du.idm.oclc.org/central/docview/1864861717/fulltext/AD6329BFA1D64E47PQ/9?accountid=14608","https://www.gettyimages.com/license/634240720",NA,NA,NA,NA,NA,NA,NA,NA,NA,NA,NA,NA,NA,NA,NA,NA,NA,NA,NA,NA,NA,NA,NA,NA,NA,NA,NA,NA,NA,NA,2017,2015,"feb","Uruguay","tabare vazquez","Tabare Vazquez","Tabare Vazquez (2005-2010; 2015-2020)",2,"Bilateral","Europa","Tabaré Vázquez","Uruguay","Uruguay",2015-03-01,2020-03-01,2.83,4.16,3.66,3.66,3.16,4,4.66,4.5,FALSE,FALSE,FALSE,TRUE,2017,"Izquierda","Derecha","Merkel"
"1514-URY-VAT-37907","1514","Uruguay","URY","Latin America and the Caribbean","South America","Yes","GS","President","Batlle","Jorge Batlle","0","Holy See","VAT","Europe","Southern Europe",NA,"No","No",2003,2003-10-13,2003-10-13,1,"No",NA,"Yes","Pope John Paul II","No",NA,"No",NA,"No",NA,"No",NA,"No","No","No","No","No",NA,"[PE-Latam 2026-08-24: campo Start_Date queda en revision -Se detecta un patron llamativo: el TripID de COLT para VAT (37907=13-oct-2003 en serial Excel) coincide con NUESTRA fecha de la escala en Italia (13-o-] [PE-Latam 2026-08-24: campo Duration_Days queda en revision -Misma incertidumbre que Start_Date; la duracion depende del orden real Vaticano/Italia, no confirmado independientemente.-]","1","https://search-proquest-com.du.idm.oclc.org/central/docview/453129753/fulltext/BFE3BA67664049FCPQ/179?accountid=14609","https://search-proquest-com.du.idm.oclc.org/docview/452844642/A90C928D5EF54F5FPQ/3?accountid=14608",NA,NA,NA,NA,NA,NA,NA,NA,NA,NA,NA,NA,NA,NA,NA,NA,NA,NA,NA,NA,NA,NA,NA,NA,NA,NA,NA,NA,NA,NA,NA,2003,2000,"oct","Uruguay","jorge batlle","Jorge Batlle","Jorge Batlle (2000-2005)",4,"Bilateral","Europa","Jorge Luis Batlle Ibanez","Uruguay","Uruguay",2000-03-01,2005-03-01,5.44999980926514,5.26999998092651,5.82000017166138,3.64000010490417,6,2.91000008583069,3.91000008583069,4.44999980926514,FALSE,FALSE,FALSE,TRUE,2003,"Derecha",NA,NA
"2552-URY-VAT-41426","2552","Uruguay","URY","Latin America and the Caribbean","South America","Yes","GS","President","Mujica","Jose Mujica","0","Holy See","VAT","Europe","Southern Europe",NA,"No","No",2013,2013-06-01,2013-06-02,2,"No",NA,"Yes","Pope Francis","No",NA,"No",NA,"No",NA,"No",NA,"No","No","No","No","No",NA,"Date of departure and return unclear based on public information available [PE-Latam 2026-08-24: Agregada a nuestra base como Trip_ID 281]","1","https://www.gettyimages.com/license/169756808",NA,NA,NA,NA,NA,NA,NA,NA,NA,NA,NA,NA,NA,NA,NA,NA,NA,NA,NA,NA,NA,NA,NA,NA,NA,NA,NA,NA,NA,NA,NA,NA,2013,2010,"jun","Uruguay","jose mujica","Jose Mujica","Jose Mujica (2010-2015)",4,"Bilateral","Europa","Jose Alberto Mujica Cordano","Uruguay","Uruguay",2010-03-01,2015-03-01,2.5,3.1800000667572,2.35999989509583,2.91000008583069,2.35999989509583,3.35999989509583,3.91000008583069,4.09000015258789,FALSE,FALSE,FALSE,TRUE,2013,"Izquierda",NA,NA
"2029-URY-VAT-42705","2029","Uruguay","URY","Latin America and the Caribbean","South America","Yes","GS","President","Vazquez","Tabare Vazquez","0","Holy See","VAT","Europe","Southern Europe",NA,"No","No",2016,2016-12-01,2016-12-03,3,"No",NA,"Yes","Pope Francis","No",NA,"No",NA,"No",NA,"No",NA,"No","No","No","No","No",NA,"Also met with Vatican Secretary of State cardinal Pietro Parolin and Prefect of the Pontifical House Georg Ganswein at the Apostolic Palace  Date of return unclear based on public information available [PE-Latam 2026-08-24: Agregada a nuestra base como Trip_ID 242]","1","https://www.gettyimages.com/license/627160178","https://www.gettyimages.com/license/627160332","https://www.gettyimages.com/license/627188238","https://www.gettyimages.com/license/627188238","https://www.gettyimages.com/license/627188322",NA,NA,NA,NA,NA,NA,NA,NA,NA,NA,NA,NA,NA,NA,NA,NA,NA,NA,NA,NA,NA,NA,NA,NA,NA,NA,NA,NA,2016,2015,"dic","Uruguay","tabare vazquez","Tabare Vazquez","Tabare Vazquez (2005-2010; 2015-2020)",2,"Bilateral","Europa","Tabaré Vázquez","Uruguay","Uruguay",2015-03-01,2020-03-01,2.83,4.16,3.66,3.66,3.16,4,4.66,4.5,FALSE,FALSE,FALSE,TRUE,2016,"Izquierda",NA,NA
"1514-URY-ITA-37905","1514","Uruguay","URY","Latin America and the Caribbean","South America","Yes","GS","President","Batlle","Jorge Batlle","0","Italy","ITA","Europe","Southern Europe","Rome","No","No",2003,2003-10-11,2003-10-13,3,"No",NA,"Yes","President Carlo Azeglio Ciampi","No",NA,"No",NA,"No",NA,"No",NA,"Yes","No","No","No","Yes","Food and Agriculture Organization (FAO) Director-General Jacques Diouf","Visited the Holy See and met with Pope John Paul ll  Also met with Rome Mayor Walter Veltroni and Prime Minister Silvio Berlusconi and the two Speakers of parliament;Marcello Pera and Pier Ferdinando Casini  Delivered public address at the celebration of the World Food Day ceremony [PE-Latam 2026-08-24: campo Start_Date queda en revision -Ver justificacion detallada en el item VAT-37907 (mismo Journey_ID URU-JB-J013): posible intercambio Vaticano/Italia en los datos de COLT. Nuestra bas-] [PE-Latam 2026-08-24: campo Duration_Days queda en revision -Misma incertidumbre que Start_Date.-]","1","https://search-proquest-com.du.idm.oclc.org/central/docview/453129753/fulltext/BFE3BA67664049FCPQ/179?accountid=14608","https://search-proquest-com.du.idm.oclc.org/central/docview/460213616/fulltext/BFE3BA67664049FCPQ/180?accountid=14608","https://search-proquest-com.du.idm.oclc.org/central/docview/444638540/fulltext/BFE3BA67664049FCPQ/183?accountid=14608","https://search-proquest-com.du.idm.oclc.org/central/docview/330029307/fulltext/BFE3BA67664049FCPQ/187?accountid=14608",NA,NA,NA,NA,NA,NA,NA,NA,NA,NA,NA,NA,NA,NA,NA,NA,NA,NA,NA,NA,NA,NA,NA,NA,NA,NA,NA,NA,NA,2003,2000,"oct","Uruguay","jorge batlle","Jorge Batlle","Jorge Batlle (2000-2005)",4,"Bilateral","Europa","Jorge Luis Batlle Ibanez","Uruguay","Uruguay",2000-03-01,2005-03-01,5.44999980926514,5.26999998092651,5.82000017166138,3.64000010490417,6,2.91000008583069,3.91000008583069,4.44999980926514,FALSE,FALSE,FALSE,TRUE,2003,"Derecha","Derecha","Berlusconi"
"2552-URY-NOR-40829","2552","Uruguay","URY","Latin America and the Caribbean","South America","Yes","GS","President","Mujica","Jose Mujica","0","Norway","NOR","Europe","Northern Europe","Oslo","No","No",2011,2011-10-13,2011-10-17,2,"No",NA,"Yes","Prime Minister Jens Stoltenberg","No",NA,"No",NA,"No",NA,"No",NA,"No","No","No","No","No",NA,"Date of arrival and departure unclear based on public information available [PE-Latam 2026-08-24: TripDuration corregido de '5' a '2' (nuestra investigacion). Fuente: El Observador, 14-oct-2011 (ya citada en nuestra base)]","1","https://www.gettyimages.com/license/129141191","https://www.gettyimages.com/license/129219589",NA,NA,NA,NA,NA,NA,NA,NA,NA,NA,NA,NA,NA,NA,NA,NA,NA,NA,NA,NA,NA,NA,NA,NA,NA,NA,NA,NA,NA,NA,NA,2011,2010,"oct","Uruguay","jose mujica","Jose Mujica","Jose Mujica (2010-2015)",2,"Bilateral","Europa","Jose Alberto Mujica Cordano","Uruguay","Uruguay",2010-03-01,2015-03-01,2.5,3.1800000667572,2.35999989509583,2.91000008583069,2.35999989509583,3.35999989509583,3.91000008583069,4.09000015258789,FALSE,FALSE,FALSE,TRUE,2011,"Izquierda","Izquierda","Stoltenberg"
"191-URY-PRT-35992","191","Uruguay","URY","Latin America and the Caribbean","South America","Yes","GS","President","Sanguinetti","Julio Maria Sanguinetti","0","Portugal","PRT","Europe","Southern Europe",NA,"No","No",1998,1998-07-16,1998-07-21,6,"No",NA,"Yes","President Jorge Sampaio","No",NA,"No",NA,"No",NA,"No",NA,"No","No","No","No","No",NA,"[PE-Latam 2026-08-24: Agregada a nuestra base como Trip_ID 211]","1","https://search-proquest-com.du.idm.oclc.org/central/docview/454001588/fulltext/A791BE45DAC849DFPQ/59?accountid=14608","https://search-proquest-com.du.idm.oclc.org/docview/452644993?accountid=14608",NA,NA,NA,NA,NA,NA,NA,NA,NA,NA,NA,NA,NA,NA,NA,NA,NA,NA,NA,NA,NA,NA,NA,NA,NA,NA,NA,NA,NA,NA,NA,1998,1995,"jul","Uruguay","julio maria sanguinetti","Julio Maria Sanguinetti","Julio Maria Sanguinetti (1985-1990; 1995-2000)",4,"Bilateral","Europa","Julio Maria Sanguinetti Coirolo2","Uruguay","Uruguay",1995-03-01,2000-03-01,4.82000017166138,4.44999980926514,4.6399998664856,3.8199999332428,4.55000019073486,3.45000004768372,4.26999998092651,4.3600001335144,FALSE,FALSE,FALSE,TRUE,1998,"Centro","Izquierda","Sampaio"
"2029-URY-PRT-39345","2029","Uruguay","URY","Latin America and the Caribbean","South America","Yes","GS","President","Vazquez","Tabare Vazquez","0","Portugal","PRT","Europe","Southern Europe",NA,"No","No",2007,2007-09-20,2007-09-21,2,"No",NA,"Yes","President Anibal Cavaco Silva","No",NA,"No",NA,"No",NA,"No",NA,"No","No","No","No","No",NA,"Date of return unclear based on public information available. [PE-Latam 2026-08-24: Agregada a nuestra base como Trip_ID 257]","1","https://www.gettyimages.com/license/76892021","https://www.gettyimages.com/license/76892021",NA,NA,NA,NA,NA,NA,NA,NA,NA,NA,NA,NA,NA,NA,NA,NA,NA,NA,NA,NA,NA,NA,NA,NA,NA,NA,NA,NA,NA,NA,NA,2007,2005,"sep","Uruguay","tabare vazquez","Tabare Vazquez","Tabare Vazquez (2005-2010; 2015-2020)",3,"Bilateral","Europa","Tabare Ramon Vazquez Rosas","Uruguay","Uruguay",2005-03-01,2010-03-01,3,3.64000010490417,3.35999989509583,3.35999989509583,3.45000004768372,3.73000001907349,4.3600001335144,4.55000019073486,FALSE,FALSE,FALSE,TRUE,2007,"Centro","Derecha","Cavaco Silva"
"2029-URY-RUS-42781","2029","Uruguay","URY","Latin America and the Caribbean","South America","Yes","GS","President","Vazquez","Tabare Vazquez","0","Russia","RUS","Europe","Eastern Europe",NA,"No","No",2017,2017-02-15,2017-02-17,3,"No",NA,"Yes","President Vladimir Putin","No",NA,"No",NA,"No",NA,"No",NA,"No","Yes","Yes","No","No",NA,"Also met with Russian Federation Council President Valentina Matvienko  Participated in a flower offering ceremony at the Tomb of the Unknown Soldier next to the walls of the Kremlin  Signed bilateral agreement on defense cooperation as part of the official visit;under the argreement;Russia and Uruaguay will develop cooperation in the information sphere;in military specialist training and in sharing experience in the field of military medicine;cartography;and topography  Delivered speech following bilateral talks with President Putin [PE-Latam 2026-08-24: Agregada a nuestra base como Trip_ID 258]","1","https://search-proquest-com.du.idm.oclc.org/central/docview/1868278437/fulltext/AD6329BFA1D64E47PQ/16?accountid=14608","https://search-proquest-com.du.idm.oclc.org/central/docview/1868323346/fulltext/AD6329BFA1D64E47PQ/21?accountid=14608","https://search-proquest-com.du.idm.oclc.org/central/docview/1868489393/fulltext/AD6329BFA1D64E47PQ/22?accountid=14608","https://search-proquest-com.du.idm.oclc.org/central/docview/1869506348/fulltext/AD6329BFA1D64E47PQ/28?accountid=14608","https://search-proquest-com.du.idm.oclc.org/central/docview/1873738355/fulltext/AD6329BFA1D64E47PQ/33?accountid=14608",NA,NA,NA,NA,NA,NA,NA,NA,NA,NA,NA,NA,NA,NA,NA,NA,NA,NA,NA,NA,NA,NA,NA,NA,NA,NA,NA,NA,2017,2015,"feb","Uruguay","tabare vazquez","Tabare Vazquez","Tabare Vazquez (2005-2010; 2015-2020)",2,"Bilateral","Europa","Tabaré Vázquez","Uruguay","Uruguay",2015-03-01,2020-03-01,2.83,4.16,3.66,3.66,3.16,4,4.66,4.5,FALSE,FALSE,FALSE,TRUE,2017,"Izquierda","Derecha","Putin"
"2029-URY-ESP-39343","2029","Uruguay","URY","Latin America and the Caribbean","South America","Yes","GS","President","Vazquez","Tabare Vazquez","0","Spain","ESP","Europe","Southern Europe","Madrid","No","No",2007,2007-09-18,2007-09-20,3,"No",NA,"Yes","Prime Minister Jose Luis Rodriguez Zapatero","No",NA,"No",NA,"No",NA,"No",NA,"Yes","No","No","No","No",NA,"Also met with King Juan Carlos I;Participated in a joint press Conference with Prime Minister Zapatero.","1","https://www.gettyimages.com/license/76833640","https://www.gettyimages.com/license/76854533","https://www.gettyimages.com/license/76854533","https://www.gettyimages.com/license/76858605",NA,NA,NA,NA,NA,NA,NA,NA,NA,NA,NA,NA,NA,NA,NA,NA,NA,NA,NA,NA,NA,NA,NA,NA,NA,NA,NA,NA,NA,2007,2005,"sep","Uruguay","tabare vazquez","Tabare Vazquez","Tabare Vazquez (2005-2010; 2015-2020)",3,"Bilateral","Europa","Tabare Ramon Vazquez Rosas","Uruguay","Uruguay",2005-03-01,2010-03-01,3,3.64000010490417,3.35999989509583,3.35999989509583,3.45000004768372,3.73000001907349,4.3600001335144,4.55000019073486,FALSE,FALSE,FALSE,TRUE,2007,"Centro","Izquierda","Rodriguez Zapatero"
"2552-URY-ESP-41423","2552","Uruguay","URY","Latin America and the Caribbean","South America","Yes","GS","President","Mujica","Jose Mujica","0","Spain","ESP","Europe","Southern Europe","Madrid","No","No",2013,2013-05-28,2013-05-31,10,"No",NA,"Yes","King Juan Carlos I","No",NA,"No",NA,"No",NA,"No",NA,"Yes","No","No","Yes","No",NA,"Delivered speech during Meeting with business leaders offering them the opportunity to invest in his country in sectors like infrastructure;energy;construction;the food and agriculture industry and tourism  Date of departure and return unclear based on public information available  Received the Libertad Cortes award duirng visit and engaged in talks with local politicians during visit to Cadiz  Also met with Prime Minister Mariano Rajoy [PE-Latam 2026-08-24: TripStartDate corregido de '2013-05-29T00:00:00' a '2013-05-28' (nuestra investigacion). Fuente: subrayado.com.uy (ya citada, QA-R4 en nuestra base); encadenamiento con gira a China (24-28 may, ver CHN-41419)] [PE-Latam 2026-08-24: TripDuration corregido de '3' a '10' (nuestra investigacion). Fuente: subrayado.com.uy (ya citada, QA-R4 en nuestra base)]","1","https://search-proquest-com.du.idm.oclc.org/central/docview/1355944368/fulltext/B5D8E354345C4AD8PQ/74?accountid=14608","https://search-proquest-com.du.idm.oclc.org/central/docview/1356620062/fulltext/B5D8E354345C4AD8PQ/76?accountid=14608","https://search-proquest-com.du.idm.oclc.org/central/docview/1356620062/fulltext/B5D8E354345C4AD8PQ/76?accountid=14608","https://search-proquest-com.du.idm.oclc.org/central/docview/1362054449/fulltext/B5D8E354345C4AD8PQ/80?accountid=14608","https://www.gettyimages.com/license/169635279",NA,NA,NA,NA,NA,NA,NA,NA,NA,NA,NA,NA,NA,NA,NA,NA,NA,NA,NA,NA,NA,NA,NA,NA,NA,NA,NA,NA,2013,2010,"may","Uruguay","jose mujica","Jose Mujica","Jose Mujica (2010-2015)",4,"Bilateral","Europa","Jose Alberto Mujica Cordano","Uruguay","Uruguay",2010-03-01,2015-03-01,2.5,3.1800000667572,2.35999989509583,2.91000008583069,2.35999989509583,3.35999989509583,3.91000008583069,4.09000015258789,FALSE,FALSE,FALSE,TRUE,2013,"Izquierda","Derecha","Rajoy Brey"
"2029-URY-ESP-42698","2029","Uruguay","URY","Latin America and the Caribbean","South America","Yes","GS","President","Vazquez","Tabare Vazquez","0","Spain","ESP","Europe","Southern Europe",NA,"No","No",2016,2016-11-24,2016-12-01,8,"No",NA,"Yes","King Felipe VI","No",NA,"No",NA,"No",NA,"No",NA,"No","No","No","No","No",NA,"Date of departure and return unclear based on public information available  Also met with Prime Minister Mariano Rajoy [PE-Latam 2026-08-24: Agregada a nuestra base como Trip_ID 259]","1","https://www.gettyimages.com/license/625694506","https://www.gettyimages.com/license/626249882","https://www.gettyimages.com/license/626249882","https://www.gettyimages.com/license/626404598",NA,NA,NA,NA,NA,NA,NA,NA,NA,NA,NA,NA,NA,NA,NA,NA,NA,NA,NA,NA,NA,NA,NA,NA,NA,NA,NA,NA,NA,2016,2015,"nov","Uruguay","tabare vazquez","Tabare Vazquez","Tabare Vazquez (2005-2010; 2015-2020)",2,"Bilateral","Europa","Tabaré Vázquez","Uruguay","Uruguay",2015-03-01,2020-03-01,2.83,4.16,3.66,3.66,3.16,4,4.66,4.5,FALSE,FALSE,FALSE,TRUE,2016,"Izquierda","Derecha","Rajoy Brey"
"2552-URY-SWE-40827","2552","Uruguay","URY","Latin America and the Caribbean","South America","Yes","GS","President","Mujica","Jose Mujica","0","Sweden","SWE","Europe","Northern Europe","Stockholm","No","No",2011,2011-10-12,2011-10-13,1,"No",NA,"Yes","King Carl XVI Gustaf","No",NA,"No",NA,"No",NA,"No",NA,"Yes","No","No","No","No",NA,"Date of departure and return unclear based on public information available  Also met with Prime Minister Frederick Reinfeldt  Participated in a press Conference at the Uruguayan Embassy [PE-Latam 2026-08-24: TripStartDate corregido de '2011-10-11T00:00:00' a '2011-10-12' (nuestra investigacion). Fuente: El Observador, 14-oct-2011 (ya citada en nuestra base)] [PE-Latam 2026-08-24: TripDuration corregido de '3' a '1' (nuestra investigacion). Fuente: El Observador, 14-oct-2011 (ya citada en nuestra base)]","1","https://www.gettyimages.com/license/129062867","https://www.gettyimages.com/license/129141191","https://www.gettyimages.com/license/129154587",NA,NA,NA,NA,NA,NA,NA,NA,NA,NA,NA,NA,NA,NA,NA,NA,NA,NA,NA,NA,NA,NA,NA,NA,NA,NA,NA,NA,NA,NA,2011,2010,"oct","Uruguay","jose mujica","Jose Mujica","Jose Mujica (2010-2015)",2,"Bilateral","Europa","Jose Alberto Mujica Cordano","Uruguay","Uruguay",2010-03-01,2015-03-01,2.5,3.1800000667572,2.35999989509583,2.91000008583069,2.35999989509583,3.35999989509583,3.91000008583069,4.09000015258789,FALSE,FALSE,FALSE,TRUE,2011,"Izquierda","Derecha","Reinfeldt"
"3698-URY-GBR-44703","3698","Uruguay","URY","Latin America and the Caribbean","South America","Yes","GS","President","Pou","Luis Lacalle Pou","0","United Kingdom","GBR","Europe","Northern Europe","London","No","No",2022,2022-05-21,2022-05-24,4,"No",NA,"Yes","Prime Minister Boris Johnson","No",NA,"No",NA,"No",NA,"No",NA,"No","No","No","No","No",NA,"Only one ""article"" found about this trip;Not even mentioned on twitter by Boris Johnson or Pou;Discussed free trade, democratic values and civil liberty, rising food prices, and defense [PE-Latam 2026-08-24: TripStartDate corregido de '2022-05-22T00:00:00' a '2022-05-21' (nuestra investigacion). Fuente: https://en.mercopress.com/2022/05/22/president-of-uruguay-left-for-the-uk-on-his-first-visit-to-europe-will-meet-with-prince-charles-boris-johnson] [PE-Latam 2026-08-24: TripDuration corregido de '3' a '4' (nuestra investigacion). Fuente: https://en.mercopress.com/2022/05/22/president-of-uruguay-left-for-the-uk-on-his-first-visit-to-europe-will-meet-with-prince-charles-boris-johnson]","3","https://en.mercopress.com/2022/05/22/president-of-uruguay-left-for-the-uk-on-his-first-visit-to-europe-will-meet-with-prince-charles-boris-johnson/comments","https://advance-lexis-com.du.idm.oclc.org/api/permalink/1d7933ab-1268-453f-aa9c-bb421713ec78/?context=1516831",NA,NA,NA,NA,NA,NA,NA,NA,NA,NA,NA,NA,NA,NA,NA,NA,NA,NA,NA,NA,NA,NA,NA,NA,NA,NA,NA,NA,NA,NA,NA,2022,2020,"may","Uruguay","luis lacalle pou","Luis Lacalle Pou","Luis Lacalle Pou (2020-2025)",3,"Bilateral","Europa","Luis Alberto Lacalle Pou","Uruguay","Uruguay",2020-03-01,2025-03-01,5.83,6.5,6.5,2.83,6.33,4,5,5,FALSE,FALSE,FALSE,TRUE,2022,"Derecha",NA,NA
"1383-VEN-BLR-38921","1383","Venezuela","VEN","Latin America and the Caribbean","South America","Yes","GS","President","Chavez","Hugo Chavez","0","Belarus","BLR","Europe","Eastern Europe",NA,"No","No",2006,2006-07-23,2006-07-23,1,"No",NA,"Yes","President Alyaksandr Lukashenka","No",NA,"No",NA,"No",NA,"No",NA,"No","Yes","Yes","No","No",NA,NA,"1","http://wnc.eastview.com.du.idm.oclc.org/wnc/article?id=31432063","""U.S. foes Venezuela;Belarus should form 'fighting team': Chavez."" Agence Frane Presse. 24 July 2006. LexisNexis. (21 July 2016).",NA,NA,NA,NA,NA,NA,NA,NA,NA,NA,NA,NA,NA,NA,NA,NA,NA,NA,NA,NA,NA,NA,NA,NA,NA,NA,NA,NA,NA,NA,NA,2006,2005,"jul","Venezuela","hugo chavez","Hugo Chavez","Hugo Chavez (1999-2013)",8,"Bilateral","Europa","Hugo Chavez2","Venezuela","Venezuela",2000-08-19,2007-01-10,1.62999999523163,1.75,1.87999999523163,1.62999999523163,1.62999999523163,3.5,5,3.5,FALSE,FALSE,FALSE,TRUE,2006,"Izquierda","Izquierda","Lukashenko"
"1383-VEN-BLR-39262","1383","Venezuela","VEN","Latin America and the Caribbean","South America","Yes","GS","President","Chavez","Hugo Chavez","0","Belarus","BLR","Europe","Eastern Europe",NA,"No","No",2007,2007-06-29,2007-06-30,2,"No",NA,"Yes","President Alyaksandr Lukashenka","No",NA,"No",NA,"No",NA,"No",NA,"No","No","No","No","No",NA,NA,"1","http://wnc.eastview.com/wnc/article?id=31598083","http://wnc.eastview.com/wnc/article?id=31598084",NA,NA,NA,NA,NA,NA,NA,NA,NA,NA,NA,NA,NA,NA,NA,NA,NA,NA,NA,NA,NA,NA,NA,NA,NA,NA,NA,NA,NA,NA,NA,2007,2005,"jun","Venezuela","hugo chavez","Hugo Chavez","Hugo Chavez (1999-2013)",9,"Bilateral","Europa","Hugo Chavez3","Venezuela","Venezuela",2007-01-10,2013-03-05,1.25,1.75,1.5,1.25,1.5,3.38000011444092,5,3.38000011444092,FALSE,FALSE,FALSE,TRUE,2007,"Izquierda","Izquierda","Lukashenko"
"1383-VEN-BLR-39652","1383","Venezuela","VEN","Latin America and the Caribbean","South America","Yes","GS","President","Chavez","Hugo Chavez","0","Belarus","BLR","Europe","Eastern Europe",NA,"No","No",2008,2008-07-23,2008-07-23,1,"No",NA,"Yes","President Alyaksandr Lukashenka","No",NA,"No",NA,"No",NA,"No",NA,"No","Yes","No","No","No",NA,"Met with President Alyaksandr Lukashenka in Minsk;Signed multiple oil agreements","1","https://advance-lexis-com.du.idm.oclc.org/api/permalink/7b6f98ae-4eab-4aca-94c4-cca85fbfd0a1/?context=1516831","https://advance-lexis-com.du.idm.oclc.org/api/permalink/2c021b42-a9e2-44ad-914f-812bc86175c4/?context=1516831",NA,NA,NA,NA,NA,NA,NA,NA,NA,NA,NA,NA,NA,NA,NA,NA,NA,NA,NA,NA,NA,NA,NA,NA,NA,NA,NA,NA,NA,NA,NA,2008,2005,"jul","Venezuela","hugo chavez","Hugo Chavez","Hugo Chavez (1999-2013)",10,"Bilateral","Europa","Hugo Chavez3","Venezuela","Venezuela",2007-01-10,2013-03-05,1.25,1.75,1.5,1.25,1.5,3.38000011444092,5,3.38000011444092,FALSE,FALSE,FALSE,TRUE,2008,"Izquierda","Izquierda","Lukashenko"
"1383-VEN-BLR-40064","1383","Venezuela","VEN","Latin America and the Caribbean","South America","Yes","GS","President","Chavez","Hugo Chavez","0","Belarus","BLR","Europe","Eastern Europe",NA,"No","No",2009,2009-09-08,2009-09-09,2,"No",NA,"Yes","President Alyaksandr Lukashenka","No",NA,"No",NA,"No",NA,"No",NA,"No","No","No","No","No",NA,NA,"1","http://www.lexisnexis.com.du.idm.oclc.org/lnacui2api/api/version1/getDocCui?oc=00240&hnsd=f&hgn=t&lni=4X67-VP50-00KN-61WC&hns=t&perma=true&hv=t&hl=t&csi=172244%2C379929%2C259944%2C300270%2C8406%2C141106%2C237924%2C8411%2C401949%2C8412&secondRedirectIndicator=true","http://www.lexisnexis.com.du.idm.oclc.org/lnacui2api/api/version1/getDocCui?oc=00240&hnsd=f&hgn=t&lni=4X67-VP50-00KN-61WC&hns=t&perma=true&hv=t&hl=t&csi=172244%2C379929%2C259944%2C300270%2C8406%2C141106%2C237924%2C8411%2C401949%2C8412&secondRedirectIndicator=true",NA,NA,"""CHAVEZ BACK AFTER CHEMO;AROUND THE WORLD."" The Mirror. 15 August 2011. LexisNexis. (14 August 2016).",NA,NA,NA,NA,NA,NA,NA,NA,NA,NA,NA,NA,NA,NA,NA,NA,NA,NA,NA,NA,NA,NA,NA,NA,NA,NA,NA,NA,2009,2005,"sep","Venezuela","hugo chavez","Hugo Chavez","Hugo Chavez (1999-2013)",11,"Bilateral","Europa","Hugo Chavez3","Venezuela","Venezuela",2007-01-10,2013-03-05,1.25,1.75,1.5,1.25,1.5,3.38000011444092,5,3.38000011444092,FALSE,FALSE,FALSE,TRUE,2009,"Izquierda","Izquierda","Lukashenko"
"1383-VEN-BLR-40467","1383","Venezuela","VEN","Latin America and the Caribbean","South America","Yes","GS","President","Chavez","Hugo Chavez","0","Belarus","BLR","Europe","Eastern Europe",NA,"No","No",2010,2010-10-16,2010-10-17,2,"No",NA,"Yes","President Alyaksandr Lukashenka","No",NA,"No",NA,"No",NA,"No",NA,"No","Yes","No","No","No",NA,"[PE-Latam 2026-09-05: revisado, CityVisited queda No_verificable --]","1","""Interfax Russia & CIS Oil and Gas Weekly"" Russia & CIS Oil and Gas Weekly 20 October 2010 LexisNexis (11 August 2016)","""Belarus firms Venezuela oil supply accord."" Platts Oilgram Price Report. 19 October 2010. LexisNexis. (11 August 2016).","""Chavez pledges oil to Belarus for 200 years."" Associated Press Financial Wire. 16 October 2010. LexisNexis. (12 August 2016).","http://www.lexisnexis.com.du.idm.oclc.org/lnacui2api/api/version1/getDocCui?oc=00240&hnsd=f&hgn=t&lni=51B1-BX71-JC8F-V537&hns=t&perma=true&hv=t&hl=t&csi=172244%2C379929%2C259944%2C300270%2C8406%2C141106%2C237924%2C8411%2C401949%2C8412&secondRedirectIndicator=true",NA,NA,NA,NA,NA,NA,NA,NA,NA,NA,NA,NA,NA,NA,NA,NA,NA,NA,NA,NA,NA,NA,NA,NA,NA,NA,NA,NA,NA,2010,2010,"oct","Venezuela","hugo chavez","Hugo Chavez","Hugo Chavez (1999-2013)",12,"Bilateral","Europa","Hugo Chavez3","Venezuela","Venezuela",2007-01-10,2013-03-05,1.25,1.75,1.5,1.25,1.5,3.38000011444092,5,3.38000011444092,FALSE,FALSE,FALSE,TRUE,2010,"Izquierda","Izquierda","Lukashenko"
"898-VEN-BEL-35871","898","Venezuela","VEN","Latin America and the Caribbean","South America","Yes","GS","President","Caldera","Rafael Caldera","0","Belgium","BEL","Europe","Western Europe",NA,"No","No",1998,1998-03-17,1998-03-17,1,"No",NA,"Yes","Prime Minister Jean Luc Dehaene","No",NA,"No",NA,"No",NA,"No",NA,"Yes","No","No","No","Yes","European Commission (EC) President Jacques Santer",NA,"1","http://www.lexisnexis.com/lnacui2api/results/docview/docview.do?docLinkInd=true&risb=21_T24278222240&format=GNBFI&sort=RELEVANCE&startDocno=1&resultsUrlKey=29_T24278222244&cisb=22_T24278222243&treeMax=true&treeWidth=0&csi=160586&docno=2","http://www.lexisnexis.com/lnacui2api/results/docview/docview.do?docLinkInd=true&risb=21_T24278330513&format=GNBFI&sort=RELEVANCE&startDocno=1&resultsUrlKey=29_T24278330517&cisb=22_T24278330516&treeMax=true&treeWidth=0&csi=10903&docno=11",NA,NA,NA,NA,NA,NA,NA,NA,NA,NA,NA,NA,NA,NA,NA,NA,NA,NA,NA,NA,NA,NA,NA,NA,NA,NA,NA,NA,NA,NA,NA,1998,1995,"mar","Venezuela","rafael caldera","Rafael Caldera","Rafael Caldera (1994-1999)",5,"Bilateral","Europa","Rafael Antonio Caldera Rodriguez","Venezuela","Venezuela",1994-02-02,1999-02-02,4.13000011444092,4.38000011444092,4.38000011444092,4.13000011444092,4.75,3.75,3.5,3.75,FALSE,FALSE,FALSE,TRUE,1998,"Centro","Centro","Dehaene"
"898-VEN-FRA-35874","898","Venezuela","VEN","Latin America and the Caribbean","South America","Yes","GS","President","Caldera","Rafael Caldera","0","France","FRA","Europe","Western Europe","Paris","No","No",1998,1998-03-20,1998-03-21,2,"No",NA,"Yes","President Jacques Chirac","No",NA,"No",NA,"No",NA,"No",NA,"No","No","No","No","No",NA,"Prime Minsiter Lionel Jospin also participated in Meetings/discussion. [PE-Latam 2026-09-05: CityVisited corregido de '' a 'Paris'. Fuente: https://es.wikipedia.org/wiki/Anexo:Viajes_internacionales_del_presidente_Rafael_Caldera]","1","http://www.lexisnexis.com/lnacui2api/results/docview/docview.do?docLinkInd=true&risb=21_T24278439043&format=GNBFI&sort=RELEVANCE&startDocno=1&resultsUrlKey=29_T24278439047&cisb=22_T24278439046&treeMax=true&treeWidth=0&csi=10903&docno=11","http://www.lexisnexis.com/lnacui2api/results/docview/docview.do?docLinkInd=true&risb=21_T24278507796&format=GNBFI&sort=RELEVANCE&startDocno=1&resultsUrlKey=29_T24278543200&cisb=22_T24278507799&treeMax=true&treeWidth=0&csi=10903&docno=11",NA,NA,NA,NA,NA,NA,NA,NA,NA,NA,NA,NA,NA,NA,NA,NA,NA,NA,NA,NA,NA,NA,NA,NA,NA,NA,NA,NA,NA,NA,NA,1998,1995,"mar","Venezuela","rafael caldera","Rafael Caldera","Rafael Caldera (1994-1999)",5,"Bilateral","Europa","Rafael Antonio Caldera Rodriguez","Venezuela","Venezuela",1994-02-02,1999-02-02,4.13000011444092,4.38000011444092,4.38000011444092,4.13000011444092,4.75,3.75,3.5,3.75,FALSE,FALSE,FALSE,TRUE,1998,"Centro","Derecha","Chirac"
"1383-VEN-FRA-36459","1383","Venezuela","VEN","Latin America and the Caribbean","South America","Yes","GS","President","Chavez","Hugo Chavez","0","France","FRA","Europe","Western Europe",NA,"No","No",1999,1999-10-26,1999-10-28,3,"No",NA,"Yes","President Jacques Chirac","No",NA,"No",NA,"No",NA,"No",NA,"No","No","No","Yes","No",NA,"[PE-Latam 2026-09-05: NameMultilatEvent corregido de 'Shanghai Cooperation Organization (SCO) Summit' a ''. Fuente: Search Query: ""Shanghai Cooperation Organization founding date June 2001""] [PE-Latam 2026-09-05: AttendedMultilatEvent corregido de 'Yes' a 'No'. Fuente: Search Query: ""Shanghai Cooperation Organization founding date June 2001""] [PE-Latam 2026-09-05: revisado, CountryVisited / HostHOGSName queda No_verificable --]","2","""Venezuelan President arrives in Madrid for two-day visit."" The Associated Press. 4 October 1999. Lexis Nexis. (28 June 2016).","""Venezuelan President attacks globalization."" Associated Press International. 26 October 1999. LexisNexis. (28 June 2016).","""Chavez defends Venezuela reform;optimistic on investment."" Associated Press International.  28 October 1999. LexisNexis. (28 June 2016).","""Venezuelan President ends foreign visit."" Xinhua News Agency. 28 October 1999. LexisNexis. (28 June 2016).",NA,NA,NA,NA,NA,NA,NA,NA,NA,NA,NA,NA,NA,NA,NA,NA,NA,NA,NA,NA,NA,NA,NA,NA,NA,NA,NA,NA,NA,1999,1995,"oct","Venezuela","hugo chavez","Hugo Chavez","Hugo Chavez (1999-2013)",1,"Bilateral","Europa","Hugo Chavez1","Venezuela","Venezuela",1999-02-02,2000-08-19,2.13000011444092,1.75,1.87999999523163,1.75,1.87999999523163,3.5,4.88000011444092,3.5,FALSE,FALSE,FALSE,TRUE,1999,"Izquierda","Derecha","Chirac"
"1383-VEN-FRA-37173","1383","Venezuela","VEN","Latin America and the Caribbean","South America","Yes","GS","President","Chavez","Hugo Chavez","0","France","FRA","Europe","Western Europe",NA,"No","No",2001,2001-10-09,2001-10-11,3,"No",NA,"Yes","President Jacques Chirac","No",NA,"No",NA,"No",NA,"No",NA,"No","No","No","No","No",NA,NA,"1","""Venezuela;France Sign 2 Cooperation Agreements."" Xinhua General News Services. 10 October 2001. LexisNexis. (8 July 2016).","""Venezuela's Chavez to visit Algeria in this month."" Associated Press International. 1 October 2001. LexisNexis. (8 July 2016).",NA,NA,NA,NA,NA,NA,NA,NA,NA,NA,NA,NA,NA,NA,NA,NA,NA,NA,NA,NA,NA,NA,NA,NA,NA,NA,NA,NA,NA,NA,NA,2001,2000,"oct","Venezuela","hugo chavez","Hugo Chavez","Hugo Chavez (1999-2013)",3,"Bilateral","Europa","Hugo Chavez2","Venezuela","Venezuela",2000-08-19,2007-01-10,1.62999999523163,1.75,1.87999999523163,1.62999999523163,1.62999999523163,3.5,5,3.5,FALSE,FALSE,FALSE,TRUE,2001,"Izquierda","Derecha","Chirac"
"1383-VEN-FRA-37544","1383","Venezuela","VEN","Latin America and the Caribbean","South America","Yes","GS","President","Chavez","Hugo Chavez","0","France","FRA","Europe","Western Europe",NA,"No","No",2002,2002-10-15,2002-10-15,1,"No",NA,"Yes","President Jacques Chirac","No",NA,"No",NA,"No",NA,"No",NA,"No","No","No","Yes","No",NA,"President Hugo Chavez met with French oil company investors including the President of Totalfina Elf. [PE-Latam 2026-09-05: revisado, BusinessLeaderOrForum / Notes queda No_verificable --]","1","""Chirac calls for dialogue to solve Venezuela crisis."" Agence France Presse. 16 October 2002. LexisNexis. (12 July 2016).",NA,NA,NA,NA,NA,NA,NA,NA,NA,NA,NA,NA,NA,NA,NA,NA,NA,NA,NA,NA,NA,NA,NA,NA,NA,NA,NA,NA,NA,NA,NA,NA,2002,2000,"oct","Venezuela","hugo chavez","Hugo Chavez","Hugo Chavez (1999-2013)",4,"Bilateral","Europa","Hugo Chavez2","Venezuela","Venezuela",2000-08-19,2007-01-10,1.62999999523163,1.75,1.87999999523163,1.62999999523163,1.62999999523163,3.5,5,3.5,FALSE,FALSE,FALSE,TRUE,2002,"Izquierda","Derecha","Chirac"
"1383-VEN-FRA-38420","1383","Venezuela","VEN","Latin America and the Caribbean","South America","Yes","GS","President","Chavez","Hugo Chavez","0","France","FRA","Europe","Western Europe",NA,"No","No",2005,2005-03-09,2005-03-10,2,"No",NA,"Yes","President Jacques Chirac","No",NA,"No",NA,"No",NA,"No",NA,"No","Yes","No","Yes","No",NA,NA,"1","http://search.proquest.com/usnews/docview/466062694/3611B1C558EA4D78PQ/1?accountid=14608","http://search.proquest.com/usnews/docview/198373481/BCE2193CEF004BE5PQ/3?accountid=14608","""Venezuela OKs French Oil Firm's Project."" Associated Press Online. 9 March 2005. LexisNexis. (19 July 2016).","http://www.lexisnexis.com/lnacui2api/api/version1/getDocCui?oc=00240&hnsd=f&hgn=t&lni=4FNV-1RH0-TWPY-J2FG&hns=t&perma=true&hv=t&hl=t&csi=172244%2C379929%2C259944%2C300270%2C8406%2C141106%2C237924%2C8411%2C401949%2C8412&secondRedirectIndicator=true",NA,NA,NA,NA,NA,NA,NA,NA,NA,NA,NA,NA,NA,NA,NA,NA,NA,NA,NA,NA,NA,NA,NA,NA,NA,NA,NA,NA,NA,2005,2005,"mar","Venezuela","hugo chavez","Hugo Chavez","Hugo Chavez (1999-2013)",7,"Bilateral","Europa","Hugo Chavez2","Venezuela","Venezuela",2000-08-19,2007-01-10,1.62999999523163,1.75,1.87999999523163,1.62999999523163,1.62999999523163,3.5,5,3.5,FALSE,FALSE,FALSE,TRUE,2005,"Izquierda","Derecha","Chirac"
"1383-VEN-FRA-38644","1383","Venezuela","VEN","Latin America and the Caribbean","South America","Yes","GS","President","Chavez","Hugo Chavez","0","France","FRA","Europe","Western Europe",NA,"No","No",2005,2005-10-19,2005-10-20,2,"No",NA,"Yes","President Jacques Chirac","No",NA,"No",NA,"No",NA,"No",NA,"No","No","No","No","No",NA,NA,"1","""France and Venezuela affirm ""common vision"";deeper ties"" Agence France Presse 19 October 2005 LexisNexis (20 July 2016)",NA,NA,NA,"http://wnc.eastview.com/wnc/article?id=32756985",NA,NA,NA,NA,NA,NA,NA,NA,NA,NA,NA,NA,NA,NA,NA,NA,NA,NA,NA,NA,NA,NA,NA,NA,NA,NA,NA,NA,2005,2005,"oct","Venezuela","hugo chavez","Hugo Chavez","Hugo Chavez (1999-2013)",7,"Bilateral","Europa","Hugo Chavez2","Venezuela","Venezuela",2000-08-19,2007-01-10,1.62999999523163,1.75,1.87999999523163,1.62999999523163,1.62999999523163,3.5,5,3.5,FALSE,FALSE,FALSE,TRUE,2005,"Izquierda","Derecha","Chirac"
"1383-VEN-FRA-39405","1383","Venezuela","VEN","Latin America and the Caribbean","South America","Yes","GS","President","Chavez","Hugo Chavez","0","France","FRA","Europe","Western Europe",NA,"No","No",2007,2007-11-19,2007-11-20,2,"No",NA,"Yes","President Nicolas Sarkozy","No",NA,"No",NA,"No",NA,"No",NA,"No","No","No","No","No",NA,NA,"1","http://www.lexisnexis.com.du.idm.oclc.org/lnacui2api/api/version1/getDocCui?oc=00240&hnsd=f&hgn=t&lni=4R5R-46F0-TX25-20Y3&hns=t&perma=true&hv=t&hl=t&csi=172244%2C379929%2C259944%2C300270%2C8406%2C141106%2C237924%2C8411%2C401949%2C8412&secondRedirectIndicator=true",NA,NA,NA,NA,NA,NA,NA,NA,NA,NA,NA,NA,NA,NA,NA,NA,NA,NA,NA,NA,NA,NA,NA,NA,NA,NA,NA,NA,NA,NA,NA,NA,2007,2005,"nov","Venezuela","hugo chavez","Hugo Chavez","Hugo Chavez (1999-2013)",9,"Bilateral","Europa","Hugo Chavez3","Venezuela","Venezuela",2007-01-10,2013-03-05,1.25,1.75,1.5,1.25,1.5,3.38000011444092,5,3.38000011444092,FALSE,FALSE,FALSE,TRUE,2007,"Izquierda","Derecha","Sarkozy"
"1383-VEN-FRA-39717","1383","Venezuela","VEN","Latin America and the Caribbean","South America","Yes","GS","President","Chavez","Hugo Chavez","0","France","FRA","Europe","Western Europe",NA,"No","No",2008,2008-09-26,2008-09-26,1,"No",NA,"Yes","President Nicolas Sarkozy","No",NA,"No",NA,"No",NA,"No",NA,"No","No","No","No","No",NA,NA,"1","http://wnc.eastview.com/wnc/article?id=31558367",NA,NA,NA,NA,NA,NA,NA,NA,NA,NA,NA,NA,NA,NA,NA,NA,NA,NA,NA,NA,NA,NA,NA,NA,NA,NA,NA,NA,NA,NA,NA,NA,2008,2005,"sep","Venezuela","hugo chavez","Hugo Chavez","Hugo Chavez (1999-2013)",10,"Bilateral","Europa","Hugo Chavez3","Venezuela","Venezuela",2007-01-10,2013-03-05,1.25,1.75,1.5,1.25,1.5,3.38000011444092,5,3.38000011444092,FALSE,FALSE,FALSE,TRUE,2008,"Izquierda","Derecha","Sarkozy"
"2179-VEN-FRA-41444","2179","Venezuela","VEN","Latin America and the Caribbean","South America","Yes","GS","President","Maduro","Nicolas Maduro","0","France","FRA","Europe","Western Europe",NA,"No","No",2013,2013-06-19,2013-06-19,1,"No",NA,"Yes","President Francois Hollande","No",NA,"No",NA,"No",NA,"No",NA,"No","No","No","No","No",NA,NA,"1","""Venezuelan president hails Europe tour as success on boosting ties."" Xinhua General News Service. 20 June 2013. LexisNexis. (16 August 2016).",NA,NA,NA,NA,NA,NA,NA,NA,NA,NA,NA,NA,NA,NA,NA,NA,NA,NA,NA,NA,NA,NA,NA,NA,NA,NA,NA,NA,NA,NA,NA,NA,2013,2010,"jun","Venezuela","nicolas maduro","Nicolas Maduro","Nicolas Maduro (2013-2026)",1,"Bilateral","Europa","Nicolas Maduro Moros","Venezuela","Venezuela",2013-04-19,2019-01-10,1.37999999523163,1.75,1.5,1.12999999523163,1.5,3.5,4.25,2.63000011444092,FALSE,FALSE,FALSE,TRUE,2013,"Izquierda","Izquierda","Hollande"
"898-VEN-DEU-35872","898","Venezuela","VEN","Latin America and the Caribbean","South America","Yes","GS","President","Caldera","Rafael Caldera","0","Germany","DEU","Europe","Western Europe",NA,"No","No",1998,1998-03-18,1998-03-19,2,"No",NA,"Yes","Chancellor Helmut Kohl","No",NA,"No",NA,"No",NA,"No",NA,"No","No","No","No","No",NA,"President Roman Herzog also participated in discussions","1","http://www.lexisnexis.com/lnacui2api/results/docview/docview.do?docLinkInd=true&risb=21_T24278330513&format=GNBFI&sort=RELEVANCE&startDocno=1&resultsUrlKey=29_T24278330517&cisb=22_T24278330516&treeMax=true&treeWidth=0&csi=10903&docno=11","http://www.lexisnexis.com/lnacui2api/results/docview/docview.do?docLinkInd=true&risb=21_T24278439043&format=GNBFI&sort=RELEVANCE&startDocno=1&resultsUrlKey=29_T24278439047&cisb=22_T24278439046&treeMax=true&treeWidth=0&csi=10903&docno=11",NA,NA,NA,NA,NA,NA,NA,NA,NA,NA,NA,NA,NA,NA,NA,NA,NA,NA,NA,NA,NA,NA,NA,NA,NA,NA,NA,NA,NA,NA,NA,1998,1995,"mar","Venezuela","rafael caldera","Rafael Caldera","Rafael Caldera (1994-1999)",5,"Bilateral","Europa","Rafael Antonio Caldera Rodriguez","Venezuela","Venezuela",1994-02-02,1999-02-02,4.13000011444092,4.38000011444092,4.38000011444092,4.13000011444092,4.75,3.75,3.5,3.75,FALSE,FALSE,FALSE,TRUE,1998,"Centro","Izquierda","Schroder"
"898-VEN-VAT-34824","898","Venezuela","VEN","Latin America and the Caribbean","South America","Yes","GS","President","Caldera","Rafael Caldera","0","Holy See","VAT","Europe","Southern Europe","Vatican City","No","No",1995,1995-05-05,1995-05-06,2,"No",NA,"Yes","Pope John Paul II","No",NA,"No",NA,"No",NA,"No",NA,"No","No","Yes","No","No",NA,"President Rafael Caldera was in Rome and the Vatican for the beatification ceremony of a Venezuelan nun [PE-Latam 2026-09-05: CityVisited corregido de '' a 'Vatican City'. Fuente: Search Query: Rafael Caldera Vaticano beatificación María de San José mayo 1995] [PE-Latam 2026-09-05: revisado, TripStartDate/TripEndDate queda No_verificable --]","2","http://www.upi.com/Archives/1995/05/04/Venezuelan-president-visits-Italy/5210799560000/",NA,NA,NA,"""World's biggest NGO Conference closes in Seoul."" Agence France Presse. 15 October 1999. LexisNexis. (28 June 2016).",NA,NA,NA,NA,NA,NA,NA,NA,NA,NA,NA,NA,NA,NA,NA,NA,NA,NA,NA,NA,NA,NA,NA,NA,NA,NA,NA,NA,1995,1995,"may","Venezuela","rafael caldera","Rafael Caldera","Rafael Caldera (1994-1999)",2,"Bilateral","Europa","Rafael Antonio Caldera Rodriguez","Venezuela","Venezuela",1994-02-02,1999-02-02,4.13000011444092,4.38000011444092,4.38000011444092,4.13000011444092,4.75,3.75,3.5,3.75,FALSE,FALSE,FALSE,TRUE,1995,"Centro",NA,NA
"1383-VEN-VAT-38847","1383","Venezuela","VEN","Latin America and the Caribbean","South America","Yes","GS","President","Chavez","Hugo Chavez","0","Holy See","VAT","Europe","Southern Europe",NA,"No","No",2006,2006-05-10,2006-05-11,2,"No",NA,"Yes","Pope Benedict XVI","No",NA,"No",NA,"No",NA,"No",NA,"No","No","No","No","No",NA,NA,"1","""Venezuelan president meets Italian leftist official;plans to meet pope."" Associated Press International. 10 May 2006. LexisNexis. (21 July 2016).","http://www.lexisnexis.com/lnacui2api/api/version1/getDocCui?oc=00240&hnsd=f&hgn=t&lni=4JXW-01M0-TW8Y-S1PW&hns=t&perma=true&hv=t&hl=t&csi=172244%2C379929%2C259944%2C300270%2C8406%2C141106%2C237924%2C8411%2C401949%2C8412&secondRedirectIndicator=true",NA,NA,NA,NA,NA,NA,NA,NA,NA,NA,NA,NA,NA,NA,NA,NA,NA,NA,NA,NA,NA,NA,NA,NA,NA,NA,NA,NA,NA,NA,NA,2006,2005,"may","Venezuela","hugo chavez","Hugo Chavez","Hugo Chavez (1999-2013)",8,"Bilateral","Europa","Hugo Chavez2","Venezuela","Venezuela",2000-08-19,2007-01-10,1.62999999523163,1.75,1.87999999523163,1.62999999523163,1.62999999523163,3.5,5,3.5,FALSE,FALSE,FALSE,TRUE,2006,"Izquierda",NA,NA
"2179-VEN-VAT-41442","2179","Venezuela","VEN","Latin America and the Caribbean","South America","Yes","GS","President","Maduro","Nicolas Maduro","0","Holy See","VAT","Europe","Southern Europe",NA,"No","No",2013,2013-06-17,2013-06-17,1,"No",NA,"Yes","Pope Francis","No",NA,"No",NA,"No",NA,"No",NA,"No","No","No","No","No",NA,NA,"1","http://www.lexisnexis.com.du.idm.oclc.org/lnacui2api/api/version1/getDocCui?oc=00240&hnsd=f&hgn=t&lni=58P2-5HK1-DYNS-30DM&hns=t&perma=true&hv=t&hl=t&csi=172244%2C379929%2C259944%2C300270%2C8406%2C141106%2C237924%2C8411%2C401949%2C8412&secondRedirectIndicator=true","http://www.lexisnexis.com.du.idm.oclc.org/lnacui2api/api/version1/getDocCui?oc=00240&hnsd=f&hgn=t&lni=58P3-6N11-DYWN-Y00B&hns=t&perma=true&hv=t&hl=t&csi=172244%2C379929%2C259944%2C300270%2C8406%2C141106%2C237924%2C8411%2C401949%2C8412&secondRedirectIndicator=true",NA,NA,NA,NA,NA,NA,NA,NA,NA,NA,NA,NA,NA,NA,NA,NA,NA,NA,NA,NA,NA,NA,NA,NA,NA,NA,NA,NA,NA,NA,NA,2013,2010,"jun","Venezuela","nicolas maduro","Nicolas Maduro","Nicolas Maduro (2013-2026)",1,"Bilateral","Europa","Nicolas Maduro Moros","Venezuela","Venezuela",2013-04-19,2019-01-10,1.37999999523163,1.75,1.5,1.12999999523163,1.5,3.5,4.25,2.63000011444092,FALSE,FALSE,FALSE,TRUE,2013,"Izquierda",NA,NA
"898-VEN-ITA-34823","898","Venezuela","VEN","Latin America and the Caribbean","South America","Yes","GS","President","Caldera","Rafael Caldera","0","Italy","ITA","Europe","Southern Europe",NA,"No","No",1995,1995-05-04,1995-05-05,2,"No",NA,"Yes","President Oscar Luigi Scalfaro","No",NA,"No",NA,"No",NA,"No",NA,"No","No","No","No","No",NA,"His itinerary listed he was scheduled to meet with the President of the International Fund for Agricultural Development (IFAD).","2","http://www.upi.com/Archives/1995/05/04/Venezuelan-president-visits-Italy/5210799560000/","http://docs.newsbank.com.du.idm.oclc.org/openurl?ctx_ver=z39.88-2004&rft_id=info:sid/iw.newsbank.com:FBISX&rft_val_format=info:ofi/fmt:kev:mtx:ctx&rft_dat=12384F6C2B74ADF8&svc_dat=HistArchive:fbisdoc&req_dat=756A2F2418E841258B15CB5C2C5A3A92","""Pope Beatifies First Venezuelan AP Photo Available."" Associated Press Worldstream. 7 May 1995. LexisNexis. (22 August 2016).","http://docs.newsbank.com.du.idm.oclc.org/openurl?ctx_ver=z39.88-2004&rft_id=info:sid/iw.newsbank.com:FBISX&rft_val_format=info:ofi/fmt:kev:mtx:ctx&rft_dat=1218012F6F3232F8&svc_dat=HistArchive:fbisdoc&req_dat=756A2F2418E841258B15CB5C2C5A3A92",NA,NA,NA,NA,NA,NA,NA,NA,NA,NA,NA,NA,NA,NA,NA,NA,NA,NA,NA,NA,NA,NA,NA,NA,NA,NA,NA,NA,NA,1995,1995,"may","Venezuela","rafael caldera","Rafael Caldera","Rafael Caldera (1994-1999)",2,"Bilateral","Europa","Rafael Antonio Caldera Rodriguez","Venezuela","Venezuela",1994-02-02,1999-02-02,4.13000011444092,4.38000011444092,4.38000011444092,4.13000011444092,4.75,3.75,3.5,3.75,FALSE,FALSE,FALSE,TRUE,1995,"Centro","Derecha","Dini"
"1383-VEN-ITA-37176","1383","Venezuela","VEN","Latin America and the Caribbean","South America","Yes","GS","President","Chavez","Hugo Chavez","0","Italy","ITA","Europe","Southern Europe",NA,"No","No",2001,2001-10-12,2001-10-12,1,"No",NA,"Yes","Prime Minister Silvio Berlusconi","No",NA,"No",NA,"No",NA,"Yes","Pope John Paul II","No","No","No","No","No",NA,NA,"1","""Pope;Chavez agree on need to reject 'scourge of terrorism' With."" Associated Press International. 12 October 2001. LexisNexis. (8 July 2016).",NA,NA,NA,NA,NA,NA,NA,NA,NA,NA,NA,NA,NA,NA,NA,NA,NA,NA,NA,NA,NA,NA,NA,NA,NA,NA,NA,NA,NA,NA,NA,NA,2001,2000,"oct","Venezuela","hugo chavez","Hugo Chavez","Hugo Chavez (1999-2013)",3,"Bilateral","Europa","Hugo Chavez2","Venezuela","Venezuela",2000-08-19,2007-01-10,1.62999999523163,1.75,1.87999999523163,1.62999999523163,1.62999999523163,3.5,5,3.5,FALSE,FALSE,FALSE,TRUE,2001,"Izquierda","Derecha","Berlusconi"
"898-VEN-NLD-35869","898","Venezuela","VEN","Latin America and the Caribbean","South America","Yes","GS","President","Caldera","Rafael Caldera","0","Netherlands","NLD","Europe","Western Europe",NA,"No","No",1998,1998-03-15,1998-03-17,3,"No",NA,"Yes","Prime Minister Wim Kok","No",NA,"No",NA,"No",NA,"No",NA,"No","No","No","No","No",NA,"Queen Beatrix also present","1","http://www.lexisnexis.com/lnacui2api/results/docview/docview.do?docLinkInd=true&risb=21_T24278159000&format=GNBFI&sort=RELEVANCE&startDocno=1&resultsUrlKey=29_T24278159004&cisb=22_T24278159003&treeMax=true&treeWidth=0&csi=138211&docno=1","http://www.lexisnexis.com/lnacui2api/results/docview/docview.do?docLinkInd=true&risb=21_T24278222240&format=GNBFI&sort=RELEVANCE&startDocno=1&resultsUrlKey=29_T24278222244&cisb=22_T24278222243&treeMax=true&treeWidth=0&csi=138211&docno=1","http://www.lexisnexis.com/lnacui2api/results/docview/docview.do?docLinkInd=true&risb=21_T24278222240&format=GNBFI&sort=RELEVANCE&startDocno=1&resultsUrlKey=29_T24278222244&cisb=22_T24278222243&treeMax=true&treeWidth=0&csi=138211&docno=1",NA,NA,NA,NA,NA,NA,NA,NA,NA,NA,NA,NA,NA,NA,NA,NA,NA,NA,NA,NA,NA,NA,NA,NA,NA,NA,NA,NA,NA,NA,1998,1995,"mar","Venezuela","rafael caldera","Rafael Caldera","Rafael Caldera (1994-1999)",5,"Bilateral","Europa","Rafael Antonio Caldera Rodriguez","Venezuela","Venezuela",1994-02-02,1999-02-02,4.13000011444092,4.38000011444092,4.38000011444092,4.13000011444092,4.75,3.75,3.5,3.75,FALSE,FALSE,FALSE,TRUE,1998,"Centro","Izquierda","Kok"
"1383-VEN-NOR-37547","1383","Venezuela","VEN","Latin America and the Caribbean","South America","Yes","GS","President","Chavez","Hugo Chavez","0","Norway","NOR","Europe","Northern Europe",NA,"No","No",2002,2002-10-18,2002-10-18,1,"No",NA,"Yes","Prime Minister Kjell Magne Bondevik","No",NA,"No",NA,"No",NA,"No",NA,"No","No","No","No","No",NA,NA,"1","""Venezuelan President says no oil production hike planned."" Associated Press International. 18 October 2002. LexisNexis. (12 July 2016).",NA,NA,NA,NA,NA,NA,NA,NA,NA,NA,NA,NA,NA,NA,NA,NA,NA,NA,NA,NA,NA,NA,NA,NA,NA,NA,NA,NA,NA,NA,NA,NA,2002,2000,"oct","Venezuela","hugo chavez","Hugo Chavez","Hugo Chavez (1999-2013)",4,"Bilateral","Europa","Hugo Chavez2","Venezuela","Venezuela",2000-08-19,2007-01-10,1.62999999523163,1.75,1.87999999523163,1.62999999523163,1.62999999523163,3.5,5,3.5,FALSE,FALSE,FALSE,TRUE,2002,"Izquierda","Derecha","Bondevik"
"1383-VEN-PRT-37181","1383","Venezuela","VEN","Latin America and the Caribbean","South America","Yes","GS","President","Chavez","Hugo Chavez","0","Portugal","PRT","Europe","Southern Europe",NA,"No","No",2001,2001-10-17,2001-10-19,3,"No",NA,"Yes","Prime Minister Antonio Guterres","No",NA,"No",NA,"No",NA,"No",NA,"No","No","No","No","No",NA,"[PE-Latam 2026-09-05: revisado, TripStartDate / TripEndDate queda No_verificable --]","1","http://search.proquest.com/usnews/docview/453640318/90C09177EF0D4A21PQ/4?accountid=14608","Portugal backs Venezuelan goal of more South American trade with Europe. Associated Press International. 18 October 2001. LexisNexis. (8 July 2016).",NA,NA,NA,NA,NA,NA,NA,NA,NA,NA,NA,NA,NA,NA,NA,NA,NA,NA,NA,NA,NA,NA,NA,NA,NA,NA,NA,NA,NA,NA,NA,2001,2000,"oct","Venezuela","hugo chavez","Hugo Chavez","Hugo Chavez (1999-2013)",3,"Bilateral","Europa","Hugo Chavez2","Venezuela","Venezuela",2000-08-19,2007-01-10,1.62999999523163,1.75,1.87999999523163,1.62999999523163,1.62999999523163,3.5,5,3.5,FALSE,FALSE,FALSE,TRUE,2001,"Izquierda","Izquierda","Sampaio"
"1383-VEN-PRT-38921","1383","Venezuela","VEN","Latin America and the Caribbean","South America","Yes","GS","President","Chavez","Hugo Chavez","0","Portugal","PRT","Europe","Southern Europe",NA,"No","No",2006,2006-07-23,2006-07-23,1,"No",NA,"Yes","Prime Minister Jose Socrates","No",NA,"No",NA,"No",NA,"No",NA,"No","No","No","No","No",NA,NA,"1","http://wnc.eastview.com.du.idm.oclc.org/wnc/article?id=31579154","""Venezuela's Chavez Hails Belarus Leader."" Associated Press Online. 24 July 2006. LexisNexis. (21 July 2016).",NA,NA,NA,NA,NA,NA,NA,NA,NA,NA,NA,NA,NA,NA,NA,NA,NA,NA,NA,NA,NA,NA,NA,NA,NA,NA,NA,NA,NA,NA,NA,2006,2005,"jul","Venezuela","hugo chavez","Hugo Chavez","Hugo Chavez (1999-2013)",8,"Bilateral","Europa","Hugo Chavez2","Venezuela","Venezuela",2000-08-19,2007-01-10,1.62999999523163,1.75,1.87999999523163,1.62999999523163,1.62999999523163,3.5,5,3.5,FALSE,FALSE,FALSE,TRUE,2006,"Izquierda","Derecha","Cavaco Silva"
"1383-VEN-PRT-39652","1383","Venezuela","VEN","Latin America and the Caribbean","South America","Yes","GS","President","Chavez","Hugo Chavez","0","Portugal","PRT","Europe","Southern Europe",NA,"No","No",2008,2008-07-23,2008-07-24,2,"No",NA,"Yes","Prime Minister Jose Socrates","No",NA,"No",NA,"No",NA,"No",NA,"No","Yes","Yes","No","No",NA,"[PE-Latam 2026-09-05: revisado, TripStartDate queda No_verificable --]","1","""Report: Venezuela's Chavez supports stable oil price at $100 a barrel."" Associated Press International. 24 July 2008. LexisNexis. (1 August 2016).","""Venezuelan president denies reports on pledge to harbor Russian military bases."" Xinhua General News Service. 23 July 2008. LexisNexis. (1 August 2016).","""Venezuelan president arrives in Portugal."" BBC. 23 July 2008. LexisNexis. (1 August 2016).",NA,NA,NA,NA,NA,NA,NA,NA,NA,NA,NA,NA,NA,NA,NA,NA,NA,NA,NA,NA,NA,NA,NA,NA,NA,NA,NA,NA,NA,NA,2008,2005,"jul","Venezuela","hugo chavez","Hugo Chavez","Hugo Chavez (1999-2013)",10,"Bilateral","Europa","Hugo Chavez3","Venezuela","Venezuela",2007-01-10,2013-03-05,1.25,1.75,1.5,1.25,1.5,3.38000011444092,5,3.38000011444092,FALSE,FALSE,FALSE,TRUE,2008,"Izquierda","Derecha","Cavaco Silva"
"1383-VEN-PRT-39718","1383","Venezuela","VEN","Latin America and the Caribbean","South America","Yes","GS","President","Chavez","Hugo Chavez","0","Portugal","PRT","Europe","Southern Europe",NA,"No","No",2008,2008-09-27,2008-09-27,1,"No",NA,"Yes","Prime Minister Jose Socrates","No",NA,"No",NA,"No",NA,"No",NA,"No","Yes","No","No","No",NA,NA,"1","http://wnc.eastview.com/wnc/article?id=31558367","http://wnc.eastview.com/wnc/article?id=31561549",NA,NA,NA,NA,NA,NA,NA,NA,NA,NA,NA,NA,NA,NA,NA,NA,NA,NA,NA,NA,NA,NA,NA,NA,NA,NA,NA,NA,NA,NA,NA,2008,2005,"sep","Venezuela","hugo chavez","Hugo Chavez","Hugo Chavez (1999-2013)",10,"Bilateral","Europa","Hugo Chavez3","Venezuela","Venezuela",2007-01-10,2013-03-05,1.25,1.75,1.5,1.25,1.5,3.38000011444092,5,3.38000011444092,FALSE,FALSE,FALSE,TRUE,2008,"Izquierda","Derecha","Cavaco Silva"
"1383-VEN-PRT-40474","1383","Venezuela","VEN","Latin America and the Caribbean","South America","Yes","GS","President","Chavez","Hugo Chavez","0","Portugal","PRT","Europe","Southern Europe","Porto","No","No",2010,2010-10-24,2010-10-24,1,"No",NA,"Yes","Prime Minister Jose Socrates","No",NA,"No",NA,"No",NA,"No",NA,"No","Yes","No","No","No",NA,"[PE-Latam 2026-09-05: CityVisited corregido de '' a 'Porto'. Fuente: infobae.com, 'Chávez termina su gira internacional en Portugal'] [PE-Latam 2026-09-05: TripStartDate corregido de '2010-10-23' a '2010-10-24'. Fuente: infobae.com, 'Chávez termina su gira internacional en Portugal' (24 oct 2010); peoplesworld.org: 'Chavez concluded his tour in Portugal on October 24'] [PE-Latam 2026-09-05: TripEndDate corregido de '2010-10-23' a '2010-10-24'. Fuente: infobae.com, 'Chávez termina su gira internacional en Portugal'; peoplesworld.org]","1","http://www.gettyimages.com/license/105993081","""Chavez signs green energy deal with Portugal."" Associated Press Financial Wire. 24 October 2010. LexisNexis. (12 August 2016).","http://www.lexisnexis.com.du.idm.oclc.org/lnacui2api/api/version1/getDocCui?oc=00240&hnsd=f&hgn=t&lni=51B2-FGF1-DYX3-R0CX&hns=t&perma=true&hv=t&hl=t&csi=172244%2C379929%2C259944%2C300270%2C8406%2C141106%2C237924%2C8411%2C401949%2C8412&secondRedirectIndicator=true",NA,NA,NA,NA,NA,NA,NA,NA,NA,NA,NA,NA,NA,NA,NA,NA,NA,NA,NA,NA,NA,NA,NA,NA,NA,NA,NA,NA,NA,NA,2010,2010,"oct","Venezuela","hugo chavez","Hugo Chavez","Hugo Chavez (1999-2013)",12,"Bilateral","Europa","Hugo Chavez3","Venezuela","Venezuela",2007-01-10,2013-03-05,1.25,1.75,1.5,1.25,1.5,3.38000011444092,5,3.38000011444092,FALSE,FALSE,FALSE,TRUE,2010,"Izquierda","Derecha","Cavaco Silva"
"2179-VEN-PRT-41443","2179","Venezuela","VEN","Latin America and the Caribbean","South America","Yes","GS","President","Maduro","Nicolas Maduro","0","Portugal","PRT","Europe","Southern Europe",NA,"No","No",2013,2013-06-18,2013-06-18,1,"No",NA,"Yes","Prime Minister Pedro Passos Coelho","No",NA,"No",NA,"No",NA,"No",NA,"No","Yes","No","No","No",NA,NA,"1","""Portugal;Venezuela sign multiple cooperation agreements."" Xinhua General News Service. 18 June 2013. LexisNexis. (16 August 2016).","""Venezuelan president hails Europe tour as success on boosting ties."" Xinhua General News Service. 20 June 2013. LexisNexis. (16 August 2016).",NA,NA,NA,NA,NA,NA,NA,NA,NA,NA,NA,NA,NA,NA,NA,NA,NA,NA,NA,NA,NA,NA,NA,NA,NA,NA,NA,NA,NA,NA,NA,2013,2010,"jun","Venezuela","nicolas maduro","Nicolas Maduro","Nicolas Maduro (2013-2026)",1,"Bilateral","Europa","Nicolas Maduro Moros","Venezuela","Venezuela",2013-04-19,2019-01-10,1.37999999523163,1.75,1.5,1.12999999523163,1.5,3.5,4.25,2.63000011444092,FALSE,FALSE,FALSE,TRUE,2013,"Izquierda","Derecha","Cavaco Silva"
"1383-VEN-RUS-37024","1383","Venezuela","VEN","Latin America and the Caribbean","South America","Yes","GS","President","Chavez","Hugo Chavez","0","Russia","RUS","Europe","Eastern Europe",NA,"No","No",2001,2001-05-13,2001-05-17,5,"No",NA,"Yes","President Vladimir Putin","No",NA,"No",NA,"No",NA,"No",NA,"No","Yes","No","No","No",NA,"Prime Minister Mikhail Kasyanov","1","http://search.proquest.com/docview/452663099/C17F95A6CB494CF0PQ/15?accountid=14608","""Venezuelan President due in Moscow Sunday."" Agence France Presse. 13 May 2001. LexisNexis. (6 July 2016).","http://search.proquest.com/docview/455004260/C17F95A6CB494CF0PQ/20?accountid=14608",NA,NA,NA,NA,NA,NA,NA,NA,NA,NA,NA,NA,NA,NA,NA,NA,NA,NA,NA,NA,NA,NA,NA,NA,NA,NA,NA,NA,NA,NA,2001,2000,"may","Venezuela","hugo chavez","Hugo Chavez","Hugo Chavez (1999-2013)",3,"Bilateral","Europa","Hugo Chavez2","Venezuela","Venezuela",2000-08-19,2007-01-10,1.62999999523163,1.75,1.87999999523163,1.62999999523163,1.62999999523163,3.5,5,3.5,FALSE,FALSE,FALSE,TRUE,2001,"Izquierda","Derecha","Putin"
"1383-VEN-RUS-37185","1383","Venezuela","VEN","Latin America and the Caribbean","South America","Yes","GS","President","Chavez","Hugo Chavez","0","Russia","RUS","Europe","Eastern Europe",NA,"No","No",2001,2001-10-21,2001-10-22,2,"No",NA,"Yes","President Vladimir Putin","No",NA,"No",NA,"No",NA,"No",NA,"No","No","No","No","No",NA,NA,"1","http://wnc.eastview.com/wnc/article?id=36575224","http://search.proquest.com/usnews/docview/452233930/F24258A36F464414PQ/8?accountid=14608",NA,NA,NA,NA,NA,NA,NA,NA,NA,NA,NA,NA,NA,NA,NA,NA,NA,NA,NA,NA,NA,NA,NA,NA,NA,NA,NA,NA,NA,NA,NA,2001,2000,"oct","Venezuela","hugo chavez","Hugo Chavez","Hugo Chavez (1999-2013)",3,"Bilateral","Europa","Hugo Chavez2","Venezuela","Venezuela",2000-08-19,2007-01-10,1.62999999523163,1.75,1.87999999523163,1.62999999523163,1.62999999523163,3.5,5,3.5,FALSE,FALSE,FALSE,TRUE,2001,"Izquierda","Derecha","Putin"
"1383-VEN-RUS-38316","1383","Venezuela","VEN","Latin America and the Caribbean","South America","Yes","GS","President","Chavez","Hugo Chavez","0","Russia","RUS","Europe","Eastern Europe",NA,"No","No",2004,2004-11-25,2004-11-27,3,"No",NA,"Yes","President Vladimir Putin","No",NA,"No",NA,"No",NA,"No",NA,"No","Yes","No","No","No",NA,NA,"1","""Russia;Venezuela to intensify cooperation."" Xinhua General News Service. 26 november 2004. LexisNexis. (18 July 2016).","""Russia and Venezuela to pool resources in oil exploration"" Deutsche Presse-Agentur 26 november 2004 LexisNexis (18 July 2016)",NA,NA,NA,NA,NA,NA,NA,NA,NA,NA,NA,NA,NA,NA,NA,NA,NA,NA,NA,NA,NA,NA,NA,NA,NA,NA,NA,NA,NA,NA,NA,2004,2000,"nov","Venezuela","hugo chavez","Hugo Chavez","Hugo Chavez (1999-2013)",6,"Bilateral","Europa","Hugo Chavez2","Venezuela","Venezuela",2000-08-19,2007-01-10,1.62999999523163,1.75,1.87999999523163,1.62999999523163,1.62999999523163,3.5,5,3.5,FALSE,FALSE,FALSE,TRUE,2004,"Izquierda","Derecha","Putin"
"1383-VEN-RUS-38923","1383","Venezuela","VEN","Latin America and the Caribbean","South America","Yes","GS","President","Chavez","Hugo Chavez","0","Russia","RUS","Europe","Eastern Europe",NA,"No","No",2006,2006-07-25,2006-07-27,3,"No",NA,"Yes","President Vladimir Putin","No",NA,"No",NA,"No",NA,"No",NA,"No","Yes","No","Yes","No",NA,NA,"1","http://wnc.eastview.com.du.idm.oclc.org/wnc/article?id=31538880","http://wnc.eastview.com.du.idm.oclc.org/wnc/article?id=31540563","http://wnc.eastview.com.du.idm.oclc.org/wnc/article?id=31542673","""Chavez Greeted With a Shot of Vodka."" The Moscow Times. 26 July 2006. LexisNexis. (25 July 2016).",NA,NA,NA,NA,NA,NA,NA,NA,NA,NA,NA,NA,NA,NA,NA,NA,NA,NA,NA,NA,NA,NA,NA,NA,NA,NA,NA,NA,NA,2006,2005,"jul","Venezuela","hugo chavez","Hugo Chavez","Hugo Chavez (1999-2013)",8,"Bilateral","Europa","Hugo Chavez2","Venezuela","Venezuela",2000-08-19,2007-01-10,1.62999999523163,1.75,1.87999999523163,1.62999999523163,1.62999999523163,3.5,5,3.5,FALSE,FALSE,FALSE,TRUE,2006,"Izquierda","Derecha","Putin"
"1383-VEN-RUS-39260","1383","Venezuela","VEN","Latin America and the Caribbean","South America","Yes","GS","President","Chavez","Hugo Chavez","0","Russia","RUS","Europe","Eastern Europe",NA,"No","No",2007,2007-06-27,2007-06-29,3,"No",NA,"Yes","President Vladimir Putin","No",NA,"No",NA,"No",NA,"No",NA,"No","No","Yes","No","No",NA,NA,"1","http://wnc.eastview.com/wnc/article?id=31595177","http://wnc.eastview.com/wnc/article?id=31595211",NA,NA,NA,NA,NA,NA,NA,NA,NA,NA,NA,NA,NA,NA,NA,NA,NA,NA,NA,NA,NA,NA,NA,NA,NA,NA,NA,NA,NA,NA,NA,2007,2005,"jun","Venezuela","hugo chavez","Hugo Chavez","Hugo Chavez (1999-2013)",9,"Bilateral","Europa","Hugo Chavez3","Venezuela","Venezuela",2007-01-10,2013-03-05,1.25,1.75,1.5,1.25,1.5,3.38000011444092,5,3.38000011444092,FALSE,FALSE,FALSE,TRUE,2007,"Izquierda","Derecha","Putin"
"1383-VEN-RUS-39651","1383","Venezuela","VEN","Latin America and the Caribbean","South America","Yes","GS","President","Chavez","Hugo Chavez","0","Russia","RUS","Europe","Eastern Europe",NA,"No","No",2008,2008-07-22,2008-07-23,2,"No",NA,"Yes","President Dmitry Medvedev","No",NA,"No",NA,"No",NA,"No",NA,"No","Yes","No","No","No",NA,NA,"1","http://www.lexisnexis.com/lnacui2api/api/version1/getDocCui?oc=00240&hnsd=f&hgn=t&lni=4T29-HFD0-TX60-T019&hns=t&perma=true&hv=t&hl=t&csi=172244%2C379929%2C259944%2C300270%2C8406%2C141106%2C237924%2C8411%2C401949%2C8412&secondRedirectIndicator=true","""Russia and Venezuela Will Coordinate Energy Policies"" The New York Times 23 July 2008 LexisNexis (1 August 2016)","http://www.lexisnexis.com/lnacui2api/api/version1/getDocCui?oc=00240&hnsd=f&hgn=t&lni=4T23-W920-TX3D-Y1H8&hns=t&perma=true&hv=t&hl=t&csi=172244%2C379929%2C259944%2C300270%2C8406%2C141106%2C237924%2C8411%2C401949%2C8412&secondRedirectIndicator=true",NA,NA,NA,NA,NA,NA,NA,NA,NA,NA,NA,NA,NA,NA,NA,NA,NA,NA,NA,NA,NA,NA,NA,NA,NA,NA,NA,NA,NA,NA,2008,2005,"jul","Venezuela","hugo chavez","Hugo Chavez","Hugo Chavez (1999-2013)",10,"Bilateral","Europa","Hugo Chavez3","Venezuela","Venezuela",2007-01-10,2013-03-05,1.25,1.75,1.5,1.25,1.5,3.38000011444092,5,3.38000011444092,FALSE,FALSE,FALSE,TRUE,2008,"Izquierda","Derecha","Putin"
"1383-VEN-RUS-39716","1383","Venezuela","VEN","Latin America and the Caribbean","South America","Yes","GS","President","Chavez","Hugo Chavez","0","Russia","RUS","Europe","Eastern Europe",NA,"No","No",2008,2008-09-25,2008-09-26,2,"No",NA,"Yes","President Dmitry Medvedev","No",NA,"No",NA,"No",NA,"No",NA,"No","Yes","No","No","No",NA,NA,"1","http://wnc.eastview.com/wnc/article?id=31557326","http://wnc.eastview.com/wnc/article?id=31556215",NA,NA,NA,NA,NA,NA,NA,NA,NA,NA,NA,NA,NA,NA,NA,NA,NA,NA,NA,NA,NA,NA,NA,NA,NA,NA,NA,NA,NA,NA,NA,2008,2005,"sep","Venezuela","hugo chavez","Hugo Chavez","Hugo Chavez (1999-2013)",10,"Bilateral","Europa","Hugo Chavez3","Venezuela","Venezuela",2007-01-10,2013-03-05,1.25,1.75,1.5,1.25,1.5,3.38000011444092,5,3.38000011444092,FALSE,FALSE,FALSE,TRUE,2008,"Izquierda","Derecha","Putin"
"1383-VEN-RUS-40065","1383","Venezuela","VEN","Latin America and the Caribbean","South America","Yes","GS","President","Chavez","Hugo Chavez","0","Russia","RUS","Europe","Eastern Europe",NA,"No","No",2009,2009-09-09,2009-09-10,2,"No",NA,"Yes","President Dmitry Medvedev","No",NA,"No",NA,"No",NA,"No",NA,"No","Yes","No","No","No",NA,NA,"1","http://wnc.eastview.com.du.idm.oclc.org/wnc/article?id=32421774","http://wnc.eastview.com.du.idm.oclc.org/wnc/article?id=32421659","http://wnc.eastview.com.du.idm.oclc.org/wnc/article?id=39594606",NA,"""Chavez back home after Cuba chemo treatment."" Agence France Presse. 23 September 2011. LexisNexis. (14 August 2016).",NA,NA,NA,NA,NA,NA,NA,NA,NA,NA,NA,NA,NA,NA,NA,NA,NA,NA,NA,NA,NA,NA,NA,NA,NA,NA,NA,NA,2009,2005,"sep","Venezuela","hugo chavez","Hugo Chavez","Hugo Chavez (1999-2013)",11,"Bilateral","Europa","Hugo Chavez3","Venezuela","Venezuela",2007-01-10,2013-03-05,1.25,1.75,1.5,1.25,1.5,3.38000011444092,5,3.38000011444092,FALSE,FALSE,FALSE,TRUE,2009,"Izquierda","Derecha","Putin"
"1383-VEN-RUS-40465","1383","Venezuela","VEN","Latin America and the Caribbean","South America","Yes","GS","President","Chavez","Hugo Chavez","0","Russia","RUS","Europe","Eastern Europe","Moscow","No","No",2010,2010-10-14,2010-10-15,2,"No",NA,"Yes","President Dmitry Medvedev","No",NA,"No",NA,"No",NA,"No",NA,"No","Yes","No","No","No",NA,"[PE-Latam 2026-09-05: CityVisited corregido de '' a 'Moscow'. Fuente: elespectador.com, 'Chávez inicia gira por seis países de Europa y Asia'; peoplesworld.org]","1","http://wnc.eastview.com.du.idm.oclc.org/wnc/article?id=32807420","http://www.gettyimages.com/license/105475657","""Russia agrees to build nuclear plant in Venezuela."" Associated Press Financial Wire. 15 October 2010. LexisNexis. (11 August 2016).","""Interfax Russia & CIS Oil and Gas Weekly"" Russia & CIS Oil and Gas Weekly 20 October 2010 LexisNexis (11 August 2016)",NA,NA,NA,NA,NA,NA,NA,NA,NA,NA,NA,NA,NA,NA,NA,NA,NA,NA,NA,NA,NA,NA,NA,NA,NA,NA,NA,NA,NA,2010,2010,"oct","Venezuela","hugo chavez","Hugo Chavez","Hugo Chavez (1999-2013)",12,"Bilateral","Europa","Hugo Chavez3","Venezuela","Venezuela",2007-01-10,2013-03-05,1.25,1.75,1.5,1.25,1.5,3.38000011444092,5,3.38000011444092,FALSE,FALSE,FALSE,TRUE,2010,"Izquierda","Derecha","Putin"
"2179-VEN-RUS-42019","2179","Venezuela","VEN","Latin America and the Caribbean","South America","Yes","GS","President","Maduro","Nicolas Maduro","0","Russia","RUS","Europe","Eastern Europe",NA,"No","No",2015,2015-01-15,2015-01-15,1,"No",NA,"Yes","President Vladimir Putin","No",NA,"No",NA,"No",NA,"No",NA,"No","No","No","No","No",NA,NA,"1","""Programme summary of Russian Channel One ""Voskresnoye Vremya"" 1800 gmt 18 Jan 15."" BBC Monitoring Former Soviet Union. 18 January 2015. LexisNexis. (17 August 2016).","http://www.lexisnexis.com.du.idm.oclc.org/lnacui2api/api/version1/getDocCui?oc=00240&hnsd=f&hgn=t&lni=5F40-0X71-DXMS-8109&hns=t&perma=true&hv=t&hl=t&csi=172244%2C379929%2C259944%2C300270%2C8406%2C141106%2C237924%2C8411%2C401949%2C8412&secondRedirectIndicator=true",NA,NA,"http://infoweb.newsbank.com.du.idm.oclc.org/apps/readex/SiteLinks/imageviewer/download_pdf/index.xml?format=pdf&rem=platform_v2_drupal&url=image/v2%3A11C33B0D5F860D98%40FBISX-11CBE5FA4F285B18%402448048-11CBE6026AD88568%4016-11CBE602B904D510%40Meets%2BAl-Qadhdhafi%2B2%2BJun",NA,NA,NA,NA,NA,NA,NA,NA,NA,NA,NA,NA,NA,NA,NA,NA,NA,NA,NA,NA,NA,NA,NA,NA,NA,NA,NA,NA,2015,2015,"ene","Venezuela","nicolas maduro","Nicolas Maduro","Nicolas Maduro (2013-2026)",2,"Bilateral","Europa","Nicolas Maduro Moros","Venezuela","Venezuela",2013-04-19,2019-01-10,1.37999999523163,1.75,1.5,1.12999999523163,1.5,3.5,4.25,2.63000011444092,FALSE,FALSE,FALSE,TRUE,2015,"Izquierda","Derecha","Putin"
"2179-VEN-RUS-43012","2179","Venezuela","VEN","Latin America and the Caribbean","South America","Yes","GS","President","Maduro","Nicolas Maduro","0","Russia","RUS","Europe","Eastern Europe",NA,"No","No",2017,2017-10-04,2017-10-05,2,"No",NA,"Yes","President Vladimir Putin","No",NA,"No",NA,"No",NA,"No",NA,"No","No","No","No","No",NA,NA,"1","https://www.gettyimages.fr/detail/photo-d'actualit%C3%A9/russian-president-vladimir-putin-talks-to-venezuelas-photo-dactualit%C3%A9/857503032",NA,NA,NA,NA,NA,NA,NA,NA,NA,NA,NA,NA,NA,NA,NA,NA,NA,NA,NA,NA,NA,NA,NA,NA,NA,NA,NA,NA,NA,NA,NA,NA,2017,2015,"oct","Venezuela","nicolas maduro","Nicolas Maduro","Nicolas Maduro (2013-2026)",5,"Bilateral","Europa","Nicolas Maduro Moros","Venezuela","Venezuela",2013-04-19,2019-01-10,1.37999999523163,1.75,1.5,1.12999999523163,1.5,3.5,4.25,2.63000011444092,FALSE,FALSE,FALSE,TRUE,2017,"Izquierda","Derecha","Putin"
"2179-VEN-RUS-43439","2179","Venezuela","VEN","Latin America and the Caribbean","South America","Yes","GS","President","Maduro","Nicolas Maduro","0","Russia","RUS","Europe","Eastern Europe",NA,"No","No",2018,2018-12-04,2018-12-05,2,"No",NA,"Yes","President Vladimir Putin","No",NA,"No",NA,"No",NA,"No",NA,"No","Yes","No","No","No",NA,"[PE-Latam 2026-09-05: TripStartDate corregido de '2018-12-05' a '2018-12-04'. Fuente: https://www.aljazeera.com/news/2018/12/4/venezuelas-maduro-is-on-his-way-to-russia-to-meet-putin] [PE-Latam 2026-09-05: TripEndDate corregido de '2018-12-06' a '2018-12-05'. Fuente: https://www.aljazeera.com/news/2018/12/4/venezuelas-maduro-is-on-his-way-to-russia-to-meet-putin]","2","https://advance-lexis-com.du.idm.oclc.org/api/permalink/3365b1e9-1249-4d9b-9dcf-84fa10ee2d95/?context=1516831","https://advance-lexis-com.du.idm.oclc.org/api/permalink/02c25809-e806-4fd5-ae0d-4e8d08c526bd/?context=1516831",NA,NA,NA,NA,NA,NA,NA,NA,NA,NA,NA,NA,NA,NA,NA,NA,NA,NA,NA,NA,NA,NA,NA,NA,NA,NA,NA,NA,NA,NA,NA,2018,2015,"dic","Venezuela","nicolas maduro","Nicolas Maduro","Nicolas Maduro (2013-2026)",6,"Bilateral","Europa","Nicolas Maduro Moros","Venezuela","Venezuela",2013-04-19,2019-01-10,1.37999999523163,1.75,1.5,1.12999999523163,1.5,3.5,4.25,2.63000011444092,FALSE,FALSE,FALSE,TRUE,2018,"Izquierda","Derecha","Putin"
"2179-VEN-RUS-43732","2179","Venezuela","VEN","Latin America and the Caribbean","South America","Yes","GS","President","Maduro","Nicolas Maduro","0","Russia","RUS","Europe","Eastern Europe",NA,"No","No",2019,2019-09-24,2019-09-25,2,"No",NA,"Yes","President Vladimir Putin","No",NA,"No",NA,"No",NA,"No",NA,"No","No","No","Yes","No",NA,"met with business representatives","2","http://mppre.gob.ve/en/2019/09/24/president-nicolas-maduro-moscow-russian-counterpart/","http://mppre.gob.ve/en/2019/09/25/president-maduro-russian-counterpart-kremlin/","https://search-proquest-com.du.idm.oclc.org/central/docview/2296551143/D59870828F554563PQ/16?accountid=14608","https://search-proquest-com.du.idm.oclc.org/central/docview/2297519697/D59870828F554563PQ/156?accountid=14608","https://www.aljazeera.com/news/2019/09/skipping-unga-putin-maduro-hold-talks-russia-190925061418590.html",NA,NA,NA,NA,NA,NA,NA,NA,NA,NA,NA,NA,NA,NA,NA,NA,NA,NA,NA,NA,NA,NA,NA,NA,NA,NA,NA,NA,2019,2015,"sep","Venezuela","nicolas maduro","Nicolas Maduro","Nicolas Maduro (2013-2026)",7,"Bilateral","Europa","Nicolas Maduro Moros2","Venezuela","Venezuela",2019-01-10,2099-12-31,4.5,3.5,3,4,2.5,3,4.5,4,FALSE,FALSE,FALSE,TRUE,2019,"Centro","Derecha","Putin"
"2179-VEN-RUS-45783","2179","Venezuela","VEN","Latin America and the Caribbean","South America","Yes","GS","President","Maduro","Nicolas Maduro","0","Russia","RUS","Europe","Eastern Europe","Moscow;Saint Petersburg","No","No",2025,2025-05-06,2025-05-09,4,"No",NA,"Yes","President Vladimir Putin","No",NA,"No",NA,"No",NA,"Yes","General Secretary Xi Jinping;President Miguel Diaz-Canel;President Ibrahim Traore;President Kasymzhomart Tokayev","No","Yes","Yes","No","No",NA,"Participated in the celebrations of the 80th anniversary of Victory Day in World War II;Attended bilateral meeting with President Vladimir Putin and signed a 10-year Strategic Partnership and Cooperation Agreement;Met Head of the Republic of Chechnya Kadyrov Ramzan and government leaders from different countries to strengthen bilateral relations;Visited statue of Liberator Simon Bolivar with President Miguel Diaz-Canel;Visited cultural sites in Saint Petersburg
","1","https://advance-lexis-com.du.idm.oclc.org/document/?pdmfid=1519360&crid=987fc469-5838-4d49-a5e2-38c7573fcb76&pddocfullpath=%2Fshared%2Fdocument%2Fnews%2Furn%3AcontentItem%3A6FRY-KC63-RSCM-849N-00000-00&pdcontentcomponentid=443607&pdteaserkey=sr4&pditab=allpods&ecomp=hc-yk&earg=sr4&prid=d91c5b82-8cd2-4d33-93e3-90f430065cb3","https://presidencia.gob.ve/Site/Web/Principal/paginas/classMostrarEvento3.php?id_evento=29853","https://presidencia.gob.ve/Site/Web/Principal/paginas/classMostrarEvento3.php?id_evento=29855","https://presidencia.gob.ve/Site/Web/Principal/paginas/classMostrarEvento3.php?id_evento=29856","https://presidencia.gob.ve/Site/Web/Principal/paginas/classMostrarEvento3.php?id_evento=29858","https://www.facebook.com/NicolasMaduro/posts/pfbid02HwFVHcsujMAjfFTi7H64kTxc7ueaPG6orF2XRrCobxeegS5vgHwJfsXxKTmNSc9al","https://www.facebook.com/NicolasMaduro/posts/pfbid0z9YRw1u1RRBPd8So52yvTzg6a39tF7pZa1FNvJ9m8DDYEuAzAYHvPtNQtFwTZkWel","https://advance-lexis-com.du.idm.oclc.org/document/?pdmfid=1519360&crid=99046316-4c02-4f2f-b884-c750a3b790e0&pddocfullpath=%2Fshared%2Fdocument%2Fnews%2Furn%3AcontentItem%3A6FT2-X5Y3-RS9D-9334-00000-00&pdcontentcomponentid=8058&pdteaserkey=sr0&pditab=allpods&ecomp=hc-yk&earg=sr0&prid=0ca3c9ea-cbec-402d-97ae-03f47da90d1f",NA,NA,NA,NA,NA,NA,NA,NA,NA,NA,NA,NA,NA,NA,NA,NA,NA,NA,NA,NA,NA,NA,NA,NA,NA,2025,2025,"may","Venezuela","nicolas maduro","Nicolas Maduro","Nicolas Maduro (2013-2026)",13,"Bilateral","Europa","Nicolas Maduro Moros2","Venezuela","Venezuela",2019-01-10,2099-12-31,4.5,3.5,3,4,2.5,3,4.5,4,FALSE,FALSE,FALSE,TRUE,2025,"Centro",NA,NA
"898-VEN-ESP-35329","898","Venezuela","VEN","Latin America and the Caribbean","South America","Yes","GS","President","Caldera","Rafael Caldera","0","Spain","ESP","Europe","Southern Europe",NA,"No","No",1996,1996-09-21,1996-09-27,7,"No",NA,"Yes","Prime Minister Jose Maria Aznar","No",NA,"No",NA,"No",NA,"No",NA,"No","No","No","No","No",NA,NA,"2","http://www.lexisnexis.com/lnacui2api/results/docview/docview.do?docLinkInd=true&risb=21_T24273347877&format=GNBFI&sort=RELEVANCE&startDocno=1&resultsUrlKey=29_T24273347881&cisb=22_T24273347880&treeMax=true&treeWidth=0&csi=138211&docno=1","http://www.lexisnexis.com/lnacui2api/results/docview/docview.do?docLinkInd=true&risb=21_T24273395921&format=GNBFI&sort=RELEVANCE&startDocno=1&resultsUrlKey=29_T24273395925&cisb=22_T24273395924&treeMax=true&treeWidth=0&csi=138211&docno=1","http://www.lexisnexis.com/lnacui2api/results/docview/docview.do?docLinkInd=true&risb=21_T24273433773&format=GNBFI&sort=RELEVANCE&startDocno=1&resultsUrlKey=29_T24273433777&cisb=22_T24273433776&treeMax=true&treeWidth=0&csi=138211&docno=1",NA,NA,NA,NA,NA,NA,NA,NA,NA,NA,NA,NA,NA,NA,NA,NA,NA,NA,NA,NA,NA,NA,NA,NA,NA,NA,NA,NA,NA,NA,1996,1995,"sep","Venezuela","rafael caldera","Rafael Caldera","Rafael Caldera (1994-1999)",3,"Bilateral","Europa","Rafael Antonio Caldera Rodriguez","Venezuela","Venezuela",1994-02-02,1999-02-02,4.13000011444092,4.38000011444092,4.38000011444092,4.13000011444092,4.75,3.75,3.5,3.75,FALSE,FALSE,FALSE,TRUE,1996,"Centro","Derecha","Aznar"
"1383-VEN-ESP-36457","1383","Venezuela","VEN","Latin America and the Caribbean","South America","Yes","GS","President","Chavez","Hugo Chavez","0","Spain","ESP","Europe","Southern Europe",NA,"No","No",1999,1999-10-24,1999-10-25,2,"No",NA,"Yes","Prime Minister Jose Maria Aznar","No",NA,"No",NA,"No",NA,"No",NA,"No","No","Yes","No","No",NA,"Also met King Juan Carlos I.","1","""Venezuelan President arrives in Madrid for two-day visit."" Associated Press International. 25 October 1999. LexisNexis. (28 June 2016).",NA,NA,NA,NA,NA,NA,NA,NA,NA,NA,NA,NA,NA,NA,NA,NA,NA,NA,NA,NA,NA,NA,NA,NA,NA,NA,NA,NA,NA,NA,NA,NA,1999,1995,"oct","Venezuela","hugo chavez","Hugo Chavez","Hugo Chavez (1999-2013)",1,"Bilateral","Europa","Hugo Chavez1","Venezuela","Venezuela",1999-02-02,2000-08-19,2.13000011444092,1.75,1.87999999523163,1.75,1.87999999523163,3.5,4.88000011444092,3.5,FALSE,FALSE,FALSE,TRUE,1999,"Izquierda","Derecha","Aznar"
"1383-VEN-ESP-36576","1383","Venezuela","VEN","Latin America and the Caribbean","South America","Yes","GS","President","Chavez","Hugo Chavez","0","Spain","ESP","Europe","Southern Europe",NA,"No","No",2000,2000-02-20,2000-02-23,4,"No",NA,"Yes","Prime Minister Jose Maria Aznar","No",NA,"No",NA,"No",NA,"No",NA,"No","No","No","Yes","No",NA,NA,"1","""Venezuelan President to attend Forum in Madrid on flooding damage."" Associated Press International. 20 February 2000. LexisNexis. (28 June 2016).",NA,NA,NA,NA,NA,NA,NA,NA,NA,NA,NA,NA,NA,NA,NA,NA,NA,NA,NA,NA,NA,NA,NA,NA,NA,NA,NA,NA,NA,NA,NA,NA,2000,2000,"feb","Venezuela","hugo chavez","Hugo Chavez","Hugo Chavez (1999-2013)",2,"Bilateral","Europa","Hugo Chavez1","Venezuela","Venezuela",1999-02-02,2000-08-19,2.13000011444092,1.75,1.87999999523163,1.75,1.87999999523163,3.5,4.88000011444092,3.5,FALSE,FALSE,FALSE,TRUE,2000,"Izquierda","Derecha","Aznar"
"1383-VEN-ESP-38312","1383","Venezuela","VEN","Latin America and the Caribbean","South America","Yes","GS","President","Chavez","Hugo Chavez","0","Spain","ESP","Europe","Southern Europe",NA,"No","No",2004,2004-11-21,2004-11-24,4,"No",NA,"Yes","Prime Minister Jose Luis Rodriguez Zapatero","No",NA,"No",NA,"No",NA,"No",NA,"Yes","No","No","Yes","No",NA,NA,"1","""Venezuelan President Chavez tours site of failed Spanish putsch."" Associated Press International. 22 novembre 2004. LexisNexis. (18 July 2016).","""Chavez visit to Spain sparks feud over Madrid's alleged support for 2002 coup in Venezuela."" Associated Press International. 23 november 2004. LexisNexis. (18 July 2016).","http://www.lexisnexis.com/lnacui2api/api/version1/getDocCui?oc=00240&hnsd=f&hgn=t&lni=4DYV-FCH0-001G-V0P0&hns=t&perma=true&hv=t&hl=t&csi=172244%2C379929%2C259944%2C300270%2C8406%2C141106%2C237924%2C8411%2C401949%2C8412&secondRedirectIndicator=true",NA,NA,NA,NA,NA,NA,NA,NA,NA,NA,NA,NA,NA,NA,NA,NA,NA,NA,NA,NA,NA,NA,NA,NA,NA,NA,NA,NA,NA,NA,2004,2000,"nov","Venezuela","hugo chavez","Hugo Chavez","Hugo Chavez (1999-2013)",6,"Bilateral","Europa","Hugo Chavez2","Venezuela","Venezuela",2000-08-19,2007-01-10,1.62999999523163,1.75,1.87999999523163,1.62999999523163,1.62999999523163,3.5,5,3.5,FALSE,FALSE,FALSE,TRUE,2004,"Izquierda","Izquierda","Rodriguez Zapatero"
"1383-VEN-ESP-39654","1383","Venezuela","VEN","Latin America and the Caribbean","South America","Yes","GS","President","Chavez","Hugo Chavez","0","Spain","ESP","Europe","Southern Europe",NA,"No","No",2008,2008-07-25,2008-07-25,1,"No",NA,"Yes","Prime Minister Jose Luis Rodriguez Zapatero","No",NA,"No",NA,"No",NA,"No",NA,"Yes","Yes","No","No","No",NA,NA,"1","""Chavez arrives in Spain to ""hug"" king and normalize relations"" Deutsche Presse-Agentur 25 July 2008 LexisNexis (1 August 2016)","""Venezuela's Chavez wraps up European swing with hug-and-make-up visit to Spain"" Associated Press International 25 July 2008 LexisNexis (1 August 2016)","http://www.lexisnexis.com/lnacui2api/api/version1/getDocCui?oc=00240&hnsd=f&hgn=t&lni=4T38-6KK0-TWTC-71NR&hns=t&perma=true&hv=t&hl=t&csi=172244%2C379929%2C259944%2C300270%2C8406%2C141106%2C237924%2C8411%2C401949%2C8412&secondRedirectIndicator=true","""Venezuela agrees to sell Spain oil at 100 dollars a barrel."" Agence France Presse. 25 July 2008. LexisNexis. (1 August 2016).",NA,NA,NA,NA,NA,NA,NA,NA,NA,NA,NA,NA,NA,NA,NA,NA,NA,NA,NA,NA,NA,NA,NA,NA,NA,NA,NA,NA,NA,2008,2005,"jul","Venezuela","hugo chavez","Hugo Chavez","Hugo Chavez (1999-2013)",10,"Bilateral","Europa","Hugo Chavez3","Venezuela","Venezuela",2007-01-10,2013-03-05,1.25,1.75,1.5,1.25,1.5,3.38000011444092,5,3.38000011444092,FALSE,FALSE,FALSE,TRUE,2008,"Izquierda","Izquierda","Rodriguez Zapatero"
"1383-VEN-ESP-40066","1383","Venezuela","VEN","Latin America and the Caribbean","South America","Yes","GS","President","Chavez","Hugo Chavez","0","Spain","ESP","Europe","Southern Europe",NA,"No","No",2009,2009-09-10,2009-09-11,2,"No",NA,"Yes","Prime Minister Jose Luis Rodriguez Zapatero","No",NA,"No",NA,"No",NA,"No",NA,"No","No","No","No","No",NA,NA,"1","""Hugo Chavez jokes with Spain's king."" Asociated Press Financial Wire. 11 September 2009. LexisNexis. (10 August 2016).","http://wnc.eastview.com.du.idm.oclc.org/wnc/article?id=32430540",NA,NA,NA,NA,NA,NA,NA,NA,NA,NA,NA,NA,NA,NA,NA,NA,NA,NA,NA,NA,NA,NA,NA,NA,NA,NA,NA,NA,NA,NA,NA,2009,2005,"sep","Venezuela","hugo chavez","Hugo Chavez","Hugo Chavez (1999-2013)",11,"Bilateral","Europa","Hugo Chavez3","Venezuela","Venezuela",2007-01-10,2013-03-05,1.25,1.75,1.5,1.25,1.5,3.38000011444092,5,3.38000011444092,FALSE,FALSE,FALSE,TRUE,2009,"Izquierda","Izquierda","Rodriguez Zapatero"
"1383-VEN-UKR-40469","1383","Venezuela","VEN","Latin America and the Caribbean","South America","Yes","GS","President","Chavez","Hugo Chavez","0","Ukraine","UKR","Europe","Eastern Europe","Kiev","No","No",2010,2010-10-18,2010-10-19,2,"No",NA,"Yes","President Viktor Yanukovych","No",NA,"No",NA,"No",NA,"No",NA,"Yes","Yes","No","No","No",NA,"[PE-Latam 2026-09-05: CityVisited corregido de '' a 'Kiev'. Fuente: novinite.com (fotografía con pie de foto fechado en Kiev, 18 octubre 2010); peoplesworld.org]","1","""Yanukovych and Chavez agreed to boost cooperation"" Ukraine General Newswire 18 October 2010 LexisNexis (11 August 2016)","""Interfax Russia & CIS Oil and Gas Weekly"" Russia & CIS Oil and Gas Weekly 20 October 2010 LexisNexis (11 August 2016)","""Ukrainian TV highlights 18 Oct 10."" BBC Monitoring Kiev Unit. 19 Octobber 2010. LexisNexis. (12 August 2016).","http://www.lexisnexis.com.du.idm.oclc.org/lnacui2api/api/version1/getDocCui?oc=00240&hnsd=f&hgn=t&lni=518T-B751-F03D-52D2&hns=t&perma=true&hv=t&hl=t&csi=172244%2C379929%2C259944%2C300270%2C8406%2C141106%2C237924%2C8411%2C401949%2C8412&secondRedirectIndicator=true",NA,NA,NA,NA,NA,NA,NA,NA,NA,NA,NA,NA,NA,NA,NA,NA,NA,NA,NA,NA,NA,NA,NA,NA,NA,NA,NA,NA,NA,2010,2010,"oct","Venezuela","hugo chavez","Hugo Chavez","Hugo Chavez (1999-2013)",12,"Bilateral","Europa","Hugo Chavez3","Venezuela","Venezuela",2007-01-10,2013-03-05,1.25,1.75,1.5,1.25,1.5,3.38000011444092,5,3.38000011444092,FALSE,FALSE,FALSE,TRUE,2010,"Izquierda","Centro","Yanukovych"
"1383-VEN-GBR-37187","1383","Venezuela","VEN","Latin America and the Caribbean","South America","Yes","GS","President","Chavez","Hugo Chavez","0","United Kingdom","GBR","Europe","Northern Europe",NA,"No","No",2001,2001-10-23,2001-10-23,1,"No",NA,"Yes","Prime Minister Tony Blair","No",NA,"No",NA,"No",NA,"No",NA,"No","No","No","No","No",NA,NA,"1","""OPEC should cut production ""as soon as possible"": Chavez."" Agence France Presse. 22 October 2001. LexisNexis. (8 July 2016).","http://www.lexisnexis.com/lnacui2api/api/version1/getDocCui?oc=00240&hnsd=f&hgn=t&lni=448M-V8H0-009F-R2BW&hns=t&perma=true&hv=t&hl=t&csi=172244%2C379929%2C259944%2C300270%2C8406%2C141106%2C237924%2C8411%2C401949%2C8412&secondRedirectIndicator=true",NA,NA,NA,NA,NA,NA,NA,NA,NA,NA,NA,NA,NA,NA,NA,NA,NA,NA,NA,NA,NA,NA,NA,NA,NA,NA,NA,NA,NA,NA,NA,2001,2000,"oct","Venezuela","hugo chavez","Hugo Chavez","Hugo Chavez (1999-2013)",3,"Bilateral","Europa","Hugo Chavez2","Venezuela","Venezuela",2000-08-19,2007-01-10,1.62999999523163,1.75,1.87999999523163,1.62999999523163,1.62999999523163,3.5,5,3.5,FALSE,FALSE,FALSE,TRUE,2001,"Izquierda","Izquierda","Blair"
"PELATAM-ARG-126","1826","Argentina","ARG","Latin America and the Caribbean","South America","Yes","GS","President","Kirchner","Néstor Kirchner","0","Spain","ESP","Europe","Southern Europe","Madrid","No","No",2003,2003-07-12,2003-07-12,1,NA,NA,"Yes",NA,NA,NA,"No",NA,NA,NA,"No",NA,"No","No","No","Yes","No",NA,"Reunion tensa con empresarios; impugno ganancias de los anios 90. Tramo de la primera gira europea. [Fila agregada por verificacion propia PE-Latam 2026-08-15, ausente en base COLT original.] [PE-Latam: campos SubHOGSTravelWithHOGS/CotravelHOGS/SubHOGSmetHostSubHOGS/HostSubHOGSName/AttendedMultilatMinisterialEvent/NameMultilatMinisterialEvent quedan en blanco -no forman parte de nuestro esquema propio de 31 columnas y no fueron investigados independientemente-, 2026-08-18.] [PE-Latam 2026-08-18: campos MetHostHoGS, PublicAddress quedan en blanco -investigacion independiente no encontro evidencia suficiente en ningun sentido, no se asumio 'No' sin evidencia-. Fuente consultada: https://www.infobae.com/politica/2020/10/27/nestor-kirchner-y-el-inicio-de-una-politica-exterior-confrontativa/]","3","https://www.infobae.com/politica/2020/10/27/nestor-kirchner-y-el-inicio-de-una-politica-exterior-confrontativa/",NA,NA,NA,NA,NA,NA,NA,NA,NA,NA,NA,NA,NA,NA,NA,NA,NA,NA,NA,NA,NA,NA,NA,NA,NA,NA,NA,NA,NA,NA,NA,NA,2003,2000,"jul","Argentina","nestor kirchner","Nestor Kirchner","Nestor Kirchner (2003-2007)",1,"Bilateral","Europa","Nestor Carlos Kirchner","Argentina","Argentina",2003-05-25,2007-12-10,2.79999995231628,2.70000004768372,2.20000004768372,3.20000004768372,2.79999995231628,3.59999990463257,3.70000004768372,4,FALSE,FALSE,FALSE,TRUE,2003,"Izquierda","Derecha","Aznar"
"PELATAM-BRA-7","994","Brazil","BRA","Latin America and the Caribbean","South America","Yes","GS","President","Cardoso","Fernando Henrique Cardoso","0","France","FRA","Europe","Western Europe","Paris","No","No",2000,2000-10-02,2000-10-05,4,NA,NA,"Yes","Busca de investimentos europeus",NA,NA,"No",NA,NA,NA,"No",NA,NA,NA,NA,"Yes","No",NA,"Gira europea en busca de inversiones (Folha 03/10/2000). [Fila agregada por verificacion propia PE-Latam 2026-08-16, ausente en base COLT original.] [PE-Latam: campos SubHOGSTravelWithHOGS/CotravelHOGS/SubHOGSmetHostSubHOGS/HostSubHOGSName/AttendedMultilatMinisterialEvent/NameMultilatMinisterialEvent quedan en blanco -no forman parte de nuestro esquema propio de 31 columnas y no fueron investigados independientemente-, 2026-08-18.] [PE-Latam 2026-08-18: campos CulturalSiteOrCeremony, SignedAgreement, PublicAddress quedan en blanco -investigacion independiente no encontro evidencia suficiente en ningun sentido, no se asumio 'No' sin evidencia-. Fuente consultada: https://www1.folha.uol.com.br/fsp/brasil/fc0310200007.htm 'FHC busca investimentos europeus' (Folha, 03/10/2000)]","3","https://www1.folha.uol.com.br/fsp/brasil/fc0310200007.htm",NA,NA,NA,NA,NA,NA,NA,NA,NA,NA,NA,NA,NA,NA,NA,NA,NA,NA,NA,NA,NA,NA,NA,NA,NA,NA,NA,NA,NA,NA,NA,NA,2000,2000,"oct","Brasil","fernando henrique cardoso","Fernando Henrique Cardoso","Fernando Henrique Cardoso (1995-2003)",6,"Bilateral","Europa","Fernando Henrique Cardoso2","Brasil","Brazil",1999-01-01,2003-01-01,4.78000020980835,5,4.8899998664856,3.67000007629394,4.44000005722046,3.32999992370606,4.44000005722046,4.67000007629395,FALSE,FALSE,FALSE,TRUE,2000,"Centro","Derecha","Chirac"
"PELATAM-CHL-7","1516","Chile","CHL","Latin America and the Caribbean","South America","Yes","GS","President","Lagos","Ricardo Lagos Escobar","0","France","FRA","Europe","Western Europe","Paris","No","No",2001,2001-06-07,2001-06-08,2,NA,NA,"Yes","Jacques Chirac",NA,NA,"No",NA,NA,NA,"No",NA,NA,NA,NA,NA,"No",NA,"Relaciones bilaterales; acuerdo Chile-UE. Tramo 2 de gira europea. ADVERTENCIA: Source_Verification original es una consulta de busqueda, no una URL real (Search Query: Lagos Francia Chirac junio 2001); pendiente reemplazar por fuente concreta. [Fila agregada por verificacion propia PE-Latam 2026-08-17, ausente en base COLT original.] [PE-Latam: campos SubHOGSTravelWithHOGS/CotravelHOGS/SubHOGSmetHostSubHOGS/HostSubHOGSName/AttendedMultilatMinisterialEvent/NameMultilatMinisterialEvent quedan en blanco -no forman parte de nuestro esquema propio de 31 columnas y no fueron investigados independientemente-, 2026-08-18.] [PE-Latam 2026-08-18: campos BusinessLeaderOrForum, CulturalSiteOrCeremony, PublicAddress, SignedAgreement quedan en blanco -investigacion independiente no encontro evidencia suficiente en ningun sentido, no se asumio 'No' sin evidencia-. Fuente consultada: https://www.elmostrador.cl/dia/2019/09/27/ricardo-lagos-recuerda-detalles-de-su-relacion-con-su-verdadero-amigo-jacques-chirac/ ; https://www.congreso.es/es/cem/visitchile2001]","5","Search Query: Lagos Francia Chirac junio 2001",NA,NA,NA,NA,NA,NA,NA,NA,NA,NA,NA,NA,NA,NA,NA,NA,NA,NA,NA,NA,NA,NA,NA,NA,NA,NA,NA,NA,NA,NA,NA,NA,2001,2000,"jun","Chile","ricardo lagos escobar","Ricardo Lagos Escobar","Ricardo Lagos Escobar (2000-2006)",2,"Bilateral","Europa","Ricardo Froilin Lagos Escobar","Chile","Chile",2000-03-11,2006-03-11,3.5699999332428,6,4.42999982833862,5.1399998664856,3.5699999332428,4.1399998664856,5,5,FALSE,FALSE,FALSE,TRUE,2001,"Centro","Derecha","Chirac"
"PELATAM-CHL-294","1516","Chile","CHL","Latin America and the Caribbean","South America","Yes","GS","President","Lagos","Ricardo Lagos Escobar","0","Holy See","VAT","Europe","Southern Europe","Vatican City","No","No",2005,2005-10-21,2005-10-23,3,NA,NA,"Yes","Canonización del Padre Alberto Hurtado (Benedicto XVI)",NA,NA,"No",NA,NA,NA,NA,NA,"No","No","Yes","No","No",NA,"Asistencia a la canonización de San Alberto Hurtado en el Vaticano. [Fila agregada por verificacion propia PE-Latam 2026-08-17, ausente en base COLT original.] [PE-Latam: campos SubHOGSTravelWithHOGS/CotravelHOGS/SubHOGSmetHostSubHOGS/HostSubHOGSName/AttendedMultilatMinisterialEvent/NameMultilatMinisterialEvent quedan en blanco -no forman parte de nuestro esquema propio de 31 columnas y no fueron investigados independientemente-, 2026-08-18.] [PE-Latam 2026-08-18: campos MetNonhostHOGS quedan en blanco -investigacion independiente no encontro evidencia suficiente en ningun sentido, no se asumio 'No' sin evidencia-. Fuente consultada: https://es.zenit.org/2005/10/23/chile-se-reune-en-torno-a-benedicto-xvi-al-canonizar-al-padre-hurtado/]","1","https://arle.udp.cl/index.php/giras-internacionales-de-su-excelencia-el-presidente-de-la-republica-don-ricardo-lagos-y-senora-luisa-duran-de-lagos-ano-2005",NA,NA,NA,NA,NA,NA,NA,NA,NA,NA,NA,NA,NA,NA,NA,NA,NA,NA,NA,NA,NA,NA,NA,NA,NA,NA,NA,NA,NA,NA,NA,NA,2005,2005,"oct","Chile","ricardo lagos escobar","Ricardo Lagos Escobar","Ricardo Lagos Escobar (2000-2006)",6,"Bilateral","Europa","Ricardo Froilin Lagos Escobar","Chile","Chile",2000-03-11,2006-03-11,3.5699999332428,6,4.42999982833862,5.1399998664856,3.5699999332428,4.1399998664856,5,5,FALSE,FALSE,FALSE,TRUE,2005,"Centro",NA,NA
