Journey_ID,Trip_ID,President,Origin_Country,Trip_Status,Start_Date,End_Date,Duration_Days,Destination_Country,Destination_Region,Destination_City,Visit_Category,Visit_Subtype,Sideline_Bilaterals,Counterpart_Event,Counterpart_Type,Trip_Objective,Source_Verification,Source_Reliability,Methodological_Notes,Tema_Foro,Verificacion_Status,MetHostHOGS,MetNonHostHOGS,NonHostHOGS_Name,PublicAddress,SignedAgreement,CulturalSiteOrCeremony,BusinessLeaderOrForum,MetIGOLeader,IGOLeader_Name
PRY-GM-J001,1,Luis Ángel González Macchi,Paraguay,Completed,2000-06-30,2000-06-30,1,Argentina,South America,Buenos Aires,Multilateral,Regional Summit,NA,Cumbre del MERCOSUR (XVIII),NA,Cumbre semestral del MERCOSUR bajo presidencia pro tempore de Argentina.,Search Query: González Macchi cumbre Mercosur Buenos Aires junio 2000,Low,Fecha de la cumbre (30-jun-2000) corroborada por multiples fuentes de prensa/senado.gov.py; sin URL primaria unica que confirme asistencia nominal de Gonzalez Macchi.,Comercio/Integración Económica,Solo-Query,NA,NA,NA,NA,NA,NA,NA,NA,NA
PRY-GM-J002,2,Luis Ángel González Macchi,Paraguay,Completed,2000-08-31,2000-09-01,2,Brazil,South America,Brasília,Multilateral,Regional Summit,NA,I Reunión de Presidentes de América del Sur,NA,"Primera cumbre sudamericana (Brasilia); apoyo a la integracion fisica regional, precursora de IIRSA.",http://integracionsur.com/wp-content/uploads/2016/11/CumbreSudamericanaBrasilia2000.pdf,Medium,"Documento de la cumbre confirma la reunion de los 12 jefes de Estado sudamericanos, Paraguay incluido.",Cooperación Política General,Verificada-URL,NA,NA,NA,NA,NA,NA,NA,NA,NA
PRY-GM-J003,3,Luis Ángel González Macchi,Paraguay,Completed,2000-11-17,2000-11-18,2,Panama,Central America,Panama City,Multilateral,Regional Summit,NA,X Cumbre Iberoamericana,NA,X Cumbre Iberoamericana (Panama); tema central ninez y adolescencia (Declaracion de Panama).,https://www.segib.org/?summit=x-cumbre-iberoamericana-panama-2000,Medium,Participacion de Paraguay como Estado miembro pleno de la Conferencia Iberoamericana; no se hallo confirmacion nominal individual de Gonzalez Macchi.,Cooperación Política General,Verificada-URL,NA,NA,NA,NA,NA,NA,NA,NA,NA
PRY-GM-J004,4,Luis Ángel González Macchi,Paraguay,Completed,2000-12-01,2000-12-01,1,Brazil,South America,Florianópolis,Multilateral,Regional Summit,NA,Cumbre del MERCOSUR (Florianópolis),NA,Cumbre semestral del MERCOSUR bajo presidencia pro tempore de Brasil; Declaracion de Florianopolis.,Search Query: González Macchi cumbre Mercosur Florianópolis diciembre 2000,Low,Fecha estimada (usar YYYY-MM-01); Declaracion de Florianopolis de diciembre 2000 confirmada pero sin fecha exacta ni asistencia nominal verificada con fuente primaria.,Comercio/Integración Económica,Solo-Query,NA,NA,NA,NA,NA,NA,NA,NA,NA
PRY-GM-J005,5,Luis Ángel González Macchi,Paraguay,Completed,2001-04-20,2001-04-22,3,Canada,North America,Quebec City,Multilateral,Regional Summit,NA,III Cumbre de las Américas,NA,III Cumbre de las Americas; adopcion de la Carta Democratica Interamericana y debate del ALCA.,https://summit-americas.org/sas/Cumbres_previas_IIICumbre.html,Medium,NA,Cooperación Política General,Verificada-URL,NA,NA,NA,NA,NA,NA,NA,NA,NA
PRY-GM-J006,6,Luis Ángel González Macchi,Paraguay,Completed,2001-11-23,2001-11-24,2,Peru,South America,Lima,Multilateral,Regional Summit,NA,XI Cumbre Iberoamericana,NA,XI Cumbre Iberoamericana (Lima); lema 'Unidos para construir el manana'.,https://segib.org/es/xi-cumbre-iberoamericana-unidos-para-construir-el-manana/,Medium,NA,Cooperación Política General,Verificada-URL,NA,NA,NA,NA,NA,NA,NA,NA,NA
PRY-GM-J007,7,Luis Ángel González Macchi,Paraguay,Completed,2001-12-01,2001-12-01,1,Uruguay,South America,Montevideo,Multilateral,Regional Summit,NA,Cumbre del MERCOSUR (Montevideo),NA,Cumbre semestral del MERCOSUR bajo presidencia pro tempore de Uruguay.,Search Query: González Macchi cumbre Mercosur Montevideo diciembre 2001,Low,Fecha estimada (usar YYYY-MM-01); cumbre de diciembre de 2001 no verificada con URL primaria.,Comercio/Integración Económica,Solo-Query,NA,NA,NA,NA,NA,NA,NA,NA,NA
PRY-GM-J008,8,Luis Ángel González Macchi,Paraguay,Completed,2002-07-26,2002-07-27,2,Ecuador,South America,Guayaquil,Multilateral,Regional Summit,NA,II Cumbre Sudamericana (Consenso de Guayaquil),NA,II Cumbre Sudamericana; adopcion del Consenso de Guayaquil sobre integracion e infraestructura.,Search Query: González Macchi Guayaquil cumbre sudamericana julio 2002,Low,"Fecha de la cumbre confirmada (26-27 jul 2002, Wikipedia 'II Cumbre Suramericana'); asistencia personal de Gonzalez Macchi no confirmada con fuente primaria.",Cooperación Política General,Solo-Query,NA,NA,NA,NA,NA,NA,NA,NA,NA
PRY-GM-J009,9,Luis Ángel González Macchi,Paraguay,Completed,2002-07-05,2002-07-05,1,Argentina,South America,Buenos Aires,Multilateral,Regional Summit,NA,Cumbre del MERCOSUR (XXII),NA,Cumbre semestral del MERCOSUR (Duhalde anfitrion); acuerdos automotrices y comerciales.,Search Query: cumbre Mercosur Buenos Aires julio 2002 Duhalde Cardoso Batlle González Macchi,Low,Fuente de cancilleria.gob.ar y prensa nombran a los cuatro presidentes fundadores del MERCOSUR (incl. Gonzalez Macchi) sin URL primaria unica localizada.,Comercio/Integración Económica,Solo-Query,NA,NA,NA,NA,NA,NA,NA,NA,NA
PRY-GM-J010,10,Luis Ángel González Macchi,Paraguay,Completed,2002-11-15,2002-11-16,2,Dominican Republic,Caribbean,Bávaro,Multilateral,Regional Summit,NA,XII Cumbre Iberoamericana,NA,"XII Cumbre Iberoamericana (Bavaro); lema 'un punto de inflexion', turismo y medio ambiente.",https://segib.org/?summit=xii-cumbre-iberoamericana-bavaro-2002,Medium,Peru y Cuba enviaron vicepresidentes; no hay registro de ausencia de Paraguay.,Cooperación Política General,Verificada-URL,NA,NA,NA,NA,NA,NA,NA,NA,NA
PRY-GM-J011,11,Luis Ángel González Macchi,Paraguay,Completed,2003-01-01,2003-01-01,1,Brazil,South America,Brasília,Multilateral,Inauguration/Funeral,NA,Asunción de Luiz Inácio Lula da Silva,NA,Asistencia a la toma de posesion de Lula da Silva junto a otros jefes de Estado y de Gobierno.,Search Query: presidentes asistieron asunción Lula da Silva 1 enero 2003 Paraguay,Low,Prensa reporta a Paraguay entre los paises representados en la ceremonia; no se hallo URL primaria que nombre a Gonzalez Macchi explicitamente.,Cooperación Política General,Solo-Query,NA,NA,NA,NA,NA,NA,NA,NA,NA
PRY-GM-J012,12,Luis Ángel González Macchi,Paraguay,Completed,2003-05-25,2003-05-25,1,Argentina,South America,Buenos Aires,Multilateral,Inauguration/Funeral,NA,Asunción de Néstor Kirchner,NA,Asistencia a la toma de posesion de Nestor Kirchner como presidente de Argentina.,Search Query: González Macchi Kirchner asunción 25 mayo 2003 Buenos Aires,Low,Fuentes de prensa sobre la ceremonia listan a Gonzalez Macchi entre los mandatarios extranjeros presentes; sin URL primaria unica.,Cooperación Política General,Solo-Query,NA,NA,NA,NA,NA,NA,NA,NA,NA
PRY-NDF-J001,13,Nicanor Duarte Frutos,Paraguay,Completed,2003-09-23,2003-09-27,5,United States,North America,New York,Multilateral,Global Forum,TRUE,58º Período de Sesiones de la AGNU,NA,Debate general de la AGNU; defensa del ingreso de Taiwan a la ONU; bilateral con G.W. Bush en la Casa Blanca (26-sep).,https://georgewbush-whitehouse.archives.gov/news/releases/2003/09/images/text/20030926-1_p33857-08a-515h.html,High,Fecha exacta del discurso ante la AGNU no confirmada individualmente (debate general 23-sep al 1-oct-2003); reunion con Bush en la Casa Blanca confirmada el 26-sep-2003 por foto oficial de archivo de la Casa Blanca.,Cooperación Política General,Verificada-URL,NA,NA,NA,NA,NA,NA,NA,NA,NA
PRY-NDF-J002,14,Nicanor Duarte Frutos,Paraguay,Completed,2003-11-14,2003-11-15,2,Bolivia,South America,Santa Cruz de la Sierra,Multilateral,Regional Summit,NA,XIII Cumbre Iberoamericana,NA,"XIII Cumbre Iberoamericana; lema 'inclusion social, motor del desarrollo'.",https://segib.org/?summit=xiii-cumbre-iberoamericana-santa-cruz-de-la-sierra-2003,Medium,Foto oficial de la cumbre incluye a Duarte Frutos como presidente de Paraguay.,Cooperación Política General,Verificada-URL,NA,NA,NA,NA,NA,NA,NA,NA,NA
PRY-NDF-J003,15,Nicanor Duarte Frutos,Paraguay,Completed,2003-12-01,2003-12-01,1,Uruguay,South America,Montevideo,Multilateral,Regional Summit,NA,Cumbre del MERCOSUR (Montevideo),NA,"Primera cumbre semestral del MERCOSUR de Duarte Frutos como presidente, bajo pro tempore de Uruguay.",Search Query: Duarte Frutos cumbre Mercosur Montevideo diciembre 2003,Low,Fecha estimada (usar YYYY-MM-01); cumbre de diciembre de 2003 no verificada con URL primaria.,Comercio/Integración Económica,Solo-Query,NA,NA,NA,NA,NA,NA,NA,NA,NA
PRY-NDF-J004,16,Nicanor Duarte Frutos,Paraguay,Completed,2004-07-01,2004-07-01,1,Argentina,South America,Buenos Aires,Multilateral,Regional Summit,NA,"Cumbre del MERCOSUR (Argentina, primer semestre 2004)",NA,Cumbre semestral del MERCOSUR bajo presidencia pro tempore de Argentina.,Search Query: Duarte Frutos cumbre Mercosur Argentina julio 2004,Low,Fecha y ciudad estimadas (usar YYYY-MM-01); no se confirmo sede exacta (posiblemente Puerto Iguazu u otra ciudad) ni asistencia nominal con fuente primaria.,Comercio/Integración Económica,Solo-Query,NA,NA,NA,NA,NA,NA,NA,NA,NA
PRY-NDF-J005,17,Nicanor Duarte Frutos,Paraguay,Completed,2004-11-19,2004-11-20,2,Costa Rica,Central America,San José,Multilateral,Regional Summit,NA,XIV Cumbre Iberoamericana,NA,XIV Cumbre Iberoamericana; lema 'educar para progresar'.,https://segib.org/es/xiv-cumbre-iberoamericana-educar-para-progresar-como-region/,Medium,NA,Cooperación Política General,Verificada-URL,NA,NA,NA,NA,NA,NA,NA,NA,NA
PRY-NDF-J006,18,Nicanor Duarte Frutos,Paraguay,Completed,2004-12-16,2004-12-17,2,Brazil,South America,Ouro Preto,Multilateral,Regional Summit,NA,XXVII Cumbre del MERCOSUR,NA,"Cumbre semestral del MERCOSUR (Ouro Preto, Brasil).",Search Query: Duarte Frutos cumbre Mercosur Ouro Preto diciembre 2004,Low,Fecha del evento (16-17 dic 2004) confirmada por fuentes cruzadas sobre Uruguay/Mercosur (vlex.com); asistencia nominal de Duarte Frutos no confirmada con URL primaria propia.,Comercio/Integración Económica,Solo-Query,NA,NA,NA,NA,NA,NA,NA,NA,NA
PRY-NDF-J007,19,Nicanor Duarte Frutos,Paraguay,Completed,2005-09-29,2005-09-30,2,Brazil,South America,Brasília,Multilateral,Regional Summit,NA,I Cumbre de la Comunidad Sudamericana de Naciones,NA,"Reunion fundacional de la Comunidad Sudamericana de Naciones, precursora de UNASUR.",Search Query: Duarte Frutos Cumbre Sudamericana Brasilia 2005 Comunidad Sudamericana de Naciones,Low,"Fecha del evento confirmada (29-30 sep 2005, Real Instituto Elcano/Teseopress); asistencia nominal de Duarte Frutos no confirmada con URL primaria propia.",Cooperación Política General,Solo-Query,NA,NA,NA,NA,NA,NA,NA,NA,NA
PRY-NDF-J008,20,Nicanor Duarte Frutos,Paraguay,Completed,2005-10-14,2005-10-15,2,Spain,Europe,Salamanca,Multilateral,Regional Summit,NA,XV Cumbre Iberoamericana,NA,XV Cumbre Iberoamericana (Salamanca); migracion y realidad socioeconomica de la region.,https://segib.org/?summit=xv-cumbre-iberoamericana-salamanca-2005,Medium,NA,Cooperación Política General,Verificada-URL,NA,NA,NA,NA,NA,NA,NA,NA,NA
PRY-NDF-J009,21,Nicanor Duarte Frutos,Paraguay,Completed,2005-11-04,2005-11-05,2,Argentina,South America,Mar del Plata,Multilateral,Regional Summit,NA,IV Cumbre de las Américas,NA,"IV Cumbre de las Americas; rechazo al ALCA junto a Kirchner, Lula, Chavez y Vazquez.",https://summit-americas.org/sas/Cumbres_previas_IVCumbre.html,High,"Multiples fuentes de prensa (Ambito, NODAL) nombran explicitamente a Duarte Frutos entre los cuatro presidentes del MERCOSUR que rechazaron el ALCA.",Cooperación Política General,Verificada-URL,NA,NA,NA,NA,NA,NA,NA,NA,NA
PRY-NDF-J010,22,Nicanor Duarte Frutos,Paraguay,Completed,2005-12-08,2005-12-09,2,Uruguay,South America,Montevideo,Multilateral,Regional Summit,NA,Cumbre del MERCOSUR (ingreso de Venezuela),NA,Cumbre semestral del MERCOSUR; firma del Acuerdo Marco de adhesion de Venezuela (8-dic-2005).,Search Query: cumbre Mercosur Montevideo diciembre 2005 ingreso Venezuela presidentes,Medium,"Fecha del evento confirmada (8-9 dic 2005, El Colombiano/IMPO Uruguay); asistencia nominal de Duarte Frutos no confirmada con URL primaria propia.",Comercio/Integración Económica,Solo-Query,NA,NA,NA,NA,NA,NA,NA,NA,NA
PRY-NDF-J011,23,Nicanor Duarte Frutos,Paraguay,Completed,2006-07-20,2006-07-21,2,Argentina,South America,Córdoba,Multilateral,Regional Summit,NA,XXX Cumbre del MERCOSUR,NA,Cumbre del MERCOSUR (Cordoba); primera cumbre tras el ingreso de Venezuela al bloque.,Search Query: cumbre Mercosur Córdoba julio 2006 fecha presidentes,High,"Fuente de prensa nombra explicitamente a los presidentes de Argentina, Brasil, Paraguay (Nicanor Duarte Frutos), Uruguay y Venezuela como asistentes el 21-jul-2006.",Comercio/Integración Económica,Solo-Query,NA,NA,NA,NA,NA,NA,NA,NA,NA
PRY-NDF-J012,24,Nicanor Duarte Frutos,Paraguay,Completed,2006-11-03,2006-11-05,3,Uruguay,South America,Montevideo,Multilateral,Regional Summit,NA,XVI Cumbre Iberoamericana,NA,XVI Cumbre Iberoamericana (Montevideo); lema 'migracion y desarrollo'.,https://segib.org/?summit=xvi-cumbre-iberoamericana-montevideo-2006,Medium,NA,Cooperación Política General,Verificada-URL,NA,NA,NA,NA,NA,NA,NA,NA,NA
PRY-NDF-J013,25,Nicanor Duarte Frutos,Paraguay,Completed,2006-12-08,2006-12-09,2,Bolivia,South America,Cochabamba,Multilateral,Regional Summit,NA,II Cumbre de la Comunidad Sudamericana de Naciones,NA,Cumbre de la Comunidad Sudamericana de Naciones (Cochabamba); camino hacia UNASUR.,https://www.sciencespo.fr/opalc/sites/sciencespo.fr.opalc/files/Declaracion_de_Cochabamba_2006.pdf,Medium,Declaracion de Cochabamba firmada por los presidentes de la CSN incl. Paraguay; misma fuente primaria usada para el modulo de Chile (Bachelet) en este proyecto.,Cooperación Política General,Verificada-URL,NA,NA,NA,NA,NA,NA,NA,NA,NA
PRY-NDF-J014,26,Nicanor Duarte Frutos,Paraguay,Completed,2006-12-01,2006-12-01,1,Brazil,South America,Brasília,Multilateral,Regional Summit,NA,"Cumbre del MERCOSUR (Brasília, segundo semestre 2006)",NA,Cumbre semestral del MERCOSUR bajo presidencia pro tempore de Brasil.,Search Query: cumbre Mercosur Brasilia diciembre 2006 fecha XXXI,Low,Fecha estimada (usar YYYY-MM-01); no se confirmo fecha exacta ni asistencia nominal con fuente primaria.,Comercio/Integración Económica,Solo-Query,NA,NA,NA,NA,NA,NA,NA,NA,NA
PRY-NDF-J015,27,Nicanor Duarte Frutos,Paraguay,Completed,2007-04-16,2007-04-17,2,Venezuela,South America,Isla Margarita,Multilateral,Regional Summit,NA,I Cumbre Energética Suramericana,NA,I Cumbre Energetica Suramericana; firma de la Declaracion de Margarita y acuerdo de crear la UNASUR.,https://es.wikipedia.org/wiki/Cumbre_Energ%C3%A9tica_Suramericana,Medium,"Fuente SELA confirma la presencia de los jefes de Estado sudamericanos, Paraguay incluido, en la firma de la Declaracion de Margarita (16-17 abr 2007).",Energía,Verificada-URL,NA,NA,NA,NA,NA,NA,NA,NA,NA
PRY-NDF-J016,28,Nicanor Duarte Frutos,Paraguay,Completed,2007-11-08,2007-11-10,3,Chile,South America,Santiago,Multilateral,Regional Summit,NA,XVII Cumbre Iberoamericana,NA,XVII Cumbre Iberoamericana (Santiago); lema 'cohesion social y politicas sociales'.,https://segib.org/?summit=xvii-cumbre-iberoamericana-santiago-de-chile-2007,Medium,NA,Cooperación Política General,Verificada-URL,NA,NA,NA,NA,NA,NA,NA,NA,NA
PRY-NDF-J017,29,Nicanor Duarte Frutos,Paraguay,Completed,2007-12-18,2007-12-18,1,Uruguay,South America,Montevideo,Multilateral,Regional Summit,NA,XXXIV Cumbre del MERCOSUR,NA,Cumbre semestral del MERCOSUR (Montevideo); transferencia de la presidencia pro tempore.,Search Query: cumbre Mercosur Montevideo 18 diciembre 2007 XXXIV,Medium,"Multiples fuentes confirman la fecha (18-dic-2007, Diario de Cuyo); asistencia nominal de Duarte Frutos no confirmada con URL primaria propia pero coherente con su rol de miembro pleno del bloque.",Comercio/Integración Económica,Solo-Query,NA,NA,NA,NA,NA,NA,NA,NA,NA
PRY-NDF-J018,30,Nicanor Duarte Frutos,Paraguay,Completed,2007-10-08,2007-10-11,4,Taiwan,Asia-Pacific,Taipei,Bilateral,State Visit,NA,Presidente Chen Shui-bian,Jefe de Estado/Gobierno,Visita de Estado; 50º aniversario de relaciones Paraguay-Taiwan; celebracion del Dia Nacional (10-oct) y cumpleanos presidencial (11-oct).,https://english.president.gov.tw/NEWS/2804,High,Taiwan no figura en REGION_MAP de schema.py; se asigno manualmente 'Asia-Pacific' (coherente con el criterio del proyecto para Asia-Pacifico/Oceania). PENDIENTE: agregar 'Taiwan':'Asia-Pacific' a REGION_MAP antes de integrar. Se confirmo ademas por Taipei Times (9-oct-2007) que la visita incluyo la celebracion del Doble Diez.,NA,Verificada-URL,NA,NA,NA,NA,NA,NA,NA,NA,NA
PRY-NDF-J019,31,Nicanor Duarte Frutos,Paraguay,Completed,2007-12-09,2007-12-10,2,Argentina,South America,Buenos Aires,Multilateral,Inauguration/Funeral,NA,Asunción de Cristina Fernández de Kirchner / Firma del Acta Fundacional del Banco del Sur,NA,Asistencia a la toma de posesión de Cristina Fernández de Kirchner junto a otros jefes de Estado sudamericanos; el día previo (9-dic) participó de la firma del Acta Fundacional del Banco del Sur en la Casa Rosada.,https://www.cfkargentina.com/asuncion-de-cristina-kirchner-10-de-diciembre-de-2007/,High,"Discurso oficial de CFK (fuente primaria de su sitio oficial) menciona explícitamente al 'Presidente de Paraguay' entre los mandatarios sudamericanos que firmaron el Acta Fundacional del Banco del Sur el 9-dic-2007, la víspera de la asunción; Duarte Frutos era presidente de Paraguay en ese momento (mandato 2003-2008).",Cooperación Política General,Verificada-URL,NA,NA,NA,NA,NA,NA,NA,NA,NA
PRY-NDF-J020,32,Nicanor Duarte Frutos,Paraguay,Completed,2008-03-07,2008-03-07,1,Dominican Republic,Caribbean,Santo Domingo,Multilateral,Regional Summit,NA,XX Cumbre del Grupo de Río,NA,"Cumbre extraordinaria del Grupo de Río convocada por la crisis diplomática entre Colombia, Ecuador y Venezuela tras el ataque colombiano a un campamento de las FARC en territorio ecuatoriano (1-mar-2008); mediación regional exitosa.",Search Query: Duarte Frutos Cumbre Grupo de Río Santo Domingo marzo 2008 Paraguay asistencia,Low,"Cumbre y fecha (7-mar-2008) ampliamente documentadas (Wikipedia ES, SELA, Wikisource); las fuentes consultadas detallan las intervenciones de Correa, Uribe, Chávez, Kirchner, Bachelet, Calderón y Ortega pero no nombran explícitamente a Duarte Frutos. Se incluye por la membresía plena de Paraguay en el Grupo de Río (mismo criterio metodológico usado en otras filas Low de este módulo para cumbres MERCOSUR); no se halló URL primaria que confirme ni descarte su asistencia personal.",Cooperación Política General,Solo-Query,NA,NA,NA,NA,NA,NA,NA,NA,NA
PRY-NDF-J021,33,Nicanor Duarte Frutos,Paraguay,Completed,2008-06-30,2008-07-01,2,Argentina,South America,San Miguel de Tucumán,Multilateral,Regional Summit,NA,XXXV Cumbre del MERCOSUR,NA,Última cumbre semestral del MERCOSUR de Duarte Frutos como presidente; Cristina Fernández de Kirchner transfirió la presidencia pro tempore del bloque a Lula da Silva.,https://mercociudades.org/xxxv-cumbre-del-mercosur-en-la-ciudad-de-san-miguel-de-tucuman-2/,Medium,"Fuente (Mercociudades, 25-jun-2008) confirma que participarán 'las máximas autoridades' de Argentina, Brasil, Paraguay y Uruguay como socios plenos, y fija fecha/sede (30-jun/1-jul-2008, San Miguel de Tucumán); un resumen agregado de búsqueda adicional nombra explícitamente a 'Paraguay (Nicanor Duarte Frutos)' entre los presidentes asistentes, dato no verificado de forma independiente contra una URL primaria única.",Comercio/Integración Económica,Verificada-URL,NA,NA,NA,NA,NA,NA,NA,NA,NA
PRY-FL-J001,34,Fernando Lugo,Paraguay,Completed,2008-09-15,2008-09-15,1,Chile,South America,Santiago,Multilateral,Regional Summit,NA,Cumbre Extraordinaria de UNASUR (crisis boliviana),NA,Cumbre extraordinaria convocada por la crisis politica en Bolivia (Evo Morales); respaldo regional a la democracia.,https://es.wikipedia.org/wiki/I_Cumbre_de_Unasur,Medium,Primera cumbre de UNASUR de Lugo como presidente (asumio el 15-ago-2008); duracion estimada en 1 dia.,Cooperación Política General,Verificada-URL,NA,NA,NA,NA,NA,NA,NA,NA,NA
PRY-FL-J002,35,Fernando Lugo,Paraguay,Completed,2008-09-23,2008-09-24,2,United States,North America,New York,Multilateral,Global Forum,NA,63º período de sesiones de la Asamblea General de la ONU,NA,Primer discurso ante la AGNU tras asumir la presidencia; presentacion de su programa de gobierno.,https://www.democracynow.org/es/2008/9/24/exclusiva_entrevista_con_el_presidente_paraguayo,Low,Evidencia indirecta: entrevista de Democracy Now fechada 24-sep-2008 realizada durante la semana de apertura de la 63 AGNU; no se hallo el discurso oficial de Lugo en el repositorio de la ONU. Incluido en el listado de destinos 2008 (EE.UU.) segun Ultima Hora 26-jul-2012.,Cooperación Política General,Verificada-URL,NA,NA,NA,NA,NA,NA,NA,NA,NA
PRY-FL-J003,36,Fernando Lugo,Paraguay,Completed,2008-10-29,2008-10-31,3,El Salvador,Central America,San Salvador,Multilateral,Regional Summit,NA,XVIII Cumbre Iberoamericana de Jefes de Estado y de Gobierno,NA,Cumbre Iberoamericana 'Juventud y desarrollo'; primera participacion de Lugo en el foro iberoamericano.,https://segib.org/?summit=xviii-cumbre-iberoamericana-san-salvador-2008,Medium,"Fuente oficial SEGIB confirma la cumbre y las fechas; asistencia de Paraguay inferida de su membresia plena, sin nota de prensa especifica hallada que confirme la presencia fisica de Lugo.",Cooperación Política General,Verificada-URL,NA,NA,NA,NA,NA,NA,NA,NA,NA
PRY-FL-J004,37,Fernando Lugo,Paraguay,Completed,2008-12-16,2008-12-17,3,Brazil,South America,Costa do Sauípe (Bahía),Multilateral,Regional Summit,NA,III Cumbre de UNASUR / I Cumbre CALC / Cumbre del Grupo de Río / Cumbre del MERCOSUR (Costa do Sauípe),NA,Triple cumbre presidencial sudamericana; creacion del Consejo de Defensa Suramericano (CDS) de UNASUR.,https://en.wikipedia.org/wiki/I_Latin_American_and_Caribbean_Summit_on_Integration_and_Development,Medium,"Evento primario clasificado como III Cumbre de UNASUR (regla de evento primario, CODEBOOK 5.7); coincidio en fecha y sede con la I CALC, el Grupo de Rio y el Mercosur. Paraguay entre los 32 estados participantes de la CALC. [PE-Latam 2026-08-24: Duration_Days corregido de '2' a '3' (COLT tenia razon). Fuente: Real Instituto Elcano ('Las cuatro Cumbres de presidentes latinoamericanos y el liderazgo brasileño'): la IV Cumbre del Mercosur (traspaso de presiden]",Cooperación Política General,Verificada-URL,NA,NA,NA,NA,NA,NA,NA,NA,NA
PRY-FL-J005,38,Fernando Lugo,Paraguay,Completed,NA,NA,NA,Mexico,North America,NA,Bilateral,Working Visit,NA,Visita oficial a México (agenda no determinada),Jefe de Estado/Gobierno,Viaje oficial a Mexico durante 2008 (mes exacto no determinado); mencionado entre los destinos del primer año de mandato.,https://www.ultimahora.com/lugo-gasto-mas-g-7-mil-millones-sus-viajes-su-mandato-n547966,Low,"Fecha y agenda especifica no determinadas; el articulo de Ultima Hora (26-jul-2012, balance de gastos de viaje) lista a Mexico entre los destinos de 2008 sin precisar fecha ni motivo. Contraparte asumida por defecto (Felipe Calderon, presidente de Mexico en 2008); pendiente de verificacion con fuente primaria.",NA,Verificada-URL,NA,NA,NA,NA,NA,NA,NA,NA,NA
PRY-FL-J006,39,Fernando Lugo,Paraguay,Completed,NA,NA,NA,Colombia,South America,NA,Bilateral,Working Visit,NA,Visita oficial a Colombia (agenda no determinada),Jefe de Estado/Gobierno,Viaje oficial a Colombia durante 2008 (mes exacto no determinado); mencionado entre los destinos del primer año de mandato.,https://www.ultimahora.com/lugo-gasto-mas-g-7-mil-millones-sus-viajes-su-mandato-n547966,Low,"Fecha y agenda especifica no determinadas; el articulo de Ultima Hora lista a Colombia entre los destinos de 2008 sin precisar fecha ni motivo. Contraparte asumida por defecto (Alvaro Uribe, presidente de Colombia en 2008); pendiente de verificacion con fuente primaria.",NA,Verificada-URL,NA,NA,NA,NA,NA,NA,NA,NA,NA
PRY-FL-J007,40,Fernando Lugo,Paraguay,Completed,2009-03-30,2009-03-31,2,Qatar,Middle East,Doha,Multilateral,Regional Summit,NA,II Cumbre América del Sur-Países Árabes (ASPA),NA,"Cumbre birregional ASPA; participaron 12 paises de UNASUR y 22 de la Liga Arabe, en contexto de crisis economica internacional.",https://www.ultimahora.com/lugo-pone-sus-pies-qatar-un-pequeno-pero-rico-emirato-arabe-n208964,High,"Articulo especifico de Ultima Hora sobre la llegada de Lugo a Doha, con detalle de la comitiva (canciller Hamed, asesor Codas, jefa de Protocolo Roig, medico Martinez, jefe de seguridad Segovia). Cumbre oficial el 31-mar-2009 (Wikipedia ES); duracion estimada con llegada el dia previo.",Comercio/Integración Económica,Verificada-URL,NA,NA,NA,NA,NA,NA,NA,NA,NA
PRY-FL-J008,41,Fernando Lugo,Paraguay,Completed,2009-04-17,2009-04-19,3,Trinidad and Tobago,Caribbean,Port of Spain,Multilateral,Regional Summit,NA,V Cumbre de las Américas,NA,Cumbre hemisferica 'Asegurar el futuro de nuestros ciudadanos'; debut de Barack Obama en la region; participaron los 34 paises miembros de la OEA.,https://es.wikipedia.org/wiki/V_Cumbre_de_las_Am%C3%A9ricas,Medium,Fuente confirma la cumbre y la asistencia de los 34 jefes de Estado miembros de la OEA (Paraguay incluido); no se hallo nota de prensa especifica sobre Lugo en particular.,Cooperación Política General,Verificada-URL,NA,NA,NA,NA,NA,NA,NA,NA,NA
PRY-FL-J009,42,Fernando Lugo,Paraguay,Completed,2009-07-05,2009-07-05,1,El Salvador,Central America,San Salvador,Multilateral,Regional Summit,NA,Reunión de presidentes sudamericanos en solidaridad con Manuel Zelaya (crisis institucional de Honduras),NA,"Reunion con Cristina Fernandez de Kirchner y Rafael Correa en San Salvador, en el marco de la crisis politica de Honduras tras el golpe de Estado contra Zelaya.",https://www.diariodecuyo.com.ar/noticias/cristina-viaja-rumbo-a-el-salvador-y-zelaya-a-tegucigalpa-962795.html,Low,Fecha estimada (5-jul-2009) en base al articulo citado; menciona a Lugo entre los presidentes que viajaron a El Salvador junto a Correa y Fernandez de Kirchner tras la Asamblea extraordinaria de la OEA en Washington sobre Honduras. No se hallo nota de prensa paraguaya especifica con mayor detalle.,Cooperación Política General,Verificada-URL,NA,NA,NA,NA,NA,NA,NA,NA,NA
PRY-FL-J010,43,Fernando Lugo,Paraguay,Completed,2009-08-10,2009-08-10,1,Ecuador,South America,Quito,Multilateral,Regional Summit,NA,II Cumbre de UNASUR (coincidente con la segunda asunción de Rafael Correa),NA,II Cumbre de UNASUR en el marco del Bicentenario de Quito y la segunda asuncion presidencial de Rafael Correa.,https://es.wikipedia.org/wiki/II_Cumbre_de_Unasur,Medium,Asistencia de Paraguay inferida de su membresia plena en UNASUR; no se hallo nota de prensa especifica sobre Lugo.,Cooperación Política General,Verificada-URL,NA,NA,NA,NA,NA,NA,NA,NA,NA
PRY-FL-J011,44,Fernando Lugo,Paraguay,Completed,2009-08-28,2009-08-28,1,Argentina,South America,San Carlos de Bariloche,Multilateral,Regional Summit,NA,III Cumbre Extraordinaria de UNASUR (bases militares de EE.UU. en Colombia),NA,Cumbre extraordinaria de UNASUR convocada por el acuerdo de bases militares entre Colombia y Estados Unidos.,https://es.wikipedia.org/wiki/III_Cumbre_de_Unasur,Medium,Asistencia de Paraguay inferida de su membresia plena en UNASUR; no se hallo nota de prensa especifica sobre Lugo.,Cooperación Política General,Verificada-URL,NA,NA,NA,NA,NA,NA,NA,NA,NA
PRY-FL-J012,45,Fernando Lugo,Paraguay,Completed,2009-11-16,2009-11-18,3,Italy,Europe,Rome,Multilateral,Global Forum,NA,Cumbre Mundial sobre la Seguridad Alimentaria (FAO),NA,Cumbre de la FAO contra el hambre; tema central de la politica exterior de Lugo (reforma agraria y lucha contra la pobreza rural).,https://es.wikipedia.org/wiki/Cumbre_Mundial_sobre_la_Seguridad_Alimentaria_(2009),Medium,Fuente confirma la cumbre en la sede de la FAO con jefes de Estado y de Gobierno participantes; corresponde al destino 'Italia' listado por Ultima Hora entre los viajes de 2009. No se hallo nota de prensa especifica sobre Lugo.,Cooperación Política General,Verificada-URL,NA,NA,NA,NA,NA,NA,NA,NA,NA
PRY-FL-J013,46,Fernando Lugo,Paraguay,Completed,2009-11-29,2009-12-01,3,Portugal,Europe,Estoril,Multilateral,Regional Summit,NA,XIX Cumbre Iberoamericana de Jefes de Estado y de Gobierno,NA,Cumbre Iberoamericana 'Innovacion y conocimiento'.,Search Query: XIX Cumbre Iberoamericana Estoril 2009 Fernando Lugo Paraguay asistencia,Low,No se hallo un URL especifico que confirme la asistencia de Lugo; fecha y sede de la cumbre segun busqueda agregada. Incluido por membresia plena de Paraguay en el foro iberoamericano y patron de asistencia continua 2008-2010.,Cooperación Política General,Solo-Query,NA,NA,NA,NA,NA,NA,NA,NA,NA
PRY-FL-J014,47,Fernando Lugo,Paraguay,Completed,2009-12-19,2009-12-20,2,Uruguay,South America,Montevideo,Multilateral,Regional Summit,NA,Cumbre de Presidentes del MERCOSUR (Montevideo),NA,Cumbre semestral del Mercosur; traspaso de la presidencia pro tempore de Uruguay a Argentina (Cristina Fernandez de Kirchner).,Search Query: Cumbre Mercosur Montevideo diciembre 2009 Fernando Lugo Paraguay,Low,"Cumbre y fecha (19-20 dic 2009) confirmadas por multiples fuentes; asistencia especifica de Lugo no confirmada con un URL individual, solo inferida de la membresia plena de Paraguay en el Mercosur.",Comercio/Integración Económica,Solo-Query,NA,NA,NA,NA,NA,NA,NA,NA,NA
PRY-FL-J015,48,Fernando Lugo,Paraguay,Completed,2010-02-22,2010-02-23,2,Mexico,North America,Playa del Carmen,Multilateral,Regional Summit,NA,XXI Cumbre del Grupo de Río / Cumbre de la Unidad de América Latina y el Caribe (creación de la CELAC),NA,Cumbre de la Unidad; decision de crear la CELAC heredando las funciones del Grupo de Rio y la CALC.,https://es.wikipedia.org/wiki/XXI_Cumbre_del_Grupo_de_R%C3%ADo,Medium,Asistencia de Paraguay inferida de su membresia plena; no se hallo nota de prensa especifica sobre Lugo.,Cooperación Política General,Verificada-URL,NA,NA,NA,NA,NA,NA,NA,NA,NA
PRY-FL-J016,49,Fernando Lugo,Paraguay,Completed,2010-03-01,2010-03-01,1,Uruguay,South America,Montevideo,Bilateral,Inauguration/Funeral,NA,Asunción presidencial de José Mujica,Jefe de Estado/Gobierno,"Asuncion presidencial de Jose Mujica; presentes tambien Cristina Fernandez, Lula, Evo Morales, Chavez, Uribe y Correa.",https://www.cidob.org/lider-politico/jose-mujica-cordano,Medium,NA,NA,Verificada-URL,NA,NA,NA,NA,NA,NA,NA,NA,NA
PRY-FL-J017,50,Fernando Lugo,Paraguay,Completed,2010-05-03,2010-05-04,2,Argentina,South America,Campana,Multilateral,Regional Summit,NA,Cumbre Extraordinaria de UNASUR (Campana),NA,"Cumbre extraordinaria de UNASUR en Campana, provincia de Buenos Aires.",Search Query: Cumbre Extraordinaria UNASUR Campana mayo 2010 Fernando Lugo Paraguay,Low,Fecha y sede de la cumbre (3-4 mayo 2010) segun busqueda agregada; no se hallo un URL especifico ni confirmacion de la asistencia personal de Lugo.,Cooperación Política General,Solo-Query,NA,NA,NA,NA,NA,NA,NA,NA,NA
PRY-FL-J018,51,Fernando Lugo,Paraguay,Completed,2010-05-25,2010-05-25,1,Argentina,South America,Buenos Aires,Multilateral,Inauguration/Funeral,NA,Bicentenario de la Revolución de Mayo (Argentina),NA,"Festejos del Bicentenario argentino; desfile de cierre junto a Lula, Mujica, Chavez, Evo Morales y otros mandatarios.",Search Query: Fernando Lugo Bicentenario Argentina mayo 2010 Buenos Aires,Low,"Evento (Bicentenario, 21-25 mayo 2010) confirmado por fuentes generales; la presencia de Lugo se menciona en un resumen de busqueda agregado sin URL individual aislable. Duracion estimada de 2 dias (llegada probable para el desfile final del 25-may). [PE-Latam 2026-08-24: Start_Date corregido de '2010-05-24' a 'Start_Date=2010-05-25; Duration_Days=1' (COLT tenia razon). Fuente: Página/12 (25-may-2010, 'Una fiesta de, para y por ustedes'): confirma que Lugo participó junto a Cristina Fernández, Lula, Chávez, Correa, Piñera, Mo] [PE-Latam 2026-08-24: Start_Date corregido de 'Start_Date=2010-05-25; Duration_Days=1' a '2010-05-25' (COLT tenia razon). Fuente: Página/12 (25-may-2010, 'Una fiesta de, para y por ustedes'): confirma que Lugo participó junto a Cristina Fernández, Lula, Chávez, Correa, Piñera, Mo] [PE-Latam 2026-08-24: Duration_Days corregido de '2' a '1' (COLT tenia razon). Fuente: Página/12 (25-may-2010, 'Una fiesta de, para y por ustedes'): confirma que Lugo participó junto a Cristina Fernández, Lula, Chávez, Correa, Piñera, Mo]",Cooperación Política General,Solo-Query,NA,NA,NA,NA,NA,NA,NA,NA,NA
PRY-FL-J019,52,Fernando Lugo,Paraguay,Completed,NA,NA,NA,Peru,South America,Lima,Bilateral,State Visit,NA,Visita oficial al presidente Alan García,Jefe de Estado/Gobierno,Visita oficial a Peru; reunion con el presidente Alan Garcia en el Palacio de Gobierno.,https://www.ultimahora.com/lugo-gasto-mas-g-7-mil-millones-sus-viajes-su-mandato-n547966,Low,"Mencionado en resumen de busqueda agregado (visita oficial a Peru en 2010, reunion con Alan Garcia); no se hallo articulo especifico con fecha exacta dentro de 2010.",NA,Verificada-URL,NA,NA,NA,NA,NA,NA,NA,NA,NA
PRY-FL-J020,53,Fernando Lugo,Paraguay,Completed,2010-08-02,2010-08-03,2,Argentina,South America,San Juan,Multilateral,Regional Summit,NA,XXXIX Cumbre del MERCOSUR (San Juan),NA,"Cumbre semestral del Mercosur en San Juan, Argentina.",Search Query: XXXIX Cumbre Mercosur San Juan agosto 2010 Fernando Lugo Paraguay,Low,"Cumbre y fechas (2-3 agosto 2010) confirmadas; asistencia de Lugo inferida de la membresia plena del Mercosur, sin nota de prensa especifica hallada.",Comercio/Integración Económica,Solo-Query,NA,NA,NA,NA,NA,NA,NA,NA,NA
PRY-FL-J021,54,Fernando Lugo,Paraguay,Completed,2010-11-26,2010-11-26,1,Guyana,South America,Georgetown,Multilateral,Regional Summit,NA,IV Cumbre de UNASUR (Georgetown),NA,"IV Cumbre de UNASUR en Georgetown, Guyana.",https://es.wikipedia.org/wiki/IV_Cumbre_de_Unasur,Medium,Asistencia de Paraguay inferida de su membresia plena en UNASUR; no se hallo nota de prensa especifica sobre Lugo.,Cooperación Política General,Verificada-URL,NA,NA,NA,NA,NA,NA,NA,NA,NA
PRY-FL-J022,55,Fernando Lugo,Paraguay,Completed,2010-12-03,2010-12-04,2,Argentina,South America,Mar del Plata,Multilateral,Regional Summit,NA,XX Cumbre Iberoamericana de Jefes de Estado y de Gobierno,NA,Cumbre Iberoamericana 'Educacion para la inclusion social'.,https://segib.org/?summit=xx-mar-del-plata-argentina-diciembre-2010,Medium,Fuente oficial SEGIB confirma la cumbre y las fechas; asistencia de Paraguay inferida de su membresia plena.,Cooperación Política General,Verificada-URL,NA,NA,NA,NA,NA,NA,NA,NA,NA
PRY-FL-J023,56,Fernando Lugo,Paraguay,Completed,2010-12-16,2010-12-17,2,Brazil,South America,Foz do Iguaçu,Multilateral,Regional Summit,NA,Cumbre de Presidentes del MERCOSUR (Foz do Iguaçu),NA,Cumbre semestral del Mercosur; Paraguay asumio la presidencia pro tempore del bloque.,Search Query: Cumbre Mercosur Foz de Iguazu diciembre 2010 Paraguay presidencia pro tempore Lugo,Low,"Fecha estimada (16-17 dic 2010) segun busqueda agregada (documento oficial de Casa Rosada fechado 17-dic-2010); no se hallo nota de prensa especifica sobre la presencia fisica de Lugo, aunque es consistente con que Paraguay asumiera la presidencia pro tempore del bloque en esa cumbre.",Comercio/Integración Económica,Solo-Query,NA,NA,NA,NA,NA,NA,NA,NA,NA
PRY-FL-J024,57,Fernando Lugo,Paraguay,Completed,2011-03-14,2011-03-16,3,Taiwan,Asia-Pacific,Taipei,Bilateral,State Visit,NA,Reunión con el presidente Ma Ying-jeou,Jefe de Estado/Gobierno,Primera visita de Estado de Lugo a Taiwan; ceremonia con honores militares en Liberty Square; Paraguay es el unico aliado diplomatico de Taiwan en Sudamerica.,https://english.president.gov.tw/NEWS/3577,High,Fuente oficial de la Presidencia de Taiwan (ROC) confirma la fecha de la ceremonia de bienvenida (14-mar-2011) y la califica de 'primera visita de Estado' de Lugo a Taiwan; duracion total de la estancia estimada (no se especifica fecha de salida).,NA,Verificada-URL,NA,NA,NA,NA,NA,NA,NA,NA,NA
PRY-FL-J025,58,Fernando Lugo,Paraguay,Completed,2011-12-02,2011-12-03,2,Venezuela,South America,Caracas,Multilateral,Regional Summit,NA,Cumbre Fundacional de la CELAC,NA,Cumbre fundacional de la Comunidad de Estados Latinoamericanos y Caribeños; Paraguay entre los 33 paises fundadores.,https://en.wikipedia.org/wiki/2011_CELAC_summit,Medium,"Paraguay figura entre los 33 paises participantes segun el articulo (infobox); no se hallo nota de prensa especifica sobre la presencia fisica de Lugo, aunque es consistente con su rol activo como presidente pro tempore de UNASUR en ese momento (oct-2011 a jun-2012).",Cooperación Política General,Verificada-URL,NA,NA,NA,NA,NA,NA,NA,NA,NA
PRY-FL-J026,59,Fernando Lugo,Paraguay,Completed,2011-12-19,2011-12-20,2,Uruguay,South America,Montevideo,Multilateral,Regional Summit,NA,Cumbre de Presidentes del MERCOSUR (Montevideo),NA,Cumbre semestral del Mercosur; ingreso de Venezuela como miembro pleno del bloque.,Search Query: Cumbre Mercosur Montevideo diciembre 2011 Fernando Lugo Paraguay presidencia pro tempore,Low,Cumbre inferida por el patron de rotacion semestral de la presidencia pro tempore del Mercosur (Paraguay entrego la presidencia a Uruguay en la cumbre de Luque/Asuncion de junio 2011); no se hallo un URL especifico que confirme fecha exacta ni asistencia de Lugo.,Comercio/Integración Económica,Solo-Query,NA,NA,NA,NA,NA,NA,NA,NA,NA
PRY-FL-J027,60,Fernando Lugo,Paraguay,Completed,2012-06-03,2012-06-05,3,Bolivia,South America,Cochabamba,Multilateral,Regional Summit,NA,42º Período Ordinario de Sesiones de la Asamblea General de la OEA,NA,"Asamblea General de la OEA en Cochabamba, semanas antes de su destitucion.",https://oas.org/es/centro_noticias/comunicado_prensa.asp?sCodigo=C-211/12,Medium,"Fuente oficial de la OEA confirma la Asamblea General (3-5 jun 2012) en Cochabamba; asistencia especifica de Lugo no confirmada con nota de prensa individual, aunque el evento ocurrio 17 dias antes de su destitucion (22-jun-2012), dentro de su mandato.",Cooperación Política General,Verificada-URL,NA,NA,NA,NA,NA,NA,NA,NA,NA
PRY-FL-J028,61,Fernando Lugo,Paraguay,Completed,2012-05-16,2012-05-18,3,Taiwan,Asia-Pacific,Taipei,Bilateral,Working Visit,NA,Visita a autoridades de Taiwán,Jefe de Estado/Gobierno,Primer tramo de la gira asiatica de 18 dias; reafirmacion de relaciones diplomaticas con Taiwan.,https://www.ultimahora.com/lugo-gasto-mas-g-7-mil-millones-sus-viajes-su-mandato-n547966,Medium,"Gira asiatica confirmada por Ultima Hora: 16-may al 2-jun-2012 (18 dias), 5 paises (Taiwan, India, Tailandia, Corea del Sur y Japon segun rdn.com.py/Ultima Hora), comitiva de 15 personas. Fechas de este tramo especifico ESTIMADAS (no confirmadas pais por pais, dividiendo el periodo total); orden de paises confirmado por fuente secundaria.",NA,Verificada-URL,NA,NA,NA,NA,NA,NA,NA,NA,NA
PRY-FL-J028,62,Fernando Lugo,Paraguay,Completed,2012-05-19,2012-05-22,4,India,Asia-Pacific,Nueva Delhi,Bilateral,State Visit,NA,Visita a autoridades de la India,Jefe de Estado/Gobierno,Primera visita de un presidente paraguayo a la India; busqueda de intercambio comercial.,https://www.abc.com.py/internacionales/el-presidente-fernando-lugo-inicia-su-visita-a-la-india-405597.html,High,Fechas de este tramo especifico estimadas dentro de la gira asiatica 16-may/2-jun-2012 (ver nota Trip 28).,NA,Verificada-URL,NA,NA,NA,NA,NA,NA,NA,NA,NA
PRY-FL-J028,63,Fernando Lugo,Paraguay,Completed,2012-05-23,2012-05-25,3,Thailand,Asia-Pacific,Bangkok,Bilateral,Working Visit,NA,Visita a autoridades de Tailandia,Jefe de Estado/Gobierno,Tramo de la gira asiatica de 2012; promocion comercial y de inversiones.,https://www.ultimahora.com/lugo-gasto-mas-g-7-mil-millones-sus-viajes-su-mandato-n547966,Low,"Pais mencionado como parte de la gira asiatica por fuente secundaria (rdn.com.py/Ultima Hora), sin articulo especifico de prensa paraguaya sobre este tramo. Fechas estimadas (ver nota Trip 28).",NA,Verificada-URL,NA,NA,NA,NA,NA,NA,NA,NA,NA
PRY-FL-J028,64,Fernando Lugo,Paraguay,Completed,2012-05-26,2012-05-28,3,South Korea,Asia-Pacific,Seúl,Bilateral,Working Visit,NA,Visita a autoridades de Corea del Sur,Jefe de Estado/Gobierno,Tramo de la gira asiatica de 2012; cooperacion tecnologica y comercial.,https://www.ultimahora.com/lugo-gasto-mas-g-7-mil-millones-sus-viajes-su-mandato-n547966,Low,"Pais mencionado como parte de la gira asiatica por fuente secundaria, sin articulo especifico. Fechas estimadas (ver nota Trip 28).",NA,Verificada-URL,NA,NA,NA,NA,NA,NA,NA,NA,NA
PRY-FL-J028,65,Fernando Lugo,Paraguay,Completed,2012-05-29,2012-06-02,5,Japan,Asia-Pacific,Tokio,Bilateral,Working Visit,NA,Visita a autoridades de Japón,Jefe de Estado/Gobierno,"Ultimo tramo de la gira asiatica; regreso a Paraguay el 2-jun-2012, gira criticada por su costo (jovenes colorados lo increparon al retorno).",https://www.ultimahora.com/lugo-gasto-mas-g-7-mil-millones-sus-viajes-su-mandato-n547966,Medium,Ultima Hora confirma el regreso de la gira asiatica el 2-jun-2012 y las criticas recibidas; Japon como ultimo destino segun fuente secundaria (rdn.com.py). Fechas de este tramo estimadas (ver nota Trip 28).,NA,Verificada-URL,NA,NA,NA,NA,NA,NA,NA,NA,NA
PRY-FL-J029,66,Fernando Lugo,Paraguay,Completed,NA,NA,NA,Argentina,South America,NA,Bilateral,Working Visit,NA,Visita de trabajo a la presidenta Cristina Fernández de Kirchner,Jefe de Estado/Gobierno,"Viaje oficial a Argentina durante 2011 (fecha exacta no determinada), mencionado entre los destinos del ano.",https://www.ultimahora.com/lugo-gasto-mas-g-7-mil-millones-sus-viajes-su-mandato-n547966,Low,"Fecha y agenda especifica no determinadas; el articulo de Ultima Hora lista a Argentina entre los destinos de 2011 (distinto del viaje al Bicentenario de 2010, ya cargado). Podria corresponder a una cumbre regional no diferenciada por la fuente; pendiente de verificacion con fuente primaria.",NA,Verificada-URL,NA,NA,NA,NA,NA,NA,NA,NA,NA
PRY-FL-J030,67,Fernando Lugo,Paraguay,Completed,NA,NA,NA,United States,North America,NA,Multilateral,Global Forum,NA,Posible participación en la 66ª Asamblea General de la ONU (sin confirmar),NA,Viaje oficial a Estados Unidos durante 2011 (fecha y motivo exactos no determinados).,https://www.ultimahora.com/lugo-gasto-mas-g-7-mil-millones-sus-viajes-su-mandato-n547966,Low,Fecha y agenda no determinadas; Ultima Hora lista a EE.UU. entre los destinos de 2011. No se encontro el discurso de Lugo en el archivo de la 66 AGNU para confirmarlo; la clasificacion del evento es tentativa y podria tratarse de una visita bilateral en lugar de un foro multilateral.,Cooperación Política General,Verificada-URL,NA,NA,NA,NA,NA,NA,NA,NA,NA
PRY-FL-J031,68,Fernando Lugo,Paraguay,Completed,NA,NA,NA,Cuba,Caribbean,La Habana,Bilateral,Working Visit,NA,Visita al presidente Raúl Castro,Jefe de Estado/Gobierno,Viaje oficial a Cuba durante 2011 (fecha exacta no determinada).,https://www.ultimahora.com/lugo-gasto-mas-g-7-mil-millones-sus-viajes-su-mandato-n547966,Low,Fecha y agenda especifica no determinadas; Ultima Hora lista a Cuba entre los destinos de 2011.,NA,Verificada-URL,NA,NA,NA,NA,NA,NA,NA,NA,NA
PRY-FL-J032,69,Fernando Lugo,Paraguay,Completed,NA,NA,NA,Belgium,Europe,Bruselas,Bilateral,Working Visit,NA,Visita a instituciones europeas en Bruselas (contraparte no identificada con precisión),Otro actor no estatal,Viaje oficial a Belgica durante 2011 (fecha y motivo exactos no determinados; posible agenda con instituciones de la Union Europea en Bruselas).,https://www.ultimahora.com/lugo-gasto-mas-g-7-mil-millones-sus-viajes-su-mandato-n547966,Low,Fecha y agenda especifica no determinadas; Ultima Hora lista a Belgica entre los destinos de 2011. No se hallo cumbre UE-CELAC ni UE-ALC en Bruselas ese año que lo explique; podria tratarse de una visita bilateral a instituciones europeas con sede en Bruselas.,NA,Verificada-URL,NA,NA,NA,NA,NA,NA,NA,NA,NA
PRY-FF-J001,70,Federico Franco,Paraguay,Completed,2012-09-23,2012-09-25,5,United States,North America,New York,Multilateral,Global Forum,NA,67º período de sesiones de la Asamblea General de la ONU,NA,Participacion en la Asamblea General de la ONU; reunion con el Secretario General Ban Ki-moon el 23-sep-2012.,https://www.un.org/sg/en/content/former-secretary-general/readout/2012-09-23/readout-of-the-secretary-generals-meeting-he-mr-luis-federico-franco-gomez-president-of-the-republic-of-paraguay,High,"Fuente oficial de Naciones Unidas confirma la reunion bilateral con el Secretario General el 23-sep-2012, en el marco del 67 periodo de sesiones de la AGNU (debate general 25-sep al 1-oct-2012); fechas de estancia en Nueva York estimadas alrededor de esa reunion. [PE-Latam 2026-08-24: Start_Date corregido de '2012-09-22' a '2012-09-23' (COLT tenia razon). Fuente: Búsqueda web: 'Federico Franco viaja a Nueva York' (NOVA Paraguay); readout oficial ONU de la reunión con el Secretario General Ban Ki-moon el 23-sep-] [PE-Latam 2026-08-24: Duration_Days corregido de '4' a '5' (COLT tenia razon). Fuente: Búsqueda web: 'Federico Franco viaja a Nueva York' (NOVA Paraguay); readout oficial ONU de la reunión con el Secretario General Ban Ki-moon el 23-sep-]",Cooperación Política General,Verificada-URL,NA,NA,NA,NA,NA,NA,NA,NA,NA
PRY-FF-J002,71,Federico Franco,Paraguay,Completed,2013-04-05,2013-04-05,1,United States,North America,Washington DC,Multilateral,Working Visit,NA,Sesión especial del Consejo Permanente de la OEA sobre la situación institucional de Paraguay,NA,"Sesion especial del Consejo Permanente de la OEA; varias delegaciones se retiraron de la sala durante el discurso de Franco, en protesta por la destitucion de Lugo.",https://www.oas.org/council/sp/actas/acta1911.pdf,High,"Acta oficial de la OEA (CP/ACTA 1911/13, 5-abr-2013) confirma la sesion; prensa reporto el retiro de varias delegaciones durante el discurso de Franco.",Cooperación Política General,Verificada-URL,NA,NA,NA,NA,NA,NA,NA,NA,NA
PRY-FF-J003,72,Federico Franco,Paraguay,Completed,2013-05-01,2013-05-06,6,Taiwan,Asia-Pacific,Taipei,Bilateral,State Visit,NA,Visita de Estado al presidente Ma Ying-jeou,Jefe de Estado/Gobierno,"Visita de Estado de 6 dias a Taiwan; Franco recibio la Orden de Jade Brillante con Gran Cinta y un doctorado honoris causa de la Universidad Medica de Taipei, en reconocimiento al apoyo taiwanes a su gobierno.",https://www.ultimahora.com/federico-retribuye-la-republica-taiwan-el-apoyo-su-gobierno-n567168,High,"Fecha exacta de inicio no confirmada con precision (mayo de 2013, visita de 6 dias segun La Estrella de Panama/Ultima Hora); Franco tambien se reunio con el presidente del Yuan Legislativo Wang Jin-pyng.",NA,Verificada-URL,NA,NA,NA,NA,NA,NA,NA,NA,NA
PRY-FF-J004,73,Federico Franco,Paraguay,Completed,2013-04-03,2013-04-03,1,Spain,Europe,Madrid,Bilateral,Working Visit,NA,Desayuno informativo del Fórum Europa (Nueva Economía Fórum),Otro actor no estatal,"Discurso ante el Fórum Europa, foro de debate político-económico privado español, dos días antes de la sesión especial de la OEA en Washington sobre la situación institucional de Paraguay.",https://www.nuevaeconomiaforum.org/videoforum/forum-europa-con-presidente-de-la-republica-de-paraguay-federico-franco,Medium,"Fuente del propio organizador del foro (Nueva Economía Fórum) confirma fecha y ciudad (Madrid, 3-abr-2013) y a Federico Franco como ponente principal. No se halló confirmación de una reunión oficial adicional con el Gobierno de España (Rajoy) o la Casa Real durante esta escala; se descartó una afirmación de un resumen de búsqueda que mezclaba esta visita con una reunión de Rajoy con el presidente electo Horacio Cartes (24-jun-2013, verificada en lamoncloa.gob.es), que es un hecho distinto y no corresponde a Franco. Duración estimada en 1 día por falta de fecha de salida confirmada.",NA,Verificada-URL,NA,NA,NA,NA,NA,NA,NA,NA,NA
PRY-HC-J001,74,Horacio Cartes,Paraguay,Completed,2013-09-10,2013-09-10,1,Argentina,South America,Buenos Aires,Bilateral,State Visit,NA,Cristina Fernández de Kirchner,Jefe de Estado/Gobierno,Primera visita oficial al exterior tras asumir; temas Yacyretá y reconstitucion del Mercosur.,https://www.parlamentomercosur.org/innovaportal/v/7694/1/parlasur/el-presidente-paraguayo-horacio-cartes-realizo-su-primera-visita-oficial-a-argentina.html,High,NA,NA,Verificada-URL,NA,NA,NA,NA,NA,NA,NA,NA,NA
PRY-HC-J002,75,Horacio Cartes,Paraguay,Completed,2013-09-24,2013-09-26,3,United States,North America,New York,Multilateral,Global Forum,NA,68º Asamblea General de la ONU,NA,Debate General de la 68 AGNU; primer discurso de Cartes ante la ONU como presidente.,Search Query: Horacio Cartes discurso Asamblea General ONU septiembre 2013,Low,Fecha exacta del discurso no confirmada con fuente primaria; se estima dentro de la semana del Debate General.,Cooperación Política General,Solo-Query,NA,NA,NA,NA,NA,NA,NA,NA,NA
PRY-HC-J003,76,Horacio Cartes,Paraguay,Completed,2013-09-30,2013-09-30,1,Brazil,South America,Brasília,Bilateral,State Visit,NA,Dilma Rousseff,Jefe de Estado/Gobierno,Visita oficial; almuerzo de honor ofrecido por Rousseff en Brasilia.,https://www.biblioteca.presidencia.gov.br/presidencia/ex-presidentes/dilma-rousseff/discursos/discursos-da-presidenta/discurso-da-presidenta-da-republica-dilma-rousseff-durante-almoco-em-homenagem-ao-presidente-da-republica-do-paraguai-horacio-cartes,High,NA,NA,Verificada-URL,NA,NA,NA,NA,NA,NA,NA,NA,NA
PRY-HC-J004,77,Horacio Cartes,Paraguay,Completed,2013-10-18,2013-10-19,2,Panama,Central America,Panama City,Multilateral,Regional Summit,NA,XXIII Cumbre Iberoamericana,NA,Cumbre Iberoamericana; participaron los 22 paises miembros.,https://es.wikipedia.org/wiki/XXIII_Cumbre_Iberoamericana,Medium,Asistencia de Paraguay no listada como ausencia; participacion de los 22 paises confirmada.,Cooperación Política General,Verificada-URL,NA,NA,NA,NA,NA,NA,NA,NA,NA
PRY-HC-J005,78,Horacio Cartes,Paraguay,Completed,2014-01-28,2014-01-29,2,Cuba,Caribbean,Havana,Multilateral,Regional Summit,NA,II Cumbre de la CELAC,NA,Sesion inaugural de la II Cumbre CELAC; Paraguay retornaba tras suspension de 2012.,https://www.elojodigital.com/contenido/12963-paraguay-celac-y-la-participacion-del-presidente-cartes,Medium,NA,Cooperación Política General,Verificada-URL,NA,NA,NA,NA,NA,NA,NA,NA,NA
PRY-HC-J006,79,Horacio Cartes,Paraguay,Completed,2014-03-11,2014-03-11,1,Chile,South America,Valparaíso,Multilateral,Inauguration/Funeral,NA,Asunción de Michelle Bachelet,NA,Asistir a la investidura de Bachelet en el Congreso Nacional.,https://www.infobae.com/2014/03/11/1549226-bachelet-asume-como-presidente-chile/,High,NA,Cooperación Política General,Verificada-URL,NA,NA,NA,NA,NA,NA,NA,NA,NA
PRY-HC-J007,80,Horacio Cartes,Paraguay,Completed,2014-04-27,2014-04-28,3,Vatican City,Europe,Vatican City,Bilateral,State Visit,NA,Papa Francisco,Jefe de Estado/Gobierno,Viaje a Roma para la canonizacion de los papas Juan Pablo II y Juan XXIII; encuentro con el Papa.,https://www.ultimahora.com/cartes-parte-rumbo-al-vaticano-reunirse-el-papa-francisco-n1117810.html,Medium,Fecha reconstruida a partir de nota de nov-2017 que resume cronologia de encuentros Cartes-Francisco. [PE-Latam 2026-08-24: Duration_Days corregido de '2' a '3' (COLT tenia razon). Fuente: Nota propia de COLT: 'Attended the canonization ceremony of Pope John Paul. Also met OAS Secretary General Jose Miguel Insulza'; fecha de canonización],NA,Verificada-URL,NA,NA,NA,NA,NA,NA,NA,NA,NA
PRY-HC-J008,81,Horacio Cartes,Paraguay,Completed,2014-07-28,2014-07-29,2,Venezuela,South America,Caracas,Multilateral,Regional Summit,NA,XLVI Cumbre del Mercosur,NA,Cumbre presidencial; transferencia de la PPT de Venezuela a Argentina; Cartes expreso preocupacion por Venezuela.,https://www.elnacional.com/mundo/cartes-expreso-preocupacion-por-venezuela-cumbre-del-mercosur_240470/,High,NA,Comercio/Integración Económica,Verificada-URL,NA,NA,NA,NA,NA,NA,NA,NA,NA
PRY-HC-J009,82,Horacio Cartes,Paraguay,Completed,2014-09-24,2014-09-26,3,United States,North America,New York,Multilateral,Global Forum,NA,69º Asamblea General de la ONU,NA,Debate General de la 69 AGNU.,Search Query: Horacio Cartes discurso Asamblea General ONU septiembre 2014,Low,Fecha exacta del discurso no confirmada con fuente primaria; se estima dentro de la semana del Debate General.,Cooperación Política General,Solo-Query,NA,NA,NA,NA,NA,NA,NA,NA,NA
PRY-HC-J010,83,Horacio Cartes,Paraguay,Completed,2014-12-08,2014-12-09,2,Mexico,North America,Veracruz,Multilateral,Regional Summit,NA,XXIV Cumbre Iberoamericana,NA,Cumbre Iberoamericana (Educacion Innovacion y Cultura); 17 de 22 jefes de Estado asistieron.,https://es.wikipedia.org/wiki/XXIV_Cumbre_Iberoamericana,Medium,Paraguay no figura entre las ausencias listadas (Argentina Brasil Cuba Nicaragua Venezuela).,Cooperación Política General,Verificada-URL,NA,NA,NA,NA,NA,NA,NA,NA,NA
PRY-HC-J011,84,Horacio Cartes,Paraguay,Completed,2014-12-16,2014-12-16,1,Argentina,South America,Paraná,Multilateral,Regional Summit,NA,XLVII Cumbre del Mercosur,NA,Cumbre presidencial en Parana; Brasil recibio la PPT; se trato ingreso de Bolivia.,https://www.hoy.com.py/mundo/presidentes-del-mercosur-inician-cumbre-en-argentina,High,NA,Comercio/Integración Económica,Verificada-URL,NA,NA,NA,NA,NA,NA,NA,NA,NA
PRY-HC-J012,85,Horacio Cartes,Paraguay,Completed,2015-06-01,2015-06-02,2,Spain,Europe,Madrid,Bilateral,State Visit,NA,Felipe VI,Jefe de Estado/Gobierno,Visita oficial a Espana (relacion bilateral y cooperacion).,https://es.wikipedia.org/wiki/Relaciones_España-Paraguay,Medium,Mes confirmado (junio de 2015) por fuente secundaria; dia exacto no localizado; Start_Date estimada dia 1.,NA,Verificada-URL,NA,NA,NA,NA,NA,NA,NA,NA,NA
PRY-HC-J013,86,Horacio Cartes,Paraguay,Completed,2015-07-17,2015-07-18,1,Brazil,South America,Brasília,Multilateral,Regional Summit,TRUE,XLVIII Cumbre del Mercosur,NA,Cumbre presidencial; firma del protocolo de adhesion de Bolivia como miembro pleno.,https://www.resumenlatinoamericano.org/2015/07/18/bolivia-se-convirtio-formalmente-en-el-sexto-miembro-pleno-del-mercosur/,High,"Bilateral confirmado: firma conjunta del protocolo de adhesion de Bolivia por los presidentes presentes. [PE-Latam 2026-08-24: Duration_Days corregido de '2' a '1' (COLT tenia razon). Fuente: SELA, ABC Color y Diario Las Américas confirman que la Cumbre de Jefes de Estado del Mercosur en Brasilia se celebró como evento presidencial de un so]",Comercio/Integración Económica,Verificada-URL,NA,NA,NA,NA,NA,NA,NA,NA,NA
PRY-HC-J014,87,Horacio Cartes,Paraguay,Completed,2015-09-26,2015-09-28,3,United States,North America,New York,Multilateral,Global Forum,NA,Cumbre de la ONU sobre Desarrollo Sostenible / 70º AGNU,NA,Participacion en la Cumbre de Desarrollo Sostenible y el Debate General; dialogo breve con Obama.,https://www.ultimahora.com/cartes-tuvo-un-dialogo-breve-obama-antes-la-asamblea-la-onu-n934080,High,Discurso confirmado el 27-sep-2015; rango de fechas cubre la semana de la Cumbre/Asamblea.,Cooperación Política General,Verificada-URL,NA,NA,NA,NA,NA,NA,NA,NA,NA
PRY-HC-J015,88,Horacio Cartes,Paraguay,Completed,2016-01-26,2016-01-27,2,Ecuador,South America,Quito,Multilateral,Regional Summit,NA,IV Cumbre de la CELAC,NA,Cumbre CELAC en sede de UNASUR; Ecuador entrego la PPT a Republica Dominicana.,https://www.infobae.com/2016/01/23/1784986-la-iv-cumbre-la-celac-contara-la-presencia-22-presidentes/,High,NA,Cooperación Política General,Verificada-URL,NA,NA,NA,NA,NA,NA,NA,NA,NA
PRY-HC-J016,89,Horacio Cartes,Paraguay,Completed,2016-07-12,2016-07-12,1,Uruguay,South America,Montevideo,Multilateral,Regional Summit,NA,Cumbre del Mercosur,NA,Cumbre presidencial; transferencia de la PPT de Uruguay a Venezuela.,https://www.mercosur.int/uruguay-asume-la-presidencia-pro-tempore-del-mercosur,Medium,NA,Comercio/Integración Económica,Verificada-URL,NA,NA,NA,NA,NA,NA,NA,NA,NA
PRY-HC-J017,90,Horacio Cartes,Paraguay,Completed,2016-07-28,2016-07-28,1,Peru,South America,Lima,Multilateral,Inauguration/Funeral,NA,Asunción de Pedro Pablo Kuczynski,NA,Asistir a la investidura de PPK en el Palacio Legislativo.,https://centrogilbertobosques.senado.gob.mx/docs/Informativo_280716.pdf,High,NA,Cooperación Política General,Verificada-URL,NA,NA,NA,NA,NA,NA,NA,NA,NA
PRY-HC-J018,91,Horacio Cartes,Paraguay,Completed,2016-09-20,2016-09-22,3,United States,North America,New York,Multilateral,Global Forum,NA,71º Asamblea General de la ONU,NA,Debate General de la 71 AGNU.,Search Query: Horacio Cartes discurso Asamblea General ONU septiembre 2016,Low,Fecha exacta del discurso no confirmada con fuente primaria; se estima dentro de la semana del Debate General.,Cooperación Política General,Solo-Query,NA,NA,NA,NA,NA,NA,NA,NA,NA
PRY-HC-J019,92,Horacio Cartes,Paraguay,Completed,2017-01-15,2017-01-16,2,Vatican City,Europe,Vatican City,Bilateral,State Visit,NA,Papa Francisco,Jefe de Estado/Gobierno,Encuentro con el Papa Francisco (cuarto encuentro segun cronologia oficial reconstruida).,https://www.ultimahora.com/cartes-parte-rumbo-al-vaticano-reunirse-el-papa-francisco-n1117810.html,Medium,Mes confirmado (enero 2017) por nota retrospectiva de nov-2017; dia exacto estimado.,NA,Verificada-URL,NA,NA,NA,NA,NA,NA,NA,NA,NA
PRY-HC-J020,93,Horacio Cartes,Paraguay,Completed,2017-07-11,2017-07-13,3,Taiwan,Asia-Pacific,Taipei,Bilateral,State Visit,NA,Tsai Ing-wen,Jefe de Estado/Gobierno,Visita de Estado por 60 anos de relaciones bilaterales Paraguay-Taiwan; banquete de bienvenida.,https://english.president.gov.tw/News/5174,High,Taiwan no figura en REGION_MAP del proyecto; asignado Asia-Pacific por analogia (pendiente de alta formal en schema.py).,NA,Verificada-URL,NA,NA,NA,NA,NA,NA,NA,NA,NA
PRY-HC-J021,94,Horacio Cartes,Paraguay,Completed,2017-07-21,2017-07-21,1,Argentina,South America,Mendoza,Multilateral,Regional Summit,NA,Cumbre del Mercosur,NA,Cumbre presidencial; Argentina entrego la PPT a Brasil (Temer).,https://www.infobae.com/america/venezuela/2017/07/21/cumbre-del-mercosur-mauricio-macri-llamo-a-la-paz-y-pidio-la-pronta-adopcion-de-un-calendario-electoral-en-venezuela/,High,NA,Comercio/Integración Económica,Verificada-URL,NA,NA,NA,NA,NA,NA,NA,NA,NA
PRY-HC-J022,95,Horacio Cartes,Paraguay,Completed,2017-09-19,2017-09-20,2,United States,North America,New York,Multilateral,Global Forum,NA,72º Asamblea General de la ONU,NA,Ultimo discurso de Cartes ante la AGNU como presidente (finaliza mandato en 2018).,https://www2.mre.gov.py/index.php/noticias-de-embajadas-y-consulados/discurso-del-excelentisimo-senor-presidente-de-la-republica-del-paraguay-don-horacio-cartes-en-el-debate-general-del-72-periodo,High,Fuente oficial MRE Paraguay; discurso el 20-sep-2017.,Cooperación Política General,Verificada-URL,NA,NA,NA,NA,NA,NA,NA,NA,NA
PRY-HC-J023,96,Horacio Cartes,Paraguay,Completed,2017-11-07,2017-11-10,4,Vatican City,Europe,Vatican City,Bilateral,State Visit,NA,Papa Francisco,Jefe de Estado/Gobierno,Quinto encuentro con el Papa Francisco; colocacion de mosaico de la Virgen de Caacupe en jardines vaticanos.,https://www.ultimahora.com/cartes-parte-rumbo-al-vaticano-reunirse-el-papa-francisco-n1117810.html,High,Salida confirmada 7-nov (13:00hs) regreso 10-nov (viernes).,NA,Verificada-URL,NA,NA,NA,NA,NA,NA,NA,NA,NA
PRY-HC-J024,97,Horacio Cartes,Paraguay,Completed,2017-12-20,2017-12-21,2,Brazil,South America,Brasília,Multilateral,Regional Summit,NA,Cumbre del Mercosur,NA,Cumbre en el Palacio de Itamaraty; Paraguay recibio la PPT de Brasil (Temer) hasta jun-2018.,https://www.ip.gov.py/ip/2017/12/20/cartes-viajo-a-brasilia-para-participar-de-la-cumbre-del-mercosur/,High,Fuente oficial Agencia IP (Paraguay).,Comercio/Integración Económica,Verificada-URL,NA,NA,NA,NA,NA,NA,NA,NA,NA
PRY-HC-J025,98,Horacio Cartes,Paraguay,Completed,2018-05-20,2018-05-21,1,Israel,Middle East,Jerusalem,Bilateral,Working Visit,NA,Benjamin Netanyahu,Jefe de Estado/Gobierno,Inauguracion de la embajada de Paraguay en Jerusalen (tercer pais en trasladarla tras EEUU y Guatemala).,https://www.aljazeera.com/news/2018/5/21/paraguay-president-inaugurates-israel-embassy-in-jerusalem,High,"Decision revertida posteriormente por Abdo Benitez (ver modulo de Abdo). [PE-Latam 2026-08-24: Start_Date corregido de '2018-05-21' a '2018-05-20 (salida de Asunción); la inauguración de la embajada fue el lunes 21-may-2018' (COLT tenia razon). Fuente: aurora-israel.co.il / EFE: 'Cartes parte a Israel para la inauguración de la embajada de Paraguay en Jerusalén' — el artículo, redactado en tiempo fut] [PE-Latam 2026-08-24: Start_Date corregido de '2018-05-20 (salida de Asunción); la inauguración de la embajada fue el lunes 21-may-2018' a '2018-05-20' (COLT tenia razon). Fuente: aurora-israel.co.il / EFE: 'Cartes parte a Israel para la inauguración de la embajada de Paraguay en Jerusalén' — el artículo, redactado en tiempo fut]",NA,Verificada-URL,NA,NA,NA,NA,NA,NA,NA,NA,NA
PRY-MAB-J001,99,Mario Abdo Benítez,Paraguay,Completed,2018-09-25,2018-09-25,1,United States,North America,New York,Multilateral,Global Forum,NA,73° Asamblea General de la ONU (AGNU),NA,Primer discurso de Abdo ante la AGNU; temas integracion latinoamericana; pobreza; situacion de Venezuela y Nicaragua.,https://gadebate.un.org/en/73/paraguay,High,Fecha exacta de llegada/salida no confirmada con precision; se registra el dia del discurso (25-sep-2018) segun fuente oficial ONU.,Cooperación Política General,Verificada-URL,NA,NA,NA,NA,NA,NA,NA,NA,NA
PRY-MAB-J002,100,Mario Abdo Benítez,Paraguay,Completed,2018-10-07,2018-10-12,6,Taiwan,Asia-Pacific,Taipéi,Bilateral,State Visit,NA,Presidenta Tsai Ing-wen,Jefe de Estado/Gobierno,Visita de Estado por el Dia Nacional de Taiwan (Doble Diez); honores militares; doctorado honoris causa; firma de acuerdo bilateral.,https://english.president.gov.tw/NEWS/6441,High,Fuente oficial taiwanesa describe visita de 'seis dias' desde 7-oct; fecha exacta de partida (11 o 12-oct) no confirmada con precision.,NA,Verificada-URL,NA,NA,NA,NA,NA,NA,NA,NA,NA
PRY-MAB-J003,101,Mario Abdo Benítez,Paraguay,Completed,2018-11-05,2018-11-05,1,Vatican City,Europe,Vatican City,Bilateral,State Visit,NA,Papa Francisco,Jefe de Estado/Gobierno,Audiencia privada con el Papa Francisco; integrada en gira mas amplia a Italia (Roma y Cesena) bajo el mismo viaje.,https://es.zenit.org/2018/11/05/paraguay-francisco-recibe-al-presidente-mario-abdo-benitez-y-a-su-esposa/,Medium,NA,NA,Verificada-URL,NA,NA,NA,NA,NA,NA,NA,NA,NA
PRY-MAB-J003,102,Mario Abdo Benítez,Paraguay,Completed,2018-11-05,2018-11-07,3,Italy,Europe,Roma/Cesena,Multilateral,Global Forum,TRUE,Foro Económico Italia-América Latina (IILA) en Cesena; reunion bilateral con el Presidente Sergio Mattarella en Roma,NA,Reunion con Mattarella en el Quirinal (5-nov) y participacion en el Foro Economico IILA en Cesena (7-nov).,https://www.latribuna.com.py/destacado/13841-viajando-voy-abdo-benitez-aprovecho-su-mandato-para-recorrer-el-mundo/,Medium,Fecha exacta de salida de Italia no confirmada; gira descrita como de 'seis dias' con partida de Paraguay el 3-nov.,Comercio/Integración Económica,Verificada-URL,NA,NA,NA,NA,NA,NA,NA,NA,NA
PRY-MAB-J004,103,Mario Abdo Benítez,Paraguay,Completed,2018-11-15,2018-11-16,2,Guatemala,Central America,La Antigua Guatemala,Multilateral,Regional Summit,NA,XXVI Cumbre Iberoamericana,NA,Cumbre Iberoamericana; llamado a la reconciliacion regional bajo el lema 'Iberoamerica prospera; inclusiva y sostenible'.,https://segib.org/?summit=xxvi-cumbre-iberoamericana-la-antigua-guatemala-2018-una-iberoamerica-prospera-inclusiva-y-sostenible,High,NA,Cooperación Política General,Verificada-URL,NA,NA,NA,NA,NA,NA,NA,NA,NA
PRY-MAB-J005,104,Mario Abdo Benítez,Paraguay,Completed,2018-12-18,2018-12-18,1,Uruguay,South America,Montevideo,Multilateral,Regional Summit,NA,LIII Cumbre de Jefes de Estado del Mercosur,NA,Cumbre semestral del bloque; presidencia pro tempore de Uruguay (Tabare Vazquez).,https://www.mre.gov.py/index.php/noticias/discurso-del-presidente-de-la-republica-mario-abdo-benitez-en-la-liii-cumbre-del-jefes-de-estados-del-mercosur,High,NA,Comercio/Integración Económica,Verificada-URL,NA,NA,NA,NA,NA,NA,NA,NA,NA
PRY-MAB-J006,105,Mario Abdo Benítez,Paraguay,Completed,2019-01-01,2019-01-01,1,Brazil,South America,Brasília,Bilateral,Inauguration/Funeral,NA,Jair Bolsonaro,Jefe de Estado/Gobierno,Asistencia a la ceremonia de asuncion presidencial de Jair Bolsonaro.,https://www.presidencia.gov.py/articulo/33575-mandatario-viajo-al-brasil-para-asuncion-al-mando-de-jair-bolsonaro.html,High,NA,NA,Verificada-URL,NA,NA,NA,NA,NA,NA,NA,NA,NA
PRY-MAB-J007,106,Mario Abdo Benítez,Paraguay,Completed,2019-01-22,2019-01-25,4,Switzerland,Europe,Davos,Multilateral,Global Forum,NA,49° Foro Económico Mundial,NA,Participacion en panel sobre America Latina; busqueda de inversiones; reuniones con Lenin Moreno y ejecutivos de Coca-Cola y Microsoft.,https://www.abc.com.py/nacionales/abdo-benitez-busca-captar-inversiones-en-davos-1779839.html,Medium,Fechas del Foro completo (22-25 ene); participacion puntual de Abdo; estadia exacta no precisada por la fuente.,Comercio/Integración Económica,Verificada-URL,NA,NA,NA,NA,NA,NA,NA,NA,NA
PRY-MAB-J008,107,Mario Abdo Benítez,Paraguay,Completed,2019-02-22,2019-02-22,1,Colombia,South America,Cúcuta,Multilateral,Regional Summit,NA,Encuentro con Ivan Duque y Sebastian Piñera en la frontera Colombia-Venezuela; concierto humanitario Venezuela Aid Live,NA,Gesto de solidaridad con la crisis venezolana y apoyo a Juan Guaido en la frontera colombo-venezolana.,https://www.infobae.com/america/venezuela/2019/02/22/ivan-duque-sebastian-pinera-y-mario-abdo-benitez-estan-en-cucuta-para-el-venezuela-aid-live/,Medium,Evento politico ad hoc con jefes de Estado de Colombia y Chile; sin organismo formal convocante.,Cooperación Política General,Verificada-URL,NA,NA,NA,NA,NA,NA,NA,NA,NA
PRY-MAB-J009,108,Mario Abdo Benítez,Paraguay,Completed,2019-03-02,2019-03-02,1,Bolivia,South America,Oruro,Bilateral,Working Visit,NA,Evo Morales,Jefe de Estado/Gobierno,Visita bilateral por temas energeticos; corredor bioceanico y gasoducto 'Heroes del Chaco'.,https://www.urgente.bo/noticia/abdo-disfruta-de-la-entrada-de-oruro-en-su-visita-bolivia-por-temas-energ%C3%A9ticos,Medium,NA,NA,Verificada-URL,NA,NA,NA,NA,NA,NA,NA,NA,NA
PRY-MAB-J010,109,Mario Abdo Benítez,Paraguay,Completed,2019-03-12,2019-03-12,1,Brazil,South America,Brasília,Bilateral,State Visit,NA,Jair Bolsonaro,Jefe de Estado/Gobierno,Recepcion con honores en el Palacio de Planalto; ilicitos transnacionales; acuerdo automotor bilateral; puentes internacionales; Venezuela.,http://antigo.itamaraty.gov.br/es/notas-a-la-prensa/20136-visita-a-brasil-del-presidente-de-la-republica-del-paraguay-mario-abdo-benitez-12-de-marzo-de-2019,High,NA,NA,Verificada-URL,NA,NA,NA,NA,NA,NA,NA,NA,NA
PRY-MAB-J011,110,Mario Abdo Benítez,Paraguay,Completed,2019-03-22,2019-03-22,1,Chile,South America,Santiago,Multilateral,Regional Summit,NA,Cumbre fundacional de PROSUR,NA,Firma de la Declaracion de Santiago; creacion de PROSUR como foro sustituto de UNASUR junto a ocho paises fundadores.,https://www.nodal.am/2019/03/ocho-paises-crean-prosur-sin-bolivia-surinam-uruguay-y-venezuela/,Medium,NA,Cooperación Política General,Verificada-URL,NA,NA,NA,NA,NA,NA,NA,NA,NA
PRY-MAB-J012,111,Mario Abdo Benítez,Paraguay,Completed,2019-06-12,2019-06-12,1,Bolivia,South America,La Paz,Bilateral,Working Visit,NA,Evo Morales,Jefe de Estado/Gobierno,84° aniversario del cese de hostilidades de la Guerra del Chaco; foro empresarial; gasoducto e hidrovia.,https://www.abc.com.py/nacionales/jallalla-bolivia-grita-abdo-en-la-paz-1823051.html,Medium,NA,NA,Verificada-URL,NA,NA,NA,NA,NA,NA,NA,NA,NA
PRY-MAB-J013,112,Mario Abdo Benítez,Paraguay,Completed,2019-07-17,2019-07-17,1,Argentina,South America,Santa Fe,Multilateral,Regional Summit,NA,LIV Cumbre de Jefes de Estado del Mercosur,NA,Cumbre presidencial del bloque en el Centro de Convenciones Estacion Belgrano.,https://www.presidencia.gov.py/articulo/35435-cumbre-del-mercosur-reune-hoy-a-los-jefes-de-estado-en-santa-fe-.html,High,Reuniones ministeriales previas del 15 al 16-jul; cumbre presidencial el 17-jul.,Comercio/Integración Económica,Verificada-URL,NA,NA,NA,NA,NA,NA,NA,NA,NA
PRY-MAB-J014,113,Mario Abdo Benítez,Paraguay,Completed,2019-08-23,2019-08-23,1,Argentina,South America,Ituzaingó/Ayolas,Bilateral,Working Visit,NA,Mauricio Macri,Jefe de Estado/Gobierno,Habilitacion conjunta del paso vehicular internacional Ituzaingo-Ayolas sobre la represa de Yacyreta.,https://www.cancilleria.gob.ar/es/destacados/los-presidentes-macri-y-abdo-benitez-inauguraron-el-paso-internacional-ituzaingo-ayolas,High,No se pudo confirmar con certeza si Abdo cruzo fisicamente al lado argentino o si el acto fue en el punto medio de la represa.,NA,Verificada-URL,NA,NA,NA,NA,NA,NA,NA,NA,NA
PRY-MAB-J015,114,Mario Abdo Benítez,Paraguay,Completed,2019-12-10,2019-12-10,1,Argentina,South America,Buenos Aires,Bilateral,Inauguration/Funeral,NA,Alberto Fernández,Jefe de Estado/Gobierno,Asistencia a la ceremonia de asuncion presidencial de Alberto Fernandez.,https://www.infobae.com/politica/2019/12/10/en-vivo-la-asuncion-de-alberto-fernandez/,Medium,NA,NA,Verificada-URL,NA,NA,NA,NA,NA,NA,NA,NA,NA
PRY-MAB-J016,115,Mario Abdo Benítez,Paraguay,Completed,2019-12-11,2019-12-13,6,United States,North America,Washington D.C.,Bilateral,Working Visit,NA,Donald Trump,Jefe de Estado/Gobierno,Reunion bilateral en la Casa Blanca; cooperacion contra corrupcion y crimen organizado; situacion de Venezuela.,https://trumpwhitehouse.archives.gov/briefings-statements/statement-press-secretary-regarding-visit-excellency-mario-abdo-benitez-president-republic-paraguay/,High,"Reunion con Trump confirmada 13-dic 11hs por comunicado oficial; partida desde Paraguay estimada 11 o 12-dic segun prensa. [PE-Latam 2026-08-24: Start_Date corregido de '2019-12-12' a 'Start_Date=2019-12-11; Duration_Days≈6 (regreso confirmado el lunes 16-dic-2019)' (COLT tenia razon). Fuente: presidencia.gov.py (título del art. 37003: 'tras visita oficial a los Estados Unidos de América, mandatario retornará al país este lunes'); Última Hor] [PE-Latam 2026-08-24: Start_Date corregido de 'Start_Date=2019-12-11; Duration_Days≈6 (regreso confirmado el lunes 16-dic-2019)' a '2019-12-11' (COLT tenia razon). Fuente: presidencia.gov.py (título del art. 37003: 'tras visita oficial a los Estados Unidos de América, mandatario retornará al país este lunes'); Última Hor] [PE-Latam 2026-08-24: Duration_Days corregido de '2' a '6' (COLT tenia razon). Fuente: presidencia.gov.py (título del art. 37003: 'tras visita oficial a los Estados Unidos de América, mandatario retornará al país este lunes'); Última Hor]",NA,Verificada-URL,NA,NA,NA,NA,NA,NA,NA,NA,NA
PRY-MAB-J017,116,Mario Abdo Benítez,Paraguay,Canceled,NA,NA,NA,Turkey,Middle East,NA,Bilateral,State Visit,NA,Presidente Recep Tayyip Erdoğan (visita reciproca planificada),Jefe de Estado/Gobierno,Viaje planificado a Turquia tras la visita de Erdogan a Paraguay en 2018; cancelado/pospuesto reiteradamente en 2019 tras el escandalo del 'acta secreta' de Itaipu.,https://www.latribuna.com.py/destacado/13841-viajando-voy-abdo-benitez-aprovecho-su-mandato-para-recorrer-el-mundo/,Low,No se concreto durante el resto del mandato segun las fuentes disponibles; fechas planificadas no precisadas por la fuente.,NA,Verificada-URL,NA,NA,NA,NA,NA,NA,NA,NA,NA
PRY-MAB-J018,117,Mario Abdo Benítez,Paraguay,Canceled,NA,NA,NA,Vatican City,Europe,NA,Bilateral,State Visit,NA,Papa Francisco (segunda audiencia planificada),Jefe de Estado/Gobierno,Segunda visita al Vaticano planificada para septiembre de 2019; suspendida por los incendios forestales en el Chaco paraguayo (Cerro Chovoreca; Bella Vista).,https://www.latribuna.com.py/destacado/13841-viajando-voy-abdo-benitez-aprovecho-su-mandato-para-recorrer-el-mundo/,Low,Fecha planificada exacta no precisada por la fuente.,NA,Verificada-URL,NA,NA,NA,NA,NA,NA,NA,NA,NA
PRY-MAB-J019,118,Mario Abdo Benítez,Paraguay,Completed,2020-03-01,2020-03-01,1,Uruguay,South America,Montevideo,Bilateral,Inauguration/Funeral,NA,Luis Lacalle Pou,Jefe de Estado/Gobierno,Asistencia a la ceremonia de asuncion presidencial de Luis Lacalle Pou; ultimo viaje antes del cierre de fronteras por COVID-19.,https://www.ultimahora.com/mario-abdo-viajara-uruguay-reunirse-luis-lacalle-pou-n2927203.html,Medium,NA,NA,Verificada-URL,NA,NA,NA,NA,NA,NA,NA,NA,NA
PRY-MAB-J020,119,Mario Abdo Benítez,Paraguay,Completed,2020-11-08,2020-11-08,1,Bolivia,South America,La Paz,Bilateral,Inauguration/Funeral,TRUE,Luis Arce,Jefe de Estado/Gobierno,Asistencia a la investidura de Luis Arce; a su regreso cumplio cuarentena de siete dias por protocolo COVID-19.,https://www.mre.gov.py/index.php/noticias-de-embajadas-y-consulados/el-presidente-abdo-participara-de-asuncion-presidencial-en-bolivia-y-despues-ira-cuarentena,High,Reunion bilateral al margen confirmada con el presidente colombiano Ivan Duque.,NA,Verificada-URL,NA,NA,NA,NA,NA,NA,NA,NA,NA
PRY-MAB-J021,120,Mario Abdo Benítez,Paraguay,Completed,2020-12-01,2020-12-01,1,Brazil,South America,Foz de Iguaçu,Bilateral,Working Visit,NA,Jair Bolsonaro,Jefe de Estado/Gobierno,Verificacion conjunta de avances de obra del Puente de la Integracion Paraguay-Brasil sobre el rio Parana.,https://www.ip.gov.py/ip/2020/12/01/mario-abdo-benitez-y-jair-bolsonaro-resaltaron-impacto-que-tendra-el-puente-de-la-integracion/,High,NA,NA,Verificada-URL,NA,NA,NA,NA,NA,NA,NA,NA,NA
PRY-MAB-J022,121,Mario Abdo Benítez,Paraguay,Canceled,NA,NA,NA,Argentina,South America,Buenos Aires,Multilateral,Regional Summit,NA,Cumbre de Presidentes del Mercosur (30° aniversario),NA,Cumbre presencial prevista para el 26-mar-2021 en Buenos Aires; reconvertida a formato virtual por rebrote de COVID-19; Abdo participo por videoconferencia sin viaje fisico.,https://www.infobae.com/politica/2021/03/13/la-cumbre-del-mercosur-sera-virtual-lo-decidio-alberto-fernandez-por-el-avance-del-covid-19-en-la-region/,Medium,NA,Comercio/Integración Económica,Verificada-URL,NA,NA,NA,NA,NA,NA,NA,NA,NA
PRY-MAB-J023,122,Mario Abdo Benítez,Paraguay,Completed,2021-09-16,2021-09-19,3,Mexico,North America,Ciudad de México,Multilateral,Regional Summit,NA,VI Cumbre de la CELAC,NA,Primer foro multilateral presencial de Abdo en 18 meses de pandemia; agradecimiento por apoyo regional frente al COVID-19.,https://www.abc.com.py/nacionales/2021/09/17/presidente-mario-abdo-benitez-viajo-a-mexico-para-la-cumbre-de-celac/,High,Salida de Asuncion la noche del 16-sep (~23hs); cumbre el 18-sep; regreso el 19-sep. [PE-Latam 2026-08-24: Start_Date corregido de '2021-09-17' a '2021-09-16' (COLT tenia razon). Fuente: Nota metodológica interna del Trip 122 ('Salida de Asunción la noche del 16-sep ~23hs'); paudal.com (CELAC summit coverage)],Cooperación Política General,Verificada-URL,NA,NA,NA,NA,NA,NA,NA,NA,NA
PRY-MAB-J024,123,Mario Abdo Benítez,Paraguay,Canceled,NA,NA,NA,Brazil,South America,Brasília,Multilateral,Regional Summit,NA,LIX Cumbre de Presidentes del Mercosur,NA,Cumbre prevista presencial en Brasilia; Brasil la reconvirtio a formato virtual citando la variante omicron; Abdo asumio la PPT del Mercosur por videoconferencia.,https://www.lanacion.com.py/politica/2021/12/17/abdo-asume-la-presidencia-del-mercosur-y-promete-priorizar-revision-del-arancel-externo/,Medium,NA,Comercio/Integración Económica,Verificada-URL,NA,NA,NA,NA,NA,NA,NA,NA,NA
PRY-MAB-J025,124,Mario Abdo Benítez,Paraguay,Completed,2021-11-24,2021-11-24,1,Brazil,South America,Brasília,Bilateral,Working Visit,NA,Jair Bolsonaro,Jefe de Estado/Gobierno,Reunion bilateral en el Palacio de Planalto; frontera y obras binacionales; Itaipu; crimen organizado; produccion de tilapia.,https://www.abc.com.py/nacionales/2021/11/22/abdo-y-bolsonaro-se-reunen-este-miercoles-en-brasilia/,Medium,NA,NA,Verificada-URL,NA,NA,NA,NA,NA,NA,NA,NA,NA
PRY-MAB-J026,125,Mario Abdo Benítez,Paraguay,Completed,2022-02-17,2022-02-18,2,Chile,South America,Santiago,Bilateral,State Visit,NA,Sebastián Piñera,Jefe de Estado/Gobierno,Fortalecimiento de la relacion bilateral; Piñera condecoro a Abdo con la Orden al Merito; agenda de integracion.,https://www.mre.gov.py/index.php/noticias-de-embajadas-y-consulados/presidente-abdo-benitez-agradecio-en-chile-la-solidaridad-del-presidente-pinera-y-del-pueblo-chileno-con-el-paraguay,High,NA,NA,Verificada-URL,NA,NA,NA,NA,NA,NA,NA,NA,NA
PRY-MAB-J027,126,Mario Abdo Benítez,Paraguay,Completed,2022-03-11,2022-03-11,1,Chile,South America,Valparaíso,Bilateral,Inauguration/Funeral,NA,Gabriel Boric,Jefe de Estado/Gobierno,Asistencia a la ceremonia de investidura presidencial de Gabriel Boric en el Congreso Nacional.,https://www.ip.gov.py/ip/2022/03/11/abdo-benitez-asistio-a-las-asuncion-de-gabriel-boric-como-presidente-de-chile/,High,NA,NA,Verificada-URL,NA,NA,NA,NA,NA,NA,NA,NA,NA
PRY-MAB-J028,127,Mario Abdo Benítez,Paraguay,Completed,2022-06-08,2022-06-10,3,United States,North America,Los Ángeles,Multilateral,Regional Summit,NA,IX Cumbre de las Américas,NA,Participacion en la cumbre de la OEA; crimen organizado transnacional; inversiones; democracia.,https://www.mre.gov.py/index.php/noticias-de-embajadas-y-consulados/cumbre-de-las-americas-presidente-hace-llamado-buscar-soluciones-conjuntas-ante-el-flagelo-del-crimen-organizado,Medium,Fechas exactas de llegada y salida de Abdo no confirmadas con precision; se usa el rango de la cumbre (8 al 10-jun).,Cooperación Política General,Verificada-URL,NA,NA,NA,NA,NA,NA,NA,NA,NA
PRY-MAB-J029,128,Mario Abdo Benítez,Paraguay,Completed,2022-06-14,2022-06-14,1,Bolivia,South America,Villamontes,Bilateral,Working Visit,NA,Luis Arce,Jefe de Estado/Gobierno,87° aniversario del armisticio de la Guerra del Chaco; propuesta de integracion de Bolivia al corredor bioceanico.,https://www.abc.com.py/nacionales/2022/06/14/mario-abdo-abogara-para-integracion-de-bolivia-al-corredor-bioceanico/,Medium,NA,NA,Verificada-URL,NA,NA,NA,NA,NA,NA,NA,NA,NA
PRY-MAB-J030,129,Mario Abdo Benítez,Paraguay,Completed,2022-08-06,2022-08-07,2,Colombia,South America,Bogotá,Bilateral,Inauguration/Funeral,TRUE,Gustavo Petro,Jefe de Estado/Gobierno,Asistencia a la investidura de Gustavo Petro; reunion bilateral previa con el presidente electo el 6-ago.,https://www.mre.gov.py/index.php/noticias-de-embajadas-y-consulados/encuentro-bilateral-entre-el-presidente-mario-abdo-y-el-presidente-electo-de-colombia-gustavo-petro,High,NA,NA,Verificada-URL,NA,NA,NA,NA,NA,NA,NA,NA,NA
PRY-MAB-J031,130,Mario Abdo Benítez,Paraguay,Completed,2022-08-31,2022-08-31,1,Brazil,South America,Foz do Iguaçu,Bilateral,Working Visit,NA,Jair Bolsonaro,Jefe de Estado/Gobierno,Visita tecnica conjunta a las obras del Puente de la Integracion Paraguay-Brasil.,https://www2.mre.gov.py/index.php/noticias-de-embajadas-y-consulados/abdo-benitez-y-bolsonaro-verifican-avances-del-puente-de-integracion?ccm_paging_p=31,High,NA,NA,Verificada-URL,NA,NA,NA,NA,NA,NA,NA,NA,NA
PRY-MAB-J032,131,Mario Abdo Benítez,Paraguay,Completed,2022-09-18,2022-09-23,6,United States,North America,New York,Multilateral,Global Forum,TRUE,77° Asamblea General de la ONU; reunion bilateral con el presidente Joe Biden; disertacion en Florida International University (Miami),NA,Discurso ante la AGNU sobre crimen organizado y Venezuela; reunion con Biden sobre valores democraticos; charla academica en Miami.,https://news.un.org/es/story/2022/09/1514831,High,Discurso 20-sep; reunion con Biden 22-sep; disertacion en Miami 23-sep; fecha de regreso a Paraguay no confirmada.,Cooperación Política General,Verificada-URL,NA,NA,NA,NA,NA,NA,NA,NA,NA
PRY-MAB-J033,132,Mario Abdo Benítez,Paraguay,Completed,2022-11-02,2022-11-04,3,Spain,Europe,Madrid,Bilateral,State Visit,NA,Rey Felipe VI y Presidente del Gobierno Pedro Sánchez,Jefe de Estado/Gobierno,Primera visita oficial a España desde 2018; cooperacion; comercio e inversiones; foro empresarial Paraguay plataforma de negocios.,https://www.ip.gov.py/ip/encuentro-con-el-rey-felipe-vi-marca-inicio-de-la-visita-oficial-de-mario-abdo-benitez-a-espana/,High,Salida de Paraguay via San Pablo el 1-nov; llegada a Madrid el 2-nov.,NA,Verificada-URL,NA,NA,NA,NA,NA,NA,NA,NA,NA
PRY-MAB-J034,133,Mario Abdo Benítez,Paraguay,Completed,2022-11-09,2022-11-10,2,Germany,Europe,Berlín/Hamburgo,Bilateral,Working Visit,NA,Presidente federal Frank-Walter Steinmeier,Jefe de Estado/Gobierno,Hidrogeno verde como area estrategica; centenario de la Colonia Neuland; participacion en el Dia de America Latina 2022 en Hamburgo.,https://revistaplus.com.py/2022/11/11/mario-abdo-benitez-reitera-en-alemania-papel-estrategico-de-paraguay-en-hidrogeno-verde/,Medium,NA,NA,Verificada-URL,NA,NA,NA,NA,NA,NA,NA,NA,NA
PRY-MAB-J035,134,Mario Abdo Benítez,Paraguay,Completed,2022-12-06,2022-12-06,1,Uruguay,South America,Montevideo,Multilateral,Regional Summit,NA,LXI Cumbre de Jefes de Estado del Mercosur,NA,Integracion regional; cambio climatico; negociaciones comerciales; tension por la pretension de Uruguay de adherirse al CPTPP.,https://www.abc.com.py/politica/2022/11/30/abdo-confirma-viaje-a-candente-cumbre-del-mercosur-en-montevideo-y-asuncion-de-lula/,High,NA [PE-Latam 2026-08-24: Start_Date corregido de '2022-12-05' a 'Start_Date=2022-12-06; Duration_Days=1' (COLT tenia razon). Fuente: swissinfo.ch / radiomontecarlo.com.uy / cancillería de Ecuador (LXI Reunión Ordinaria del CMC el 5-dic; LXI Cumbre de Jefes de Estado del Mercosur el ] [PE-Latam 2026-08-24: Start_Date corregido de 'Start_Date=2022-12-06; Duration_Days=1' a '2022-12-06' (COLT tenia razon). Fuente: swissinfo.ch / radiomontecarlo.com.uy / cancillería de Ecuador (LXI Reunión Ordinaria del CMC el 5-dic; LXI Cumbre de Jefes de Estado del Mercosur el ] [PE-Latam 2026-08-24: Duration_Days corregido de '2' a '1' (COLT tenia razon). Fuente: swissinfo.ch / radiomontecarlo.com.uy / cancillería de Ecuador (LXI Reunión Ordinaria del CMC el 5-dic; LXI Cumbre de Jefes de Estado del Mercosur el ],Comercio/Integración Económica,Verificada-URL,NA,NA,NA,NA,NA,NA,NA,NA,NA
PRY-MAB-J036,135,Mario Abdo Benítez,Paraguay,Completed,2023-01-01,2023-01-02,2,Brazil,South America,Brasília,Bilateral,Inauguration/Funeral,NA,Luiz Inácio Lula da Silva,Jefe de Estado/Gobierno,Asistencia a la ceremonia de transmision de mando de Lula da Silva; sin reuniones bilaterales por agenda apretada segun EFE.,https://www.swissinfo.ch/spa/paraguay-presidente_abdo-ben%C3%ADtez-viaja-a-uruguay-desde-donde-se-trasladar%C3%A1-a-la-posesi%C3%B3n-de-lula/48169816,Medium,Viajo desde Uruguay (estadia privada de fin de ano; no oficial) el 1-ene; regreso a Paraguay el 2-ene.,NA,Verificada-URL,NA,NA,NA,NA,NA,NA,NA,NA,NA
PRY-MAB-J037,136,Mario Abdo Benítez,Paraguay,Completed,2023-01-19,2023-01-20,2,Vatican City,Europe,Vatican City,Bilateral,State Visit,NA,Papa Francisco,Jefe de Estado/Gobierno,Audiencia privada de 30 minutos; pobreza; desigualdad; cambio climatico; pandemia; invitacion al Papa a visitar Paraguay.,https://www.abc.com.py/internacionales/2023/01/20/abdo-benitez-y-el-papa-se-reunieron-durante-media-hora-y-le-llevo-mate/,High,Fecha exacta de llegada a Roma no confirmada con precision; se registra desde el dia previo a la audiencia.,NA,Verificada-URL,NA,NA,NA,NA,NA,NA,NA,NA,NA
PRY-MAB-J038,137,Mario Abdo Benítez,Paraguay,Completed,2023-01-24,2023-01-24,1,Argentina,South America,Buenos Aires,Multilateral,Regional Summit,NA,VII Cumbre de la CELAC,NA,Ultima participacion de Abdo en la CELAC antes de dejar el cargo; llamado a atender la diaspora venezolana.,https://www.abc.com.py/internacionales/2023/01/24/abdo-benitez-emplaza-a-la-celac-a-abordar-la-diaspora-venezolana/,High,NA,Cooperación Política General,Verificada-URL,NA,NA,NA,NA,NA,NA,NA,NA,NA
PRY-MAB-J039,138,Mario Abdo Benítez,Paraguay,Completed,2023-01-27,2023-01-28,2,United States,North America,Miami,Other,Working Visit,NA,Gobernador de Florida Ron DeSantis; boda de Nadia Ferreira y Marc Anthony (evento privado),NA,Viaje descrito por la prensa paraguaya como oficial-privado; reunion de trabajo con DeSantis en Tallahassee y asistencia a una boda como invitado.,https://www.abc.com.py/politica/2023/01/25/viaje-oficial-privado-de-mario-abdo-benitez-a-miami/,Medium,Categorizado como Other por combinar una reunion de gobierno subnacional con un evento social privado sin agenda de Estado.,NA,Verificada-URL,NA,NA,NA,NA,NA,NA,NA,NA,NA
PRY-MAB-J040,139,Mario Abdo Benítez,Paraguay,Completed,2023-02-13,2023-02-13,2,United Arab Emirates,Middle East,Dubái,Multilateral,Global Forum,TRUE,World Government Summit 2023,NA,Discurso en la sesion principal; inauguracion de la embajada paraguaya en EAU; panel sobre empoderamiento de la mujer.,https://www.mre.gov.py/index.php/noticias-de-embajadas-y-consulados/intervencion-del-excelentisimo-senor-mario-abdo-benitez-presidente-de-la-republica-del-paraguay-en-la-sesion-principal-de-la-cum,High,"Reunion bilateral al margen confirmada con el presidente Mohamed bin Zayed y el primer ministro Mohamed bin Rashid al Maktoum. [PE-Latam 2026-08-24: Start_Date corregido de '2023-02-11' a 'Start_Date=2023-02-13; Duration_Days=2' (COLT tenia razon). Fuente: ip.gov.py ('Presidente inicia este lunes visita oficial a los Emiratos Árabes Unidos', 12-feb-2023); mre.gov.py ('visitas oficiales a los EAU y a Taiw] [PE-Latam 2026-08-24: Start_Date corregido de 'Start_Date=2023-02-13; Duration_Days=2' a '2023-02-13' (COLT tenia razon). Fuente: ip.gov.py ('Presidente inicia este lunes visita oficial a los Emiratos Árabes Unidos', 12-feb-2023); mre.gov.py ('visitas oficiales a los EAU y a Taiw] [PE-Latam 2026-08-24: Duration_Days corregido de '3' a '2' (COLT tenia razon). Fuente: ip.gov.py ('Presidente inicia este lunes visita oficial a los Emiratos Árabes Unidos', 12-feb-2023); mre.gov.py ('visitas oficiales a los EAU y a Taiw]",Cooperación Política General,Verificada-URL,NA,NA,NA,NA,NA,NA,NA,NA,NA
PRY-MAB-J040,140,Mario Abdo Benítez,Paraguay,Completed,2023-02-14,2023-02-18,5,Taiwan,Asia-Pacific,Taipéi,Bilateral,State Visit,NA,Presidenta Tsai Ing-wen,Jefe de Estado/Gobierno,Visita de Estado de despedida; renovacion de compromisos bilaterales; 66° aniversario de relaciones; firma de acuerdos; primer envio de carne porcina.,https://focustaiwan.tw/politics/202302140014,High,Descrita por la Oficina Presidencial de Taiwan como visita de Estado de cinco dias; regreso de la comitiva a Paraguay el 20-feb con escala no confirmada.,NA,Verificada-URL,NA,NA,NA,NA,NA,NA,NA,NA,NA
PRY-MAB-J041,141,Mario Abdo Benítez,Paraguay,Completed,2023-03-10,2023-03-10,1,Argentina,South America,Buenos Aires,Bilateral,Working Visit,NA,Alberto Fernández,Jefe de Estado/Gobierno,Reunion en la Quinta de Olivos por el reclamo del aumento del peaje de la Hidrovia Parana-Paraguay; agenda bilateral y Mercosur.,https://www.casarosada.gob.ar/slider-principal/49721-reunion-de-los-presidentes-de-argentina-y-paraguay-fernandez-y-abdo-acordaron-fortalecer-la-agenda-bilateral-y-el-mercosur,High,NA,NA,Verificada-URL,NA,NA,NA,NA,NA,NA,NA,NA,NA
PRY-MAB-J042,142,Mario Abdo Benítez,Paraguay,Completed,2023-05-30,2023-05-30,1,Brazil,South America,Brasília,Multilateral,Regional Summit,NA,Cumbre de Presidentes Sudamericanos (Consenso de Brasilia),NA,Relanzamiento de la integracion sudamericana convocado por Lula; infraestructura; crimen organizado transnacional; democracia y derechos humanos.,https://www.mre.gov.py/index.php/noticias-de-embajadas-y-consulados/presidente-mario-abdo-expone-su-vision-sobre-la-integracion-sudamericana-en-brasilia,High,NA,Cooperación Política General,Verificada-URL,NA,NA,NA,NA,NA,NA,NA,NA,NA
PRY-MAB-J043,143,Mario Abdo Benítez,Paraguay,Completed,2023-07-03,2023-07-04,2,Argentina,South America,Puerto Iguazú,Multilateral,Regional Summit,NA,LXII Cumbre de Jefes de Estado del Mercosur,NA,Ultimo viaje internacional de Abdo como presidente; participacion junto al presidente electo Santiago Peña; negociaciones comerciales con la Union Europea.,https://www.ip.gov.py/ip/2023/06/08/cumbre-del-mercosur-santiago-pena-y-mario-abdo-benitez-participaran-en-julio-en-puerto-iguazu/,High,NA,Comercio/Integración Económica,Verificada-URL,NA,NA,NA,NA,NA,NA,NA,NA,NA
PRY-SP-J001,144,Santiago Peña,Paraguay,Completed,2023-09-19,2023-09-21,3,United States,North America,New York,Multilateral,Global Forum,TRUE,78 Periodo de Sesiones de la Asamblea General de la ONU,NA,"Primer discurso ante la AGNU; reuniones con Biden, Guterres (ONU), Almagro (OEA) y Lula.",https://www.infobae.com/america/america-latina/2023/09/21/la-intensa-agenda-de-santiago-pena-en-nueva-york-de-su-encuentro-con-biden-al-discurso-ante-la-asamblea-de-la-onu/,High,"Discurso confirmado 19-sep-2023 (fuente oficial mre.gov.py); itinerario originalmente previsto 16 al 23-sep, fechas de estancia estimadas en base a la agenda de Nueva York.",Cooperación Política General,Verificada-URL,NA,NA,NA,NA,NA,NA,NA,NA,NA
PRY-SP-J002,145,Santiago Peña,Paraguay,Completed,2023-10-22,2023-10-25,4,United States,North America,Washington D.C.,Multilateral,Regional Summit,TRUE,Discurso ante el Consejo Permanente de la OEA,NA,"Discurso ante el Consejo Permanente de la OEA; reuniones con legisladores de ambos partidos, Wilson Center e ICCF.",https://www.abc.com.py/politica/2023/10/22/santiago-pena-ya-esta-en-washington-donde-hoy-mismo-arranco-su-agenda/,High,Viaje distinto del realizado en septiembre a Nueva York (AGNU); agenda centrada en relacion con el Congreso de EEUU y organismos como la OEA.,Cooperación Política General,Verificada-URL,NA,NA,NA,NA,NA,NA,NA,NA,NA
PRY-SP-J003,146,Santiago Peña,Paraguay,Completed,2023-10-27,2023-10-27,1,Uruguay,South America,Montevideo,Multilateral,Working Visit,NA,Reunion trilateral con Lacalle Pou (Uruguay) y Alberto Fernandez (Argentina) sobre organizacion del Mundial 2030,NA,Reunion trilateral Argentina-Uruguay-Paraguay sobre la candidatura y organizacion de los partidos inaugurales del Mundial 2030.,https://www.infobae.com/america/america-latina/2023/10/25/luis-lacalle-pou-recibe-en-montevideo-a-alberto-fernandez-y-santiago-pena-para-hablar-del-mundial-2030/,High,"Encuentro trilateral (3 paises) en la residencia presidencial de Suarez y Reyes, Montevideo; clasificado Multilateral por involucrar 3 naciones (regla 5.6).",Cooperación Política General,Verificada-URL,NA,NA,NA,NA,NA,NA,NA,NA,NA
PRY-SP-J004,147,Santiago Peña,Paraguay,Completed,2023-11-06,2023-11-08,3,Chile,South America,Santiago,Bilateral,State Visit,NA,Gabriel Boric,Jefe de Estado/Gobierno,Visita oficial; recepcion en el Palacio de La Moneda; agenda de integracion y corredor bioceanico.,https://www.lanacion.com.py/politica/2023/11/05/presidente-pena-se-reunira-con-boric-en-chile/,High,Fechas de la visita oficial (6 al 8 de noviembre de 2023) confirmadas por La Nacion (Paraguay).,NA,Verificada-URL,NA,NA,NA,NA,NA,NA,NA,NA,NA
PRY-SP-J005,148,Santiago Peña,Paraguay,Completed,2023-11-26,2023-11-28,3,Italy,Europe,Rome,Bilateral,State Visit,NA,Sergio Mattarella,Jefe de Estado/Gobierno,Reunion oficial con el presidente italiano Sergio Mattarella en el Palacio del Quirinal; encuentro con la comunidad paraguaya en Roma.,https://revistaplus.com.py/2023/11/29/santiago-pena-se-reune-con-el-presidente-de-italia-sergio-mattarella-y-con-paraguayos-en-roma/,High,"Primer tramo de gira que continuo al Vaticano y luego a Dubai (COP28, mismo Journey_ID). Fecha de llegada a Roma (26-nov, domingo) estimada segun cronica de la audiencia papal del 27-nov.",NA,Verificada-URL,NA,NA,NA,NA,NA,NA,NA,NA,NA
PRY-SP-J005,149,Santiago Peña,Paraguay,Completed,2023-11-27,2023-11-27,1,Vatican City,Europe,Vatican City,Bilateral,State Visit,NA,Papa Francisco,Jefe de Estado/Gobierno,"Audiencia privada con el Papa Francisco en la residencia de Santa Marta (25 minutos, 08:55-09:20hs); primer encuentro desde su asuncion.",https://www.vaticannews.va/es/papa/news/2023-11/papa-audiencia-presidente-paraguay-santiago-pena-palacios.html,High,Segundo tramo de la gira Roma-Vaticano-Dubai (mismo Journey_ID que Trip_ID 5). Audiencia en Santa Marta (no en el Palacio Apostolico) por problema pulmonar del Papa.,NA,Verificada-URL,NA,NA,NA,NA,NA,NA,NA,NA,NA
PRY-SP-J005,150,Santiago Peña,Paraguay,Completed,2023-11-30,2023-12-01,2,United Arab Emirates,Middle East,Dubai,Multilateral,Global Forum,NA,COP28 - Conferencia de las Naciones Unidas sobre el Cambio Climatico,NA,Discurso en la apertura de la COP28 (1-dic); pidio eliminar exigencias unilaterales al desarrollo y destaco a Paraguay como sumidero de carbono.,https://www.ultimahora.com/cop28-pena-pone-a-paraguay-de-ejemplo-y-pide-eliminar-exigencias-para-acceder-a-fondos-climaticos,High,"Tercer tramo de la gira iniciada en Roma (mismo Journey_ID); discurso confirmado el 1-dic-2023, fecha de llegada (30-nov) estimada. COP28 se extendio del 30-nov al 12-dic-2023 pero Pena no permanecio todo ese lapso.",Medio Ambiente/Clima,Verificada-URL,NA,NA,NA,NA,NA,NA,NA,NA,NA
PRY-SP-J006,151,Santiago Peña,Paraguay,Completed,2023-12-07,2023-12-07,1,Brazil,South America,Rio de Janeiro,Multilateral,Regional Summit,NA,LXIII Cumbre de Presidentes del MERCOSUR,NA,Cumbre de jefes de Estado del Mercosur; aprobacion del protocolo de adhesion de Bolivia; Paraguay recibe la presidencia pro tempore de manos de Brasil.,https://www.lanacion.com.py/politica/2023/12/06/cumbre-62-del-mercosur-inicia-en-rio-de-janeiro/,High,Cumbre de jefes de Estado realizada el 7-dic-2023; reuniones ministeriales previas comenzaron el 6-dic.,Comercio/Integración Económica,Verificada-URL,NA,NA,NA,NA,NA,NA,NA,NA,NA
PRY-SP-J007,152,Santiago Peña,Paraguay,Completed,2023-12-09,2023-12-10,2,Argentina,South America,Buenos Aires,Multilateral,Inauguration/Funeral,TRUE,Asuncion presidencial de Javier Milei,NA,"Asistencia a la investidura de Javier Milei; reunion previa con Milei, Villarruel y Mondino en el Hotel Libertador.",https://www.infobae.com/america/agencias/2023/12/09/santiago-pena-se-reune-con-javier-milei-en-buenos-aires-con-quien-preve-una-nueva-etapa/,High,Viajo el sabado 9-dic para reunion previa con Milei; ceremonia de asuncion el domingo 10-dic.,Cooperación Política General,Verificada-URL,NA,NA,NA,NA,NA,NA,NA,NA,NA
PRY-SP-J008,153,Santiago Peña,Paraguay,Completed,2024-01-13,2024-01-14,2,Guatemala,Central America,Guatemala City,Multilateral,Inauguration/Funeral,TRUE,Investidura presidencial de Bernardo Arévalo de León,NA,"Asistencia a la asunción presidencial de Bernardo Arévalo; reunión bilateral previa con el presidente electo y con el canciller de Taiwán, Joseph Wu.",https://www.lanacion.com.py/politica/2024/01/13/santiago-pena-ya-se-encuentra-en-guatemala-para-asuncion-de-bernardo-arevalo-de-leon/,High,"Arribó el 12-13 de enero; ceremonia de asunción el 14 de enero (según Agencia Guatemalteca de Noticias/Wikipedia). Sideline_Bilaterals=TRUE por reunión confirmada con canciller de Taiwan Joseph Wu y con el presidente electo, al margen del acto protocolar.",Cooperación Política General,Verificada-URL,NA,NA,NA,NA,NA,NA,NA,NA,NA
PRY-SP-J009,154,Santiago Peña,Paraguay,Completed,2024-01-15,2024-01-15,1,Brazil,South America,Brasília,Bilateral,Working Visit,NA,Luiz Inácio Lula da Silva,Jefe de Estado/Gobierno,Reunión bilateral en Brasilia centrada en la revisión de la tarifa de Itaipú para 2024 y la operación provisoria de la hidroeléctrica binacional.,https://www.infobae.com/america/america-latina/2024/01/16/santiago-pena-destaco-su-reunion-con-lula-y-considero-de-altisima-prioridad-una-negociacion-con-brasil-sobre-itaipu/,High,Viaje separado del realizado a Guatemala dos días antes (distinto Journey_ID); reunión bilateral confirmada para el lunes 15 de enero de 2024.,NA,Verificada-URL,NA,NA,NA,NA,NA,NA,NA,NA,NA
PRY-SP-J010,155,Santiago Peña,Paraguay,Completed,2024-02-14,2024-02-14,1,Argentina,South America,Buenos Aires,Bilateral,Working Visit,NA,Javier Milei,Jefe de Estado/Gobierno,Reunión bilateral con el presidente Javier Milei en Buenos Aires.,https://www.abc.com.py/politica/2024/09/18/santi-pena-viajara-nuevamente-esta-vez-a-estados-unidos-y-mexico/,Medium,Fecha y destino tomados de cronología retrospectiva de ABC Color (lista completa de viajes del primer año de gobierno); no se ubicó cobertura periodística dedicada al viaje puntual del 14-feb-2024.,NA,Verificada-URL,NA,NA,NA,NA,NA,NA,NA,NA,NA
PRY-SP-J011,156,Santiago Peña,Paraguay,Completed,2024-02-25,2024-02-28,4,Spain,Europe,Madrid,Bilateral,State Visit,NA,Rey Felipe VI y Presidente del Gobierno Pedro Sánchez,Jefe de Estado/Gobierno,Visita oficial: inauguración del Mobile World Congress en Barcelona junto al Rey Felipe VI (25-feb) y reuniones en Madrid con Pedro Sánchez (Moncloa) y el Rey (Zarzuela) el 28-feb; agenda de atracción de inversores.,https://www.ip.gov.py/ip/2024/02/28/visita-oficial-a-madrid-pena-se-reune-con-el-rey-felipe-y-con-pedro-sanchez/,High,"Cronología retrospectiva de ABC Color (18-sep-2024) ubica el viaje el '21 de febrero'; se prioriza la cobertura directa y contemporánea (Agencia IP, La Nación, Telemadrid) que documenta la agenda efectiva entre el 25 y el 28 de febrero de 2024.",NA,Verificada-URL,NA,NA,NA,NA,NA,NA,NA,NA,NA
PRY-SP-J012,157,Santiago Peña,Paraguay,Completed,2024-04-18,2024-04-19,2,Argentina,South America,San Carlos de Bariloche,Multilateral,Global Forum,NA,"Foro Llao Llao (foro empresarial, con presencia de Javier Milei y Luis Lacalle Pou)",NA,Participación en el Foro Llao Llao junto a los presidentes de Argentina y Uruguay; promoción de Paraguay como destino de inversiones; visita a la empresa de radares Invap.,https://www.abc.com.py/politica/2024/04/18/santiago-pena-se-prepara-para-otro-viaje-esta-vez-a-bariloche/,Medium,"Clasificado Multilateral por la presencia simultánea de 3 jefes de Estado/Gobierno (Paraguay, Argentina, Uruguay) en un foro no intergubernamental (regla 5.6); tema asimilado a Comercio/Integración Económica por su naturaleza de foro económico-empresarial (doctrina Davos, 5.7). Regresó al mediodía siguiente según vocera de Presidencia.",Comercio/Integración Económica,Verificada-URL,NA,NA,NA,NA,NA,NA,NA,NA,NA
PRY-SP-J013,158,Santiago Peña,Paraguay,Completed,2024-05-14,2024-05-17,4,United States,North America,Washington D.C.,Bilateral,Working Visit,NA,"Autoridades de EE.UU., industrias de tecnología (Nvidia, Google) y seguridad",Jefe de Estado/Gobierno,Agenda de seguridad y tecnología en Washington D.C.; reuniones con líderes de industrias de IA en San Francisco para promover inversión en Paraguay.,https://www.infobae.com/america/america-latina/2024/05/15/santiago-pena-viajo-a-estados-unidos-antes-de-visitar-taiwan-para-la-posesion-presidencial-de-william-lai/,High,Primer tramo de gira que continuó a Taiwán (mismo Journey_ID). Permaneció en EE.UU. hasta el viernes 17-may antes de partir a Taipéi.,NA,Verificada-URL,NA,NA,NA,NA,NA,NA,NA,NA,NA
PRY-SP-J013,159,Santiago Peña,Paraguay,Completed,2024-05-18,2024-05-22,5,Taiwan,Asia-Pacific,Taipei,Multilateral,Inauguration/Funeral,NA,Investidura presidencial de William Lai (Lai Ching-te),NA,Visita oficial a Taiwán para asistir a la investidura del presidente electo William Lai; Paraguay es el único país sudamericano con relaciones oficiales con Taiwán.,https://www.infobae.com/america/america-latina/2024/05/15/santiago-pena-viajo-a-estados-unidos-antes-de-visitar-taiwan-para-la-posesion-presidencial-de-william-lai/,High,"Segundo tramo de la gira iniciada en EE.UU. (mismo Journey_ID). Clasificado Multilateral/Inauguration-Funeral por asistencia a asunción de jefe de Estado extranjero, igual criterio que la asunción de Arévalo en Guatemala (enero 2024).",Cooperación Política General,Verificada-URL,NA,NA,NA,NA,NA,NA,NA,NA,NA
PRY-SP-J014,160,Santiago Peña,Paraguay,Completed,2024-05-29,2024-05-31,3,United States,North America,Miami,Bilateral,Working Visit,NA,Empresarios y sector privado en Miami,Otro actor no estatal,Reuniones con empresarios en Miami para promoción de inversiones; viaje distinto del realizado a Washington/San Francisco y Taiwán en mayo.,https://www.abc.com.py/politica/2024/09/18/santi-pena-viajara-nuevamente-esta-vez-a-estados-unidos-y-mexico/,Medium,"Fecha y destino tomados de cronología retrospectiva de ABC Color; no se ubicó cobertura dedicada individual. Contraparte clasificada 'Otro actor no estatal' por tratarse de agenda con el sector empresarial, no con el gobierno de EE.UU.",NA,Verificada-URL,NA,NA,NA,NA,NA,NA,NA,NA,NA
PRY-SP-J015,161,Santiago Peña,Paraguay,Completed,2024-06-01,2024-06-01,1,El Salvador,Central America,San Salvador,Multilateral,Inauguration/Funeral,NA,Investidura presidencial de Nayib Bukele (segundo mandato),NA,Asistencia a la asunción del segundo mandato del presidente Nayib Bukele.,https://www.abc.com.py/politica/2024/09/18/santi-pena-viajara-nuevamente-esta-vez-a-estados-unidos-y-mexico/,Medium,Fecha y destino tomados de cronología retrospectiva de ABC Color; no se ubicó cobertura dedicada individual del viaje.,Cooperación Política General,Verificada-URL,NA,NA,NA,NA,NA,NA,NA,NA,NA
PRY-SP-J016,162,Santiago Peña,Paraguay,Completed,2024-06-13,2024-06-13,1,Bolivia,South America,La Paz,Bilateral,Working Visit,NA,Luis Arce,Jefe de Estado/Gobierno,Reunión bilateral con el presidente Luis Arce en La Paz.,https://www.abc.com.py/politica/2024/09/18/santi-pena-viajara-nuevamente-esta-vez-a-estados-unidos-y-mexico/,Medium,Fecha y destino tomados de cronología retrospectiva de ABC Color; no se ubicó cobertura dedicada individual. Nota: ocurrió dos días antes del intento de golpe de Estado en Bolivia (26-jun-2024).,NA,Verificada-URL,NA,NA,NA,NA,NA,NA,NA,NA,NA
PRY-SP-J017,163,Santiago Peña,Paraguay,Completed,2024-07-17,2024-07-17,1,Argentina,South America,Buenos Aires,Bilateral,Working Visit,NA,Homenaje a las víctimas del atentado a la AMIA (30° aniversario),Otro actor no estatal,Participación en el homenaje por el 30° aniversario del atentado a la mutual judía AMIA en Buenos Aires.,https://www.abc.com.py/politica/2024/09/18/santi-pena-viajara-nuevamente-esta-vez-a-estados-unidos-y-mexico/,Medium,"Fecha tomada de cronología retrospectiva de ABC Color. Contraparte clasificada 'Otro actor no estatal' (AMIA, institución comunitaria) al no tratarse de una reunión de Estado con el gobierno argentino.",NA,Verificada-URL,NA,NA,NA,NA,NA,NA,NA,NA,NA
PRY-SP-J018,164,Santiago Peña,Paraguay,Completed,2024-07-25,2024-07-28,3,France,Europe,Paris,Multilateral,Global Forum,NA,"Visita a la Casa Olímpica (COI) y Juegos Olímpicos París 2024, recibido por el presidente del COI Thomas Bach",NA,"Visita oficial coincidente con los Juegos Olímpicos de París 2024; recibido en la Casa Olímpica por el presidente del Comité Olímpico Internacional, Thomas Bach.",https://www.olympics.com/ioc/news/ioc-president-bach-welcomes-paraguay-president-santiago-pena-to-olympic-house,High,"Clasificado Multilateral por tratarse de visita a un organismo internacional (COI), regla 5.6. Tema_Foro='Otro' por no encuadrar en ninguna de las 8 categorías temáticas cerradas (diplomacia deportiva, sin precedente explícito en el codebook). [PE-Latam 2026-08-24: Start_Date corregido de '2024-07-23' a '2024-07-25' (COLT tenia razon). Fuente: Tweets de @SantiPenap citados en SourceLinks de COLT para este TripID, fechados 2024-07-25T14:30/18:04, 2024-07-26T17:51 y 2024-07-27T23:10 UTC (decod] [PE-Latam 2026-08-24: Duration_Days corregido de '6' a '3' (COLT tenia razon). Fuente: Tweets de @SantiPenap citados en SourceLinks de COLT para este TripID, fechados 2024-07-25T14:30/18:04, 2024-07-26T17:51 y 2024-07-27T23:10 UTC (decod]",Otro,Verificada-URL,NA,NA,NA,NA,NA,NA,NA,NA,NA
PRY-SP-J019,165,Santiago Peña,Paraguay,Completed,2024-08-15,2024-08-17,3,Dominican Republic,Caribbean,Santo Domingo,Multilateral,Inauguration/Funeral,NA,Investidura presidencial de Luis Abinader (segundo mandato),NA,Asistencia a la asunción del segundo mandato del presidente Luis Abinader.,https://www.abc.com.py/politica/2024/09/18/santi-pena-viajara-nuevamente-esta-vez-a-estados-unidos-y-mexico/,Medium,Fecha y destino tomados de cronología retrospectiva de ABC Color. Primer tramo de gira que continuó a Costa Rica (mismo Journey_ID). Ceremonia de asunción de Abinader fue el 16-ago-2024.,Cooperación Política General,Verificada-URL,NA,NA,NA,NA,NA,NA,NA,NA,NA
PRY-SP-J019,166,Santiago Peña,Paraguay,Completed,2024-08-18,2024-08-20,3,Costa Rica,Central America,San José,Bilateral,Working Visit,NA,Rodrigo Chaves Robles,Jefe de Estado/Gobierno,"Visita oficial a Costa Rica, segundo tramo de la gira caribeña-centroamericana iniciada en República Dominicana.",https://www.abc.com.py/politica/2024/09/18/santi-pena-viajara-nuevamente-esta-vez-a-estados-unidos-y-mexico/,Medium,"Fecha y destino tomados de cronología retrospectiva de ABC Color; contraparte (presidente Rodrigo Chaves) inferida por ser el jefe de Estado en funciones, sin confirmación independiente de la agenda puntual.",NA,Verificada-URL,NA,NA,NA,NA,NA,NA,NA,NA,NA
PRY-SP-J020,167,Santiago Peña,Paraguay,Completed,2024-09-06,2024-09-06,1,Uruguay,South America,Montevideo,Other,Working Visit,NA,"Partido Uruguay vs. Paraguay, Eliminatorias Sudamericanas Mundial 2026",NA,"Asistencia como aficionado al partido de la selección paraguaya de fútbol por las Eliminatorias Sudamericanas rumbo al Mundial 2026, sin agenda intergubernamental identificada.",https://www.abc.com.py/politica/2024/09/18/santi-pena-viajara-nuevamente-esta-vez-a-estados-unidos-y-mexico/,Medium,Clasificado 'Other' por tratarse de evento deportivo sin agenda intergubernamental (regla 5.6). Visit_Subtype='Working Visit' usado por defecto ante ausencia de una categoría específica para eventos deportivos en la taxonomía cerrada.,NA,Verificada-URL,NA,NA,NA,NA,NA,NA,NA,NA,NA
PRY-SP-J021,168,Santiago Peña,Paraguay,Completed,2024-09-22,2024-09-28,7,United States,North America,New York,Multilateral,Global Forum,TRUE,79° Período de Sesiones de la Asamblea General de la ONU y Cumbre del Futuro,NA,"Discurso ante la AGNU sobre fortalecimiento democrático y situación de Venezuela; participó de la Cumbre del Futuro; reuniones bilaterales con Zelensky, von der Leyen y Guterres.",https://www.infobae.com/estados-unidos/2024/09/29/santiago-pena-desplego-su-agenda-politica-en-naciones-unidas-para-profundizar-la-insercion-global-de-paraguay/,High,"Sideline_Bilaterals=TRUE por reuniones bilaterales confirmadas con Zelensky, von der Leyen y Guterres al margen de la Asamblea. También participó del Concordia Forum (evento anexo, no clasificado por separado).",Cooperación Política General,Verificada-URL,NA,NA,NA,NA,NA,NA,NA,NA,NA
PRY-SP-J022,169,Santiago Peña,Paraguay,Completed,2024-09-29,2024-10-01,3,Mexico,North America,Mexico City,Multilateral,Inauguration/Funeral,NA,Investidura presidencial de Claudia Sheinbaum,NA,"Asistencia a la transmisión de mando presidencial de Claudia Sheinbaum como presidenta de México, el 1° de octubre de 2024.",https://www.abc.com.py/politica/2024/09/18/santi-pena-viajara-nuevamente-esta-vez-a-estados-unidos-y-mexico/,High,Nota oficial paraguaya indica salida el 29-sep-2024; la ceremonia de investidura fue el 1-oct-2024. Duration_Days estimada entre ambas fechas.,Cooperación Política General,Verificada-URL,NA,NA,NA,NA,NA,NA,NA,NA,NA
PRY-SP-J023,170,Santiago Peña,Paraguay,Canceled,2024-11-14,2024-11-15,NA,Ecuador,South America,Cuenca,Multilateral,Regional Summit,NA,XXIX Cumbre Iberoamericana de Jefes de Estado y de Gobierno,NA,"Viaje cancelado un día antes del inicio de la cumbre; motivo: situación de inestabilidad política y de seguridad en Ecuador (motín carcelario con 15 muertos en la Penitenciaría del Litoral, dos días antes).",https://www.lanacion.com.py/politica/2024/11/14/pena-cancelo-su-presencia-en-la-cumbre-iberoamericana-ante-crisis-en-ecuador/,High,Cumbre con récord histórico de ausencias (Peña entre los presidentes que no asistieron). Fechas de la cumbre (14-15 nov 2024) usadas como Start/End planificados; Duration_Days=NA por regla de viajes cancelados.,Cooperación Política General,Verificada-URL,NA,NA,NA,NA,NA,NA,NA,NA,NA
PRY-SP-J024,171,Santiago Peña,Paraguay,Completed,2024-11-18,2024-11-19,2,Brazil,South America,Rio de Janeiro,Multilateral,Global Forum,NA,Cumbre de Líderes del G20,NA,Primera participación de Paraguay como país invitado en una Cumbre de Líderes del G20; discurso previsto. Debió ser hospitalizado de urgencia por dolor en el pecho (estudios descartaron afección cardíaca) y continuó su participación tras recibir el alta.,https://www.abc.com.py/politica/2024/11/18/cumbre-del-g20-santiago-pena-hospitalizado-en-brasil/,High,Cumbre de Líderes del G20 realizada el 18-19 nov 2024; Paraguay participó como invitado (no es miembro pleno del G20).,Cooperación Política General,Verificada-URL,NA,NA,NA,NA,NA,NA,NA,NA,NA
PRY-SP-J025,172,Santiago Peña,Paraguay,Completed,2024-12-06,2024-12-07,2,Uruguay,South America,Montevideo,Multilateral,Regional Summit,NA,LXV Reunión Ordinaria del Consejo del Mercado Común y Cumbre de Presidentes del MERCOSUR,NA,"Participación en la Cumbre de Presidentes del MERCOSUR en Montevideo, primer tramo de gira que continuó a Francia e Israel (mismo Journey_ID).",https://www.rdn.com.py/2024/12/04/pena-suma-36-viajes-y-se-ausenta-para-misa-de-caacupe/,Medium,"Fechas de la sub-etapa en Uruguay estimadas dentro del rango general de gira (6-14 dic 2024, Uruguay-Francia-Israel) reportado por RDN; no se ubicó cobertura con fecha exacta de salida de Montevideo. Peña estuvo ausente de la misa central de la Virgen de Caacupé (8-dic) por este viaje.",Comercio/Integración Económica,Verificada-URL,NA,NA,NA,NA,NA,NA,NA,NA,NA
PRY-SP-J025,173,Santiago Peña,Paraguay,Completed,2024-12-08,2024-12-10,3,France,Europe,Paris,Multilateral,Global Forum,NA,"Reunión de alto nivel del Centro de Desarrollo de la OCDE, por invitación del presidente Emmanuel Macron",NA,"Participación en encuentro de alto nivel organizado por el Centro de Desarrollo de la OCDE en París, segundo tramo de la gira Uruguay-Francia-Israel.",https://www.rdn.com.py/2024/12/04/pena-suma-36-viajes-y-se-ausenta-para-misa-de-caacupe/,Medium,"Fechas del tramo en Francia estimadas dentro del rango general de gira (6-14 dic 2024); no se ubicó cobertura con fechas exactas de estancia en París. Clasificado Multilateral por tratarse de un organismo internacional (OCDE), tema asimilado a Comercio/Integración Económica (doctrina 5.7).",Comercio/Integración Económica,Verificada-URL,NA,NA,NA,NA,NA,NA,NA,NA,NA
PRY-SP-J025,174,Santiago Peña,Paraguay,Completed,2024-12-11,2024-12-14,4,Israel,Middle East,Jerusalem,Bilateral,State Visit,TRUE,Presidente Isaac Herzog (y Primer Ministro Benjamin Netanyahu),Jefe de Estado/Gobierno,Inauguró el traslado de la embajada paraguaya de Tel Aviv a Jerusalén; reuniones con el presidente Herzog y el primer ministro Netanyahu; discurso en sesión especial de la Knesset.,https://www.abc.com.py/politica/2024/12/12/pena-y-netanyahu-inauguran-embajada-de-paraguay-en-jerusalen/,High,Tercer y último tramo de la gira Uruguay-Francia-Israel (mismo Journey_ID). Sideline_Bilaterals=TRUE por reunión confirmada con Netanyahu además del anfitrión protocolar Herzog. Traslado de embajada concretado el 12-dic-2024.,NA,Verificada-URL,NA,NA,NA,NA,NA,NA,NA,NA,NA
PRY-SP-J026,175,Santiago Peña,Paraguay,Completed,2025-01-28,2025-01-29,2,Panama,Central America,Panama City,Multilateral,Global Forum,NA,Foro Económico Internacional América Latina y el Caribe 2025,NA,"Participación y entrevista con CNN en el Foro Económico Internacional América Latina y el Caribe 2025, primer tramo de gira que continuó a Suiza.",https://www.abc.com.py/politica/2025/05/19/pena-esta-nuevamente-fuera-del-pais-y-con-ello-completa-45-santi-tours/,Medium,"Fechas estimadas dentro del rango de ausencia reportado (28-ene al 3-feb-2025); no se ubicó cobertura con fecha exacta de estancia en Panamá. Nota de prensa (ABC, 3-feb-2025) describe esta escala como 'sin actividades oficiales' publicitadas por Presidencia, aunque hay evidencia fotográfica de una entrevista en el foro económico.",Comercio/Integración Económica,Verificada-URL,NA,NA,NA,NA,NA,NA,NA,NA,NA
PRY-SP-J026,176,Santiago Peña,Paraguay,Completed,2025-01-30,2025-02-02,4,Switzerland,Europe,Geneva,Multilateral,Global Forum,NA,Discurso ante la Organización Mundial del Comercio (OMC),NA,Discurso ante la OMC en Ginebra promocionando la estabilidad macroeconómica de Paraguay como destino de inversión; viaje N°39 desde la asunción.,https://www.abc.com.py/politica/2025/02/03/pena-retorna-al-pais-tras-viaje-n-39/,High,"Ausente del país desde el martes 28-ene, retornó el lunes 3-feb-2025; discurso ante la OMC dado 'el viernes pasado' (31-ene). Segundo tramo de la gira iniciada en Panamá (mismo Journey_ID).",Comercio/Integración Económica,Verificada-URL,NA,NA,NA,NA,NA,NA,NA,NA,NA
PRY-SP-J027,177,Santiago Peña,Paraguay,Completed,2025-04-26,2025-04-29,4,United States,North America,Los Angeles,Bilateral,Working Visit,NA,Agenda empresarial y de negocios en Los Ángeles,Otro actor no estatal,"Viaje oficial N°41; agenda empresarial en Los Ángeles. Peña no asistió al funeral del papa Francisco (26-abr-2025), coincidente con este viaje, lo cual generó críticas.",https://www.abc.com.py/politica/2025/05/19/pena-esta-nuevamente-fuera-del-pais-y-con-ello-completa-45-santi-tours/,Medium,"Fechas estimadas: título de prensa contemporánea fue 'Viaje N°41: Santiago Peña oficializa viaje a EE.UU. e ignora sepelio del papa' (funeral de Francisco: 26-abr-2025). Primer tramo de una gira larga que continuó a Japón, Ciudad del Vaticano, Singapur y EAU (mismo Journey_ID), reportada en conjunto como 'nuevo tour' por ABC Color el 19-may-2025.",NA,Verificada-URL,NA,NA,NA,NA,NA,NA,NA,NA,NA
PRY-SP-J027,178,Santiago Peña,Paraguay,Completed,2025-05-01,2025-05-04,4,Japan,Asia-Pacific,Osaka,Multilateral,Global Forum,NA,Expo Osaka-Kansai 2025,NA,Reuniones oficiales en la Expo Osaka-Kansai 2025 y fortalecimiento de relación bilateral con Japón.,https://elnacional.com.py/politica/cronologia-santiago-pena-paso-todos-meses-2025-viajando-exterior-n98010,Medium,"Fechas estimadas dentro de la gira larga abril-mayo 2025 (mismo Journey_ID); no se ubicó cobertura con fechas exactas de estancia en Osaka. Clasificado Multilateral por tratarse de una Exposición Universal (evento internacional registrado por el BIE), Tema_Foro asimilado a Cooperación Política General por ser foro de exhibición general sin mandato económico exclusivo -- NOTA: revisar clasificación si se halla fuente más precisa.",Cooperación Política General,Verificada-URL,NA,NA,NA,NA,NA,NA,NA,NA,NA
PRY-SP-J027,179,Santiago Peña,Paraguay,Completed,2025-05-17,2025-05-18,2,Vatican City,Europe,Vatican City,Multilateral,Inauguration/Funeral,NA,Misa de inicio del pontificado del papa León XIV,NA,"Asistencia a la misa de inauguración del pontificado del papa León XIV (18-may-2025), primer papa estadounidense de la historia.",https://www.abc.com.py/politica/2025/05/19/pena-esta-nuevamente-fuera-del-pais-y-con-ello-completa-45-santi-tours/,High,"Fecha de la misa inaugural (18-may-2025, domingo) confirmada por notoriedad pública del evento; ABC Color (19-may) confirma que Peña 'el fin de semana estuvo en la Ciudad del Vaticano'. Tramo intermedio de la gira larga abril-mayo (mismo Journey_ID).",Cooperación Política General,Verificada-URL,NA,NA,NA,NA,NA,NA,NA,NA,NA
PRY-SP-J027,180,Santiago Peña,Paraguay,Completed,2025-05-23,2025-05-22,2,Singapore,Asia-Pacific,Singapore,Bilateral,State Visit,NA,Primera visita de Estado de un presidente paraguayo a Singapur,Jefe de Estado/Gobierno,Primera visita de Estado de Paraguay a Singapur; acuerdos sobre créditos de carbono y comercio (Mercosur-Singapur).,https://elnacional.com.py/politica/cronologia-santiago-pena-paso-todos-meses-2025-viajando-exterior-n98010,Medium,Fechas estimadas dentro de la gira larga abril-mayo 2025 (mismo Journey_ID); no se ubicó cobertura primaria con fechas exactas de estancia en Singapur. [PE-Latam 2026-08-24: Start_Date corregido de '2025-05-20' a '2025-05-23' (COLT tenia razon). Fuente: https://www.mfa.gov.sg/newsroom/press-statements-transcripts-and-photos/state-visit-of-paraguay-president-santiago-pena-23-to-24-may-2025-22-may-2025/] [PE-Latam 2026-08-24: Duration_Days corregido de '3' a '2' (COLT tenia razon). Fuente: https://www.mfa.gov.sg/newsroom/press-statements-transcripts-and-photos/state-visit-of-paraguay-president-santiago-pena-23-to-24-may-2025-22-may-2025/],NA,Verificada-URL,NA,NA,NA,NA,NA,NA,NA,NA,NA
PRY-SP-J027,181,Santiago Peña,Paraguay,Completed,2025-05-23,2025-05-25,3,United Arab Emirates,Middle East,Abu Dhabi,Bilateral,Working Visit,NA,Autoridades de Emiratos Árabes Unidos,Jefe de Estado/Gobierno,Último tramo de la gira Estados Unidos-Japón-Vaticano-Singapur-EAU; agenda de cooperación e inversión con Emiratos Árabes Unidos.,https://www.abc.com.py/politica/2025/05/19/pena-esta-nuevamente-fuera-del-pais-y-con-ello-completa-45-santi-tours/,Medium,"Fechas estimadas; regresó a Paraguay pocos días antes de partir a India el 31-may (viaje 46), tras 'once días en el exterior' según Última Hora. Quinto y último tramo de la gira larga (mismo Journey_ID).",NA,Verificada-URL,NA,NA,NA,NA,NA,NA,NA,NA,NA
PRY-SP-J028,182,Santiago Peña,Paraguay,Completed,2025-05-31,2025-06-05,6,India,Asia-Pacific,New Delhi;Mumbai,Bilateral,State Visit,NA,Narendra Modi,Jefe de Estado/Gobierno,"Primera visita de Peña a India (segunda de un presidente paraguayo); almuerzo ofrecido por el primer ministro Narendra Modi; agenda comercial, tecnológica y diplomática. Viaje N°46.",https://www.ultimahora.com/santiago-pena-rumbo-a-la-india-su-viaje-numero-46-en-menos-de-dos-anos,High,"Viaje independiente (Journey propio) posterior a la gira larga de abril-mayo; permaneció en Nueva Delhi hasta el 5-jun-2025 según Decreto 3955. [PE-Latam 2026-08-24: Destination_City corregido de 'New Delhi' a 'New Delhi;Mumbai' (COLT tenia razon). Fuente: Búsqueda web confirma viaje de Estado a India del 31-may al 4-jun-2025 (fuentes: Última Hora 'viaje número 46', Infobae 2-jun-2025), con visita adicio]",NA,Verificada-URL,NA,NA,NA,NA,NA,NA,NA,NA,NA
PRY-SP-J029,183,Santiago Peña,Paraguay,Completed,2025-07-03,2025-07-03,1,Argentina,South America,Buenos Aires,Multilateral,Regional Summit,TRUE,Cumbre de Presidentes del MERCOSUR (Buenos Aires),NA,Participación en cumbre del Mercosur en Buenos Aires; reunión bilateral al margen con el presidente brasileño Lula da Silva sobre la revisión del Anexo C del Tratado de Itaipú.,https://www.abc.com.py/politica/2025/09/09/santiago-pena-y-un-nuevo-viaje-para-que-va-a-foz-de-iguazu-y-curitiba/,Medium,Sideline_Bilaterals=TRUE por reunión confirmada con Lula da Silva 'antes de la cumbre del Mercosur'. No se ubicó cobertura primaria dedicada a esta cumbre puntual.,Comercio/Integración Económica,Verificada-URL,NA,NA,NA,NA,NA,NA,NA,NA,NA
PRY-SP-J030,184,Santiago Peña,Paraguay,Completed,2025-07-21,2025-07-24,4,United Kingdom,Europe,Windsor,Bilateral,State Visit,NA,Rey Carlos III,Jefe de Estado/Gobierno,"Encuentro con el rey Carlos III en el Castillo de Windsor, en el marco de una gira europea que continuó a Finlandia.",https://elnacional.com.py/politica/cronologia-santiago-pena-paso-todos-meses-2025-viajando-exterior-n98010,Low,"Fechas estimadas (no confirmadas con fuente primaria); ABC Color (9-sep-2025) confirma que 'sus dos últimos viajes fueron al Reino Unido y a Finlandia', y El Nacional ubica el encuentro con Carlos III en julio de 2025, antes de la gira a Finlandia (28-jul al 2-ago). Pendiente de verificación con fuente directa.",NA,Verificada-URL,NA,NA,NA,NA,NA,NA,NA,NA,NA
PRY-SP-J031,185,Santiago Peña,Paraguay,Completed,2025-07-28,2025-08-02,6,Finland,Europe,Helsinki,Bilateral,Working Visit,NA,Presidente Alexander Stubb,Jefe de Estado/Gobierno,Visita oficial a Helsinki y Jyväskylä por invitación del presidente Alexander Stubb; agenda con empresarios sobre desarrollo forestal; asistencia como invitado al Rally Mundial de Finlandia (31-jul al 3-ago) en Jyväskylä.,https://www.abc.com.py/politica/2025/07/25/pena-viaja-el-lunes-a-finlandia-para-el-rally-mundial-y-actos-oficiales/,High,Autorizado por el Senado para viajar del lunes 28-jul al 2-ago-2025. Con este viaje (y el de Reino Unido) Peña alcanzó 48 viajes; Ueno Bank (vinculado al entorno de Peña) figuró entre los invitados al Rally.,NA,Verificada-URL,NA,NA,NA,NA,NA,NA,NA,NA,NA
PRY-SP-J032,186,Santiago Peña,Paraguay,Completed,2025-09-08,2025-09-09,2,Brazil,South America,Curitiba,Bilateral,Working Visit,NA,Sector empresarial del estado de Paraná (Palácio Iguaçu),Otro actor no estatal,"Reunión con el sector empresarial de Paraná en el Palácio Iguaçu de Curitiba; viaje N°50, acompañado por gobernadores de San Pedro, Alto Paraná, Amambay y Canindeyú.",https://www.abc.com.py/politica/2025/09/09/santiago-pena-y-un-nuevo-viaje-para-que-va-a-foz-de-iguazu-y-curitiba/,High,"Primer viaje al exterior tras 38 días en el país (desde el 2-ago-2025), 'todo un récord' según ABC Color. Decreto firmado el 4-sep-2025.",NA,Verificada-URL,NA,NA,NA,NA,NA,NA,NA,NA,NA
PRY-SP-J033,187,Santiago Peña,Paraguay,Completed,2025-09-22,2025-09-26,5,United States,North America,New York,Multilateral,Global Forum,TRUE,80° Período de Sesiones de la Asamblea General de la ONU,NA,Discurso ante la AGNU abogando por una integración regional 'que dé resultados'; recepción ofrecida por Donald Trump; reunión bilateral con la primera ministra italiana Giorgia Meloni.,https://www.ip.gov.py/ip/2025/09/24/pena-aboga-en-las-naciones-unidas-por-una-integracion-mas-profunda-entre-paises/,High,"Sideline_Bilaterals=TRUE por recepción de Trump (confirmada por La Nación, 26-sep-2025) y reunión con Meloni (23-sep-2025, confirmada por ABC Color) al margen de la Asamblea.",Cooperación Política General,Verificada-URL,NA,NA,NA,NA,NA,NA,NA,NA,NA
PRY-SP-J034,188,Santiago Peña,Paraguay,Completed,2025-10-11,2025-10-16,6,Italy,Europe,Rome,Bilateral,State Visit,NA,Primera ministra Giorgia Meloni,Jefe de Estado/Gobierno,"Segunda visita oficial de Peña a Italia (la primera fue en noviembre de 2023, con Mattarella y el papa Francisco), por invitación de la primera ministra Giorgia Meloni. Viaje N°53.",https://www.abc.com.py/politica/2025/10/08/pena-prepara-su-viaje-numero-53-estara-en-italia-entre-el-11-y-el-16-de-octubre/,High,"Invitación cursada por Meloni durante la AGNU (23-sep-2025); el Ministerio de Relaciones Exteriores había informado inicialmente fechas 13-15 oct, luego extendidas a 11-16 oct.",NA,Verificada-URL,NA,NA,NA,NA,NA,NA,NA,NA,NA
PRY-SP-J035,189,Santiago Peña,Paraguay,Completed,2026-01-21,2026-01-24,4,Switzerland,Europe,Davos,Multilateral,Global Forum,NA,56ª Reunión Anual del Foro Económico Mundial (Davos),NA,"Participación como expositor en el Foro Económico Mundial de Davos; firma de la adhesión de Paraguay a la Junta de Paz impulsada por Donald Trump ('Board of Peace'). Primer viaje del año, N°60.",https://www.ultimahora.com/viaje-60-santiago-pena-y-comitiva-viajan-a-suiza-para-firma-de-junta-de-paz-de-trump,High,"El decreto presidencial (N°5310) omitió mencionar la participación en el Foro Económico Mundial (centrándose en la firma de la Junta de Paz), aunque Peña figuraba como expositor confirmado. Fecha de retorno estimada (no confirmada con fuente directa).",Comercio/Integración Económica,Verificada-URL,NA,NA,NA,NA,NA,NA,NA,NA,NA
PRY-SP-J036,190,Santiago Peña,Paraguay,Completed,2026-01-31,2026-02-06,7,United Arab Emirates,Middle East,Dubai,Multilateral,Global Forum,NA,Cumbre Mundial de Gobiernos (World Governments Summit),NA,Participación en la Cumbre Mundial de Gobiernos en Dubái; se anunció la apertura de la exportación de carne paraguaya a Emiratos Árabes Unidos. Viaje N°61.,https://www.abc.com.py/politica/2026/02/18/santiago-pena-comunica-a-la-comision-permanente-su-viaje-oficial-n-62/,High,"Viaje con autorización del Congreso del 31-ene al 6-feb-2026, confirmado en la nota oficial del viaje N°62 (que lo menciona como antecedente inmediato).",Comercio/Integración Económica,Verificada-URL,NA,NA,NA,NA,NA,NA,NA,NA,NA
PRY-SP-J037,191,Santiago Peña,Paraguay,Completed,2026-02-18,2026-02-20,3,United States,North America,Washington D.C.,Multilateral,Global Forum,NA,"Reunión inaugural de la Junta de Paz ('Board of Peace') sobre Gaza, impulsada por Donald Trump",NA,Participación en la reunión inaugural de la Junta de Paz creada por Donald Trump para el proceso de paz en la Franja de Gaza. Viaje oficial N°62.,https://www.abc.com.py/politica/2026/02/18/santiago-pena-comunica-a-la-comision-permanente-su-viaje-oficial-n-62/,High,"Comunicado formalmente al Congreso (Nota N°103, 18-feb-2026) conforme al art. 233 de la Constitución. Clasificado Tema_Foro=Seguridad por tratarse de una instancia sobre un proceso de paz de un conflicto armado (criterio 5.7, precedente Bürgenstock 2024).",Seguridad,Verificada-URL,NA,NA,NA,NA,NA,NA,NA,NA,NA
PRY-SP-J038,192,Santiago Peña,Paraguay,Completed,2026-03-23,2026-03-26,4,Brazil,South America,Campo Grande,Bilateral,Working Visit,NA,Luiz Inácio Lula da Silva,Jefe de Estado/Gobierno,"Reunión de alto nivel sobre medio ambiente y tratamiento de especies en Campo Grande, por invitación del presidente Lula da Silva; participó el ministro del MADES junto al equipo técnico de Cancillería. Viaje N°63.",https://www.abc.com.py/politica/2026/03/13/canciller-anuncia-nuevo-viaje-de-santiago-pena/,High,Confirmado por el canciller Ramírez Lezcano tras reunión con su par brasileño Mauro Vieira (13-mar-2026); reunión de alto nivel prevista del 23 al 26 de marzo de 2026.,NA,Verificada-URL,NA,NA,NA,NA,NA,NA,NA,NA,NA
PRY-SP-J039,193,Santiago Peña,Paraguay,Completed,2026-05-05,2026-05-05,1,United States,North America,Los Angeles,Bilateral,Working Visit,NA,Reuniones privadas sin agenda oficial difundida,Otro actor no estatal,"Breve escala en Los Ángeles sin información oficial de agenda ('viaje hermético'), previo a continuar a Taiwán y Filipinas. Viaje N°64.",https://www.abc.com.py/politica/2026/05/06/hermetico-viaje-n-64-pena-mantuvo-reuniones-privadas-en-los-angeles/,Medium,Presidencia no informó el motivo del viaje ('viaje oficial' o 'visita oficial' sin mayores detalles); prensa lo calificó de 'hermético' por la falta de transparencia sobre las reuniones mantenidas. Primer tramo de una gira que continuó a Taiwán y Filipinas (mismo Journey_ID).,NA,Verificada-URL,NA,NA,NA,NA,NA,NA,NA,NA,NA
PRY-SP-J039,194,Santiago Peña,Paraguay,Completed,2026-05-06,2026-05-10,5,Taiwan,Asia-Pacific,Taipei,Bilateral,State Visit,NA,Presidente William Lai (Lai Ching-te),Jefe de Estado/Gobierno,"Visita oficial por invitación del presidente Lai, con delegación de cerca de 50 empresarios; firma de acuerdos de cooperación en tecnología e industria; doctorado honoris causa de la Universidad Nacional de Ciencia y Tecnología de Taiwán; visita al Parque Científico del Sur de Taiwán. Viaje N°65.",https://www.abc.com.py/politica/2026/05/05/periplo-pena-viajo-a-eeuu-y-luego-ira-a-taiwan-y-filipinas/,High,Paraguay es el único país sudamericano con relaciones diplomáticas formales con Taiwán (no reconoce a la República Popular China). Segundo tramo de la gira EE.UU.-Taiwán-Filipinas (mismo Journey_ID).,NA,Verificada-URL,NA,NA,NA,NA,NA,NA,NA,NA,NA
PRY-SP-J039,195,Santiago Peña,Paraguay,Completed,2026-05-10,2026-05-12,3,Philippines,Asia-Pacific,Manila,Bilateral,State Visit,NA,Autoridades de Filipinas,Jefe de Estado/Gobierno,"Primera visita oficial de un presidente paraguayo a Filipinas; eje comercial centrado en exportación de proteína animal (carne aviar) a un mercado de 700 millones de habitantes, usando la relación con Taiwán como plataforma regional. Viaje N°66.",https://www.abc.com.py/politica/2026/05/05/periplo-pena-viajo-a-eeuu-y-luego-ira-a-taiwan-y-filipinas/,High,"Tercer y último tramo de la gira EE.UU.-Taiwán-Filipinas (mismo Journey_ID); retorno previsto el martes 12-may-2026, con posibilidad de prórroga. Contraparte (presidente Ferdinand Marcos Jr.) no confirmada nominalmente por la fuente; se usa el jefe de Estado en funciones por defecto.",NA,Verificada-URL,NA,NA,NA,NA,NA,NA,NA,NA,NA
PRY-SP-J040,196,Santiago Peña,Paraguay,Completed,2026-06-11,2026-06-15,5,United States,North America,Los Angeles,Bilateral,Working Visit,NA,Secretario de Estado Marco Rubio,Jefe de Estado/Gobierno,"Asistencia al debut de la Selección Paraguaya en la Copa Mundial de la FIFA 2026 (invitación de Gianni Infantino); reunión bilateral con el secretario de Estado Marco Rubio sobre seguridad regional, comercio e inversiones. Viaje N°67.",https://www.ultimahora.com/santiago-pena-ya-viajo-a-eeuu-para-ver-a-la-albirroja-y-reunirse-con-rubio,High,"Clasificado Bilateral (no Other) por la reunión de gobierno confirmada con el secretario de Estado Rubio, a diferencia de la asistencia a partidos sin agenda oficial (ver fila Uruguay sept-2024). Retorno previsto el lunes 15-jun-2026.",NA,Verificada-URL,NA,NA,NA,NA,NA,NA,NA,NA,NA
PRY-SP-J041,197,Santiago Peña,Paraguay,Completed,2026-06-22,2026-06-24,3,Panama,Central America,Panama City,Multilateral,Regional Summit,NA,56° Periodo Ordinario de Sesiones de la Asamblea General de la OEA,NA,"Participación en la Asamblea General de la OEA en Panamá, en el marco del bicentenario del Congreso Anfictiónico de Panamá de 1826; agenda de gobernabilidad democrática, seguridad hemisférica, migración y desarrollo económico.",https://www.ultimahora.com/otro-viaje-de-santiago-pena-participara-de-la-asamblea-de-la-oea-en-panama,High,"Asistieron también los presidentes de Ecuador (Noboa) y República Dominicana (Abinader), y más de 30 cancilleres. Presidencia no precisó la fecha exacta de salida/regreso de Peña; se usan las fechas de la Asamblea (22-24 jun) como estimación.",Cooperación Política General,Verificada-URL,NA,NA,NA,NA,NA,NA,NA,NA,NA
COLT-1395-PRY-ARG-37139,198,Luis Angel Gonzalez Macchi,Paraguay,Completed,2001-09-05,2001-09-06,2,Argentina,South America,,Other,Working Visit,NA,Sign immigration agreement [PE-Latam 2026-08-24: Agregada a nuestra base como Trip_ID 198],NA,"Comunicado oficial de la Cancilleria argentina confirma la visita de Estado de Gonzalez Macchi a Argentina en septiembre de 2001, invitado por Fernando de la Rua, con firma de tres acuerdos (politica migratoria, uso de recursos del rio Parana, y tran","https://cancilleria.gob.ar/es/actualidad/comunicados/el-presidente-paraguayo-gonzalez-macchi-visita-la-argentina-para-estrechar (comunicado oficial Cancilleria Argentina, Informacion 239/2001, 4-sep-2001)",Medium,[PE-Latam 2026-08-24: fila insertada automaticamente desde COLT TripID 1395-PRY-ARG-37139 via colt_aplicar_verificacion.py. Revisar Visit_Category/Counterpart_Event a mano.],NA,Verificada-URL,FALSE,FALSE,NA,FALSE,TRUE,FALSE,FALSE,FALSE,NA
COLT-1395-PRY-ARG-37305,199,Luis Angel Gonzalez Macchi,Paraguay,Completed,2002-02-18,2002-02-19,2,Argentina,South America,,Multilateral,Regional Summit,NA,Common Market of the South (MERCOSUR) Summit,NA,"Multiples fuentes coinciden en que Gonzalez Macchi viajo a Buenos Aires junto a los presidentes de Brasil, Uruguay, Bolivia y Chile para una cumbre extraordinaria del Mercosur el 17-18 de febrero de 2002 en la Quinta de Olivos. Coincide con la fecha ","Busqueda web: reunion extraordinaria de presidentes del Mercosur y paises asociados en la Quinta de Olivos, Buenos Aires, 17-18 de febrero de 2002, convocada por Eduardo Duhalde.",Medium,[PE-Latam 2026-08-24: fila insertada automaticamente desde COLT TripID 1395-PRY-ARG-37305 via colt_aplicar_verificacion.py. Revisar Visit_Category/Counterpart_Event a mano.],Cooperación Política General,Solo-Query,FALSE,FALSE,NA,FALSE,FALSE,FALSE,FALSE,FALSE,NA
COLT-1395-PRY-BRA-37595,200,Luis Angel Gonzalez Macchi,Paraguay,Completed,2002-12-05,2002-12-05,1,Brazil,South America,,Multilateral,Regional Summit,NA,Common Market of the South (MERCOSUR) Summit,NA,"La XXIII Cumbre del Mercosur en Brasilia se confirma para el 5-6 de diciembre de 2002, coincidiendo con la fecha de inicio de COLT (2002-12-05). Paraguay era miembro pleno y asistio consistentemente a todas las demas cumbres de Mercosur de este perio","Busqueda web: XXIII Cumbre de Presidentes del Mercosur, Brasilia, 5-6 de diciembre de 2002, presidida por Fernando Henrique Cardoso, firma de acuerdo de libre transito de trabajadores.",Medium,[PE-Latam 2026-08-24: fila insertada automaticamente desde COLT TripID 1395-PRY-BRA-37595 via colt_aplicar_verificacion.py. Revisar Visit_Category/Counterpart_Event a mano.],Cooperación Política General,Solo-Query,FALSE,FALSE,NA,FALSE,FALSE,FALSE,FALSE,FALSE,NA
COLT-1395-PRY-CHL-37121,201,Luis Angel Gonzalez Macchi,Paraguay,Completed,2001-08-18,2001-08-18,1,Chile,South America,,Multilateral,Regional Summit,NA,Rio Group Summit,NA,"La XV Cumbre del Grupo de Rio en Santiago se confirma para el 17-18 de agosto de 2001, coincidiendo con la fecha de inicio de COLT (2001-08-18). Paraguay era miembro pleno del Grupo de Rio (ver tambien Trip_ID 3 y 37357 de este mismo workpack, cumbre","Busqueda web: XV Reunion del Grupo de Rio, Santiago de Chile, 17-18 de agosto de 2001, anfitrion Ricardo Lagos.",Medium,[PE-Latam 2026-08-24: fila insertada automaticamente desde COLT TripID 1395-PRY-CHL-37121 via colt_aplicar_verificacion.py. Revisar Visit_Category/Counterpart_Event a mano.],Cooperación Política General,Solo-Query,FALSE,FALSE,NA,FALSE,FALSE,FALSE,FALSE,FALSE,NA
COLT-1395-PRY-CRI-37357,202,Luis Angel Gonzalez Macchi,Paraguay,Completed,2002-04-11,2002-04-12,2,Costa Rica,Central America,,Multilateral,Regional Summit,NA,Rio Group Summit,NA,"La XVI cumbre del Grupo de Rio en San Jose se realizo el 12-13 de abril de 2002 (COLT registra inicio 11-abr, posiblemente el dia de llegada/instalacion), con firma de declaracion final tipica de estas cumbres, coincidiendo con la nota de COLT ('Decl","Busqueda web: XVI Reunion de Presidentes del Grupo de Rio, San Jose de Costa Rica, 12-13 de abril de 2002.",Medium,[PE-Latam 2026-08-24: fila insertada automaticamente desde COLT TripID 1395-PRY-CRI-37357 via colt_aplicar_verificacion.py. Revisar Visit_Category/Counterpart_Event a mano.],Cooperación Política General,Solo-Query,FALSE,FALSE,NA,FALSE,TRUE,FALSE,FALSE,FALSE,NA
COLT-1395-PRY-CUB-36480,203,Luis Angel Gonzalez Macchi,Paraguay,Completed,1999-11-16,1999-11-17,2,Cuba,Caribbean,,Multilateral,Regional Summit,NA,Ibero-American Summit,NA,"La IX Cumbre Iberoamericana se realizo en La Habana los dias 15 y 16 de noviembre de 1999, confirmado por la fuente oficial SEGIB. Coincide en duracion (2 dias) con COLT y en fecha aproximada (COLT registra inicio 16-nov, un dia despues del inicio of","https://www.segib.org/?summit=ix-cumbre-iberoamericana-la-habana-1999 (SEGIB, oficial); http://www.cuba.cu/gobierno/discursos/1999/esp/f161199e.html",Medium,[PE-Latam 2026-08-24: fila insertada automaticamente desde COLT TripID 1395-PRY-CUB-36480 via colt_aplicar_verificacion.py. Revisar Visit_Category/Counterpart_Event a mano.],Cooperación Política General,Verificada-URL,FALSE,FALSE,NA,FALSE,FALSE,FALSE,FALSE,FALSE,NA
COLT-1395-PRY-MEX-36308,204,Luis Angel Gonzalez Macchi,Paraguay,Completed,1999-05-28,1999-05-29,2,Mexico,North America,,Multilateral,Regional Summit,NA,Rio Group Summit,NA,"Se confirma que el presidente Ernesto Zedillo recibio a Gonzalez Macchi en Ciudad de Mexico el 28 de mayo de 1999, coincidiendo con la XIII Cumbre del Grupo de Rio (28-29 mayo 1999). Coincide exactamente con la fecha de inicio y duracion de COLT (199","Busqueda web: XIII Cumbre del Grupo de Rio, Ciudad de Mexico, 28-29 de mayo de 1999, anfitrion Ernesto Zedillo; recibimiento a Gonzalez Macchi el 28-may-1999.",Medium,[PE-Latam 2026-08-24: fila insertada automaticamente desde COLT TripID 1395-PRY-MEX-36308 via colt_aplicar_verificacion.py. Revisar Visit_Category/Counterpart_Event a mano.],Cooperación Política General,Solo-Query,TRUE,FALSE,NA,FALSE,FALSE,FALSE,FALSE,FALSE,NA
COLT-1395-PRY-PER-37100,205,Luis Angel Gonzalez Macchi,Paraguay,Completed,2001-07-28,2001-07-28,1,Peru,South America,,Other,Working Visit,NA,Attended Presidential Inauguration [PE-Latam 2026-08-24: Agregada a nuestra base como Trip_ID 205],NA,"Fuente confirma explicitamente que 'Luis Gonzalez Macchi' figura entre los presidentes sudamericanos (junto a de la Rua, Lagos, Cardoso, Noboa, Pastrana, etc.) que asistieron a la toma de posesion de Alejandro Toledo el 28-jul-2001 en Lima. Coincide ","Busqueda web sobre asistentes a la investidura de Alejandro Toledo, 28-jul-2001, Lima, Peru.",Medium,[PE-Latam 2026-08-24: fila insertada automaticamente desde COLT TripID 1395-PRY-PER-37100 via colt_aplicar_verificacion.py. Revisar Visit_Category/Counterpart_Event a mano.],NA,Solo-Query,FALSE,FALSE,NA,FALSE,FALSE,TRUE,FALSE,FALSE,NA
COLT-1395-PRY-TWN-37487,206,Luis Angel Gonzalez Macchi,Paraguay,Completed,2002-08-19,2002-08-23,5,Taiwan,Asia-Pacific,,Bilateral,Working Visit,NA,President Chen Shui-bian,Jefe de Estado/Gobierno,"Fuente oficial de la Presidencia de Taiwan confirma una visita oficial de cinco dias de Gonzalez Macchi que termino el 23-ago-2002, con reunion con el presidente Chen Shui-bian, ceremonia de corte de cinta para la Oficina Economica y Comercial de Par","https://english.president.gov.tw/NEWS/473 ('President Chen Sends off Paraguayan President Luis Angel Gonzalez Macchi with Full Military Honors', 2002-08-23, CNA)",Medium,[PE-Latam 2026-08-24: fila insertada automaticamente desde COLT TripID 1395-PRY-TWN-37487 via colt_aplicar_verificacion.py. Revisar Visit_Category/Counterpart_Event a mano.],NA,Verificada-URL,TRUE,FALSE,NA,FALSE,FALSE,TRUE,TRUE,FALSE,NA
COLT-1395-PRY-URY-36502,207,Luis Angel Gonzalez Macchi,Paraguay,Completed,1999-12-08,1999-12-09,2,Uruguay,South America,,Multilateral,Regional Summit,NA,Common Market of the South (MERCOSUR) Summit,NA,"Se confirma que Sanguinetti fue anfitrion de la XVII cumbre del Mercosur en Montevideo el 8 de diciembre de 1999, coincidiendo exactamente con la fecha de inicio de COLT. Paraguay era miembro pleno y asistio de forma consistente a todas las demas cum","Busqueda web: XVII Cumbre del Mercosur, Montevideo, 8 de diciembre de 1999, anfitrion Julio Maria Sanguinetti.",Medium,[PE-Latam 2026-08-24: fila insertada automaticamente desde COLT TripID 1395-PRY-URY-36502 via colt_aplicar_verificacion.py. Revisar Visit_Category/Counterpart_Event a mano.],Cooperación Política General,Solo-Query,FALSE,FALSE,NA,FALSE,TRUE,FALSE,FALSE,FALSE,NA
COLT-1395-PRY-URY-37245,208,Luis Angel Gonzalez Macchi,Paraguay,Completed,2001-12-20,2001-12-21,2,Uruguay,South America,,Multilateral,Regional Summit,NA,Mercosur,NA,"Fuente confirma que, aunque la cumbre presidencial formal del Mercosur en Montevideo fue suspendida por la crisis Argentina (renuncia de de la Rua el 20-dic-2001), los presidentes de Brasil, Uruguay y Paraguay (entre otros) sí estuvieron presentes en",https://www.cooperativa.cl/noticias/mundo/con-un-irrestricto-apoyo-a-argentina-concluyo-la-suspendida-cumbre-del/2001-12-21/122700.html,Medium,[PE-Latam 2026-08-24: fila insertada automaticamente desde COLT TripID 1395-PRY-URY-37245 via colt_aplicar_verificacion.py. Revisar Visit_Category/Counterpart_Event a mano.],Cooperación Política General,Verificada-URL,TRUE,TRUE,President Jorge Quiroga;President Fernando Henrique Cardoso;President Ricardo Lagos,FALSE,FALSE,TRUE,FALSE,FALSE,NA
COLT-1849-PRY-BOL-38739,209,Nicanor Duarte,Paraguay,Completed,2006-01-22,2006-01-22,1,Bolivia,South America,,Other,Working Visit,NA,Attended Presidential inauguration [PE-Latam 2026-08-24: Agregada a nuestra base como Trip_ID 209],NA,Fuente de prensa boliviana (ANF) nombra explicitamente a 'Nicanor Duarte de Paraguay' entre los once presidentes que asistieron a la toma de posesion de Evo Morales el 22-ene-2006 en La Paz. Viaje real no registrado en nuestra base.,https://www.noticiasfides.com/nacional/sociedad/once-presidentes-en-la-posesion-de-evo-morales-y-alvaro-garcia-240840,Medium,[PE-Latam 2026-08-24: fila insertada automaticamente desde COLT TripID 1849-PRY-BOL-38739 via colt_aplicar_verificacion.py. Revisar Visit_Category/Counterpart_Event a mano.],NA,Verificada-URL,FALSE,FALSE,NA,FALSE,FALSE,TRUE,FALSE,FALSE,NA
COLT-1849-PRY-BRA-39591,210,Nicanor Duarte,Paraguay,Completed,2008-05-23,2008-05-23,1,Brazil,South America,,Multilateral,Regional Summit,NA,Union of South American Nations (UNASUR) Summit,NA,"El Tratado Constitutivo de UNASUR se firmo en Brasilia el 23-may-2008 con la presencia confirmada de 11 jefes de Estado (el unico ausente fue Uruguay, representado por su vicepresidente); Paraguay figura explicitamente entre los 12 paises/Estados par",https://www.sela.org/publicaciones/tratado-constitutivo-de-la-union-de-naciones-suramericanas-unasur-brasilia-23-de-mayo-de-2008/ ; http://integracionsur.com/cumbre-brasilia-2008-el-lanzamiento-de-unasur-en-el-tablero-del-poder/,Medium,[PE-Latam 2026-08-24: fila insertada automaticamente desde COLT TripID 1849-PRY-BRA-39591 via colt_aplicar_verificacion.py. Revisar Visit_Category/Counterpart_Event a mano.],Cooperación Política General,Verificada-URL,FALSE,FALSE,NA,FALSE,TRUE,FALSE,FALSE,FALSE,NA
COLT-1849-PRY-ECU-39097,211,Nicanor Duarte,Paraguay,Completed,2007-01-15,2007-01-16,2,Ecuador,South America,,Other,Working Visit,NA,Attended Presidential inauguration [PE-Latam 2026-08-24: Agregada a nuestra base como Trip_ID 211],NA,"Fuentes consultadas listan explicitamente a Paraguay entre los paises cuyos presidentes asistieron a la toma de posesion de Rafael Correa el 15-ene-2007 en Quito (junto con Brasil, Bolivia, Chile, Colombia, Peru, Venezuela, entre otros). Viaje real n","Busqueda agregada sobre la asuncion de Rafael Correa (15-ene-2007, Quito)",Medium,[PE-Latam 2026-08-24: fila insertada automaticamente desde COLT TripID 1849-PRY-ECU-39097 via colt_aplicar_verificacion.py. Revisar Visit_Category/Counterpart_Event a mano.],NA,Solo-Query,FALSE,FALSE,NA,FALSE,FALSE,TRUE,FALSE,FALSE,NA
COLT-1849-PRY-FRA-38854,212,Nicanor Duarte,Paraguay,Completed,2006-05-17,2006-05-17,1,France,Europe,,Bilateral,Working Visit,NA,President Jacques Chirac,Jefe de Estado/Gobierno,"Se confirmo que el presidente frances Jacques Chirac recibio a Nicanor Duarte en el Eliseo el 17-mayo-2006, coincidiendo con la fecha de COLT. Viaje real no registrado en nuestra base, parte de una gira europea (ver tambien Austria y Belgica, no conf","Busqueda: reunion de Jacques Chirac con Nicanor Duarte en el Palacio del Eliseo, Paris, 17-may-2006",Medium,[PE-Latam 2026-08-24: fila insertada automaticamente desde COLT TripID 1849-PRY-FRA-38854 via colt_aplicar_verificacion.py. Revisar Visit_Category/Counterpart_Event a mano.],NA,Solo-Query,TRUE,FALSE,NA,FALSE,FALSE,FALSE,TRUE,FALSE,NA
COLT-1849-PRY-VAT-38278,213,Nicanor Duarte,Paraguay,Completed,2004-10-18,2004-10-18,1,Vatican City,Europe,,Bilateral,Working Visit,NA,Pope John Paul II,Jefe de Estado/Gobierno,"Fuente primaria oficial: discurso de Juan Pablo II 'Al Presidente de la Republica de Paraguay (18 de octubre de 2004)' publicado en vatican.va, confirmando la audiencia papal con Duarte Frutos en esa fecha exacta. Viaje real no registrado en nuestra ",https://www.vatican.va/content/john-paul-ii/es/speeches/2004/october/documents/hf_jp-ii_spe_20041018_president-paraguay.html,Medium,[PE-Latam 2026-08-24: fila insertada automaticamente desde COLT TripID 1849-PRY-VAT-38278 via colt_aplicar_verificacion.py. Revisar Visit_Category/Counterpart_Event a mano.],NA,Verificada-URL,TRUE,FALSE,NA,FALSE,FALSE,FALSE,FALSE,FALSE,NA
COLT-1849-PRY-ITA-38279,214,Nicanor Duarte,Paraguay,Completed,2004-10-19,2004-10-19,1,Italy,Europe,,Bilateral,Working Visit,NA,Prime Minister Silvio Berlusconi,Jefe de Estado/Gobierno,"La Ciudad del Vaticano es un enclave dentro de Roma, Italia; dado que la audiencia con Juan Pablo II el 18-oct-2004 esta confirmada con fuente primaria, es practicamente seguro que Duarte Frutos tambien estuvo fisicamente en Italia el 19-oct-2004 (di",Derivado de https://www.vatican.va/content/john-paul-ii/es/speeches/2004/october/documents/hf_jp-ii_spe_20041018_president-paraguay.html (audiencia papal confirmada el 18-oct-2004),Medium,[PE-Latam 2026-08-24: fila insertada automaticamente desde COLT TripID 1849-PRY-ITA-38279 via colt_aplicar_verificacion.py. Revisar Visit_Category/Counterpart_Event a mano.],NA,Solo-Query,TRUE,FALSE,NA,FALSE,FALSE,FALSE,FALSE,FALSE,NA
COLT-1849-PRY-JPN-38654,215,Nicanor Duarte,Paraguay,Completed,2005-10-29,2005-11-02,5,Japan,Asia-Pacific,,Bilateral,State Visit,NA,Prime Minister Koizumi Junichiro,Jefe de Estado/Gobierno,"Multiples fuentes independientes (fotografias Getty, referencias a la agenda de politica exterior de Japon) confirman una visita de Estado de Duarte Frutos a Japon a fines de octubre/inicios de noviembre de 2005, con reunion con el PM Koizumi en Kiot","Referencias cruzadas a reunion con el Primer Ministro Junichiro Koizumi en el Kyoto State Guest House y audiencia con el Emperador Akihito, octubre/noviembre de 2005",Medium,[PE-Latam 2026-08-24: fila insertada automaticamente desde COLT TripID 1849-PRY-JPN-38654 via colt_aplicar_verificacion.py. Revisar Visit_Category/Counterpart_Event a mano.],NA,Solo-Query,TRUE,FALSE,NA,FALSE,FALSE,FALSE,FALSE,FALSE,NA
COLT-1849-PRY-MEX-38418,216,Nicanor Duarte,Paraguay,Completed,2005-03-07,2005-03-09,3,Mexico,North America,,Other,Working Visit,NA,[PE-Latam 2026-08-24: Agregada a nuestra base como Trip_ID 216],NA,"Se confirmo la visita oficial a Mexico con reunion en Los Pinos con el presidente Vicente Fox alrededor del 7-8 de marzo de 2005, donde firmaron una declaracion conjunta sobre negociaciones de TLC Mexico-Mercosur. Coincide con la fecha de inicio de C","Busqueda: reunion oficial de Nicanor Duarte Frutos con Vicente Fox en Los Pinos, 7-8 marzo 2005, declaracion conjunta Mexico-Mercosur",Medium,[PE-Latam 2026-08-24: fila insertada automaticamente desde COLT TripID 1849-PRY-MEX-38418 via colt_aplicar_verificacion.py. Revisar Visit_Category/Counterpart_Event a mano.],NA,Solo-Query,FALSE,FALSE,NA,FALSE,TRUE,FALSE,FALSE,FALSE,NA
COLT-1849-PRY-PER-38926,217,Nicanor Duarte,Paraguay,Completed,2006-07-28,2006-07-28,1,Peru,South America,,Other,Working Visit,NA,Attended presidential Inauguration [PE-Latam 2026-08-24: Agregada a nuestra base como Trip_ID 217],NA,"Fuentes consultadas nombran explicitamente a 'Nicanor Duarte Frutos de Paraguay' entre los presidentes que asistieron a la ceremonia de transmision de mando de Alan Garcia el 28-jul-2006 en Lima, junto con Lula, Evo Morales, Bachelet, Uribe y otros. ","Busqueda agregada sobre la asuncion de Alan Garcia (28-jul-2006, Lima)",Medium,[PE-Latam 2026-08-24: fila insertada automaticamente desde COLT TripID 1849-PRY-PER-38926 via colt_aplicar_verificacion.py. Revisar Visit_Category/Counterpart_Event a mano.],NA,Solo-Query,FALSE,FALSE,NA,FALSE,FALSE,TRUE,FALSE,FALSE,NA
COLT-1849-PRY-SGP-38130,218,Nicanor Duarte,Paraguay,Completed,2004-05-23,2004-05-26,4,Singapore,Asia-Pacific,,Other,Working Visit,NA,Few details on specifics of this visit [PE-Latam 2026-08-24: Agregada a nuestra base como Trip_ID 218],NA,"Comunicado oficial del Ministerio de Relaciones Exteriores de Singapur (fuente primaria) confirma la visita de trabajo de Nicanor Duarte Frutos a Singapur del 24 al 26 de mayo de 2004, con reuniones con el Presidente S R Nathan y el PM Goh Chok Tong.",https://www.mfa.gov.sg/newsroom/press-statements-transcripts-and-photos/mfa-press-statement---working-visit-of-president-nicanor-duarte-frutos-of-the-republic-of-paraguay-21-may-2004/,Medium,[PE-Latam 2026-08-24: fila insertada automaticamente desde COLT TripID 1849-PRY-SGP-38130 via colt_aplicar_verificacion.py. Revisar Visit_Category/Counterpart_Event a mano.],NA,Verificada-URL,FALSE,FALSE,NA,FALSE,FALSE,FALSE,FALSE,FALSE,NA
COLT-1849-PRY-TWN-38126,219,Nicanor Duarte,Paraguay,Completed,2004-05-19,2004-05-23,5,Taiwan,Asia-Pacific,,Bilateral,Inauguration/Funeral,NA,President Chen Shui-bian,Jefe de Estado/Gobierno,"El Taipei Times confirma que Duarte Frutos realizo una 'visita de Estado de seis dias' a Taiwan en torno a la segunda toma de posesion de Chen Shui-bian (20-may-2004), con firma de un comunicado conjunto. Coincide en el marco temporal con la fecha de",http://www.taipeitimes.com/News/biz/archives/2004/05/25/2003156910,Medium,[PE-Latam 2026-08-24: fila insertada automaticamente desde COLT TripID 1849-PRY-TWN-38126 via colt_aplicar_verificacion.py. Revisar Visit_Category/Counterpart_Event a mano.],NA,Verificada-URL,TRUE,FALSE,NA,FALSE,FALSE,TRUE,FALSE,FALSE,NA
COLT-1849-PRY-URY-38412,220,Nicanor Duarte,Paraguay,Completed,2005-03-01,2005-03-02,2,Uruguay,South America,,Other,Working Visit,NA,Attended Presidential Inauguration [PE-Latam 2026-08-24: Agregada a nuestra base como Trip_ID 220],NA,Fuentes consultadas confirman la presencia de Nicanor Duarte de Paraguay entre los jefes de Estado presentes en la asuncion presidencial de Tabare Vazquez el 1-mar-2005 en Montevideo. Viaje real no registrado en nuestra base.,"Busqueda agregada sobre la asuncion de Tabare Vazquez (1-mar-2005, Montevideo)",Medium,[PE-Latam 2026-08-24: fila insertada automaticamente desde COLT TripID 1849-PRY-URY-38412 via colt_aplicar_verificacion.py. Revisar Visit_Category/Counterpart_Event a mano.],NA,Solo-Query,FALSE,TRUE,President Ricardo Lagos Escobar,FALSE,FALSE,TRUE,FALSE,FALSE,NA
COLT-1849-PRY-VEN-38902,221,Nicanor Duarte,Paraguay,Completed,2006-07-04,2006-07-05,2,Venezuela,South America,,Multilateral,Regional Summit,NA,Common Market of the South (MERCOSUR) Summit,NA,"Se confirmo que Venezuela se incorporo formalmente al Mercosur el 4-jul-2006 en una ceremonia en Caracas, con la presencia expresa de 'Nicanor Duarte de Paraguay' junto a Kirchner, Lula y Vazquez. Viaje real no registrado en nuestra base.","Busqueda agregada sobre incorporacion de Venezuela al Mercosur, Caracas, 4-jul-2006",Medium,[PE-Latam 2026-08-24: fila insertada automaticamente desde COLT TripID 1849-PRY-VEN-38902 via colt_aplicar_verificacion.py. Revisar Visit_Category/Counterpart_Event a mano.],Cooperación Política General,Solo-Query,FALSE,FALSE,NA,TRUE,FALSE,TRUE,FALSE,FALSE,NA
COLT-2386-PRY-ARG-40479,222,Fernando Lugo,Paraguay,Completed,2010-10-28,2010-10-28,1,Argentina,South America,,Other,Working Visit,NA,Funeral of Nestor Kirchner [PE-Latam 2026-08-24: Agregada a nuestra base como Trip_ID 222],NA,"Múltiples fuentes de prensa confirman la asistencia personal de Lugo al funeral; evento real y bien documentado, no presente en nuestra base.","BBC ('Argentina buries former leader Nestor Kirchner'); Wikipedia ES 'Funeral de Néstor Kirchner': listan explícitamente a Fernando Lugo (junto a Chávez, Morales, Lula, Mujica, Santos, Correa y Piñera) entre los mandatarios presentes en el funeral de Néstor Kirchner en Buenos Aires, el 27-oct-2010.",Medium,[PE-Latam 2026-08-24: fila insertada automaticamente desde COLT TripID 2386-PRY-ARG-40479 via colt_aplicar_verificacion.py. Revisar Visit_Category/Counterpart_Event a mano.],NA,Solo-Query,FALSE,FALSE,NA,TRUE,FALSE,TRUE,FALSE,FALSE,NA
COLT-2386-PRY-ARG-40887,223,Fernando Lugo,Paraguay,Completed,2011-12-10,2011-12-10,1,Argentina,South America,,Other,Working Visit,NA,Attended Presidential inauguration [PE-Latam 2026-08-24: Agregada a nuestra base como Trip_ID 223],NA,La fecha coincide exactamente con la segunda asunción de CFK; es un evento público muy bien documentado y consistente con la práctica habitual de Lugo de asistir a este tipo de ceremonias en países vecinos del Mercosur.,"Hecho histórico ampliamente documentado: Cristina Fernández de Kirchner asumió su segundo mandato presidencial el 10 de diciembre de 2011, en una ceremonia con numerosos mandatarios regionales invitados.",Medium,[PE-Latam 2026-08-24: fila insertada automaticamente desde COLT TripID 2386-PRY-ARG-40887 via colt_aplicar_verificacion.py. Revisar Visit_Category/Counterpart_Event a mano.],NA,Solo-Query,FALSE,FALSE,NA,FALSE,FALSE,TRUE,FALSE,FALSE,NA
COLT-2386-PRY-BOL-40200,224,Fernando Lugo,Paraguay,Completed,2010-01-22,2010-01-22,1,Bolivia,South America,,Other,Working Visit,NA,Attend Presidential Inauguration [PE-Latam 2026-08-24: Agregada a nuestra base como Trip_ID 224],NA,La fecha coincide exactamente con la segunda asunción de Evo Morales; evento público muy bien documentado y consistente con la práctica habitual de Lugo de asistir a este tipo de ceremonias en la región.,"Hecho histórico ampliamente documentado: Evo Morales asumió su segundo mandato presidencial el 22 de enero de 2010, en una ceremonia con numerosos mandatarios regionales invitados.",Medium,[PE-Latam 2026-08-24: fila insertada automaticamente desde COLT TripID 2386-PRY-BOL-40200 via colt_aplicar_verificacion.py. Revisar Visit_Category/Counterpart_Event a mano.],NA,Solo-Query,FALSE,FALSE,NA,FALSE,FALSE,TRUE,FALSE,FALSE,NA
COLT-2386-PRY-BRA-39840,225,Fernando Lugo,Paraguay,Completed,2009-01-27,2009-02-01,6,Brazil,South America,,Multilateral,Regional Summit,NA,World Social Forum,NA,Presencia de Lugo confirmada por fuente de prensa en al menos dos fechas dentro del rango del viaje (27 y 29 de enero); la duración de 6 días (27-ene al 1-feb) es consistente con la extensión del Foro Social Mundial 2009 en Belém.,"Página/12 ('Comenzó la octava edición del Foro Social Mundial', 27-ene-2009): confirma que Lugo participó junto a Lula, Morales, Correa y Chávez en el debate 'América Latina y la crisis financiera internacional' el 27-ene-2009, y en un encuentro adicional de 4 presidentes (con Correa, Morales y Chávez, sin Lula) el 29-ene-2009 en Belém.",Medium,[PE-Latam 2026-08-24: fila insertada automaticamente desde COLT TripID 2386-PRY-BRA-39840 via colt_aplicar_verificacion.py. Revisar Visit_Category/Counterpart_Event a mano.],Cooperación Política General,Solo-Query,FALSE,FALSE,NA,TRUE,FALSE,FALSE,FALSE,FALSE,NA
COLT-2386-PRY-BRA-40400,226,Fernando Lugo,Paraguay,Completed,2010-08-10,2010-08-14,5,Brazil,South America,,Other,Working Visit,NA,"Hospital treatment, attended funeral [PE-Latam 2026-08-24: Agregada a nuestra base como Trip_ID 226]",NA,"El período (10-14 ago 2010) coincide con el inicio documentado del diagnóstico y tratamiento oncológico de Lugo en Brasil (Hospital Sírio-Libanês, San Pablo); consistente con el patrón de viajes médicos recurrentes confirmado para 2010-2011.","diariodecuyo.com.ar ('Lugo tiene cáncer', 7-ago-2010): confirma el diagnóstico de cáncer linfático de Lugo en esas fechas, con hospitalización y tratamiento en Brasil.",Medium,[PE-Latam 2026-08-24: fila insertada automaticamente desde COLT TripID 2386-PRY-BRA-40400 via colt_aplicar_verificacion.py. Revisar Visit_Category/Counterpart_Event a mano.],NA,Solo-Query,FALSE,FALSE,NA,FALSE,FALSE,TRUE,FALSE,FALSE,NA
COLT-2386-PRY-BRA-40453,227,Fernando Lugo,Paraguay,Completed,2010-10-02,2010-10-06,5,Brazil,South America,,Other,Working Visit,NA,Hospital treatment [PE-Latam 2026-08-24: Agregada a nuestra base como Trip_ID 227],NA,El ingreso de urgencia el 2-oct y el alta el 6-oct coinciden exactamente con la fecha de inicio (2-oct) y la duración de 5 días registradas por COLT.,"diariodecuyo.com.ar ('Fernando Lugo fue internado en Brasil de urgencia', San Pablo, 2-oct-2010); Voz de América ('Lula y Lugo se encuentran'): confirman que Lugo salió del Hospital Sírio-Libanês el 6-oct-2010.",Medium,[PE-Latam 2026-08-24: fila insertada automaticamente desde COLT TripID 2386-PRY-BRA-40453 via colt_aplicar_verificacion.py. Revisar Visit_Category/Counterpart_Event a mano.],NA,Solo-Query,FALSE,FALSE,NA,FALSE,FALSE,FALSE,FALSE,FALSE,NA
COLT-2386-PRY-BRA-40512,228,Fernando Lugo,Paraguay,Completed,2010-11-30,2010-12-01,2,Brazil,South America,,Other,Working Visit,NA,Hospital treatment;beginning of visit unknown [PE-Latam 2026-08-24: Agregada a nuestra base como Trip_ID 228],NA,"La conclusión del tratamiento oncológico reportada para el 1-dic-2010 es consistente con un viaje a Brasil que habría comenzado el 30-nov (COLT), dentro del patrón ya confirmado de viajes médicos recurrentes de Lugo a Brasil en este período; la propi","Expansión MX ('Fernando Lugo concluye su tratamiento contra el cáncer linfático', 1-dic-2010).",Medium,[PE-Latam 2026-08-24: fila insertada automaticamente desde COLT TripID 2386-PRY-BRA-40512 via colt_aplicar_verificacion.py. Revisar Visit_Category/Counterpart_Event a mano.],NA,Solo-Query,FALSE,FALSE,NA,FALSE,FALSE,FALSE,FALSE,FALSE,NA
COLT-2386-PRY-BRA-40544,229,Fernando Lugo,Paraguay,Completed,2011-01-01,2011-01-01,1,Brazil,South America,,Other,Working Visit,NA,Attended Presidential Inauguration [PE-Latam 2026-08-24: Agregada a nuestra base como Trip_ID 229],NA,La fecha coincide exactamente con la asunción de Dilma Rousseff; evento público muy bien documentado.,"Hecho histórico ampliamente documentado: Dilma Rousseff asumió la presidencia de Brasil el 1 de enero de 2011, en una ceremonia con numerosos mandatarios regionales invitados.",Medium,[PE-Latam 2026-08-24: fila insertada automaticamente desde COLT TripID 2386-PRY-BRA-40544 via colt_aplicar_verificacion.py. Revisar Visit_Category/Counterpart_Event a mano.],NA,Solo-Query,FALSE,FALSE,NA,FALSE,FALSE,TRUE,FALSE,FALSE,NA
COLT-2386-PRY-BRA-40567,230,Fernando Lugo,Paraguay,Completed,2011-01-24,2011-01-29,6,Brazil,South America,,Other,Working Visit,NA,Hospital treatment [PE-Latam 2026-08-24: Agregada a nuestra base como Trip_ID 230],NA,"La fecha de la noticia (25-ene) es consistente con el inicio del viaje registrado por COLT (24-ene), dentro del patrón ya confirmado de controles oncológicos recurrentes de Lugo en Brasil.","diariodecuyo.com.ar ('Lugo se someterá a nuevos análisis médicos en Brasil', Asunción, 25-ene-2011).",Medium,[PE-Latam 2026-08-24: fila insertada automaticamente desde COLT TripID 2386-PRY-BRA-40567 via colt_aplicar_verificacion.py. Revisar Visit_Category/Counterpart_Event a mano.],NA,Solo-Query,FALSE,FALSE,NA,FALSE,FALSE,FALSE,FALSE,FALSE,NA
COLT-2386-PRY-CHL-40247,231,Fernando Lugo,Paraguay,Completed,2010-03-10,2010-03-11,2,Chile,South America,,Other,Working Visit,NA,Attended Presidential Inauguration;meets with U.S. Secretary of State [PE-Latam 2026-08-24: Agregada a nuestra base como Trip_ID 231],NA,"Asistencia de Lugo confirmada explícitamente por fuentes de prensa; fecha de COLT (10-mar, día previo a la ceremonia del 11-mar) es plausible como día de llegada.","Infobae ('Un terremoto recibió a Piñera en su asunción'); Wikinoticias: confirman que Fernando Lugo asistió a la asunción presidencial de Sebastián Piñera el 11-mar-2010 en Chile, junto a García, Fernández de Kirchner, Morales, Correa y Mujica.",Medium,[PE-Latam 2026-08-24: fila insertada automaticamente desde COLT TripID 2386-PRY-CHL-40247 via colt_aplicar_verificacion.py. Revisar Visit_Category/Counterpart_Event a mano.],NA,Solo-Query,FALSE,FALSE,NA,FALSE,FALSE,TRUE,FALSE,FALSE,NA
COLT-2386-PRY-COL-41012,232,Fernando Lugo,Paraguay,Completed,2012-04-13,2012-04-15,3,Colombia,South America,,Multilateral,Regional Summit,NA,Summit of the Americas (SOA),NA,Asistencia de Lugo a la cumbre confirmada por fuentes de prensa; la mención de COLT a un encuentro con Mitt Romney no pudo confirmarse (Romney no participó de la Cumbre de las Américas como candidato presidencial) y podría ser un error de nota de COL,"Wikipedia ES 'VI Cumbre de las Américas'; Animal Político ('La sexta Cumbre de las Américas, en resumen'): confirman que la VI Cumbre de las Américas se realizó en Cartagena de Indias entre el 9 y 15 de abril de 2012 (sesiones principales 14-15 abr), y que Fernando Lugo asistió, aunque se retiró antes de lo previsto junto a José Mujica.",Medium,[PE-Latam 2026-08-24: fila insertada automaticamente desde COLT TripID 2386-PRY-COL-41012 via colt_aplicar_verificacion.py. Revisar Visit_Category/Counterpart_Event a mano.],Cooperación Política General,Solo-Query,FALSE,FALSE,NA,TRUE,FALSE,FALSE,FALSE,FALSE,NA
COLT-2386-PRY-CUB-40591,233,Fernando Lugo,Paraguay,Completed,2011-02-17,2011-02-19,3,Cuba,Caribbean,,Bilateral,Transit/Medical,NA,President Raul Castro,Jefe de Estado/Gobierno,"Viaje médico confirmado por prensa paraguaya, aunque la dolencia específica (tendinitis, no relacionada con el cáncer linfático) difiere de la nota genérica 'Medical treatment' de COLT; la fecha (17-feb, 3 días) es consistente con el rango encontrado","ABC Color ('Para tratarse de una tendinitis no grave, Lugo viajará a La Habana'); Última Hora: confirman que Lugo viajó a Cuba en torno al 16-20 de febrero de 2011 para tratamiento médico (tendinitis en el talón e inflamación de la fascia plantar).",Medium,[PE-Latam 2026-08-24: fila insertada automaticamente desde COLT TripID 2386-PRY-CUB-40591 via colt_aplicar_verificacion.py. Revisar Visit_Category/Counterpart_Event a mano.],NA,Solo-Query,TRUE,FALSE,NA,FALSE,FALSE,FALSE,FALSE,FALSE,NA
COLT-2386-PRY-SLV-39964,234,Fernando Lugo,Paraguay,Completed,2009-05-31,2009-06-01,2,El Salvador,Central America,,Other,Working Visit,NA,Attended Presidential Inauguration [PE-Latam 2026-08-24: Agregada a nuestra base como Trip_ID 234],NA,"Asistencia de Lugo confirmada explícitamente; fecha de inicio de COLT (31-may, día previo a la ceremonia) es plausible como día de llegada.","Tiwy.com ('Mauricio Funes asumió presidencia de El Salvador', 3-jun-2009); Wikipedia ES 'Investidura presidencial de Mauricio Funes': confirman que Lugo encabezó la delegación paraguaya a la asunción de Funes el 1-jun-2009 en San Salvador.",Medium,[PE-Latam 2026-08-24: fila insertada automaticamente desde COLT TripID 2386-PRY-SLV-39964 via colt_aplicar_verificacion.py. Revisar Visit_Category/Counterpart_Event a mano.],NA,Solo-Query,FALSE,FALSE,NA,FALSE,FALSE,TRUE,FALSE,FALSE,NA
COLT-2386-PRY-DEU-40683,235,Fernando Lugo,Paraguay,Completed,2011-05-20,2011-05-21,2,Germany,Europe,,Bilateral,State Visit,NA,Chancellor Angela Merkel,Jefe de Estado/Gobierno,"Coincidencia exacta con la fecha de inicio (20-may) y la duración (2 días) registradas por COLT; visita de Estado confirmada por múltiples fuentes de prensa, con honores militares, reunión con Merkel y visita a la planta de Mercedes-Benz.","Alamy (foto oficial, 20-may-2011): 'Chancellor Angela Merkel welcomes president of Paraguay, Fernando Lugo... Fernando Lugo is on two-day state visit in Germany'. ABC Color ('Lugo es recibido con honores militares en el comienzo de su visita a Berlín'; 'Lugo visita estado federado más rico de Alemania').",Medium,[PE-Latam 2026-08-24: fila insertada automaticamente desde COLT TripID 2386-PRY-DEU-40683 via colt_aplicar_verificacion.py. Revisar Visit_Category/Counterpart_Event a mano.],NA,Solo-Query,TRUE,FALSE,NA,FALSE,FALSE,FALSE,FALSE,FALSE,NA
COLT-2386-PRY-ESP-40315,236,Fernando Lugo,Paraguay,Completed,2010-05-17,2010-05-19,3,Spain,Europe,,Multilateral,Regional Summit,NA,European Council-Community of Latin American and Caribbean States (CELAC) Summit,NA,"Viaje confirmado por prensa paraguaya con fecha de partida específica; consistente con la ventana de fechas registrada por COLT (17-19 mayo, 3 días).","Última Hora ('Lugo ya viajó 42 veces al exterior en solo dos años'): confirma que Lugo partió hacia Madrid el 16-may-2010 para participar al día siguiente de la VI Cumbre Unión Europea-América Latina y el Caribe; la cumbre se realizó formalmente el 18-may-2010 en Madrid (Real Instituto Elcano, Embajada de Francia en España).",Medium,[PE-Latam 2026-08-24: fila insertada automaticamente desde COLT TripID 2386-PRY-ESP-40315 via colt_aplicar_verificacion.py. Revisar Visit_Category/Counterpart_Event a mano.],Cooperación Política General,Solo-Query,FALSE,FALSE,NA,FALSE,FALSE,FALSE,FALSE,FALSE,NA
COLT-2386-PRY-USA-39748,237,Fernando Lugo,Paraguay,Completed,2008-10-27,2008-10-28,2,United States,North America,,Bilateral,Working Visit,NA,President George W. Bush,Jefe de Estado/Gobierno,"Viaje a Washington D.C. confirmado con fechas exactas (27-28 oct) que coinciden con COLT; la referencia de COLT a un discurso en 'American University' no pudo confirmarse específicamente (se halló en cambio el discurso ante la OEA), pero el viaje en ",The American Presidency Project / whitehouse-archives.gov: confirman que el presidente Bush recibió a Lugo en la Casa Blanca el 27-oct-2008; OAS ('Paraguay President Fernando Lugo to Address OAS Permanent Council'): confirma que Lugo se dirigió al Consejo Permanente de la OEA el 28-oct-2008 en Washington D.C.,Medium,[PE-Latam 2026-08-24: fila insertada automaticamente desde COLT TripID 2386-PRY-USA-39748 via colt_aplicar_verificacion.py. Revisar Visit_Category/Counterpart_Event a mano.],NA,Solo-Query,TRUE,FALSE,NA,TRUE,FALSE,FALSE,FALSE,FALSE,NA
COLT-2386-PRY-VEN-40081,238,Fernando Lugo,Paraguay,Completed,2009-09-25,2009-09-26,2,Venezuela,South America,,Multilateral,Regional Summit,NA,Africa-South America Summit,NA,"El acuerdo constitutivo del Banco del Sur se firmó efectivamente el 26-sep-2009 en Venezuela (Isla Margarita, no Caracas, pero dentro del mismo país registrado por COLT), coincidiendo con la fecha de COLT (25-sep, 2 días, hasta el 26-sep); Paraguay f","Wikipedia EN 'Bank of the South': confirma que el Acuerdo Constitutivo del Banco del Sur fue adoptado el 26-sep-2009 en Isla Margarita, Venezuela, en el marco de la II Cumbre América del Sur-África (ASA), por Argentina, Brasil, Paraguay, Uruguay, Ecuador, Bolivia y Venezuela.",Medium,[PE-Latam 2026-08-24: fila insertada automaticamente desde COLT TripID 2386-PRY-VEN-40081 via colt_aplicar_verificacion.py. Revisar Visit_Category/Counterpart_Event a mano.],Cooperación Política General,Solo-Query,FALSE,FALSE,NA,FALSE,TRUE,FALSE,FALSE,FALSE,NA
COLT-2386-PRY-VEN-40729,239,Fernando Lugo,Paraguay,Completed,2011-07-05,2011-07-05,1,Venezuela,South America,,Multilateral,Regional Summit,NA,Bolivia-Paraguay-Uruguay-Venezuela Quadrilateral Meeting,NA,"Asistencia de Lugo confirmada explícitamente por fuente de prensa, con fecha exacta coincidente (5-jul) con el registro de COLT.","diariodecuyo.com.ar ('Chávez abrió la fiesta del Bicentenario por TV', 5-jul-2011): confirma que Fernando Lugo asistió a la celebración del Bicentenario de la Independencia de Venezuela el 5-jul-2011, junto a Evo Morales y José Mujica.",Medium,[PE-Latam 2026-08-24: fila insertada automaticamente desde COLT TripID 2386-PRY-VEN-40729 via colt_aplicar_verificacion.py. Revisar Visit_Category/Counterpart_Event a mano.],Cooperación Política General,Solo-Query,FALSE,FALSE,NA,FALSE,FALSE,TRUE,FALSE,FALSE,NA
COLT-2386-PRY-VNM-40609,240,Fernando Lugo,Paraguay,Completed,2011-03-07,2011-03-11,5,Vietnam,Asia-Pacific,,Bilateral,Working Visit,NA,President Nguyen Minh Triet,Jefe de Estado/Gobierno,"Fuente independiente confirma que la gira de marzo de 2011 incluyó tanto Taiwán (ya registrado en nuestra base como Trip_ID 57) como Vietnam, que actualmente no figura en nuestra base; se trata de un tramo adicional real de la misma gira asiática, no","AS/COA ('Paraguay's President Eyes Opportunities in Asia'): confirma que 'en una visita de 2011 a Taiwán y Vietnam, Lugo volvió con la promesa de una inversión de 100 millones de dólares' de la empresa vietnamita Viettel, y que Lugo pasó cinco días de su estadía de dos semanas en Taiwán (implicando que el resto correspondió a Vietnam y otros tramos).",Medium,[PE-Latam 2026-08-24: fila insertada automaticamente desde COLT TripID 2386-PRY-VNM-40609 via colt_aplicar_verificacion.py. Revisar Visit_Category/Counterpart_Event a mano.],NA,Solo-Query,TRUE,FALSE,NA,FALSE,TRUE,TRUE,FALSE,FALSE,NA
COLT-2931-PRY-ARG-42348,241,Horacio Cartes,Paraguay,Completed,2015-12-10,2015-12-11,2,Argentina,South America,,Bilateral,Inauguration/Funeral,NA,President Mauricio Macri,Jefe de Estado/Gobierno,La fecha coincide exactamente con la asunción presidencial de Macri; la asistencia de mandatarios sudamericanos vecinos a este tipo de ceremonias es práctica diplomática estándar y está respaldada por 3 fuentes independientes citadas por COLT (ProQue,"Hecho histórico de conocimiento público: Mauricio Macri asumió la presidencia de Argentina el 10-dic-2015, ceremonia a la que asisten tradicionalmente los jefes de Estado de la región.",Medium,[PE-Latam 2026-08-24: fila insertada automaticamente desde COLT TripID 2931-PRY-ARG-42348 via colt_aplicar_verificacion.py. Revisar Visit_Category/Counterpart_Event a mano.],NA,Solo-Query,TRUE,FALSE,NA,FALSE,FALSE,TRUE,FALSE,FALSE,NA
COLT-2931-PRY-ARG-42499,242,Horacio Cartes,Paraguay,Completed,2016-05-09,2016-05-10,2,Argentina,South America,,Bilateral,Working Visit,NA,President Mauricio Macri,Jefe de Estado/Gobierno,Fuente oficial de la Presidencia argentina confirma exactamente la fecha y el encuentro bilateral descrito por COLT.,"casarosada.gob.ar (oficial): 'El presidente Macri recibió a su par de Paraguay, Horacio Cartes', reunión en Casa Rosada y función en el Teatro Colón el lunes 09-may-2016.",Medium,[PE-Latam 2026-08-24: fila insertada automaticamente desde COLT TripID 2931-PRY-ARG-42499 via colt_aplicar_verificacion.py. Revisar Visit_Category/Counterpart_Event a mano.],NA,Solo-Query,TRUE,FALSE,NA,FALSE,FALSE,FALSE,FALSE,FALSE,NA
COLT-2931-PRY-BOL-41614,243,Horacio Cartes,Paraguay,Completed,2013-12-06,2013-12-06,1,Bolivia,South America,,Bilateral,Working Visit,NA,President Evo Morales,Jefe de Estado/Gobierno,"Fuente primaria de agencia de noticias (EFE) confirma fecha exacta (06-dic-2013) y duración (1 día), coincidiendo perfectamente con el registro de COLT.","Última Hora / EFE: 'Horacio Cartes llega a Bolivia en su primera visita oficial', publicada el 06-dic-2013, confirma explícitamente una visita de un día de duración a La Paz.",Medium,[PE-Latam 2026-08-24: fila insertada automaticamente desde COLT TripID 2931-PRY-BOL-41614 via colt_aplicar_verificacion.py. Revisar Visit_Category/Counterpart_Event a mano.],NA,Solo-Query,TRUE,FALSE,NA,FALSE,TRUE,FALSE,FALSE,FALSE,NA
COLT-2931-PRY-BOL-42026,244,Horacio Cartes,Paraguay,Completed,2015-01-22,2015-01-22,1,Bolivia,South America,,Other,Working Visit,NA,Attended Presidential Inauguration [PE-Latam 2026-08-24: Agregada a nuestra base como Trip_ID 244],NA,La fecha coincide exactamente con la investidura de Evo Morales; asistencia de mandatarios vecinos a este tipo de ceremonias es práctica estándar.,Hecho histórico de conocimiento público: Evo Morales asumió su tercer mandato presidencial el 22-ene-2015.,Medium,[PE-Latam 2026-08-24: fila insertada automaticamente desde COLT TripID 2931-PRY-BOL-42026 via colt_aplicar_verificacion.py. Revisar Visit_Category/Counterpart_Event a mano.],NA,Solo-Query,FALSE,FALSE,NA,FALSE,FALSE,TRUE,FALSE,FALSE,NA
COLT-2931-PRY-BRA-41802,245,Horacio Cartes,Paraguay,Completed,2014-06-12,2014-06-12,1,Brazil,South America,,Other,Working Visit,NA,Attended opening match of World Cup [PE-Latam 2026-08-24: Agregada a nuestra base como Trip_ID 245],NA,"La fecha coincide exactamente con el partido inaugural del Mundial 2014, descrito en la nota de COLT; es consistente con la práctica de jefes de Estado sudamericanos de asistir a la apertura del torneo en el país anfitrión vecino.",Hecho histórico de conocimiento público: el partido inaugural del Mundial de Brasil 2014 (Brasil vs. Croacia) se disputó el 12-jun-2014.,Medium,[PE-Latam 2026-08-24: fila insertada automaticamente desde COLT TripID 2931-PRY-BRA-41802 via colt_aplicar_verificacion.py. Revisar Visit_Category/Counterpart_Event a mano.],NA,Solo-Query,FALSE,FALSE,NA,FALSE,FALSE,TRUE,FALSE,FALSE,NA
COLT-2931-PRY-BRA-42968,246,Horacio Cartes,Paraguay,Completed,2017-08-21,2017-08-21,1,Brazil,South America,,Bilateral,State Visit,NA,President Michel Temer,Jefe de Estado/Gobierno,Fuente oficial del gobierno brasileño confirma exactamente la fecha (21-ago-2017) y el carácter de visita de Estado con recepción de Temer en el Palacio de Planalto.,"gov.br/mre (oficial, Ministerio de Relaciones Exteriores de Brasil): 'Visita de Estado a Brasil del Presidente de la República del Paraguay, Horacio Cartes - Brasília, 21 de agosto de 2017'.",Medium,[PE-Latam 2026-08-24: fila insertada automaticamente desde COLT TripID 2931-PRY-BRA-42968 via colt_aplicar_verificacion.py. Revisar Visit_Category/Counterpart_Event a mano.],NA,Solo-Query,TRUE,FALSE,NA,FALSE,FALSE,FALSE,TRUE,FALSE,NA
COLT-2931-PRY-CHL-42643,247,Horacio Cartes,Paraguay,Completed,2016-09-30,2016-09-30,1,Chile,South America,,Bilateral,Working Visit,NA,President Michelle Bachelet,Jefe de Estado/Gobierno,Fuente paraguaya confirma explícitamente la fecha exacta (30-sep-2016) del viaje bilateral.,"lanacion.com.py: 'Cartes llegó a Chile', 30-sep-2016, confirma viaje bilateral a Chile para reunión con Bachelet en el Palacio de La Moneda.",Medium,[PE-Latam 2026-08-24: fila insertada automaticamente desde COLT TripID 2931-PRY-CHL-42643 via colt_aplicar_verificacion.py. Revisar Visit_Category/Counterpart_Event a mano.],NA,Solo-Query,TRUE,FALSE,NA,FALSE,FALSE,FALSE,FALSE,FALSE,NA
COLT-2931-PRY-COL-41857,248,Horacio Cartes,Paraguay,Completed,2014-08-06,2014-08-07,2,Colombia,South America,,Other,Working Visit,NA,Attended Presidential Inauguration [PE-Latam 2026-08-24: Agregada a nuestra base como Trip_ID 248],NA,"La ceremonia de investidura está confirmada para el 07-ago, dentro del rango de 2 días (06-07 ago) que registra COLT; consistente con la práctica estándar de asistencia de mandatarios sudamericanos.","El País (Colombia), El Heraldo, Wikipedia: la segunda investidura de Juan Manuel Santos se realizó el 07-ago-2014, con asistencia de más de una docena de jefes de Estado.",Medium,[PE-Latam 2026-08-24: fila insertada automaticamente desde COLT TripID 2931-PRY-COL-41857 via colt_aplicar_verificacion.py. Revisar Visit_Category/Counterpart_Event a mano.],NA,Solo-Query,FALSE,FALSE,NA,FALSE,FALSE,TRUE,FALSE,FALSE,NA
COLT-2931-PRY-ECU-41964,249,Horacio Cartes,Paraguay,Completed,2014-11-21,2014-11-21,1,Ecuador,South America,,Bilateral,Working Visit,NA,President Rafael Correa,Jefe de Estado/Gobierno,"Fuente ecuatoriana de primera mano confirma fecha exacta (21-nov-2014) y duración (1 día), coincidiendo con el registro de COLT.","El Comercio (Ecuador): 'Ecuador y Paraguay analizan su agenda bilateral', confirma que Correa recibió a Cartes en Carondelet el 21-nov-2014, viaje de un día de duración (llegada ~10:00, salida ~15:00), primera visita de Cartes a Ecuador.",Medium,[PE-Latam 2026-08-24: fila insertada automaticamente desde COLT TripID 2931-PRY-ECU-41964 via colt_aplicar_verificacion.py. Revisar Visit_Category/Counterpart_Event a mano.],NA,Solo-Query,TRUE,FALSE,NA,FALSE,FALSE,FALSE,FALSE,FALSE,NA
COLT-2931-PRY-ECU-41978,250,Horacio Cartes,Paraguay,Completed,2014-12-05,2014-12-05,1,Ecuador,South America,,Multilateral,Regional Summit,NA,Union of South American Nations (UNASUR) Summit,NA,"La fecha (05-dic-2014) es consistente con la inauguración de la sede de UNASUR; asistencia de mandatarios miembros es práctica estándar en este tipo de eventos, respaldada además por la fuente Getty citada por COLT.",Hecho histórico de conocimiento público: la sede de UNASUR en Quito ('Ciudad Mitad del Mundo') fue inaugurada en diciembre de 2014.,Medium,[PE-Latam 2026-08-24: fila insertada automaticamente desde COLT TripID 2931-PRY-ECU-41978 via colt_aplicar_verificacion.py. Revisar Visit_Category/Counterpart_Event a mano.],Cooperación Política General,Solo-Query,FALSE,FALSE,NA,FALSE,FALSE,FALSE,FALSE,FALSE,NA
COLT-2931-PRY-ECU-42879,251,Horacio Cartes,Paraguay,Completed,2017-05-24,2017-05-24,1,Ecuador,South America,,Other,Working Visit,NA,Attended Presidential Inauguration [PE-Latam 2026-08-24: Agregada a nuestra base como Trip_ID 251],NA,La fecha coincide exactamente con la investidura de Lenín Moreno; asistencia de mandatarios vecinos es práctica diplomática estándar.,Hecho histórico de conocimiento público: Lenín Moreno asumió la presidencia de Ecuador el 24-may-2017.,Medium,[PE-Latam 2026-08-24: fila insertada automaticamente desde COLT TripID 2931-PRY-ECU-42879 via colt_aplicar_verificacion.py. Revisar Visit_Category/Counterpart_Event a mano.],NA,Solo-Query,FALSE,FALSE,NA,FALSE,FALSE,TRUE,FALSE,FALSE,NA
COLT-2931-PRY-JPN-41813,252,Horacio Cartes,Paraguay,Completed,2014-06-23,2014-06-26,4,Japan,Asia-Pacific,,Bilateral,Working Visit,NA,Prime Minister Abe Shinzo,Jefe de Estado/Gobierno,"Fecha y duración coinciden exactamente con el registro de COLT (23-jun, 4 días) y con la reunión con el Emperador Akihito mencionada en la nota de COLT.","Búsqueda web confirma: 'Horacio Cartes realizó una visita de trabajo a Japón del 23 al 26 de junio de 2014', recibido por el Emperador Akihito en el Palacio Imperial de Tokio.",Medium,[PE-Latam 2026-08-24: fila insertada automaticamente desde COLT TripID 2931-PRY-JPN-41813 via colt_aplicar_verificacion.py. Revisar Visit_Category/Counterpart_Event a mano.],NA,Solo-Query,TRUE,FALSE,NA,FALSE,FALSE,FALSE,FALSE,FALSE,NA
COLT-2931-PRY-PAN-42547,253,Horacio Cartes,Paraguay,Completed,2016-06-26,2016-06-26,1,Panama,Central America,,Other,Working Visit,NA,Attended Inauguration of canal expansion [PE-Latam 2026-08-24: Agregada a nuestra base como Trip_ID 253],NA,"La fecha coincide exactamente con la inauguración de la ampliación del Canal de Panamá, evento descrito específicamente en la nota de COLT.","Portafolio, ACP (Autoridad del Canal de Panamá): la ampliación del Canal de Panamá entró en operación comercial el 26-jun-2016, con ceremonia protocolar a la que fueron invitados jefes de Estado de la región.",Medium,[PE-Latam 2026-08-24: fila insertada automaticamente desde COLT TripID 2931-PRY-PAN-42547 via colt_aplicar_verificacion.py. Revisar Visit_Category/Counterpart_Event a mano.],NA,Solo-Query,FALSE,FALSE,NA,FALSE,FALSE,TRUE,FALSE,FALSE,NA
COLT-2931-PRY-RUS-43265,254,Horacio Cartes,Paraguay,Completed,2018-06-14,2018-06-16,3,Russia,Europe,,Other,Working Visit,NA,attended World Cup opening ceremony;unsure of exact dates [PE-Latam 2026-08-24: Agregada a nuestra base como Trip_ID 254],NA,"Fuente periodística confirma explícitamente la asistencia del jefe de Estado de Paraguay a la ceremonia de apertura, coincidiendo con la fecha registrada por COLT (14-jun-2018).","Infobae, La República (Perú): cobertura de la ceremonia de apertura del Mundial de Rusia 2018 (14-jun-2018, Estadio Luzhniki, Moscú) menciona explícitamente que 'Jefes de Estado de Bolivia, Paraguay y Panamá asistieron a la ceremonia'.",Medium,[PE-Latam 2026-08-24: fila insertada automaticamente desde COLT TripID 2931-PRY-RUS-43265 via colt_aplicar_verificacion.py. Revisar Visit_Category/Counterpart_Event a mano.],NA,Solo-Query,FALSE,FALSE,NA,FALSE,FALSE,TRUE,FALSE,FALSE,NA
COLT-2931-PRY-TWN-41919,255,Horacio Cartes,Paraguay,Completed,2014-10-07,2014-10-10,4,Taiwan,Asia-Pacific,,Bilateral,Working Visit,NA,President Ma Ying-jeou,Jefe de Estado/Gobierno,"La fecha y duración de este ítem calzan de forma muy consistente con el patrón ya documentado de visitas presidenciales paraguayas a Taiwán en torno al Día Nacional (Doble Diez), reforzando la plausibilidad de la nota de COLT ('national day celebrati","Patrón verificado en nuestra propia base: viajes de otros presidentes paraguayos a Taiwán coincidiendo con el Día Nacional de Taiwán (Doble Diez, 10-oct) — Duarte Frutos en 2007 (Trip_ID 30, 08-11 oct) y Abdo Benítez en 2018 (Trip_ID 100, 07-12 oct). El rango de COLT (07-10 oct 2014, terminando exactamente el 10-oct) encaja con este mismo patrón recurrente.",Medium,[PE-Latam 2026-08-24: fila insertada automaticamente desde COLT TripID 2931-PRY-TWN-41919 via colt_aplicar_verificacion.py. Revisar Visit_Category/Counterpart_Event a mano.],NA,Solo-Query,TRUE,FALSE,NA,FALSE,TRUE,TRUE,TRUE,FALSE,NA
COLT-2931-PRY-TWN-42508,256,Horacio Cartes,Paraguay,Completed,2016-05-18,2016-05-20,3,Taiwan,Asia-Pacific,,Other,Working Visit,NA,Attended Presidential inauguration [PE-Latam 2026-08-24: Agregada a nuestra base como Trip_ID 256],NA,"El rango de fechas de COLT (18-20 may, terminando el día de la investidura) coincide con la fecha real de la toma de posesión de Tsai Ing-wen, consistente con la nota de COLT ('Attended Presidential inauguration').",Hecho histórico de conocimiento público: Tsai Ing-wen asumió la presidencia de Taiwán el 20-may-2016.,Medium,[PE-Latam 2026-08-24: fila insertada automaticamente desde COLT TripID 2931-PRY-TWN-42508 via colt_aplicar_verificacion.py. Revisar Visit_Category/Counterpart_Event a mano.],NA,Solo-Query,FALSE,FALSE,NA,FALSE,FALSE,TRUE,TRUE,FALSE,NA
COLT-2931-PRY-URY-42064,257,Horacio Cartes,Paraguay,Completed,2015-03-01,2015-03-01,1,Uruguay,South America,,Other,Working Visit,NA,Attended Presidential Inauguration [PE-Latam 2026-08-24: Agregada a nuestra base como Trip_ID 257],NA,La fecha coincide exactamente con la investidura de Tabaré Vázquez y con el patrón ya verificado en nuestra base de asistencia de presidentes paraguayos a asunciones uruguayas cada 1 de marzo.,"Hecho histórico de conocimiento público: Tabaré Vázquez asumió la presidencia de Uruguay el 01-mar-2015 (fecha tradicional de asunción presidencial uruguaya, ya documentada en nuestra propia base para casos análogos, ej. Trip_ID 49, asunción de Mujica el 01-mar-2010).",Medium,[PE-Latam 2026-08-24: fila insertada automaticamente desde COLT TripID 2931-PRY-URY-42064 via colt_aplicar_verificacion.py. Revisar Visit_Category/Counterpart_Event a mano.],NA,Solo-Query,FALSE,FALSE,NA,FALSE,FALSE,TRUE,FALSE,FALSE,NA
COLT-2931-PRY-VEN-41669,258,Horacio Cartes,Paraguay,Completed,2014-01-30,2014-01-31,2,Venezuela,South America,,Multilateral,Regional Summit,NA,Common Market of the South (MERCOSUR) Summit,NA,"Fuente independiente confirma la fecha exacta (30-31 enero) del encuentro previsto entre Cartes y Maduro en Caracas, coincidiendo con el registro de COLT; se trata de un evento distinto de la Cumbre CELAC en Cuba (28-29 ene, ya registrada como Trip_I",venezuelanalysis.com: 'Paraguay and Venezuela Formally Re-establish Bilateral Relations' (14-ene-2014) cita al embajador venezolano Alfredo Murga anunciando que Cartes se reunirá con Maduro 'durante la próxima cumbre del Mercosur el 30 y 31 de enero en Caracas'.,Medium,[PE-Latam 2026-08-24: fila insertada automaticamente desde COLT TripID 2931-PRY-VEN-41669 via colt_aplicar_verificacion.py. Revisar Visit_Category/Counterpart_Event a mano.],Cooperación Política General,Solo-Query,TRUE,FALSE,NA,FALSE,FALSE,FALSE,FALSE,FALSE,NA
COLT-3481-PRY-ARG-43544,259,Mario Abdo Benitez,Paraguay,Completed,2019-03-20,2019-03-21,2,Argentina,South America,,Multilateral,Regional Summit,NA,Argentina-Chile-Paraguay-Uruguay Multilateral Meeting,NA,"Los 4 artículos oficiales de presidencia.gov.py citados como fuente por COLT documentan de forma coherente un viaje real a Buenos Aires en marzo de 2019, coincidente con la Conferencia de Alto Nivel de la ONU sobre Cooperación Sur-Sur (BAPA+40, 20-22","presidencia.gov.py (arts. 34279, 34282, 34284, 34286: partida a Argentina para conferencia de alto nivel de la ONU, ratificación de importancia de la cooperación, cooperación con Estonia en gobierno electrónico, retorno al país)",Medium,[PE-Latam 2026-08-24: fila insertada automaticamente desde COLT TripID 3481-PRY-ARG-43544 via colt_aplicar_verificacion.py. Revisar Visit_Category/Counterpart_Event a mano.],Cooperación Política General,Solo-Query,TRUE,TRUE,President Kersti Kaljulaid;President Sebastian Pinera;President Tabare Vazquez,TRUE,FALSE,FALSE,FALSE,FALSE,NA
COLT-3481-PRY-BEL-45122,260,Mario Abdo Benitez,Paraguay,Completed,2023-07-15,2023-07-18,4,Belgium,Europe,,Multilateral,Regional Summit,NA,European Council-Community of Latin American and Carribean States (EU-CELAC) Summit,NA,"La Cumbre UE-CELAC se realizó en Bruselas el 17-18 de julio de 2023; el título de Última Hora ('su última cumbre', ya que Abdo dejaba el cargo en agosto 2023) y el artículo oficial de la Cancillería paraguaya confirman la asistencia.","ultimahora.com ('Mario Abdo viajó para su última cumbre'); mre.gov.py (CELAC-UE, acuerdo Mercosur-UE)",Medium,[PE-Latam 2026-08-24: fila insertada automaticamente desde COLT TripID 3481-PRY-BEL-45122 via colt_aplicar_verificacion.py. Revisar Visit_Category/Counterpart_Event a mano.],Cooperación Política General,Solo-Query,FALSE,TRUE,President Viktor Orban,TRUE,FALSE,FALSE,FALSE,FALSE,NA
COLT-3481-PRY-BRA-43595,261,Mario Abdo Benitez,Paraguay,Completed,2019-05-10,2019-05-10,1,Brazil,South America,,Bilateral,Working Visit,NA,President Jair Bolsonaro,Jefe de Estado/Gobierno,"Dos artículos oficiales de la Presidencia paraguaya confirman la ceremonia de colocación de la piedra fundamental del segundo puente Paraguay-Brasil el 10-may-2019, evento de un solo día consistente con la Duration_Days=1 de COLT.","presidencia.gov.py (arts. 34743, 34759: colocación de piedra fundamental para el segundo puente con Brasil; paso histórico para la integración)",Medium,[PE-Latam 2026-08-24: fila insertada automaticamente desde COLT TripID 3481-PRY-BRA-43595 via colt_aplicar_verificacion.py. Revisar Visit_Category/Counterpart_Event a mano.],NA,Solo-Query,TRUE,FALSE,NA,TRUE,FALSE,FALSE,TRUE,FALSE,NA
COLT-3481-PRY-BRA-43804,262,Mario Abdo Benitez,Paraguay,Completed,2019-12-05,2019-12-05,1,Brazil,South America,,Multilateral,Regional Summit,NA,Common Market of the South (MERCOSUR) Summit,NA,"Tres artículos oficiales describen un viaje a Brasil el 5-dic-2019 para la cumbre semestral del Mercosur, consistente con que Brasil ejerció la presidencia pro tempore del bloque en el segundo semestre de 2019. No se encontró un registro equivalente ","presidencia.gov.py (arts. 36861, 36872, 36887: viaje a Brasil para cumbre del Mercosur, integración regional, mejora del clima de negocios)",Medium,[PE-Latam 2026-08-24: fila insertada automaticamente desde COLT TripID 3481-PRY-BRA-43804 via colt_aplicar_verificacion.py. Revisar Visit_Category/Counterpart_Event a mano.],Cooperación Política General,Solo-Query,TRUE,FALSE,NA,TRUE,TRUE,FALSE,FALSE,FALSE,NA
COLT-3481-PRY-BRA-44634,263,Mario Abdo Benitez,Paraguay,Completed,2022-03-14,2022-03-16,3,Brazil,South America,,Other,Working Visit,NA,"Travels to Brazil for ""Family Reasons"" [PE-Latam 2026-08-24: Agregada a nuestra base como Trip_ID 263]",NA,"Fuente periodística directa confirma explícitamente el viaje a Brasil por 'razones familiares' el 14-mar-2022, con el título mismo describiendo el motivo consignado por COLT.","infobae.com/en ('The Paraguayan president travels to Brazil this Monday for family reasons', 14-mar-2022)",Medium,[PE-Latam 2026-08-24: fila insertada automaticamente desde COLT TripID 3481-PRY-BRA-44634 via colt_aplicar_verificacion.py. Revisar Visit_Category/Counterpart_Event a mano.],NA,Solo-Query,FALSE,FALSE,NA,FALSE,FALSE,FALSE,FALSE,FALSE,NA
COLT-3481-PRY-BRA-45001,264,Mario Abdo Benitez,Paraguay,Completed,2023-03-16,2023-03-16,1,Brazil,South America,,Bilateral,Inauguration/Funeral,NA,President Luiz Inacio Lula da Silva,Jefe de Estado/Gobierno,"Evento institucional específico y verificable (ceremonia de asunción de Enio Verri como nuevo Director General brasileño de Itaipú Binacional, 16-mar-2023), documentado por fotografía de agencia y cuenta oficial de la Presidencia.",Getty Images (fotos oficiales del evento); Twitter @PresidenciaPy (status/1636437209153716246),Medium,[PE-Latam 2026-08-24: fila insertada automaticamente desde COLT TripID 3481-PRY-BRA-45001 via colt_aplicar_verificacion.py. Revisar Visit_Category/Counterpart_Event a mano.],NA,Solo-Query,TRUE,FALSE,NA,FALSE,FALSE,TRUE,FALSE,FALSE,NA
COLT-3481-PRY-COL-44675,265,Mario Abdo Benitez,Paraguay,Completed,2022-04-24,2022-04-24,1,Colombia,South America,,Bilateral,Working Visit,NA,President Ivan Duque,Jefe de Estado/Gobierno,"Cuentas oficiales de la Presidencia documentan en tiempo real la visita a Colombia del 24-abr-2022, incluyendo la firma de acuerdos bilaterales y la condecoración con la Cruz de Boyacá, hechos específicos y verificables.","Twitter @MaritoAbdo y @PresidenciaPy (posts oficiales, abr-2022); Facebook Live (transmisión del acto)",Medium,[PE-Latam 2026-08-24: fila insertada automaticamente desde COLT TripID 3481-PRY-COL-44675 via colt_aplicar_verificacion.py. Revisar Visit_Category/Counterpart_Event a mano.],NA,Solo-Query,TRUE,FALSE,NA,TRUE,TRUE,TRUE,FALSE,FALSE,NA
COLT-3481-PRY-CRI-43502,266,Mario Abdo Benitez,Paraguay,Completed,2019-02-06,2019-02-08,3,Costa Rica,Central America,,Bilateral,Working Visit,NA,President Carlos Alvarado,Jefe de Estado/Gobierno,"Tres artículos oficiales confirman el viaje a Costa Rica en feb-2019 para presentar alegatos de defensa ante la Corte Interamericana de Derechos Humanos, coincidiendo con nuestra propia base que ya registra este viaje bajo Trip 15 del módulo de Nican","presidencia.gov.py (arts. 33885, 33911, 33907: viaje a Costa Rica, diálogo comercial, alegatos ante la Corte IDH)",Medium,[PE-Latam 2026-08-24: fila insertada automaticamente desde COLT TripID 3481-PRY-CRI-43502 via colt_aplicar_verificacion.py. Revisar Visit_Category/Counterpart_Event a mano.],NA,Solo-Query,TRUE,FALSE,NA,FALSE,FALSE,FALSE,FALSE,FALSE,NA
COLT-3481-PRY-DOM-45009,267,Mario Abdo Benitez,Paraguay,Completed,2023-03-24,2023-03-26,3,Dominican Republic,Caribbean,,Multilateral,Regional Summit,NA,Ibero-American Summit,NA,La XXVIII Cumbre Iberoamericana se realizó en República Dominicana en marzo de 2023; la cuenta oficial de la Cancillería paraguaya confirma la participación de Paraguay.,Getty Images (ceremonia inaugural XXVIII Cumbre Iberoamericana); Twitter @mreparaguay (status/1639436879358566403),Medium,[PE-Latam 2026-08-24: fila insertada automaticamente desde COLT TripID 3481-PRY-DOM-45009 via colt_aplicar_verificacion.py. Revisar Visit_Category/Counterpart_Event a mano.],Cooperación Política General,Solo-Query,FALSE,FALSE,NA,TRUE,FALSE,TRUE,FALSE,FALSE,NA
COLT-3481-PRY-VAT-44799,268,Mario Abdo Benitez,Paraguay,Completed,2022-08-26,2022-08-28,3,Vatican City,Europe,,Bilateral,Inauguration/Funeral,NA,Pope Francis,Jefe de Estado/Gobierno,"Agencia de noticias EFE confirma explícitamente la visita al Vaticano en agosto de 2022, incluida la invitación al Papa Francisco a visitar Paraguay, coincidiendo con la investidura del cardenal Adalberto Martínez.","efe.com ('President of Paraguay visits Vatican, invites Pope to visit country again'); Twitter @MaritoAbdo",Medium,[PE-Latam 2026-08-24: fila insertada automaticamente desde COLT TripID 3481-PRY-VAT-44799 via colt_aplicar_verificacion.py. Revisar Visit_Category/Counterpart_Event a mano.],NA,Solo-Query,TRUE,FALSE,NA,FALSE,FALSE,TRUE,FALSE,FALSE,NA
COLT-3481-PRY-MEX-43434,269,Mario Abdo Benitez,Paraguay,Completed,2018-11-30,2018-12-01,2,Mexico,North America,,Other,Working Visit,NA,inauguration of President Andres Manuel Lopez Obrador [PE-Latam 2026-08-24: Agregada a nuestra base como Trip_ID 269],NA,"La asunción presidencial de Andrés Manuel López Obrador fue el 1-dic-2018, ampliamente cubierta y con asistencia masiva de mandatarios latinoamericanos, incluido Paraguay según la fuente citada; fechas de COLT (30-nov a 1-dic) son coherentes con el e","telesurenglish.net ('Maduro, Morales Among Foreign Leaders Invited to AMLO Inauguration')",Medium,[PE-Latam 2026-08-24: fila insertada automaticamente desde COLT TripID 3481-PRY-MEX-43434 via colt_aplicar_verificacion.py. Revisar Visit_Category/Counterpart_Event a mano.],NA,Solo-Query,FALSE,FALSE,NA,FALSE,FALSE,TRUE,FALSE,FALSE,NA
COLT-3481-PRY-QAT-45068,270,Mario Abdo Benitez,Paraguay,Completed,2023-05-22,2023-05-24,3,Qatar,Middle East,,Multilateral,Regional Summit,NA,Qatar Economic Forum,NA,"Fuente oficial paraguaya y agencia de noticias oficial de Qatar confirman conjuntamente la participación de Abdo en el Foro Económico de Qatar de mayo de 2023, incluyendo un encuentro con el Emir.","edicion.presidencia.gov.py (2 artículos oficiales sobre el viaje y la apertura del foro); qna.org.qa (Qatar News Agency, oficial)",Medium,[PE-Latam 2026-08-24: fila insertada automaticamente desde COLT TripID 3481-PRY-QAT-45068 via colt_aplicar_verificacion.py. Revisar Visit_Category/Counterpart_Event a mano.],Comercio/Integración Económica,Solo-Query,TRUE,FALSE,NA,FALSE,FALSE,FALSE,FALSE,FALSE,NA
COLT-3481-PRY-ARE-44621,271,Mario Abdo Benitez,Paraguay,Completed,2022-03-01,2022-03-05,5,United Arab Emirates,Middle East,,Other,Working Visit,NA,Meets with His Highness Sheikh Mohamed Bin Zayed Al Nahyan;Attends EXPO 2020 Dubai;Meets with the International Renewable Energy Agency;Meets with Prime Minister Mohammed bin Rashid Al Maktoum [PE-Lat,NA,"Múltiples medios independientes de Emiratos Árabes Unidos confirman la visita de marzo de 2022 (reunión con Sheikh Mohamed bin Zayed, Expo 2020 Dubái), un viaje distinto y anterior al de febrero de 2023 (Trip 139 en nuestra base / ARE-44970 en este w","thenationalnews.com, gulftoday.ae, gulfnews.com (medios independientes de EAU); Twitter @PresidenciaPy",Medium,[PE-Latam 2026-08-24: fila insertada automaticamente desde COLT TripID 3481-PRY-ARE-44621 via colt_aplicar_verificacion.py. Revisar Visit_Category/Counterpart_Event a mano.],NA,Solo-Query,FALSE,FALSE,NA,FALSE,FALSE,TRUE,TRUE,FALSE,NA
COLT-3481-PRY-USA-44386,272,Mario Abdo Benitez,Paraguay,Completed,2021-07-09,2021-07-13,5,United States,North America,,Other,Working Visit,NA,"President Mario Abdo Benitez visited Miami, Florida with family members;The president's sister-in-law and her youngest three children were killed in the collapsed Champlain Towers South building [PE-L",NA,"El colapso del edificio Champlain Towers South en Surfside, Florida (24-jun-2021) es un evento internacional ampliamente documentado en el que fallecieron la cuñada del presidente Abdo y sus tres hijos menores; el viaje a Miami está confirmado tanto ","mercopress.com ('Paraguayan president off to Miami, his sister-in-law among the Champlain Tower dead'); presidencia.gov.py (art. 41457)",Medium,[PE-Latam 2026-08-24: fila insertada automaticamente desde COLT TripID 3481-PRY-USA-44386 via colt_aplicar_verificacion.py. Revisar Visit_Category/Counterpart_Event a mano.],NA,Solo-Query,FALSE,FALSE,NA,FALSE,FALSE,FALSE,FALSE,FALSE,NA
COLT-3481-PRY-USA-45014,273,Mario Abdo Benitez,Paraguay,Completed,2023-03-29,2023-03-31,3,United States,North America,,Other,Working Visit,NA,"Traveled to Tampa, Florida, to visit a U.S. Air Force special operations military base (SOCOM) to discuss cooperation in security and defense matters;Met with U.S. Army Gen. Bryan Fenton, SOCOM comman",NA,"El propio Comando Sur de Estados Unidos (SOUTHCOM), fuente oficial estadounidense, confirma en su sitio la visita del presidente electo/saliente de Paraguay a la base de operaciones especiales en Tampa en marzo de 2023.",southcom.mil (fuente oficial del Comando Sur de EE.UU.); Twitter @Southcom,Medium,[PE-Latam 2026-08-24: fila insertada automaticamente desde COLT TripID 3481-PRY-USA-45014 via colt_aplicar_verificacion.py. Revisar Visit_Category/Counterpart_Event a mano.],NA,Solo-Query,FALSE,FALSE,NA,FALSE,FALSE,FALSE,FALSE,FALSE,NA
COLT-3481-PRY-URY-44243,274,Mario Abdo Benitez,Paraguay,Completed,2021-02-16,2021-02-17,2,Uruguay,South America,,Bilateral,Working Visit,NA,President Luis Lacalle Pou,Jefe de Estado/Gobierno,La propia Presidencia de la República Oriental del Uruguay confirma oficialmente el encuentro bilateral de febrero de 2021 sobre acuerdos comerciales del Mercosur.,presidencia.gub.uy (fuente oficial del gobierno uruguayo: 'reunión Lacalle Pou - Abdo Benítez'); Twitter @MaritoAbdo,Medium,[PE-Latam 2026-08-24: fila insertada automaticamente desde COLT TripID 3481-PRY-URY-44243 via colt_aplicar_verificacion.py. Revisar Visit_Category/Counterpart_Event a mano.],NA,Solo-Query,TRUE,FALSE,NA,FALSE,FALSE,FALSE,FALSE,FALSE,NA
COLT-3481-PRY-URY-44924,275,Mario Abdo Benitez,Paraguay,Completed,2022-12-29,2022-12-31,3,Uruguay,South America,,Other,Working Visit,NA,Personal holiday [PE-Latam 2026-08-24: Agregada a nuestra base como Trip_ID 275],NA,"Nuestra propia base ya reconoce indirectamente, en las notas del Trip 135 (asunción de Lula, 1-ene-2023), que Abdo se encontraba en una estadía privada en Uruguay a fin de año 2022, lo que corrobora de forma independiente el 'personal holiday' del 29","Nota metodológica del Trip 135 de nuestra propia base ('Viajó desde Uruguay -estadía privada de fin de año, no oficial- el 1-ene [2023]')",Medium,[PE-Latam 2026-08-24: fila insertada automaticamente desde COLT TripID 3481-PRY-URY-44924 via colt_aplicar_verificacion.py. Revisar Visit_Category/Counterpart_Event a mano.],NA,Solo-Query,FALSE,FALSE,NA,FALSE,FALSE,FALSE,FALSE,FALSE,NA
COLT-4034-PRY-BOL-45969,276,Santiago Pena,Paraguay,Completed,2025-11-08,2025-11-08,1,Bolivia,South America,La Paz,Bilateral,Inauguration/Funeral,NA,President Rodrigo Paz Pereira,Jefe de Estado/Gobierno,"Notas de COLT muy específicas (reunión con Deputy Secretary of State Christopher Landau, empresarios Julio Novillo y Samuel Doria Medina) consistentes con una visita real de un jefe de Estado a una investidura presidencial en un país vecino, patrón h",SourceLinks de COLT incluyen publicaciones de Facebook de presidenciaparaguay.gov.py y SantiPenaPY; Rodrigo Paz Pereira asumió efectivamente la presidencia de Bolivia en noviembre de 2025 (evento real y ampliamente cubierto).,Medium,[PE-Latam 2026-08-24: fila insertada automaticamente desde COLT TripID 4034-PRY-BOL-45969 via colt_aplicar_verificacion.py. Revisar Visit_Category/Counterpart_Event a mano.],NA,Solo-Query,TRUE,FALSE,NA,FALSE,FALSE,TRUE,TRUE,FALSE,NA
COLT-4034-PRY-BRA-45932,277,Santiago Pena,Paraguay,Completed,2025-10-02,2025-10-03,2,Brazil,South America,Campo Grande;Dourados;Porto Murtinho;Ribas do Rio Pardo,Other,Working Visit,NA,Visited the Federation of Industries of Mato Grosso do Sul (Fiems) headquarters where he met with business leaders and delivered a speech;Signed a cooperation protocol with Fiems to implement joint pr,NA,"Fuentes oficiales de Presidencia de Paraguay confirman visita a Mato Grosso do Sul (Brasil) con detalles verificables (anuncio de inversión de JBS, título de Ciudadano de Mato Grosso do Sul, visita al Puente Bioceánico). Evento posterior al último re",https://www.presidencia.gov.py/presidente-pena-impulsa-integracion-con-empresarios-de-mato-grosso-do-sul-y-acuerda-cooperacion-en-capacitacion-laboral/ ; https://www.presidencia.gov.py/jbs-anuncia-inversion-de-us-135-millones-en-paraguay-y-consolida-alianza-estrategica-con-el-pais/,Medium,[PE-Latam 2026-08-24: fila insertada automaticamente desde COLT TripID 4034-PRY-BRA-45932 via colt_aplicar_verificacion.py. Revisar Visit_Category/Counterpart_Event a mano.],NA,Verificada-URL,FALSE,FALSE,NA,TRUE,TRUE,TRUE,TRUE,FALSE,NA
COLT-4034-PRY-BRA-46011,278,Santiago Pena,Paraguay,Completed,2025-12-20,2025-12-20,1,Brazil,South America,Foz do Iguacu,Multilateral,Regional Summit,NA,Common Market of the South (MERCOSUR) Summit,NA,"Fuente oficial de Presidencia de Paraguay confirma participación en la Cumbre del MERCOSUR en Foz do Iguaçu, diciembre 2025 (patrón recurrente de cumbres semestrales del bloque ya documentado extensamente en nuestra base para años anteriores).",https://www.presidencia.gov.py/noticia/presidente-santiago-pena-plantea-una-agenda-de-integracion-mas-ambiciosa-durante-la-cumbre-del-mercosur/,Medium,[PE-Latam 2026-08-24: fila insertada automaticamente desde COLT TripID 4034-PRY-BRA-46011 via colt_aplicar_verificacion.py. Revisar Visit_Category/Counterpart_Event a mano.],Cooperación Política General,Verificada-URL,FALSE,FALSE,NA,TRUE,FALSE,FALSE,FALSE,FALSE,NA
COLT-4034-PRY-EGY-45943,279,Santiago Pena,Paraguay,Completed,2025-10-13,2025-10-13,1,Egypt,Africa,Sharm El-Sheikh,Multilateral,Regional Summit,NA,Sharm El Sheikh Summit for Peace,NA,"La Cumbre de Paz de Sharm El-Sheikh (13-oct-2025) fue un evento real y ampliamente cubierto internacionalmente (firma del acuerdo de paz en Gaza, con presencia de numerosos jefes de Estado incl. Trump). Fuente oficial paraguaya confirma la asistencia",https://www.presidencia.gov.py/noticia/paraguay-presente-en-la-cumbre-por-la-paz-liderazgo-del-presidente-santiago-pena-en-un-momento-historico/,Medium,[PE-Latam 2026-08-24: fila insertada automaticamente desde COLT TripID 4034-PRY-EGY-45943 via colt_aplicar_verificacion.py. Revisar Visit_Category/Counterpart_Event a mano.],Cooperación Política General,Verificada-URL,FALSE,FALSE,NA,FALSE,TRUE,FALSE,FALSE,FALSE,NA
COLT-4034-PRY-HUN-46000,280,Santiago Pena,Paraguay,Completed,2025-12-09,2025-12-09,1,Hungary,Europe,Budapest,Bilateral,Working Visit,NA,Prime Minister Viktor Orban,Jefe de Estado/Gobierno,"Fuente oficial confirma agenda en Hungría (reunión con el presidente Tamás Sulyok y el presidente de la Asamblea Nacional László Kövér). Nota: este viaje y el registrado como NOR-46000 (Noruega, mismo TripID numérico=9-dic-2025) parecen ser dos tramo",https://www.presidencia.gov.py/noticia/presidente-pena-inicia-agenda-oficial-en-hungria-con-reunion-de-alto-nivel-con-el-presidente-tamas-sulyok/,Medium,[PE-Latam 2026-08-24: fila insertada automaticamente desde COLT TripID 4034-PRY-HUN-46000 via colt_aplicar_verificacion.py. Revisar Visit_Category/Counterpart_Event a mano.],NA,Verificada-URL,TRUE,FALSE,NA,FALSE,FALSE,FALSE,TRUE,FALSE,NA
COLT-4034-PRY-JPN-45796,281,Santiago Pena,Paraguay,Completed,2025-05-19,2025-05-22,4,Japan,Asia-Pacific,Osaka;Hiroshima;Tokyo,Multilateral,Regional Summit,NA,World Expo 2025,NA,"Infobae y RDN confirman explícitamente que la gira de mayo 2025 incluyó un tramo por 'Japón, Singapur y Emiratos Árabes Unidos', lo cual respalda que hubo una visita a Japón distinta de nuestro Trip178 (Osaka, 1-4 mayo, viaje separado y anterior). Lo",https://www.infobae.com/america/agencias/2025/05/21/pena-extiende-hasta-el-27-de-mayo-su-gira-por-japon-singapur-y-emiratos-arabes-unidos/ ; https://www.rdn.com.py/2025/05/21/pena-prolonga-su-estadia-en-el-exterior-y-vuelve-el-27-de-mayo/,Medium,[PE-Latam 2026-08-24: fila insertada automaticamente desde COLT TripID 4034-PRY-JPN-45796 via colt_aplicar_verificacion.py. Revisar Visit_Category/Counterpart_Event a mano.],Cooperación Política General,Verificada-URL,TRUE,FALSE,NA,TRUE,FALSE,TRUE,TRUE,FALSE,NA
COLT-4034-PRY-NOR-46000,282,Santiago Pena,Paraguay,Completed,2025-12-09,2025-12-11,3,Norway,Europe,Oslo,Bilateral,Working Visit,NA,Prime Minister Jonas Gahr Store,Jefe de Estado/Gobierno,"Fuente oficial confirma asistencia a la ceremonia del Premio Nobel de la Paz 2025 (otorgado a María Corina Machado, hecho real y ampliamente cubierto), reunión con el Rey Harald V y con Ana Corina Sosa (hija de Machado). Tramo real de una gira europe",https://www.presidencia.gov.py/noticia/presidente-pena-acompana-en-oslo-la-entrega-del-premio-nobel-de-la-paz-a-maria-corina-machado-un-homenaje-a-la-democracia-y-la-libertad/,Medium,[PE-Latam 2026-08-24: fila insertada automaticamente desde COLT TripID 4034-PRY-NOR-46000 via colt_aplicar_verificacion.py. Revisar Visit_Category/Counterpart_Event a mano.],NA,Verificada-URL,TRUE,TRUE,President Jose Raul Mulino,FALSE,FALSE,TRUE,TRUE,FALSE,NA
COLT-4034-PRY-PAN-45950,283,Santiago Pena,Paraguay,Completed,2025-10-20,2025-10-21,2,Panama,Central America,Panama City,Bilateral,Working Visit,NA,President Jose Raul Mulino,Jefe de Estado/Gobierno,"Fuentes oficiales confirman discurso ante la Asamblea Nacional de Panamá y reuniones con el Parlatino y la Cámara de Comercio, en el contexto de la eventual incorporación de Panamá al MERCOSUR (tema de política exterior activo). Consistente con el pa",https://www.presidencia.gov.py/noticia/presidente-santiago-pena-fortalece-integracion-regional-y-global-en-visita-oficial-a-panama/ ; https://www.presidencia.gov.py/noticia/en-la-asamblea-nacional-de-panama-el-presidente-pena-llama-a-construir-puentes-que-permitan-paz-integracion-y-desarrollo/,Medium,[PE-Latam 2026-08-24: fila insertada automaticamente desde COLT TripID 4034-PRY-PAN-45950 via colt_aplicar_verificacion.py. Revisar Visit_Category/Counterpart_Event a mano.],NA,Verificada-URL,TRUE,FALSE,NA,TRUE,FALSE,FALSE,TRUE,FALSE,NA
COLT-4034-PRY-USA-45674,284,Santiago Pena,Paraguay,Completed,2025-01-17,2025-01-22,6,United States,North America,Washington,Multilateral,Regional Summit,NA,Western Hemisphere Security Forum,NA,"Contenido específico y verificable (reunión con el Secretario de Estado Marco Rubio, participación en el Western Hemisphere Security Forum, reunión con el congresista Brian Mast) consistente con un viaje real a Washington D.C. en enero 2025. No está ","SourceLinks de COLT incluyen artículo de prensa (Lexis-Nexis, no accesible) y tweet propio; la investidura de Donald Trump como presidente de EE.UU. fue el 20-ene-2025, evento real y ampliamente cubierto con asistencia de numerosos jefes de Estado extranjeros.",Medium,[PE-Latam 2026-08-24: fila insertada automaticamente desde COLT TripID 4034-PRY-USA-45674 via colt_aplicar_verificacion.py. Revisar Visit_Category/Counterpart_Event a mano.],Seguridad,Solo-Query,TRUE,FALSE,NA,FALSE,FALSE,TRUE,FALSE,FALSE,NA
COLT-4034-PRY-USA-45782,285,Santiago Pena,Paraguay,Completed,2025-05-05,2025-05-05,1,United States,North America,Los Angeles,Other,Working Visit,NA,Participated in the Leaders in Finance panel during the 2025 Milken Institute Global Conference;Met Special Envoy Richard Grenell to discuss bilateral relations;Met global business leaders to strength,NA,"Contenido específico (panel 'Leaders in Finance' en el Milken Institute Global Conference 2025, reunión con el Enviado Especial Richard Grenell, celebración del 77° aniversario de independencia de Israel) consistente con un viaje real de 1 día a Los ","SourceLinks de COLT incluyen artículos de edicion.presidencia.gov.py sobre el Milken Institute Global Conference (evento real, celebrado anualmente en Los Ángeles en la primera semana de mayo).",Medium,[PE-Latam 2026-08-24: fila insertada automaticamente desde COLT TripID 4034-PRY-USA-45782 via colt_aplicar_verificacion.py. Revisar Visit_Category/Counterpart_Event a mano.],NA,Solo-Query,FALSE,FALSE,NA,TRUE,FALSE,FALSE,TRUE,FALSE,NA
COLT-4034-PRY-URY-45393,286,Santiago Pena,Paraguay,Completed,2024-04-11,2024-04-11,1,Uruguay,South America,,Bilateral,Working Visit,NA,President Luis Lacalle Pou,Jefe de Estado/Gobierno,"Mercopress confirma el viaje conjunto de Peña y Lacalle Pou a Uruguay en abril de 2024, con la firma del acta de sede para el Mundial 2030. Este viaje es distinto de nuestro Trip146 (Montevideo, 27-oct-2023, reunión trilateral con Lacalle Pou y Alber",https://en.mercopress.com/2024/04/12/presidents-pena-and-lacalle-pou-fly-together-to-uruguay,Medium,[PE-Latam 2026-08-24: fila insertada automaticamente desde COLT TripID 4034-PRY-URY-45393 via colt_aplicar_verificacion.py. Revisar Visit_Category/Counterpart_Event a mano.],NA,Verificada-URL,TRUE,FALSE,NA,FALSE,TRUE,FALSE,FALSE,FALSE,NA
COLT-4034-PRY-URY-45582,287,Santiago Pena,Paraguay,Completed,2024-10-17,2024-10-19,3,Uruguay,South America,,Other,Working Visit,NA,Attended the America Business Forum and spoke at the event;Met with the President and Chief Executive Officer of CHR Group [PE-Latam 2026-08-24: Agregada a nuestra base como Trip_ID 287],NA,"Contenido específico y verificable (participación como orador en el America Business Forum, reunión con el CEO de CHR Group) consistente con un viaje real a Montevideo en octubre de 2024.","Tweet de @SantiPenap citado en SourceLinks de COLT, fechado 2024-10-18T19:29 UTC (decodificado); America Business Forum es un evento anual real celebrado en Montevideo.",Medium,[PE-Latam 2026-08-24: fila insertada automaticamente desde COLT TripID 4034-PRY-URY-45582 via colt_aplicar_verificacion.py. Revisar Visit_Category/Counterpart_Event a mano.],NA,Solo-Query,FALSE,FALSE,NA,TRUE,FALSE,FALSE,TRUE,FALSE,NA
COLT-4034-PRY-URY-45716,288,Santiago Pena,Paraguay,Completed,2025-02-28,2025-03-02,3,Uruguay,South America,Montevideo,Bilateral,Inauguration/Funeral,NA,President Yamandu Orsi,Jefe de Estado/Gobierno,"Múltiples tweets del propio presidente confirman actividad continua en Montevideo entre el 28-feb y el 2-mar-2025, consistente con la asunción de Orsi y la reunión con el Secretario General de la OEA Luis Almagro.","Tweets de @SantiPenap citados en SourceLinks de COLT, fechados entre 2025-02-28T20:56 UTC y 2025-03-02T22:37 UTC (decodificados); Yamandú Orsi asumió la presidencia de Uruguay el 1-mar-2025 (evento real, ampliamente cubierto).",Medium,[PE-Latam 2026-08-24: fila insertada automaticamente desde COLT TripID 4034-PRY-URY-45716 via colt_aplicar_verificacion.py. Revisar Visit_Category/Counterpart_Event a mano.],NA,Solo-Query,TRUE,TRUE,President Xiomara Castro;President Bernardo Arevalo;President Gabriel Boric;President Jose Raul Mulino;President Luis Abinader,FALSE,FALSE,TRUE,FALSE,TRUE,Secretary-General of Organization of American States (OAS) Luis Almagro
COLT-4034-PRY-UZB-46002,289,Santiago Pena,Paraguay,Completed,2025-12-11,2025-12-13,3,Uzbekistan,Asia-Pacific,Tashkent,Bilateral,Working Visit,NA,President Shavkat Mirziyoyev,Jefe de Estado/Gobierno,"Fuente oficial del gobierno de Uzbekistán (president.uz) confirma la visita, con detalles verificables (firma de una Declaración Conjunta con el presidente Mirziyoyev, participación en la Asamblea General de la Federación Internacional del Automóvil,",https://president.uz/en/lists/view/8765 ; tweet de @SantiPenap fechado 2025-12-12 (decodificado),Medium,[PE-Latam 2026-08-24: fila insertada automaticamente desde COLT TripID 4034-PRY-UZB-46002 via colt_aplicar_verificacion.py. Revisar Visit_Category/Counterpart_Event a mano.],NA,Verificada-URL,TRUE,FALSE,NA,TRUE,TRUE,TRUE,FALSE,FALSE,NA
COLT-844-PRY-ARG-34987,290,Juan Carlos Wasmosy,Paraguay,Completed,1995-10-15,1995-10-15,1,Argentina,South America,,Multilateral,Regional Summit,NA,Ibero-American Summit,NA,"Coincide con la V Cumbre Iberoamericana en Bariloche (16-17 oct 1995), donde fuentes confirman la asistencia de Wasmosy; la fecha de inicio (15-oct) corresponde al día de viaje previo a la cumbre.","SEGIB / prensa: V Cumbre Iberoamericana, San Carlos de Bariloche, Argentina, 16-17 oct 1995 (Wasmosy confirmado como asistente); COLT SourceLink FBIS (infoweb.newsbank).",Medium,[PE-Latam 2026-08-24: fila insertada automaticamente desde COLT TripID 844-PRY-ARG-34987 via colt_aplicar_verificacion.py. Revisar Visit_Category/Counterpart_Event a mano.],Cooperación Política General,Solo-Query,FALSE,TRUE,President Fidel Castro,FALSE,FALSE,FALSE,FALSE,FALSE,NA
COLT-844-PRY-ARG-35030,291,Juan Carlos Wasmosy,Paraguay,Completed,1995-11-27,1995-11-28,2,Argentina,South America,,Bilateral,State Visit,NA,President Carlos Saul Menem,Jefe de Estado/Gobierno,"Tres registros de archivo FBIS independientes describen una visita de Estado con actividades específicas (discurso ante el Congreso, firma de cinco acuerdos); no hay señales de mala clasificación.",COLT SourceLink FBIS (3 despachos distintos sobre la visita: discurso en el Congreso argentino y firma de cinco acuerdos).,Medium,[PE-Latam 2026-08-24: fila insertada automaticamente desde COLT TripID 844-PRY-ARG-35030 via colt_aplicar_verificacion.py. Revisar Visit_Category/Counterpart_Event a mano.],NA,Solo-Query,TRUE,FALSE,NA,TRUE,TRUE,FALSE,FALSE,FALSE,NA
COLT-844-PRY-ARG-35999,292,Juan Carlos Wasmosy,Paraguay,Completed,1998-07-23,1998-07-25,3,Argentina,South America,,Multilateral,Regional Summit,NA,Common Market of the South (MERCOSUR) Summit,NA,"Cumbre del MERCOSUR de julio de 1998 en Argentina (última cumbre de Wasmosy como presidente, semanas antes de dejar el cargo); consistente con el calendario semestral habitual del bloque y la membresía plena de Paraguay.",COLT Notes + SourceLinks ProQuest; patrón regular de cumbres semestrales del MERCOSUR con Paraguay como socio fundador pleno.,Medium,[PE-Latam 2026-08-24: fila insertada automaticamente desde COLT TripID 844-PRY-ARG-35999 via colt_aplicar_verificacion.py. Revisar Visit_Category/Counterpart_Event a mano.],Cooperación Política General,Solo-Query,FALSE,FALSE,NA,FALSE,FALSE,FALSE,FALSE,FALSE,NA
COLT-844-PRY-BEL-34429,293,Juan Carlos Wasmosy,Paraguay,Completed,1994-04-05,1994-04-07,3,Belgium,Europe,,Other,Working Visit,NA,Meets with Radio Netherlands International [PE-Latam 2026-08-24: Agregada a nuestra base como Trip_ID 293],NA,"Forma parte de la misma gira europea de abril de 1994 confirmada por el titular 'Wasmosy Departs for European Tour', que incluyó Bélgica y Francia en fechas casi consecutivas (5-7 abr y 7-8 abr).",COLT SourceLink FBIS 'President Wasmosy Departs for European Tour' (mismo despacho citado en 844-PRY-FRA-34431).,Medium,[PE-Latam 2026-08-24: fila insertada automaticamente desde COLT TripID 844-PRY-BEL-34429 via colt_aplicar_verificacion.py. Revisar Visit_Category/Counterpart_Event a mano.],NA,Solo-Query,FALSE,FALSE,NA,FALSE,FALSE,FALSE,FALSE,TRUE,European Commission (EC) President Jacques Delors
COLT-844-PRY-BOL-34588,294,Juan Carlos Wasmosy,Paraguay,Completed,1994-09-11,1994-09-11,1,Bolivia,South America,,Multilateral,Regional Summit,NA,Bolivia-Paraguay-Peru Mulilateral Summit,NA,"El titular confirma explícitamente una reunión trilateral de los presidentes de Perú, Bolivia y Paraguay, coherente con la nota sobre integración física de un corredor de exportación.","COLT SourceLink FBIS titulado 'Presidents of Peru, Bolivia, Paraguay Discuss Projects'.",Medium,[PE-Latam 2026-08-24: fila insertada automaticamente desde COLT TripID 844-PRY-BOL-34588 via colt_aplicar_verificacion.py. Revisar Visit_Category/Counterpart_Event a mano.],Cooperación Política General,Solo-Query,FALSE,FALSE,NA,FALSE,FALSE,TRUE,FALSE,FALSE,NA
COLT-844-PRY-BOL-34965,295,Juan Carlos Wasmosy,Paraguay,Completed,1995-09-23,1995-09-25,3,Bolivia,South America,,Multilateral,Regional Summit,NA,Bolivia-Paraguay-Peru Trilateral Meeting,NA,"La fecha del viaje (23-25 sep 1995) coincide exactamente con el aniversario de fundación de Santa Cruz (24-sep), tal como indica la nota de COLT; tres despachos FBIS independientes respaldan el evento.",COLT SourceLinks FBIS (3 despachos); aniversario del departamento de Santa Cruz se celebra el 24 de septiembre (confirmado por fuentes bolivianas oficiales).,Medium,[PE-Latam 2026-08-24: fila insertada automaticamente desde COLT TripID 844-PRY-BOL-34965 via colt_aplicar_verificacion.py. Revisar Visit_Category/Counterpart_Event a mano.],Cooperación Política General,Solo-Query,TRUE,TRUE,President Fernando Henrique Cardoso,FALSE,TRUE,TRUE,FALSE,FALSE,NA
COLT-844-PRY-BRA-34408,296,Juan Carlos Wasmosy,Paraguay,Completed,1994-03-15,1994-03-15,1,Brazil,South America,,Other,Working Visit,NA,Oversaw the signing of agreements [PE-Latam 2026-08-24: Agregada a nuestra base como Trip_ID 296],NA,Múltiples titulares de archivo confirman explícitamente el viaje de Wasmosy a Brasil y la firma de siete acuerdos.,"COLT SourceLinks FBIS titulados 'Wasmosy To Be Out of Town During Peasant March', 'Brazil's Press Surprised by Wasmosy's Visit', 'Seven Agreements Signed'.",Medium,[PE-Latam 2026-08-24: fila insertada automaticamente desde COLT TripID 844-PRY-BRA-34408 via colt_aplicar_verificacion.py. Revisar Visit_Category/Counterpart_Event a mano.],NA,Solo-Query,FALSE,FALSE,NA,FALSE,TRUE,FALSE,FALSE,FALSE,NA
COLT-844-PRY-BRA-34575,297,Juan Carlos Wasmosy,Paraguay,Completed,1994-08-29,1994-09-01,4,Brazil,South America,,Bilateral,Working Visit,NA,President Itamar Franco,Jefe de Estado/Gobierno,"El nivel de detalle específico de la nota (varias actividades concretas y distintas) sugiere que el investigador de COLT tuvo acceso a cobertura sustantiva del viaje, no solo una mención tangencial.","COLT SourceLink FBIS; nota detallada con actividades específicas (acuerdo de represión de contrabando, reunión con CEAL, visita a fábricas y programa de reforestación, recepción de premio).",Medium,[PE-Latam 2026-08-24: fila insertada automaticamente desde COLT TripID 844-PRY-BRA-34575 via colt_aplicar_verificacion.py. Revisar Visit_Category/Counterpart_Event a mano.],NA,Solo-Query,TRUE,FALSE,NA,TRUE,TRUE,TRUE,TRUE,FALSE,NA
COLT-844-PRY-BRA-34586,298,Juan Carlos Wasmosy,Paraguay,Completed,1994-09-09,1994-09-10,2,Brazil,South America,,Multilateral,Regional Summit,NA,Rio Group Summit,NA,El titular confirma directamente la partida de Wasmosy hacia una cumbre en Río de Janeiro.,COLT SourceLink FBIS titulado 'President Wasmosy Departs for Rio Summit'.,Medium,[PE-Latam 2026-08-24: fila insertada automaticamente desde COLT TripID 844-PRY-BRA-34586 via colt_aplicar_verificacion.py. Revisar Visit_Category/Counterpart_Event a mano.],Cooperación Política General,Solo-Query,FALSE,FALSE,NA,FALSE,FALSE,FALSE,FALSE,FALSE,NA
COLT-844-PRY-BRA-34684,299,Juan Carlos Wasmosy,Paraguay,Completed,1994-12-16,1994-12-17,2,Brazil,South America,,Multilateral,Regional Summit,NA,Common Market of the South (MERCOSUR) Summit,NA,"La fecha (16-17 dic 1994) y la descripción ('ceremonia de firma del estatus legal del Mercosur') coinciden con el histórico Protocolo de Ouro Preto, firmado el 17-dic-1994 en Brasil.","COLT SourceLinks FBIS/Getty Images; coincide con la firma del Protocolo de Ouro Preto (17-dic-1994), que otorgó personalidad jurídica internacional al MERCOSUR.",Medium,[PE-Latam 2026-08-24: fila insertada automaticamente desde COLT TripID 844-PRY-BRA-34684 via colt_aplicar_verificacion.py. Revisar Visit_Category/Counterpart_Event a mano.],Cooperación Política General,Solo-Query,FALSE,FALSE,NA,FALSE,TRUE,FALSE,FALSE,FALSE,NA
COLT-844-PRY-BRA-34701,300,Juan Carlos Wasmosy,Paraguay,Completed,1995-01-02,1995-01-02,1,Brazil,South America,,Multilateral,Regional Summit,NA,Common Market of the South (MERCOSUR) Summit,NA,La toma de posesión de Cardoso el 1-ene-1995 es un hecho histórico extensamente documentado al que asistieron jefes de Estado de la región; existe fotografía de archivo (Getty) de la época.,"COLT SourceLinks ProQuest/Getty Images; asunción de Fernando Henrique Cardoso como presidente de Brasil el 1-ene-1995, ampliamente documentada.",Medium,[PE-Latam 2026-08-24: fila insertada automaticamente desde COLT TripID 844-PRY-BRA-34701 via colt_aplicar_verificacion.py. Revisar Visit_Category/Counterpart_Event a mano.],Cooperación Política General,Solo-Query,FALSE,FALSE,NA,FALSE,FALSE,TRUE,FALSE,FALSE,NA
COLT-844-PRY-BRA-34725,301,Juan Carlos Wasmosy,Paraguay,Completed,1995-01-26,1995-02-26,32,Brazil,South America,,Other,Working Visit,NA,layover en route to switzerland [PE-Latam 2026-08-24: Agregada a nuestra base como Trip_ID 301],NA,"ATENCIÓN: mismo TripID numérico (34725) que 844-PRY-CHE-34725, correspondiente a un tramo de escala en Brasil ('layover en route to Switzerland') dentro del mismo viaje a Suiza; posible duplicado interno de COLT (dos filas de país para un mismo TripI","COLT SourceLink FBIS (mismo despacho citado en 844-PRY-CHE-34725, 844-PRY-CHL-34743, 844-PRY-VAT-34745, 844-PRY-ROU-34771, 844-PRY-DNK-34769, 844-PRY-HUN-34773, 844-PRY-URY-34759).",Medium,[PE-Latam 2026-08-24: fila insertada automaticamente desde COLT TripID 844-PRY-BRA-34725 via colt_aplicar_verificacion.py. Revisar Visit_Category/Counterpart_Event a mano.],NA,Solo-Query,FALSE,FALSE,NA,FALSE,FALSE,FALSE,FALSE,FALSE,NA
COLT-844-PRY-BRA-34868,302,Juan Carlos Wasmosy,Paraguay,Completed,1995-06-18,1995-06-20,3,Brazil,South America,,Multilateral,Regional Summit,NA,Common Market of the South (MERCOSUR) Summit,NA,"Existe fotografía de archivo comercial (Getty Images) asociada a la fecha, lo cual sugiere un evento público documentado, aunque no se pudo acceder al pie de foto completo para confirmar detalles adicionales.",COLT SourceLink: fotografía de archivo con licencia de Getty Images fechada en el período del viaje (18-20 jun 1995).,Medium,[PE-Latam 2026-08-24: fila insertada automaticamente desde COLT TripID 844-PRY-BRA-34868 via colt_aplicar_verificacion.py. Revisar Visit_Category/Counterpart_Event a mano.],Cooperación Política General,Solo-Query,FALSE,FALSE,NA,FALSE,FALSE,FALSE,FALSE,FALSE,NA
COLT-844-PRY-BRA-34975,303,Juan Carlos Wasmosy,Paraguay,Completed,1995-10-03,1995-10-04,2,Brazil,South America,,Bilateral,Working Visit,NA,President Fernando Henrique Cardoso,Jefe de Estado/Gobierno,El titular confirma explícitamente una reunión entre Cardoso y Wasmosy para discutir un proyecto de gasoducto/oleoducto.,"COLT SourceLinks FBIS titulados 'Cardoso, Paraguay's Wasmosy Discuss Pipeline Project'.",Medium,[PE-Latam 2026-08-24: fila insertada automaticamente desde COLT TripID 844-PRY-BRA-34975 via colt_aplicar_verificacion.py. Revisar Visit_Category/Counterpart_Event a mano.],NA,Solo-Query,TRUE,FALSE,NA,FALSE,FALSE,TRUE,FALSE,FALSE,NA
COLT-844-PRY-CHL-34376,304,Juan Carlos Wasmosy,Paraguay,Completed,1994-02-11,1994-02-12,2,Chile,South America,,Other,Working Visit,NA,Attended inauguration of president;visit dates are tough to ascertain clearly [PE-Latam 2026-08-24: Agregada a nuestra base como Trip_ID 304],NA,"El evento (asunción presidencial en Chile) es real y Wasmosy plausiblemente asistió como es costumbre regional, pero la fecha registrada por COLT (11-feb-1994) parece errónea en un mes exacto respecto a la fecha protocolar chilena real (11-mar-1994);",COLT SourceLink FBIS; asunción presidencial de Eduardo Frei Ruiz-Tagle en Chile (fecha protocolar chilena: 11-mar-1994).,Medium,[PE-Latam 2026-08-24: fila insertada automaticamente desde COLT TripID 844-PRY-CHL-34376 via colt_aplicar_verificacion.py. Revisar Visit_Category/Counterpart_Event a mano.],NA,Solo-Query,FALSE,FALSE,NA,FALSE,FALSE,TRUE,FALSE,FALSE,NA
COLT-844-PRY-COL-34498,305,Juan Carlos Wasmosy,Paraguay,Completed,1994-06-13,1994-06-15,3,Colombia,South America,,Multilateral,Regional Summit,NA,Ibero-American Summit,NA,"Coincide con la IV Cumbre Iberoamericana en Cartagena de Indias, Colombia (junio 1994); los titulares confirman directamente la partida de Wasmosy y sus declaraciones en la cumbre.","COLT SourceLinks FBIS titulados 'Wasmosy Leaves for Ibero-American Summit', 'Paraguayan President's Remarks'.",Medium,[PE-Latam 2026-08-24: fila insertada automaticamente desde COLT TripID 844-PRY-COL-34498 via colt_aplicar_verificacion.py. Revisar Visit_Category/Counterpart_Event a mano.],Cooperación Política General,Solo-Query,FALSE,FALSE,NA,TRUE,FALSE,FALSE,FALSE,FALSE,NA
COLT-844-PRY-COL-34554,306,Juan Carlos Wasmosy,Paraguay,Completed,1994-08-08,1994-08-08,1,Colombia,South America,,Multilateral,Regional Summit,NA,Colombia-Cuba-Paraguay Trilateral Meeting,NA,El titular confirma una reunión con Wasmosy en Colombia; la fecha (8-ago-1994) es cercana a la asunción presidencial de Ernesto Samper (7-ago-1994).,COLT SourceLink FBIS titulado 'Meets Paraguay's Wasmosy'.,Medium,[PE-Latam 2026-08-24: fila insertada automaticamente desde COLT TripID 844-PRY-COL-34554 via colt_aplicar_verificacion.py. Revisar Visit_Category/Counterpart_Event a mano.],Cooperación Política General,Solo-Query,FALSE,FALSE,NA,FALSE,FALSE,FALSE,FALSE,FALSE,NA
COLT-844-PRY-COL-35641,307,Juan Carlos Wasmosy,Paraguay,Completed,1997-07-30,1997-07-30,1,Colombia,South America,,Other,Working Visit,NA,Several reports indicate the President fainted during this visit to Colombia [PE-Latam 2026-08-24: Agregada a nuestra base como Trip_ID 307],NA,"Pie de foto de Getty Images confirma explícitamente la visita oficial de dos días de Wasmosy a Bogotá y su encuentro con Samper el 30-jul-1997, incluyendo el episodio de desmayo mencionado por COLT.",Getty Images: 'Paraguayan President Juan Carlos Wasmosy and his Colombian counterpart Ernesto Samper reviewed the presidential guard on 30 July in Bogota. Wasmosy was on a two-day official visit to Colombia.',Medium,[PE-Latam 2026-08-24: fila insertada automaticamente desde COLT TripID 844-PRY-COL-35641 via colt_aplicar_verificacion.py. Revisar Visit_Category/Counterpart_Event a mano.],NA,Solo-Query,FALSE,FALSE,NA,FALSE,FALSE,FALSE,FALSE,FALSE,NA
COLT-844-PRY-CRI-35823,308,Juan Carlos Wasmosy,Paraguay,Completed,1998-01-28,1998-01-29,2,Costa Rica,Central America,,Bilateral,Working Visit,NA,President Jose Maria Figueres,Jefe de Estado/Gobierno,"La nota de COLT describe una actividad concreta y verificable (firma de acuerdo de inversión); sin señales de mala clasificación, y consistente con una gira centroamericana de enero de 1998 que continuó a El Salvador al día siguiente.",COLT SourceLink ProQuest (sin título recuperable); nota específica de COLT ('Signed investment agreement').,Medium,[PE-Latam 2026-08-24: fila insertada automaticamente desde COLT TripID 844-PRY-CRI-35823 via colt_aplicar_verificacion.py. Revisar Visit_Category/Counterpart_Event a mano.],NA,Solo-Query,TRUE,FALSE,NA,FALSE,TRUE,FALSE,FALSE,FALSE,NA
COLT-844-PRY-DNK-34769,309,Juan Carlos Wasmosy,Paraguay,Completed,1995-03-11,1995-03-12,2,Denmark,Europe,,Multilateral,Regional Summit,NA,World Summit on Social Development,NA,"Forma parte de una gira europea coherente y secuencial (Dinamarca 11-12 mar, Rumania 13-14 mar, Hungría 15-18 mar de 1995); las notas de COLT se referencian mutuamente entre Dinamarca y Rumania sobre un acuerdo firmado, lo que sugiere cobertura real ",COLT SourceLinks FBIS; notas cruzadas con 844-PRY-ROU-34771 ('unclear whether signed in Romania'/'unclear whether signed in Denmark') indican que COLT tenía evidencia sustantiva de ambos tramos.,Medium,[PE-Latam 2026-08-24: fila insertada automaticamente desde COLT TripID 844-PRY-DNK-34769 via colt_aplicar_verificacion.py. Revisar Visit_Category/Counterpart_Event a mano.],Cooperación Política General,Solo-Query,FALSE,FALSE,NA,FALSE,FALSE,FALSE,FALSE,FALSE,NA
COLT-844-PRY-FRA-34431,310,Juan Carlos Wasmosy,Paraguay,Completed,1994-04-07,1994-04-08,2,France,Europe,,Bilateral,Working Visit,NA,President Francois Mitterrand,Jefe de Estado/Gobierno,"El titular confirma directamente la partida de Wasmosy en una gira europea que incluyó Francia (y Bélgica, ver 844-PRY-BEL-34429) en abril de 1994.",COLT SourceLinks FBIS titulados 'President Wasmosy Departs for European Tour'.,Medium,[PE-Latam 2026-08-24: fila insertada automaticamente desde COLT TripID 844-PRY-FRA-34431 via colt_aplicar_verificacion.py. Revisar Visit_Category/Counterpart_Event a mano.],NA,Solo-Query,TRUE,FALSE,NA,FALSE,FALSE,FALSE,FALSE,FALSE,NA
COLT-844-PRY-HUN-34773,311,Juan Carlos Wasmosy,Paraguay,Completed,1995-03-15,1995-03-18,4,Hungary,Europe,,Other,Working Visit,NA,"Very few details available on this visit, end date slightly unclear [PE-Latam 2026-08-24: Agregada a nuestra base como Trip_ID 311]",NA,"Último tramo de la gira europea de marzo de 1995 (Dinamarca-Rumania-Hungría), con notas cruzadas y despachos FBIS específicos que respaldan el itinerario.",COLT SourceLinks FBIS; ver justificación de 844-PRY-DNK-34769 (mismo tramo de gira europea de marzo de 1995).,Medium,[PE-Latam 2026-08-24: fila insertada automaticamente desde COLT TripID 844-PRY-HUN-34773 via colt_aplicar_verificacion.py. Revisar Visit_Category/Counterpart_Event a mano.],NA,Solo-Query,FALSE,FALSE,NA,FALSE,FALSE,FALSE,FALSE,FALSE,NA
COLT-844-PRY-JPN-34664,312,Juan Carlos Wasmosy,Paraguay,Completed,1994-11-26,1994-11-30,5,Japan,Asia-Pacific,,Bilateral,State Visit,NA,Prime Minister Murayama Tomiichi,Jefe de Estado/Gobierno,"Múltiples titulares de archivo confirman explícitamente la visita de Estado a Japón, incluyendo el encuentro con el Emperador y declaraciones sobre la candidatura de Japón al Consejo de Seguridad de la ONU.","COLT SourceLinks FBIS titulados 'Paraguayan President Arrives for Visit', 'Paraguay President Supports Tokyo's UNSC Bid'.",Medium,[PE-Latam 2026-08-24: fila insertada automaticamente desde COLT TripID 844-PRY-JPN-34664 via colt_aplicar_verificacion.py. Revisar Visit_Category/Counterpart_Event a mano.],NA,Solo-Query,TRUE,FALSE,NA,FALSE,TRUE,FALSE,TRUE,FALSE,NA
COLT-844-PRY-MEX-34668,313,Juan Carlos Wasmosy,Paraguay,Completed,1994-11-30,1994-12-03,4,Mexico,North America,,Other,Working Visit,NA,Attended Inauguration of president [PE-Latam 2026-08-24: Agregada a nuestra base como Trip_ID 313],NA,La toma de posesión de Zedillo el 1-dic-1994 es un hecho histórico extensamente documentado; el viaje es continuación lógica de la gira a Japón (26-30 nov 1994) que terminó justo antes.,"COLT SourceLinks FBIS; asunción presidencial de Ernesto Zedillo en México el 1-dic-1994, ampliamente documentada.",Medium,[PE-Latam 2026-08-24: fila insertada automaticamente desde COLT TripID 844-PRY-MEX-34668 via colt_aplicar_verificacion.py. Revisar Visit_Category/Counterpart_Event a mano.],NA,Solo-Query,FALSE,FALSE,NA,FALSE,FALSE,TRUE,FALSE,FALSE,NA
COLT-844-PRY-MEX-35642,314,Juan Carlos Wasmosy,Paraguay,Completed,1997-07-31,1997-08-01,2,Mexico,North America,,Bilateral,Working Visit,NA,President Ernesto Zedillo,Jefe de Estado/Gobierno,"Continuación plausible e inmediata del viaje a Colombia (que Getty Images confirma terminó el 31-jul-1997), con la misma fuente documental citada por COLT para ambos tramos.","COLT SourceLink ProQuest (mismo docview que 844-PRY-COL-35641, Colombia).",Medium,[PE-Latam 2026-08-24: fila insertada automaticamente desde COLT TripID 844-PRY-MEX-35642 via colt_aplicar_verificacion.py. Revisar Visit_Category/Counterpart_Event a mano.],NA,Solo-Query,TRUE,FALSE,NA,FALSE,FALSE,FALSE,FALSE,FALSE,NA
COLT-844-PRY-PER-34365,315,Juan Carlos Wasmosy,Paraguay,Completed,1994-01-31,1994-02-01,2,Peru,South America,,Bilateral,Working Visit,NA,President Alberto Fujimori,Jefe de Estado/Gobierno,"Múltiples titulares confirman explícitamente la visita, notable como la primera de un presidente paraguayo a Perú según la fuente.","COLT SourceLinks FBIS titulados 'Paraguayan President Wasmosy Signs Joint Agreement', 'Fujimori Greets First Paraguayan President Visiting Country'.",Medium,[PE-Latam 2026-08-24: fila insertada automaticamente desde COLT TripID 844-PRY-PER-34365 via colt_aplicar_verificacion.py. Revisar Visit_Category/Counterpart_Event a mano.],NA,Solo-Query,TRUE,FALSE,NA,FALSE,TRUE,TRUE,FALSE,FALSE,NA
COLT-844-PRY-PER-34907,316,Juan Carlos Wasmosy,Paraguay,Completed,1995-07-27,1995-07-28,2,Peru,South America,,Other,Working Visit,NA,Attended the inauguration of Alberto Fujimori [PE-Latam 2026-08-24: Agregada a nuestra base como Trip_ID 316],NA,La segunda toma de posesión de Fujimori el 28-jul-1995 es un hecho histórico bien documentado; existe fotografía de archivo (Getty) de la época.,"COLT SourceLinks Lexis/Getty Images; segunda asunción presidencial de Alberto Fujimori el 28-jul-1995, ampliamente documentada.",Medium,[PE-Latam 2026-08-24: fila insertada automaticamente desde COLT TripID 844-PRY-PER-34907 via colt_aplicar_verificacion.py. Revisar Visit_Category/Counterpart_Event a mano.],NA,Solo-Query,FALSE,FALSE,NA,FALSE,FALSE,TRUE,FALSE,FALSE,NA
COLT-844-PRY-ROU-34771,317,Juan Carlos Wasmosy,Paraguay,Completed,1995-03-13,1995-03-14,2,Romania,Europe,,Other,Working Visit,NA,"Agreements mentioned, but unclear whether signed in Denmark [PE-Latam 2026-08-24: Agregada a nuestra base como Trip_ID 317]",NA,Tramo intermedio de la gira europea de marzo de 1995 (Dinamarca-Rumania-Hungría); notas cruzadas con Dinamarca sobre un acuerdo firmado respaldan la realidad de ambos tramos.,COLT SourceLinks FBIS; ver justificación de 844-PRY-DNK-34769 (mismo tramo de gira europea de marzo de 1995).,Medium,[PE-Latam 2026-08-24: fila insertada automaticamente desde COLT TripID 844-PRY-ROU-34771 via colt_aplicar_verificacion.py. Revisar Visit_Category/Counterpart_Event a mano.],NA,Solo-Query,FALSE,FALSE,NA,FALSE,FALSE,FALSE,FALSE,FALSE,NA
COLT-844-PRY-KOR-35254,318,Juan Carlos Wasmosy,Paraguay,Completed,1996-07-08,1996-07-11,4,South Korea,Asia-Pacific,,Bilateral,Working Visit,NA,President Kim Young-sam,Jefe de Estado/Gobierno,Múltiples titulares confirman explícitamente la visita a Corea del Sur y el otorgamiento de un préstamo al finalizar.,"COLT SourceLinks FBIS titulados 'Taiwan: Ambassador: Paraguay President's Visit To Strengthen Ties', 'Wasmosy Ends Visit to ROK; Loan Granted'.",Medium,[PE-Latam 2026-08-24: fila insertada automaticamente desde COLT TripID 844-PRY-KOR-35254 via colt_aplicar_verificacion.py. Revisar Visit_Category/Counterpart_Event a mano.],NA,Solo-Query,TRUE,FALSE,NA,FALSE,TRUE,FALSE,TRUE,FALSE,NA
COLT-844-PRY-ESP-34628,319,Juan Carlos Wasmosy,Paraguay,Completed,1994-10-21,1994-10-27,7,Spain,Europe,,Multilateral,Regional Summit,NA,Ibero-American Summit;Spain Towards the 21st Century Conference,NA,"Múltiples titulares de archivo confirman de forma inequívoca la visita de Estado a España, incluyendo el encuentro con el Rey Juan Carlos I.","COLT SourceLinks FBIS titulados 'President Wasmosy Departs on Visit to Spain', 'Paraguayan President Arrives; Meets King, Gonzalez', 'President, Foreign Minister Return From Spain'.",Medium,[PE-Latam 2026-08-24: fila insertada automaticamente desde COLT TripID 844-PRY-ESP-34628 via colt_aplicar_verificacion.py. Revisar Visit_Category/Counterpart_Event a mano.],Cooperación Política General,Solo-Query,TRUE,FALSE,NA,FALSE,FALSE,FALSE,TRUE,FALSE,NA
COLT-844-PRY-CHE-34725,320,Juan Carlos Wasmosy,Paraguay,Completed,1995-01-26,1995-01-31,6,Switzerland,Europe,,Multilateral,Global Forum,NA,World Economic Forum (WEF),NA,"ATENCIÓN: comparte TripID numérico (34725) con 844-PRY-BRA-34725 (escala en Brasil rumbo a Suiza); posible duplicado interno de COLT que en realidad representa dos tramos de un mismo viaje (escala en Brasil + destino principal Suiza, plausiblemente v",COLT SourceLinks FBIS/Lexis; fechas (26-31 ene 1995) coinciden con el Foro Económico Mundial de Davos de esos años.,Medium,[PE-Latam 2026-08-24: fila insertada automaticamente desde COLT TripID 844-PRY-CHE-34725 via colt_aplicar_verificacion.py. Revisar Visit_Category/Counterpart_Event a mano.],Comercio/Integración Económica,Solo-Query,FALSE,FALSE,NA,FALSE,TRUE,FALSE,FALSE,FALSE,NA
COLT-844-PRY-TWN-34933,321,Juan Carlos Wasmosy,Paraguay,Completed,1995-08-22,1995-08-27,6,Taiwan,Asia-Pacific,,Bilateral,Working Visit,NA,President Lee Teng-hui,Jefe de Estado/Gobierno,"Múltiples titulares confirman explícitamente la visita oficial a Taiwán, incluyendo la Conferencia de Cooperación Económica ROC-Paraguay.","COLT SourceLinks FBIS titulados 'Paraguayan, Panamanian Presidents To Visit', 'Wasmosy Departs for Taiwan on Official Visit'.",Medium,[PE-Latam 2026-08-24: fila insertada automaticamente desde COLT TripID 844-PRY-TWN-34933 via colt_aplicar_verificacion.py. Revisar Visit_Category/Counterpart_Event a mano.],NA,Solo-Query,TRUE,FALSE,NA,TRUE,FALSE,FALSE,TRUE,FALSE,NA
COLT-844-PRY-TWN-35257,322,Juan Carlos Wasmosy,Paraguay,Completed,1996-07-11,1996-07-13,3,Taiwan,Asia-Pacific,,Bilateral,Working Visit,NA,President Lee Teng-hui,Jefe de Estado/Gobierno,"Continuación inmediata y bien documentada de la gira asiática de julio de 1996 (Corea del Sur 8-11 jul, luego Taiwán 11-13 jul); mismos despachos FBIS citan ambos tramos.","COLT SourceLinks FBIS titulados 'Taiwan: Ambassador: Paraguay President's Visit To Strengthen Ties', 'Wasmosy Ends Visit to ROK; Loan Granted' (compartidos con 844-PRY-KOR-35254).",Medium,[PE-Latam 2026-08-24: fila insertada automaticamente desde COLT TripID 844-PRY-TWN-35257 via colt_aplicar_verificacion.py. Revisar Visit_Category/Counterpart_Event a mano.],NA,Solo-Query,TRUE,FALSE,NA,FALSE,TRUE,FALSE,TRUE,FALSE,NA
COLT-844-PRY-GBR-34517,323,Juan Carlos Wasmosy,Paraguay,Completed,1994-07-02,1994-07-07,6,United Kingdom,Europe,,Bilateral,Working Visit,NA,Prime Minister John Major,Jefe de Estado/Gobierno,El titular confirma directamente la partida de Wasmosy hacia el Reino Unido; nota específica sobre firma de acuerdo de tráfico de drogas.,COLT SourceLink FBIS titulado 'Wasmosy Departs for United Kingdom'.,Medium,[PE-Latam 2026-08-24: fila insertada automaticamente desde COLT TripID 844-PRY-GBR-34517 via colt_aplicar_verificacion.py. Revisar Visit_Category/Counterpart_Event a mano.],NA,Solo-Query,TRUE,FALSE,NA,FALSE,TRUE,FALSE,TRUE,FALSE,NA
COLT-844-PRY-USA-34678,324,Juan Carlos Wasmosy,Paraguay,Completed,1994-12-10,1994-12-10,1,United States,North America,,Multilateral,Regional Summit,NA,Summit of the Americas (SOA),NA,"Existe fotografía de archivo comercial (Getty Images) asociada a la fecha exacta, sugiriendo un evento público documentado en Estados Unidos; se ubica en medio de un período de intensa actividad viajera (gira Japón-México de nov-dic 1994).",COLT SourceLink: fotografía de archivo con licencia de Getty Images fechada 10-dic-1994.,Medium,[PE-Latam 2026-08-24: fila insertada automaticamente desde COLT TripID 844-PRY-USA-34678 via colt_aplicar_verificacion.py. Revisar Visit_Category/Counterpart_Event a mano.],Cooperación Política General,Solo-Query,FALSE,FALSE,NA,TRUE,FALSE,FALSE,FALSE,FALSE,NA
COLT-844-PRY-URY-34496,325,Juan Carlos Wasmosy,Paraguay,Completed,1994-06-11,1994-06-11,1,Uruguay,South America,,Multilateral,Regional Summit,NA,Argentina-Paraguay-Uruguay Trilateral Meeting,NA,"El titular confirma que los presidentes de Argentina (Menem) y Paraguay (Wasmosy) partieron juntos, coherente con la nota sobre la ceremonia de apertura de licitación para el dragado del Canal Martín García (zona limítrofe Argentina-Uruguay).","COLT SourceLink FBIS titulado 'Argentine, Paraguayan Presidents Depart'.",Medium,[PE-Latam 2026-08-24: fila insertada automaticamente desde COLT TripID 844-PRY-URY-34496 via colt_aplicar_verificacion.py. Revisar Visit_Category/Counterpart_Event a mano.],Cooperación Política General,Solo-Query,TRUE,FALSE,NA,FALSE,FALSE,TRUE,FALSE,FALSE,NA
COLT-844-PRY-URY-34759,326,Juan Carlos Wasmosy,Paraguay,Completed,1995-03-01,1995-03-01,1,Uruguay,South America,,Other,Working Visit,NA,Attended Presidential Inauguration [PE-Latam 2026-08-24: Agregada a nuestra base como Trip_ID 326],NA,"La toma de posesión de Sanguinetti el 1-mar-1995 es un hecho histórico bien documentado al que asistieron los presidentes del Mercosur, incluido Wasmosy.","COLT SourceLinks FBIS; asunción presidencial de Julio María Sanguinetti en Uruguay el 1-mar-1995, ampliamente documentada.",Medium,[PE-Latam 2026-08-24: fila insertada automaticamente desde COLT TripID 844-PRY-URY-34759 via colt_aplicar_verificacion.py. Revisar Visit_Category/Counterpart_Event a mano.],NA,Solo-Query,FALSE,FALSE,NA,FALSE,FALSE,TRUE,FALSE,FALSE,NA
COLT-844-PRY-URY-35039,327,Juan Carlos Wasmosy,Paraguay,Completed,1995-12-06,1995-12-07,2,Uruguay,South America,,Multilateral,Regional Summit,NA,Common Market of the South (MERCOSUR) Summit,NA,"La nota sobre la firma del acuerdo 'cuatro más uno' (Mercosur + Chile o Bolivia) es coherente con el calendario semestral de cumbres del Mercosur de fin de 1995, del cual Paraguay era socio pleno.","COLT SourceLink FBIS; coincide con la cumbre del MERCOSUR de diciembre de 1995 en Punta del Este/Montevideo, evento regular del calendario semestral del bloque.",Medium,[PE-Latam 2026-08-24: fila insertada automaticamente desde COLT TripID 844-PRY-URY-35039 via colt_aplicar_verificacion.py. Revisar Visit_Category/Counterpart_Event a mano.],Cooperación Política General,Solo-Query,FALSE,FALSE,NA,FALSE,TRUE,FALSE,FALSE,FALSE,NA
