Journey_ID,Trip_ID,President,Origin_Country,Trip_Status,Start_Date,End_Date,Duration_Days,Destination_Country,Destination_Region,Destination_City,Visit_Category,Visit_Subtype,Sideline_Bilaterals,Counterpart_Event,Counterpart_Type,Trip_Objective,Source_Verification,Source_Reliability,Methodological_Notes,Tema_Foro,Verificacion_Status,MetHostHOGS,MetNonHostHOGS,NonHostHOGS_Name,PublicAddress,SignedAgreement,CulturalSiteOrCeremony,BusinessLeaderOrForum,MetIGOLeader,IGOLeader_Name
URU-JB-J001,1,Jorge Batlle,Uruguay,Completed,2000-06-30,2000-06-30,1,Argentina,South America,Buenos Aires,Multilateral,Regional Summit,NA,Cumbre del MERCOSUR,NA,Cumbre semestral del MERCOSUR; defendio el ingreso de Chile.,https://www.cidob.org/lider-politico/jorge-luis-batlle-ibanez,High,Duracion estimada 1 dia.,Comercio/Integración Económica,Verificada-URL,NA,NA,NA,NA,NA,NA,NA,NA,NA
URU-JB-J002,2,Jorge Batlle,Uruguay,Completed,2000-08-31,2000-09-01,2,Brazil,South America,Brasília,Multilateral,Regional Summit,NA,I Reunion de Presidentes de America del Sur,NA,Primera cumbre sudamericana; Comunicado de Brasilia (IIRSA).,http://integracionsur.com/wp-content/uploads/2016/11/CumbreSudamericanaBrasilia2000.pdf,High,NA,Cooperación Política General,Verificada-URL,NA,NA,NA,NA,NA,NA,NA,NA,NA
URU-JB-J003,3,Jorge Batlle,Uruguay,Completed,2000-09-06,2000-09-08,3,United States,North America,New York,Multilateral,Global Forum,NA,Cumbre del Milenio / 55º AGNU,NA,Intervencion presidencial en la Cumbre del Milenio (8-sep-2000).,http://undocs.org/en/A/55/PV.7,High,Fechas cubren la Cumbre del Milenio 6-8 sep.,Cooperación Política General,Verificada-URL,NA,NA,NA,NA,NA,NA,NA,NA,NA
URU-JB-J004,4,Jorge Batlle,Uruguay,Completed,2001-04-20,2001-04-22,3,Canada,North America,Quebec City,Multilateral,Regional Summit,NA,III Cumbre de las Américas,NA,"III Cumbre de las Americas (Carta Democratica, ALCA).",https://summit-americas.org/sas/Cumbres_previas_IIICumbre.html,High,NA,Cooperación Política General,Verificada-URL,NA,NA,NA,NA,NA,NA,NA,NA,NA
URU-JB-J005,5,Jorge Batlle,Uruguay,Completed,2001-11-08,2001-11-10,3,United States,North America,New York,Multilateral,Global Forum,NA,56º período AGNU,NA,Intervencion presidencial en el debate general (10-nov-2001); venia art.170 del 8-nov.,https://uy.vlex.com/vid/gobiernos-departamentales-organismos-prestacion-899401057,High,Debate pospuesto a noviembre por los atentados del 11-S.,Cooperación Política General,Verificada-URL,NA,NA,NA,NA,NA,NA,NA,NA,NA
URU-JB-J006,6,Jorge Batlle,Uruguay,Completed,2002-02-11,2002-02-16,6,United States,North America,Washington DC,Bilateral,Working Visit,NA,Gobierno de EEUU (administracion Bush),Jefe de Estado/Gobierno,Visita de trabajo oficial a EEUU; venia art.170 a partir del 10-feb-2002.,https://history.state.gov/departmenthistory/visits/uruguay,High,NA,NA,Verificada-URL,NA,NA,NA,NA,NA,NA,NA,NA,NA
URU-JB-J007,7,Jorge Batlle,Uruguay,Completed,2002-02-18,2002-02-18,1,Argentina,South America,Buenos Aires,Multilateral,Regional Summit,TRUE,Cumbre informal del MERCOSUR,NA,Cumbre presidencial del MERCOSUR; transmitio a Duhalde mensajes de Bush y del FMI.,http://archivo.presidencia.gub.uy/noticias/archivo/2002/febrero/2002021916.htm,Medium,Fecha estimada; comunicado presidencial del 19-feb-2002.,Comercio/Integración Económica,Verificada-URL,NA,NA,NA,NA,NA,NA,NA,NA,NA
URU-JB-J008,8,Jorge Batlle,Uruguay,Completed,2002-06-04,2002-06-04,1,Argentina,South America,Buenos Aires,Bilateral,Working Visit,NA,Presidente Eduardo Duhalde,Jefe de Estado/Gobierno,Disculpas en Olivos tras la entrevista con Bloomberg TV difundida el 3-jun-2002 (frase 'manga de ladrones').,https://www.pagina12.com.ar/diario/elpais/1-5946-2002-06-05.html,Medium,Fecha citada por prensa; venia no localizada.,NA,Verificada-URL,NA,NA,NA,NA,NA,NA,NA,NA,NA
URU-JB-J009,9,Jorge Batlle,Uruguay,Canceled,2002-07-26,NA,NA,Ecuador,South America,Guayaquil,Multilateral,Regional Summit,NA,II Cumbre Sudamericana,NA,Cumbre sudamericana; CANCELADA por la crisis financiera; asistio el vicepresidente Hierro Lopez.,https://www.cidob.org/lider-politico/jorge-luis-batlle-ibanez,High,Feriado bancario decretado el 30-jul-2002.,Cooperación Política General,Verificada-URL,NA,NA,NA,NA,NA,NA,NA,NA,NA
URU-JB-J010,10,Jorge Batlle,Uruguay,Completed,2002-12-05,2002-12-06,2,Brazil,South America,Brasília,Multilateral,Regional Summit,NA,Cumbre del MERCOSUR de Brasilia,NA,Cumbre semestral del MERCOSUR.,http://archivo.presidencia.gub.uy/noticias/archivo/2002/noviembre/2002112105.htm,High,Asistencia presidencial no confirmada nominalmente (candidata a PENDIENTES).,Comercio/Integración Económica,Verificada-URL,NA,NA,NA,NA,NA,NA,NA,NA,NA
URU-JB-J011,11,Jorge Batlle,Uruguay,Completed,2003-04-23,2003-04-23,1,United States,North America,Washington DC,Bilateral,Working Visit,NA,Presidente George W. Bush (Casa Blanca),Jefe de Estado/Gobierno,Visita de trabajo a la Casa Blanca un mes tras el inicio de la guerra de Irak.,https://history.state.gov/departmenthistory/visits/uruguay,High,NA,NA,Verificada-URL,NA,NA,NA,NA,NA,NA,NA,NA,NA
URU-JB-J012,12,Jorge Batlle,Uruguay,Completed,2003-08-25,2003-08-27,3,Puerto Rico,Caribbean,San Juan,Bilateral,Working Visit,NA,Gobierno del Estado Libre Asociado de Puerto Rico,Otro actor no estatal,Visita oficial a Puerto Rico; venia art.170 concedida el 21-ago-2003.,https://uy.vlex.com/vid/ciudad-educativa-san-ramon-899450907,High,"Fecha estimada; venia sin fecha exacta de salida. | Counterpart_Type 2026-07-27: reclasificado de 'Jefe de Estado/Gobierno' (default) a 'Otro actor no estatal'. La contraparte (Gobierno del Estado Libre Asociado de Puerto Rico) es una autoridad territorial subnacional de EEUU (gobernadora Sila Maria Calderon en 2003), no un jefe de Estado/Gobierno nacional soberano. La taxonomia cerrada de Counterpart_Type no contempla un valor especifico para contrapartes territoriales/subnacionales; se usa 'Otro actor no estatal' como categoria residual mas cercana, dejando constancia del matiz para eventual revision de la taxonomia.",NA,Verificada-URL,NA,NA,NA,NA,NA,NA,NA,NA,NA
URU-JB-J012,13,Jorge Batlle,Uruguay,Completed,2003-08-27,2003-08-28,2,United States,North America,Miami,Other,Working Visit,NA,Encuentro de empresarios uruguayos,NA,Encuentro de empresarios uruguayos en Florida (misma venia que Puerto Rico).,https://uy.vlex.com/vid/ciudad-educativa-san-ramon-899450907,High,Fecha estimada; leg de la gira con Puerto Rico.,NA,Verificada-URL,NA,NA,NA,NA,NA,NA,NA,NA,NA
URU-JB-J013,14,Jorge Batlle,Uruguay,Completed,2003-10-11,2003-10-12,2,Vatican City,Europe,Vatican City,Bilateral,State Visit,NA,Santa Sede (Juan Pablo II),Jefe de Estado/Gobierno,Visita oficial al Vaticano; venia art.170 a partir del 11-oct-2003.,https://uy.vlex.com/vid/servicio-retiro-pensiones-policiales-899398597,High,Fecha de leg estimada.,NA,Verificada-URL,NA,NA,NA,NA,NA,NA,NA,NA,NA
URU-JB-J013,15,Jorge Batlle,Uruguay,Completed,2003-10-13,2003-10-14,2,Italy,Europe,Rome,Bilateral,State Visit,NA,Gobierno de la Republica Italiana,Jefe de Estado/Gobierno,Visita oficial a Italia (misma venia).,https://uy.vlex.com/vid/servicio-retiro-pensiones-policiales-899398597,High,Fecha de leg estimada.,NA,Verificada-URL,NA,NA,NA,NA,NA,NA,NA,NA,NA
URU-JB-J013,16,Jorge Batlle,Uruguay,Completed,2003-10-15,2003-10-17,3,Angola,Africa,Luanda,Bilateral,State Visit,NA,Gobierno de la Republica de Angola,Jefe de Estado/Gobierno,Visita oficial a Angola (misma venia).,https://uy.vlex.com/vid/servicio-retiro-pensiones-policiales-899398597,High,Fecha de leg estimada.,NA,Verificada-URL,NA,NA,NA,NA,NA,NA,NA,NA,NA
URU-JB-J014,17,Jorge Batlle,Uruguay,Completed,2003-11-14,2003-11-15,2,Bolivia,South America,Santa Cruz de la Sierra,Multilateral,Regional Summit,TRUE,XIII Cumbre Iberoamericana,NA,Cumbre Iberoamericana; firmo TLC con Mexico (Fox) el 15-nov.,https://segib.org/es/xiii-cumbre-iberoamericana-inclusion-social-como-motor-del-desarrollo-de-la-region/,High,NA,Cooperación Política General,Verificada-URL,NA,NA,NA,NA,NA,NA,NA,NA,NA
URU-JB-J015,18,Jorge Batlle,Uruguay,Completed,2004-01-12,2004-01-13,2,Mexico,North America,Monterrey,Multilateral,Regional Summit,NA,Cumbre Extraordinaria de las Américas,NA,Cumbre Extraordinaria (Declaracion de Nuevo Leon).,https://summit-americas.org/sas/Cumbres_previas_CumbreExtraordinaria.html,High,NA,Cooperación Política General,Verificada-URL,NA,NA,NA,NA,NA,NA,NA,NA,NA
URU-JB-J016,19,Jorge Batlle,Uruguay,Completed,2004-02-02,2004-02-02,1,Spain,Europe,Madrid,Bilateral,Working Visit,NA,Congreso de los Diputados de Espania,Jefe de Estado/Gobierno,Visita a Espania y al Congreso de los Diputados.,https://www.congreso.es/es/cem/visituruguay2004,High,Fecha confirmada por fuente oficial primaria (Congreso de los Diputados).,NA,Verificada-URL,NA,NA,NA,NA,NA,NA,NA,NA,NA
URU-JB-J017,20,Jorge Batlle,Uruguay,Completed,2004-04-27,2004-04-29,3,Democratic Republic of the Congo,Africa,Kinshasa,Bilateral,Working Visit,TRUE,Presidente Joseph Kabila / contingente MONUC,Jefe de Estado/Gobierno,Primer presidente uruguayo en visitar la RDC; visito los cascos azules de MONUC y firmo declaracion conjunta.,http://archivo.presidencia.gub.uy/noticias/archivo/2004/abril/2004042905.htm,High,"Fecha estimada ('fines de abril 2004'). | QA-R2 2026-07-22: Fecha corregida de 24-25/abr a 27-29/abr/2004 segun fuente oficial primaria (archivo.presidencia.gub.uy, comunicado conjunto fechado 'Kinshasa, 29 de abril de 2004'; nota confirma visita de trabajo de 48hs, delegacion partio a Johannesburgo el 29 y hacia Uruguay el 30-abr). Fuente reemplazada de Wikipedia (secundaria) a articulo oficial primario (High).",NA,Verificada-URL,NA,NA,NA,NA,NA,NA,NA,NA,NA
URU-JB-J018,21,Jorge Batlle,Uruguay,Completed,2004-09-22,2004-09-23,2,United States,North America,New York,Multilateral,Global Forum,NA,59º período AGNU,NA,Intervencion presidencial en el debate general (23-sep-2004).,http://undocs.org/en/A/59/PV.8,High,NA,Cooperación Política General,Verificada-URL,NA,NA,NA,NA,NA,NA,NA,NA,NA
URU-JB-J019,22,Jorge Batlle,Uruguay,Completed,2004-11-18,2004-11-20,3,Costa Rica,Central America,San José,Multilateral,Regional Summit,NA,XIV Cumbre Iberoamericana,NA,Cumbre Iberoamericana (creacion de la SEGIB); venia a partir del 17-nov.,https://uy.vlex.com/vid/900245683,High,Cumbre los dias 19-20 nov.,Cooperación Política General,Verificada-URL,NA,NA,NA,NA,NA,NA,NA,NA,NA
URU-JB-J020,23,Jorge Batlle,Uruguay,Completed,2004-12-16,2004-12-17,2,Brazil,South America,Ouro Preto,Multilateral,Regional Summit,NA,XXVII Cumbre del MERCOSUR (CMC),NA,Cumbre semestral; venia a partir del 15-dic-2004.,https://uy.vlex.com/vid/900245683,High,NA,Comercio/Integración Económica,Verificada-URL,NA,NA,NA,NA,NA,NA,NA,NA,NA
URU-TV1-J001,24,Tabaré Vázquez,Uruguay,Completed,2005-03-31,2005-04-01,2,Brazil,South America,Brasilia,Bilateral,Working Visit,NA,Lula da Silva,Jefe de Estado/Gobierno,Primer viaje oficial del mandato; relanzar la relacion estrategica con Brasil.,http://archivo.presidencia.gub.uy/_web/noticias/2005/03/2005032903.htm,High,"CORREGIDO 2026-07-22 (auditoria de segunda opinion): la propia fuente citada (archivo.presidencia.gub.uy, publicada 29/03/05) describe el itinerario real: partida jueves 31-mar 18hs, llegada a Brasilia esa noche, reunion con Lula el viernes 1-abr, regreso esa misma noche. Fechas corregidas de 29-30/3 a 31/3-1/4/2005. Ya no es fecha estimada.",NA,Verificada-URL,NA,NA,NA,NA,NA,NA,NA,NA,NA
URU-TV1-J002,25,Tabaré Vázquez,Uruguay,Completed,2005-09-18,2005-09-20,3,Colombia,South America,Cartagena,Bilateral,State Visit,NA,Álvaro Uribe,Jefe de Estado/Gobierno,Profundizar el intercambio comercial; recibio el Gran Collar de la Orden de San Carlos el 19-sep-2005.,https://archivo.presidencia.gub.uy/_web/noticias/2005/09/2005091909.htm,High,Fechas inicio/fin estimadas.,NA,Verificada-URL,NA,NA,NA,NA,NA,NA,NA,NA,NA
URU-TV1-J003,26,Tabaré Vázquez,Uruguay,Completed,2005-10-12,2005-10-15,3,Spain,Europe,Salamanca,Multilateral,Regional Summit,NA,XV Cumbre Iberoamericana,NA,Participar en la XV Cumbre Iberoamericana de Jefes de Estado.,https://legislativo.parlamento.gub.uy:443/temporales/20051005S0049_SSN4156794.html,High,Venia art.170 (salida 12-oct-2005) cubre la gira europea. [PE-Latam 2026-08-24: Start_Date corregido de '2005-10-13' a '2005-10-12' (COLT tenia razon). Fuente: https://legislativo.parlamento.gub.uy:443/temporales/20051005S0049_SSN4156794.html],Cooperación Política General,Verificada-URL,NA,NA,NA,NA,NA,NA,NA,NA,NA
URU-TV1-J003,27,Tabaré Vázquez,Uruguay,Completed,2005-10-16,2005-10-17,2,Germany,Europe,Berlin,Bilateral,State Visit,NA,Gobierno de Alemania,Jefe de Estado/Gobierno,Visita oficial dentro de la gira europea autorizada por venia.,https://legislativo.parlamento.gub.uy:443/temporales/20051005S0049_SSN4156794.html,Low,"QA 2026-07-22 (auditoria de segunda opinion): la URL citada (legislativo.parlamento.gub.uy) resulto irrecuperable en multiples intentos (directo, sin query params, Wayback). No se hallo corroboracion alternativa especifica de una visita a Berlin el 16-oct-2005 (si esta confirmada la Cumbre Iberoamericana de Salamanca 14-15/oct/2005, lo que hace plausible una escala posterior, pero sin verificar). Fila conservada como candidata plausible (parte de la gira europea de oct-2005) pero degradada a No-verificable/Low hasta encontrar fuente que la confirme directamente.",NA,No-verificable,NA,NA,NA,NA,NA,NA,NA,NA,NA
URU-TV1-J003,28,Tabaré Vázquez,Uruguay,Completed,2005-10-18,2005-10-19,2,Italy,Europe,Rome,Bilateral,State Visit,NA,Gobierno de Italia,Jefe de Estado/Gobierno,Visita oficial dentro de la gira europea autorizada por venia.,https://legislativo.parlamento.gub.uy:443/temporales/20051005S0049_SSN4156794.html,Medium,Ciudad y fechas estimadas; venia menciona destino.,NA,Verificada-URL,NA,NA,NA,NA,NA,NA,NA,NA,NA
URU-TV1-J003,29,Tabaré Vázquez,Uruguay,Completed,2005-10-20,2005-10-22,3,France,Europe,Paris,Bilateral,State Visit,NA,Gobierno de Francia,Jefe de Estado/Gobierno,Visita oficial dentro de la gira europea autorizada por venia.,https://legislativo.parlamento.gub.uy:443/temporales/20051005S0049_SSN4156794.html,Medium,Ciudad y fechas estimadas; venia menciona destino.,NA,Verificada-URL,NA,NA,NA,NA,NA,NA,NA,NA,NA
URU-TV1-J004,30,Tabaré Vázquez,Uruguay,Completed,2005-11-04,2005-11-05,2,Argentina,South America,Mar del Plata,Multilateral,Regional Summit,NA,IV Cumbre de las Américas,NA,IV Cumbre de las Americas; rechazo al ALCA junto al MERCOSUR.,https://summit-americas.org/sas/Cumbres_previas_IVCumbre.html,High,NA,Cooperación Política General,Verificada-URL,NA,NA,NA,NA,NA,NA,NA,NA,NA
URU-TV1-J005,31,Tabaré Vázquez,Uruguay,Completed,2006-04-25,2006-04-28,4,Mexico,North America,Mexico City,Bilateral,Working Visit,NA,Vicente Fox,Jefe de Estado/Gobierno,Atraer inversiones y comercio; declaraciones sobre la inviabilidad del ALCA.,https://www.infobae.com/2006/05/04/253240-bush-y-tabare-acuerdan-intensificar-la-relacion-comercial-sus-paises/,Medium,Fechas estimadas (fines de abril 2006). [PE-Latam 2026-08-24: Start_Date corregido de '2006-04-26' a '2006-04-25' (COLT tenia razon). Fuente: https://search-proquest-com.du.idm.oclc.org/central/docview/452544667/fulltext/D8835A8156BB43DEPQ/50] [PE-Latam 2026-08-24: Duration_Days corregido de '3' a '4' (COLT tenia razon). Fuente: https://search-proquest-com.du.idm.oclc.org/central/docview/452544667/fulltext/D8835A8156BB43DEPQ/50],NA,Verificada-URL,NA,NA,NA,NA,NA,NA,NA,NA,NA
URU-TV1-J006,32,Tabaré Vázquez,Uruguay,Completed,2006-05-03,2006-05-04,2,United States,North America,Washington,Bilateral,Working Visit,TRUE,George W. Bush,Jefe de Estado/Gobierno,Reunion en la Casa Blanca el 4-may-2006; ampliar comercio (TIFA) y plantear el conflicto de las pasteras.,https://www.infobae.com/2006/05/04/253240-bush-y-tabare-acuerdan-intensificar-la-relacion-comercial-sus-paises/,High,Reunion con Bush confirmada 4-may-2006.,NA,Verificada-URL,NA,NA,NA,NA,NA,NA,NA,NA,NA
URU-TV1-J007,33,Tabaré Vázquez,Uruguay,Completed,2006-05-11,2006-05-13,3,Austria,Europe,Vienna,Multilateral,Regional Summit,NA,IV Cumbre UE-ALC,NA,Cumbre UE-America Latina y Caribe.,https://www.infobae.com/2006/05/04/253240-bush-y-tabare-acuerdan-intensificar-la-relacion-comercial-sus-paises/,Medium,"QA-R2 2026-07-22: Fuente reemplazada (la anterior, nota sobre protesta de E. Carrozzo, solo mencionaba la cumbre tangencialmente). Nueva fuente (Infobae 4-may-2006) cita directamente a Vazquez confirmando su proximo viaje a Viena para la Cumbre UE-ALC 'los proximos 12 y 13 de mayo', corroborado ademas por fuente independiente (Infobae Teleshow) que fecha la cumbre 'Viena, Austria, 12 de mayo de 2006'. Fechas de estancia (11-13 mayo) se mantienen (11-mayo probable arribo, previo a la cumbre 12-13); ya no es FUENTE-DEBIL.",Cooperación Política General,Verificada-URL,NA,NA,NA,NA,NA,NA,NA,NA,NA
URU-TV1-J008,34,Tabaré Vázquez,Uruguay,Completed,2006-07-20,2006-07-21,2,Argentina,South America,Córdoba,Multilateral,Regional Summit,NA,XXX Cumbre MERCOSUR,NA,Cumbre MERCOSUR; ingreso de Venezuela como miembro pleno.,https://www.cancilleria.gob.ar/es/actualidad/comunicados/cumbre-de-presidentes-del-mercosur-en-cordoba,High,NA,Comercio/Integración Económica,Verificada-URL,NA,NA,NA,NA,NA,NA,NA,NA,NA
URU-TV1-J009,35,Tabaré Vázquez,Uruguay,Completed,2007-05-01,2007-05-04,4,Qatar,Middle East,Doha,Bilateral,State Visit,NA,Emir de Qatar,Jefe de Estado/Gobierno,Visita de Estado; recibio la Orden del Merito el 2-may-2007.,https://www.lr21.com.uy/politica/256412-vazquez-condecorado-por-principe-heredero-de-qatar,Medium,"Fechas de arribo/salida estimadas. QA-R3 2026-07-26: End_Date corregida a 04-may-2007 (era 03-may); la propia fuente (LR21, publicada 03-may-2007) declara en tiempo presente 'Hoy culmina la gira...' y que 'el mandatario y su comitiva oficial partiran manana [04-may] a la hora 12:50 rumbo a Madrid'. Duration_Days ajustada a 4 (01 al 04-may).",NA,Verificada-URL,NA,NA,NA,NA,NA,NA,NA,NA,NA
URU-TV1-J010,36,Tabaré Vázquez,Uruguay,Completed,2007-06-29,2007-06-29,1,Paraguay,South America,Asunción,Multilateral,Regional Summit,NA,Cumbre MERCOSUR,NA,Cumbre MERCOSUR; Uruguay asume la PPT del FCCP.,http://archivo.presidencia.gub.uy/_web/audionet/2007/06/06_2007.htm,Medium,Fechas estimadas. [PE-Latam 2026-08-24: Start_Date corregido de '2007-06-28' a '2007-06-29' (COLT tenia razon). Fuente: https://www.gettyimages.com/license/74950183] [PE-Latam 2026-08-24: Duration_Days corregido de '2' a '1' (COLT tenia razon). Fuente: https://www.gettyimages.com/license/74950183],Comercio/Integración Económica,Verificada-URL,NA,NA,NA,NA,NA,NA,NA,NA,NA
URU-TV1-J011,37,Tabaré Vázquez,Uruguay,Completed,2007-09-18,2007-09-20,3,Spain,Europe,Madrid,Bilateral,Working Visit,NA,Congreso de los Diputados,Jefe de Estado/Gobierno,Visita oficial a Espania; discurso en el Congreso el 19-sep-2007.,https://www.congreso.es/en/cem/visituruguay2007,High,Fechas inicio/fin estimadas.,NA,Verificada-URL,NA,NA,NA,NA,NA,NA,NA,NA,NA
URU-TV1-J012,38,Tabaré Vázquez,Uruguay,Completed,2007-11-08,2007-11-10,3,Chile,South America,Santiago,Multilateral,Regional Summit,NA,XVII Cumbre Iberoamericana,NA,XVII Cumbre Iberoamericana (cohesion social).,https://segib.org/?document=discurso-del-presidente-de-uruguay-tabare-vazquez,High,Asistio en persona.,Cooperación Política General,Verificada-URL,NA,NA,NA,NA,NA,NA,NA,NA,NA
URU-TV1-J013,39,Tabaré Vázquez,Uruguay,Completed,2008-06-15,2008-06-17,3,Panama,Central America,Panama City,Bilateral,State Visit,NA,Martín Torrijos,Jefe de Estado/Gobierno,Visita de Estado; recibio la Orden Omar Torrijos el 16-jun-2008.,https://web.archive.org/web/20131024003757/http://archivo.presidencia.gub.uy/_Web/noticias/2008/06/2008061607.htm,High,"Parte de la gira Panama-Cuba-Mexico (jun 2008). QA-R3 2026-07-26: Start_Date corregida a 15-jun-2008 (era 16-jun, que correspondia solo al segundo dia de la visita). La Prensa Panama (16-jun-2008, https://www.prensa.com/locales/Vazquez-reunio-Torrijos_0_2316518535.html): 'Vasquez llego el domingo [15-jun] a la capital panamena como parte de una visita oficial de tres dias'. Duration_Days ajustada a 3 (15 al 17-jun).",NA,Verificada-URL,NA,NA,NA,NA,NA,NA,NA,NA,NA
URU-TV1-J013,40,Tabaré Vázquez,Uruguay,Completed,2008-06-18,2008-06-20,3,Cuba,Caribbean,Havana,Bilateral,State Visit,TRUE,Raúl Castro,Jefe de Estado/Gobierno,Visita con amplia delegacion ministerial; cumbre con Raul Castro.,https://en.mercopress.com/2009/01/05/cuba-s-raul-castro-scheduled-to-visit-uruguay-this-year,High,Fechas estimadas; se reunio dos veces con Raul Castro.,NA,Verificada-URL,NA,NA,NA,NA,NA,NA,NA,NA,NA
URU-TV1-J013,41,Tabaré Vázquez,Uruguay,Completed,2008-06-21,2008-06-22,5,Mexico,North America,Mexico City,Bilateral,Working Visit,NA,Felipe Calderón,Jefe de Estado/Gobierno,Tramo mexicano de la gira de junio 2008.,http://archivo.presidencia.gub.uy/_web/MEM_2008/MRREE.pdf,Medium,"Fechas estimadas; MEM cita gira 'Panama, Cuba y Mexico'. [PE-Latam 2026-08-24: Duration_Days corregido de '2' a '5' (COLT tenia razon). Fuente: https://www.gettyimages.com/license/81675223]",NA,Verificada-URL,NA,NA,NA,NA,NA,NA,NA,NA,NA
URU-TV1-J014,42,Tabaré Vázquez,Uruguay,Completed,2008-08-30,2008-09-03,5,South Korea,Asia-Pacific,Seoul,Bilateral,State Visit,NA,Lee Myung-bak,Jefe de Estado/Gobierno,Primera visita de Estado de un presidente uruguayo a Corea del Sur.,https://ury.mofa.go.kr/uy-es/brd/m_6507/view.do?seq=659079,Medium,Mes confirmado (set 2008) por la Embajada de Corea; dias exactos estimados. [PE-Latam 2026-08-24: Start_Date corregido de '2008-09-01' a '2008-08-30' (COLT tenia razon). Fuente: https://search-proquest-com.du.idm.oclc.org/central/docview/460819409/fulltext/20990B8CB8E04268PQ/45] [PE-Latam 2026-08-24: Duration_Days corregido de '3' a '5' (COLT tenia razon). Fuente: https://search-proquest-com.du.idm.oclc.org/central/docview/460819409/fulltext/20990B8CB8E04268PQ/45],NA,Verificada-URL,NA,NA,NA,NA,NA,NA,NA,NA,NA
URU-TV1-J014,43,Tabaré Vázquez,Uruguay,Completed,2008-09-01,NA,NA,New Zealand,Asia-Pacific,Wellington,Bilateral,State Visit,NA,Helen Clark,Jefe de Estado/Gobierno,Primer presidente uruguayo en visitar Nueva Zelanda.,Search Query: Tabare Vazquez visita Nueva Zelanda Helen Clark 2008,Low,Hecho confirmado; sin fuente institucional para la fecha exacta; agrupada tentativamente con la gira asiatica 2008. Verificacion No-verificable.,NA,No-verificable,NA,NA,NA,NA,NA,NA,NA,NA,NA
URU-TV1-J015,44,Tabaré Vázquez,Uruguay,Completed,2008-12-15,2008-12-17,3,Brazil,South America,Salvador,Multilateral,Regional Summit,NA,Cumbre MERCOSUR/UNASUR/CALC,NA,Cumbre MERCOSUR y UNASUR en Salvador de Bahia; I Cumbre America Latina y Caribe.,https://legislativo.parlamento.gub.uy:443/temporales/20081209S0063_SSN5083377.html,High,Venia art.170 (salida 15-dic-2008).,Comercio/Integración Económica,Verificada-URL,NA,NA,NA,NA,NA,NA,NA,NA,NA
URU-TV1-J015,45,Tabaré Vázquez,Uruguay,Completed,2008-12-19,2008-12-21,3,Saudi Arabia,Middle East,Riyadh,Bilateral,State Visit,NA,Rey de Arabia Saudita,Jefe de Estado/Gobierno,Visita oficial a Arabia Saudita desde el 19-dic-2008.,https://legislativo.parlamento.gub.uy:443/temporales/20081209S0063_SSN5083377.html,High,Venia art.170 menciona destino; fecha fin estimada.,NA,Verificada-URL,NA,NA,NA,NA,NA,NA,NA,NA,NA
URU-TV1-J016,46,Tabaré Vázquez,Uruguay,Completed,2009-03-10,2009-03-10,1,Brazil,South America,Brasilia,Bilateral,Working Visit,NA,Lula da Silva,Jefe de Estado/Gobierno,"Firma de acuerdos (servicios aereos, interconexion electrica, ensenianza del portugues).",http://archivo.presidencia.gub.uy/_web/MEM_2009/MRREE.pdf,High,NA,NA,Verificada-URL,NA,NA,NA,NA,NA,NA,NA,NA,NA
URU-TV1-J017,47,Tabaré Vázquez,Uruguay,Completed,2009-03-21,2009-03-23,5,China,Asia-Pacific,Beijing,Bilateral,State Visit,NA,Hu Jintao,Jefe de Estado/Gobierno,Visita de Estado; firma de acuerdos economico-comerciales y de cooperacion.,http://archivo.presidencia.gub.uy/_web/MEM_2009/MRREE.pdf,High,Discrepancia: MEM lista tambien '21 al 26 de marzo' para la gira comercial. [PE-Latam 2026-08-24: Start_Date corregido de '2009-03-19' a '2009-03-21' (COLT tenia razon). Fuente: http://archivo.presidencia.gub.uy/_web/MEM_2009/MRREE.pdf],NA,Verificada-URL,NA,NA,NA,NA,NA,NA,NA,NA,NA
URU-TV1-J018,48,Tabaré Vázquez,Uruguay,Completed,2009-04-23,2009-04-24,2,Costa Rica,Central America,San José,Bilateral,Working Visit,NA,Óscar Arias,Jefe de Estado/Gobierno,Visita presidencial bilateral.,http://archivo.presidencia.gub.uy/_web/MEM_2009/MRREE.pdf,Medium,MEM (DIPCI) lista como visita presidencial.,NA,Verificada-URL,NA,NA,NA,NA,NA,NA,NA,NA,NA
URU-TV1-J019,49,Tabaré Vázquez,Uruguay,Completed,2009-05-05,2009-05-06,2,Iran,Middle East,Tehran,Bilateral,State Visit,NA,Mahmud Ahmadineyad,Jefe de Estado/Gobierno,Visita presidencial; agenda economico-comercial.,http://archivo.presidencia.gub.uy/_web/MEM_2009/MRREE.pdf,Medium,MEM (DIPCI): 'Visita Presidencial a Iran el 5 y 6 de mayo'.,NA,Verificada-URL,NA,NA,NA,NA,NA,NA,NA,NA,NA
URU-TV1-J020,50,Tabaré Vázquez,Uruguay,Completed,2009-07-24,2009-07-24,1,Paraguay,South America,Asunción,Multilateral,Regional Summit,NA,Cumbre MERCOSUR,NA,Cumbre de presidentes del MERCOSUR (PPT Paraguay).,http://archivo.presidencia.gub.uy/_web/MEM_2009/MRREE.pdf,Medium,Fecha estimada de la cumbre presidencial (jul-2009).,Comercio/Integración Económica,Verificada-URL,NA,NA,NA,NA,NA,NA,NA,NA,NA
URU-TV1-J021,51,Tabaré Vázquez,Uruguay,Completed,2009-08-28,2009-08-28,1,Argentina,South America,San Carlos de Bariloche,Multilateral,Regional Summit,NA,UNASUR (reunion extraordinaria),NA,Reunion extraordinaria de UNASUR sobre bases militares y zona de paz.,http://archivo.presidencia.gub.uy/_web/MEM_2009/MRREE.pdf,High,MEM 2009: asistio el presidente Vazquez.,Cooperación Política General,Verificada-URL,NA,NA,NA,NA,NA,NA,NA,NA,NA
URU-TV1-J022,52,Tabaré Vázquez,Uruguay,Completed,2009-09-12,2009-09-18,7,United States,North America,New York,Multilateral,Global Forum,NA,64ª Asamblea General ONU,NA,Participacion en el 64º periodo de sesiones de la AGNU.,http://archivo.presidencia.gub.uy/_web/MEM_2009/MRREE.pdf,High,MEM (DIPCI): 'Estados Unidos (12 al 18 de setiembre)'.,Cooperación Política General,Verificada-URL,NA,NA,NA,NA,NA,NA,NA,NA,NA
URU-TV1-J023,53,Tabaré Vázquez,Uruguay,Completed,2009-09-27,2009-09-28,2,Venezuela,South America,Isla Margarita,Multilateral,Regional Summit,NA,II Cumbre América del Sur-África,NA,II Cumbre ASA; creacion del Banco del Sur.,http://archivo.presidencia.gub.uy/_web/MEM_2009/MRREE.pdf,High,MEM 2009: participo el presidente.,Cooperación Política General,Verificada-URL,NA,NA,NA,NA,NA,NA,NA,NA,NA
URU-TV1-J024,54,Tabaré Vázquez,Uruguay,Completed,2009-12-11,2009-12-15,5,Japan,Asia-Pacific,Tokyo,Bilateral,State Visit,NA,Gobierno de Japón,Jefe de Estado/Gobierno,Visita a Japon; Notas Reversales de cooperacion (energia solar).,http://archivo.presidencia.gub.uy/_web/MEM_2009/MRREE.pdf,High,MEM 2009: 'visita a Japon (11 al 15 de diciembre)'.,NA,Verificada-URL,NA,NA,NA,NA,NA,NA,NA,NA,NA
URU-JM-J001,55,José Mujica,Uruguay,Completed,2010-03-11,2010-03-11,1,Chile,South America,Valparaiso,Multilateral,Inauguration/Funeral,NA,Asunción de Sebastián Piñera,NA,Asistir a la transmision de mando presidencial de Piniera.,https://www.cnnchile.com/mundo/el-vinculo-transversal-de-mujica-con-chile_20250513/,Medium,Reportado por EcuRed; sin URL primaria aislada; CONFIRMAR.,Cooperación Política General,Verificada-URL,NA,NA,NA,NA,NA,NA,NA,NA,NA
URU-JM-J002,56,José Mujica,Uruguay,Completed,2011-01-01,2011-01-01,2,Brazil,South America,Brasilia,Multilateral,Inauguration/Funeral,TRUE,Asunción de Dilma Rousseff,NA,Asistir a la investidura de Rousseff; reunion bilateral el 2-ene.,https://www.france24.com/en/20110101-dilma-rousseff-replaces-lula-silva-president-brazil-marxist-guerrilla-iron-lady,High,NA [PE-Latam 2026-08-24: Duration_Days corregido de '1' a '2' (COLT tenia razon). Fuente: Nuestra propia base (Trip_Objective del Trip_ID 56: 'reunión bilateral el 2-ene')],Cooperación Política General,Verificada-URL,NA,NA,NA,NA,NA,NA,NA,NA,NA
URU-JM-J003,57,José Mujica,Uruguay,Completed,2011-06-29,2011-06-30,2,Paraguay,South America,Asunción,Multilateral,Regional Summit,NA,Bicentenario de Paraguay / Cumbre MERCOSUR,NA,"Actos del bicentenario, integracion Urupabol y cumbre MERCOSUR.",https://cancilleria.gob.ar/es/actualidad/comunicados/xli-cumbre-del-mercosur-comunicado-conjunto-de-los-presidentes-de-los-estados,High,"Fechas aproximadas; combina bicentenario y cumbre. NOTA 2026-07-21: el Comunicado Conjunto de la XLI Cumbre del MERCOSUR (Cancilleria Argentina) confirma la cumbre en Asuncion el 28-29-jun-2011 con Mujica presente (traspaso de PPT Paraguay->Uruguay); fechas de la fila (29-30 jun) son consistentes. ACLARACION: la mencion a 'bicentenario' en el objetivo corresponde a otro viaje de Mujica a Asuncion (bicentenario de la independencia paraguaya, 14-15 mayo 2011, LR21) NO capturado en esta fila ni con Trip_ID propio en el modulo; candidato a alta futura.",Comercio/Integración Económica,Verificada-URL,NA,NA,NA,NA,NA,NA,NA,NA,NA
URU-JM-J004,58,José Mujica,Uruguay,Completed,2011-07-27,2011-07-28,2,Peru,South America,Lima,Multilateral,Inauguration/Funeral,NA,Asunción de Ollanta Humala,NA,Asistir a la investidura de Humala.,https://elcomercio.pe/politica/gobierno/ollanta-humala-juramento-como-presidente-republica-constitucion-79-noticia-948935/,Medium,Reportado por EcuRed y listas de asistentes.,Cooperación Política General,Verificada-URL,NA,NA,NA,NA,NA,NA,NA,NA,NA
URU-JM-J005,59,José Mujica,Uruguay,Completed,2011-10-12,2011-10-12,1,Sweden,Europe,Stockholm,Bilateral,Working Visit,NA,Gira comercial europea,Jefe de Estado/Gobierno,"Promocion comercial, inversiones y cooperacion cientifica.",https://www.elobservador.com.uy/nota/merkel-definio-la-agenda-para-reunirse-con-mujica-2011101410560,Medium,"Fechas estimadas (EcuRed); gira multi-pais comparte Journey_ID. NOTA 2026-07-21 (correccion prioritaria, fechas duplicadas de la gira): El Observador (14-oct-2011) ubica el inicio de la gira europea 'el pasado miercoles [12-oct] en Suecia'; se corrigen Start_Date/End_Date/Duration_Days (antes 11 al 20-oct, rango total de gira copiado por error en las 4 filas de Estocolmo/Oslo/Berlin/Bruselas).",NA,Verificada-URL,NA,NA,NA,NA,NA,NA,NA,NA,NA
URU-JM-J005,60,José Mujica,Uruguay,Completed,2011-10-13,2011-10-14,2,Norway,Europe,Oslo,Bilateral,Working Visit,NA,Gira comercial europea,Jefe de Estado/Gobierno,Promocion comercial e inversiones.,https://www.elobservador.com.uy/nota/merkel-definio-la-agenda-para-reunirse-con-mujica-2011101410560,Medium,"Fechas estimadas; tramo de la gira europea. NOTA 2026-07-21: El Observador (14-oct-2011) indica que la gira 'prosiguio ayer [13-oct] y este viernes [14-oct] en Noruega'; se corrigen fechas (antes 11 al 20-oct, duplicado).",NA,Verificada-URL,NA,NA,NA,NA,NA,NA,NA,NA,NA
URU-JM-J005,61,José Mujica,Uruguay,Completed,2011-10-17,2011-10-18,2,Germany,Europe,Berlin,Bilateral,Working Visit,TRUE,Christian Wulff / Angela Merkel,Jefe de Estado/Gobierno,Recibido con honores en el Palacio de Bellevue; busco apoyo cientifico e inversion.,https://www.elobservador.com.uy/nota/merkel-definio-la-agenda-para-reunirse-con-mujica-2011101410560,Medium,"Reunion con Merkel confirmada; fecha exacta del tramo incierta. NOTA 2026-07-21 (correccion complementaria, fuera de la tanda pedida pero mismo error de fechas duplicadas del Journey): El Observador (14-oct-2011) precisa que Mujica llega a Berlin el martes 18-oct procedente de Hamburgo, donde disertó el lunes 17-oct; agenda con Wulff y Merkel el 18-oct. Se corrigen Start_Date/End_Date/Duration_Days (antes 11 al 20-oct).",NA,Verificada-URL,NA,NA,NA,NA,NA,NA,NA,NA,NA
URU-JM-J005,62,José Mujica,Uruguay,Completed,2011-10-19,2011-10-20,2,Belgium,Europe,Brussels,Bilateral,Working Visit,NA,Gira comercial europea / relacion UE-MERCOSUR,Jefe de Estado/Gobierno,Promocion comercial y dialogo UE-MERCOSUR.,https://www.elobservador.com.uy/nota/merkel-definio-la-agenda-para-reunirse-con-mujica-2011101410560,Medium,"Fechas estimadas; tramo de la gira europea. NOTA 2026-07-21: El Observador (14-oct-2011) anticipa que 'Mujica viajara el proximo miercoles [19-oct] a Belgica, ultima etapa de su gira europea'; se corrigen fechas (antes 11 al 20-oct, rango total duplicado).",NA,Verificada-URL,NA,NA,NA,NA,NA,NA,NA,NA,NA
URU-JM-J006,63,José Mujica,Uruguay,Completed,2011-11-08,2011-11-09,2,Brazil,South America,Porto Alegre,Bilateral,Working Visit,NA,Encuentro Empresarial Rio Grande do Sul-Uruguay,Otro actor no estatal,Promocion comercial y fronteriza.,https://www.gub.uy/presidencia/comunicacion/noticias/presidente-mujica-fue-recibido-honores-porto-alegre-inicia-visita-trabajo,High,"Tramo previo a Mexico; fechas aproximadas; CONFIRMAR. NOTA 2026-07-21: fuente oficial (Presidencia, 08-nov-2011) confirma arribo a Porto Alegre el 8-nov-2011 e inicio de visita de trabajo de DOS dias (8-9 nov); se corrige de 15-19 nov (fecha incorrecta, posible confusion con otro tramo). HALLAZGO: el Trip_ID 64 (Guadalajara, mismo Journey_ID URU-JM-J006) sigue fechado 15-19 nov y no fue tocado en esta tanda (fuera del alcance pedido); queda una inconsistencia interna de Journey a revisar. | Counterpart_Type 2026-07-27: reclasificado de 'Jefe de Estado/Gobierno' (default) a 'Otro actor no estatal'. Verificado (busqueda web): el encuentro del 8-9-nov-2011 en Porto Alegre fue con Tarso Genro, GOBERNADOR de Rio Grande do Sul (autoridad subnacional brasilena), en el marco de una mision comercial/empresarial -- no con la Presidenta de Brasil Dilma Rousseff. Mismo tipo de contraparte subnacional que el Trip_ID 176 (ver nota ahi). La taxonomia cerrada no tiene categoria especifica para gobiernos subnacionales; se usa 'Otro actor no estatal' como residual mas cercana, dejando constancia del matiz para eventual revision de la taxonomia.",NA,Verificada-URL,NA,NA,NA,NA,NA,NA,NA,NA,NA
URU-JM-J006,64,José Mujica,Uruguay,Completed,2011-11-15,2011-11-19,5,Mexico,North America,Guadalajara,Bilateral,State Visit,NA,Felipe Calderón,Jefe de Estado/Gobierno,Firma del Plan Estrategico de Cooperacion Mexico-Uruguay.,https://politica.expansion.mx/mexico/2025/05/13/la-relacion-de-jose-mujica-con-mexico-y-sus-lideres-politicos,Medium,Recibido en el Instituto Cultural Cabanias por Calderon.,NA,Verificada-URL,NA,NA,NA,NA,NA,NA,NA,NA,NA
URU-JM-J007,65,José Mujica,Uruguay,Completed,2012-04-13,2012-04-15,3,Colombia,South America,Cartagena,Multilateral,Regional Summit,TRUE,VI Cumbre de las Américas,NA,Participar en la cumbre; primer contacto con Obama.,https://es.wikipedia.org/wiki/VI_Cumbre_de_las_Am%C3%A9ricas,Medium,"QA-R4 2026-07-26: fechas CONFIRMADAS por fuente independiente (lr21.com.uy: Mujica coincidio con Obama en Cartagena el 13-abr-2012); se retira el flag CONFIRMAR, sin cambios de valores.",Cooperación Política General,Verificada-URL,NA,NA,NA,NA,NA,NA,NA,NA,NA
URU-JM-J008,66,José Mujica,Uruguay,Completed,2012-06-28,2012-06-29,2,Argentina,South America,Mendoza,Multilateral,Regional Summit,NA,43ª Cumbre del MERCOSUR,NA,Cumbre donde se suspendio a Paraguay y se aprobo el ingreso de Venezuela.,https://www.cancilleria.gob.ar/es/actualidad/comunicados/cumbre-del-mercosur-mendoza-2012-decision-sobre-la-suspension-del-paraguay-en,High,Confirmado por prensa (La Nacion). [PE-Latam 2026-08-24: Start_Date corregido de '2012-06-29' a '2012-06-28' (COLT tenia razon). Fuente: https://www.sitioandino.com.ar/politica/cuando-mujica-visito-mendoza-cumbre-presidentes-distincion-academica-y-un-cuadro-al-vino-n5699269] [PE-Latam 2026-08-24: Duration_Days corregido de '1' a '2' (COLT tenia razon). Fuente: https://www.sitioandino.com.ar/politica/cuando-mujica-visito-mendoza-cumbre-presidentes-distincion-academica-y-un-cuadro-al-vino-n5699269],Comercio/Integración Económica,Verificada-URL,NA,NA,NA,NA,NA,NA,NA,NA,NA
URU-JM-J009,67,José Mujica,Uruguay,Completed,2012-06-20,2012-06-22,3,Brazil,South America,Rio de Janeiro,Multilateral,Global Forum,NA,Conferencia ONU Desarrollo Sostenible (Río+20),NA,Discurso celebre contra el hiperconsumismo.,https://www.gub.uy/presidencia/comunicacion/audios/completos/presidente-jose-mujica-cumbre-rio20,High,Intervencion el 20-jun-2012.,Medio Ambiente/Clima,Verificada-URL,NA,NA,NA,NA,NA,NA,NA,NA,NA
URU-JM-J010,68,José Mujica,Uruguay,Completed,2012-07-31,2012-07-31,1,Brazil,South America,Brasilia,Multilateral,Regional Summit,NA,Reunión Extraordinaria CMC / Cumbre MERCOSUR,NA,Incorporacion plena de Venezuela al MERCOSUR.,https://legislativo.parlamento.gub.uy/temporales/20120726S0030_SSN2340038.html,High,VENIA parlamentaria (sesion 26-jul-2012). [PE-Latam 2026-08-24: Start_Date corregido de '2012-07-30' a '2012-07-31' (COLT tenia razon). Fuente: https://www.diariodecuyo.com.ar/politica/Cumbre-en-Brasilia-de-los-presidentes-del-Mercosur-20120731-0025.html ; cancilleria.gob.ar] [PE-Latam 2026-08-24: Duration_Days corregido de '2' a '1' (COLT tenia razon). Fuente: https://www.diariodecuyo.com.ar/politica/Cumbre-en-Brasilia-de-los-presidentes-del-Mercosur-20120731-0025.html],Comercio/Integración Económica,Verificada-URL,NA,NA,NA,NA,NA,NA,NA,NA,NA
URU-JM-J011,69,José Mujica,Uruguay,Completed,2012-12-06,2012-12-07,2,Brazil,South America,Brasilia,Multilateral,Regional Summit,NA,XLIV Reunión del CMC / Cumbre MERCOSUR,NA,Cumbre semestral de jefes de Estado del MERCOSUR.,https://legislativo.parlamento.gub.uy/temporales/20121127S0055_SSN5157774.html,High,VENIA parlamentaria (sesion 27-nov-2012).,Comercio/Integración Económica,Verificada-URL,NA,NA,NA,NA,NA,NA,NA,NA,NA
URU-JM-J012,70,José Mujica,Uruguay,Completed,2013-01-26,2013-01-28,3,Chile,South America,Santiago,Multilateral,Regional Summit,NA,I Cumbre CELAC-UE y I Cumbre CELAC,NA,Participar en ambas cumbres.,https://www.elobservador.com.uy/nota/mujica-viaja-a-chile-para-participar-de-dos-cumbres--201312316240,High,Cumbre CELAC-UE 26-27 ene; CELAC 27-28 ene.,Cooperación Política General,Verificada-URL,NA,NA,NA,NA,NA,NA,NA,NA,NA
URU-JM-J013,71,José Mujica,Uruguay,Completed,2013-03-06,2013-03-08,3,Venezuela,South America,Caracas,Multilateral,Inauguration/Funeral,NA,Funeral de Estado de Hugo Chávez,NA,Asistir a las exequias de Chavez.,https://cnnespanol.cnn.com/2013/03/06/comienzan-actos-funebres-en-honor-a-hugo-chavez-en-venezuela,High,Llego a Caracas la madrugada del 6-mar junto a Cristina Fernandez.,Cooperación Política General,Verificada-URL,NA,NA,NA,NA,NA,NA,NA,NA,NA
URU-JM-J014,72,José Mujica,Uruguay,Completed,2013-05-24,2013-05-28,5,China,Asia-Pacific,Beijing,Bilateral,State Visit,TRUE,Xi Jinping,Jefe de Estado/Gobierno,Visita de Estado; firma de 7 acuerdos; feria CIFTIS.,https://www.gub.uy/presidencia/comunicacion/noticias/visita-mujica-china-buscara-fortalecer-intercambio-bilateral-atraer,High,Talks con Xi el 27-may-2013; gira multi-pais.,NA,Verificada-URL,NA,NA,NA,NA,NA,NA,NA,NA,NA
URU-JM-J014,73,José Mujica,Uruguay,Completed,2013-05-28,2013-06-06,10,Spain,Europe,Madrid,Bilateral,Working Visit,TRUE,Rey Juan Carlos / Mariano Rajoy,Jefe de Estado/Gobierno,"Madrid, Cadiz y Bilbao; agenda comercial y politica.",https://www.subrayado.com.uy/vuelve-mujica-su-gira-china-espana-y-el-vaticano-n24106,High,"Tramo Vaticano/Napoles/Roma suspendido (dia trip a Vaticano el 1-jun si ocurrio, retorno a Espania mismo dia). QA-R4 2026-07-26: End_Date corregido de 2013-06-02 a 2013-06-06 y Duration_Days de 6 a 10; la propia fuente (subrayado.com.uy, publicada 5-jun-2013 22:30hs) indica que Mujica arribaria a Montevideo 'este jueves' (=6-jun-2013), no el 2-jun.",NA,Verificada-URL,NA,NA,NA,NA,NA,NA,NA,NA,NA
URU-JM-J015,74,José Mujica,Uruguay,Completed,2013-08-15,2013-08-15,1,Paraguay,South America,Asunción,Multilateral,Inauguration/Funeral,NA,Asunción de Horacio Cartes,NA,Asistir a la investidura de Cartes.,https://www.gub.uy/presidencia/comunicacion/noticias/mujica-partio-hacia-paraguay-para-asistir-asuncion-nuevas-autoridades,High,Partio en la madrugada del 15-ago-2013.,Cooperación Política General,Verificada-URL,NA,NA,NA,NA,NA,NA,NA,NA,NA
URU-JM-J016,75,José Mujica,Uruguay,Completed,2013-09-24,2013-09-24,1,United States,North America,New York,Multilateral,Global Forum,NA,68º período de sesiones de la AGNU,NA,Discurso 'Soy del Sur' ante la Asamblea General.,https://www.swissinfo.ch/spa/soy-del-sur:-el-recordado-discurso-ante-la-onu-en-el-que-mujica-llam%C3%B3-a-%22salvar-la-vida%22/90038419,High,Unico anio que Mujica hablo en la ONU; discurso el 24-sep.,Cooperación Política General,Verificada-URL,NA,NA,NA,NA,NA,NA,NA,NA,NA
URU-JM-J017,76,José Mujica,Uruguay,Completed,2014-01-28,2014-01-29,2,Cuba,Caribbean,Havana,Multilateral,Regional Summit,TRUE,II Cumbre de la CELAC,NA,Cumbre; encuentro con Fidel Castro y con negociadores de paz colombianos.,http://www.cubadebate.cu/noticias/2014/01/29/fraternal-encuentro-de-fidel-con-evo-correa-y-daniel-fotos/,High,Reunion con Fidel Castro confirmada.,Cooperación Política General,Verificada-URL,NA,NA,NA,NA,NA,NA,NA,NA,NA
URU-JM-J018,77,José Mujica,Uruguay,Completed,2014-03-11,2014-03-12,2,Chile,South America,Santiago,Multilateral,Inauguration/Funeral,TRUE,Asunción de Michelle Bachelet,NA,Investidura de Bachelet; seminario CEPAL sobre desigualdad.,https://www.gub.uy/presidencia/comunicacion/noticias/presidente-mujica-cerro-su-visita-chile-seminario-junto-michelle-bachelet,High,Ceremonia en Valparaiso; seminario con Bachelet el dia siguiente.,Cooperación Política General,Verificada-URL,NA,NA,NA,NA,NA,NA,NA,NA,NA
URU-JM-J019,78,José Mujica,Uruguay,Completed,2014-05-11,2014-05-15,5,United States,North America,Washington,Bilateral,Working Visit,TRUE,Barack Obama (Salón Oval),Jefe de Estado/Gobierno,"Guantanamo, comercio, DDHH; diserto en American University, BID y OEA.",https://legislativo.parlamento.gub.uy/temporales/20140506S0012_SSN2279983.html,High,VENIA (sesion 6-may-2014); encuentro con Obama el 12-may.,NA,Verificada-URL,NA,NA,NA,NA,NA,NA,NA,NA,NA
URU-JM-J020,79,José Mujica,Uruguay,Completed,2014-07-18,2014-07-19,2,Paraguay,South America,Asunción,Bilateral,State Visit,TRUE,Horacio Cartes,Jefe de Estado/Gobierno,"Hidrovia, puertos y puerto de aguas profundas; discurso sobre la Triple Alianza.",https://www.gub.uy/presidencia/comunicacion/videos/visita-oficial-mujica-paraguay,High,Se concreto la visita anunciada por Cartes en 2013.,NA,Verificada-URL,NA,NA,NA,NA,NA,NA,NA,NA,NA
URU-JM-J021,80,José Mujica,Uruguay,Completed,2014-07-29,2014-07-29,1,Venezuela,South America,Caracas,Multilateral,Regional Summit,NA,XLVI Reunión del CMC / Cumbre MERCOSUR,NA,Cumbre semestral; discurso 'Necesitamos al MERCOSUR como al pan'.,https://albaciudad.org/2014/07/en-video-el-impactante-discurso-de-jose-pepe-mujica-en-la-cumbre-de-mercosur/,Medium,Confirmado por Parlamento MERCOSUR y prensa.,Comercio/Integración Económica,Verificada-URL,NA,NA,NA,NA,NA,NA,NA,NA,NA
URU-JM-J022,81,José Mujica,Uruguay,Completed,2014-12-16,2014-12-17,2,Argentina,South America,Parana,Multilateral,Regional Summit,NA,47ª Cumbre del MERCOSUR,NA,Cumbre de despedida; traspaso de presidencia pro tempore.,https://www.elonce.com/internacionales/discurso-de-mujica-en-la-cumbre-del-mercosur-realizada-en-parana-soy-apenas-un-luchador-social.htm,Medium,Confirmado por Parlamento MERCOSUR; discurso de despedida.,Comercio/Integración Económica,Verificada-URL,NA,NA,NA,NA,NA,NA,NA,NA,NA
URU-JM-J023,82,José Mujica,Uruguay,Completed,2014-12-08,2014-12-09,2,Mexico,North America,Veracruz,Multilateral,Regional Summit,NA,XXIV Cumbre Iberoamericana,NA,Participacion en la cumbre; actividades en Guadalajara (FIL).,https://segib.org/es/cumbre/xxiv-cumbre-iberoamericana/,High,"QA-R4 2026-07-26: presencia de Mujica CONFIRMADA (video oficial de su discurso en la XXIV Cumbre Iberoamericana de Veracruz; corroborado tambien por politica.expansion.mx, que fecha su participacion el 8-9 dic 2014). Se retira el flag FUENTE-DEBIL, sin cambios de valores.",Cooperación Política General,Verificada-URL,NA,NA,NA,NA,NA,NA,NA,NA,NA
URU-JM-J024,83,José Mujica,Uruguay,Canceled,2012-11-01,NA,NA,Spain,Europe,Madrid,Bilateral,Transit/Medical,NA,Viaje oficial a España,Jefe de Estado/Gobierno,Objetivo: agenda oficial en Espania. Cancelacion: aparicion de coagulo en pierna derecha (compromiso venoso cronico).,https://cnnespanol.cnn.com/2025/05/13/latinoamerica/pepe-mujica-problemas-salud-orix,High,Fecha exacta desconocida (nov-2012); Start_Date estimada.,NA,Verificada-URL,NA,NA,NA,NA,NA,NA,NA,NA,NA
URU-JM-J025,84,José Mujica,Uruguay,Canceled,2013-06-01,NA,NA,Italy,Europe,Rome,Bilateral,Transit/Medical,NA,Visita de Estado a Italia,Jefe de Estado/Gobierno,Objetivo: visita de Estado (tramo final gira China-Espania). Cancelacion: recomendacion medica de reposo.,https://www.infobae.com/america/agencias/2025/05/13/biografia-de-pepe-mujica/,High,Fecha exacta desconocida (jun-2013); Start_Date estimada.,NA,Verificada-URL,NA,NA,NA,NA,NA,NA,NA,NA,NA
URU-TV2-J001,85,Tabaré Vázquez,Uruguay,Completed,2015-04-10,2015-04-11,2,Panama,Central America,Panama City,Multilateral,Regional Summit,TRUE,VII Cumbre de las Américas,NA,Primer foro internacional del mandato; contactos con Obama y Maduro.,https://www.oas.org/es/centro_noticias/comunicado_prensa.asp?sCodigo=C-131/15,High,NA,Cooperación Política General,Verificada-URL,NA,NA,NA,NA,NA,NA,NA,NA,NA
URU-TV2-J002,86,Tabaré Vázquez,Uruguay,Completed,2015-05-19,2015-05-21,3,Brazil,South America,Brasilia,Bilateral,State Visit,NA,Dilma Rousseff,Jefe de Estado/Gobierno,Primera visita bilateral del mandato; integracion Brasil-Uruguay y agenda MERCOSUR-UE.,https://www.gov.br/mre/en/contact-us/press-area/press-releases/joint-presidential-statement-state-visit-of-the-president-of-uruguay-tabare-vazquez-to-brazil-brasilia-may-21-2015,High,NA [PE-Latam 2026-08-24: Start_Date corregido de '2015-05-21' a '2015-05-19' (COLT tenia razon). Fuente: https://www.gettyimages.com/license/474237646] [PE-Latam 2026-08-24: Duration_Days corregido de '1' a '3' (COLT tenia razon). Fuente: https://www.gettyimages.com/license/474237646],NA,Verificada-URL,NA,NA,NA,NA,NA,NA,NA,NA,NA
URU-TV2-J003,87,Tabaré Vázquez,Uruguay,Completed,2015-07-16,2015-07-17,2,Brazil,South America,Brasilia,Multilateral,Regional Summit,TRUE,48ª Cumbre del MERCOSUR,NA,Cumbre semestral MERCOSUR; bilateral con Maduro por acuerdo de exportacion de alimentos.,https://www.celag.org/cumbre-del-mercosur-en-brasilia-informe/,High,NA,Comercio/Integración Económica,Verificada-URL,NA,NA,NA,NA,NA,NA,NA,NA,NA
URU-TV2-J004,88,Tabaré Vázquez,Uruguay,Completed,2015-09-21,2015-09-21,1,Ecuador,South America,Quito,Multilateral,Global Forum,TRUE,Mediación UNASUR crisis Colombia-Venezuela,NA,"Como presidente pro tempore de UNASUR, mediar en la crisis fronteriza Colombia-Venezuela.",https://www.presidencia.gob.ec/tabare-vazquez-arribo-a-quito-para-la-reunion-con-presidentes-de-colombia-y-venezuela/,High,"Fecha estimada; reportado por El Tiempo, no verificado en fuente primaria; posible confusion con AGNU. CONFIRMAR. NOTA 2026-07-21: fuente oficial (Presidencia de Ecuador, 21-sep-2015) confirma que Vazquez arribo a Quito el 21-sep-2015 (no el 1-sep como figuraba); reunion Santos-Maduro-Correa-Vazquez el mismo dia. Se corrige Start_Date/End_Date/Duration_Days.",Cooperación Política General,Verificada-URL,NA,NA,NA,NA,NA,NA,NA,NA,NA
URU-TV2-J005,89,Tabaré Vázquez,Uruguay,Completed,2015-09-25,2015-09-28,4,United States,North America,New York,Multilateral,Global Forum,TRUE,70ª Asamblea General de la ONU,NA,70ª AGNU y Cumbre de Operaciones de Paz; reunion bilateral con Obama (28-sep).,https://www.gub.uy/presidencia/comunicacion/noticias/vazquez-partio-hacia-nueva-york-para-participar-70a-asamblea-general-onu,High,Fechas de estadia estimadas; reunion con Obama confirmada 28-sep-2015.,Cooperación Política General,Verificada-URL,NA,NA,NA,NA,NA,NA,NA,NA,NA
URU-TV2-J006,90,Tabaré Vázquez,Uruguay,Completed,2015-12-10,2015-12-10,1,Argentina,South America,Buenos Aires,Multilateral,Inauguration/Funeral,NA,Asunción de Mauricio Macri,NA,Asistir a la investidura de Macri; regreso inmediato a Montevideo.,https://www.gub.uy/presidencia/comunicacion/noticias/vazquez-asistio-acto-asuncion-macri-presidente-argentina,High,NA,Cooperación Política General,Verificada-URL,NA,NA,NA,NA,NA,NA,NA,NA,NA
URU-TV2-J007,91,Tabaré Vázquez,Uruguay,Completed,2016-09-19,2016-09-21,3,United States,North America,New York,Multilateral,Global Forum,NA,71ª Asamblea General de la ONU,NA,"Disertar en la 71ª AGNU; alianza mundial por la salud, politica antitabaco y Acuerdo de Paris.",https://www.gub.uy/presidencia/comunicacion/videos/discurso-del-presidente-tabare-vazquez-ante-asamblea-general-naciones-unidas,High,Discurso confirmado 20-sep-2016.,Cooperación Política General,Verificada-URL,NA,NA,NA,NA,NA,NA,NA,NA,NA
URU-TV2-J008,92,Tabaré Vázquez,Uruguay,Completed,2016-10-10,2016-10-20,11,China,Asia-Pacific,Beijing,Bilateral,State Visit,NA,Xi Jinping,Jefe de Estado/Gobierno,Visita de Estado; Asociacion Estrategica y lanzamiento de negociaciones TLC; Cumbre Empresarial China-LAC en Tangshan.,https://www.uruguayxxi.gub.uy/en/news/article/uruguay-xxi-acompana-mision-oficial-a-china-encabezada-por-el-sr-presidente-de-la-republica/,High,"Gira multiciudad: Beijing, Tangshan, Guangzhou; reunion Xi 18-oct-2016.",NA,Verificada-URL,NA,NA,NA,NA,NA,NA,NA,NA,NA
URU-TV2-J009,93,Tabaré Vázquez,Uruguay,Completed,2017-05-31,2017-06-01,2,Egypt,Africa,Cairo,Multilateral,Global Forum,NA,Escala oficial en El Cairo,NA,Escala oficial en El Cairo previa a la gira europea; relaciones con el mundo arabe.,https://www.gub.uy/presidencia/comunicacion/noticias/presidente-vazquez-comenzo-gira-oficial-austria-egipto-suiza,High,"Fecha estimada; reportado por La Diaria como parte de la gira Egipto-Suiza; CONFIRMAR. NOTA 2026-07-21: itinerario oficial de la gira (gub.uy, 28-may-2017) ubica la llegada a El Cairo el miercoles 31-may-2017 (no el 1-jun) y reuniones adicionales el jueves 1-jun; se corrige Start_Date de 01-jun a 31-may y Duration_Days de 1 a 2. HALLAZGO: la gira completa fue Austria-Egipto-Suiza (Viena/OIEA el 30-may no cargado como tramo propio en este Journey_ID; candidato a alta futura).",Cooperación Política General,Verificada-URL,NA,NA,NA,NA,NA,NA,NA,NA,NA
URU-TV2-J009,94,Tabaré Vázquez,Uruguay,Completed,2017-06-03,2017-06-06,4,Switzerland,Europe,Geneva,Multilateral,Global Forum,TRUE,106ª Conferencia Internacional del Trabajo (OIT),NA,Discurso ante la 106ª CIT de la OIT (5-jun); reuniones con Guy Ryder (OIT) y Tedros (OMS).,https://www.gub.uy/presidencia/comunicacion/noticias/presidente-vazquez-comenzo-gira-oficial-austria-egipto-suiza,High,Fechas de estadia estimadas; discurso confirmado 5-jun-2017; misma gira que Egipto.,Cooperación Política General,Verificada-URL,NA,NA,NA,NA,NA,NA,NA,NA,NA
URU-TV2-J010,95,Tabaré Vázquez,Uruguay,Completed,2017-07-21,2017-07-21,1,Argentina,South America,Mendoza,Multilateral,Regional Summit,TRUE,Cumbre del MERCOSUR,NA,Cumbre semestral MERCOSUR; discurso por 'sinceramiento' del bloque; bilateral con Macri; Honoris Causa UNCuyo.,https://www.infobae.com/politica/2017/07/21/cumbre-del-mercosur-mauricio-macri-se-reunion-con-tabare-vazquez-y-evo-morales-antes-de-la-apertura-oficial/,High,NA,Comercio/Integración Económica,Verificada-URL,NA,NA,NA,NA,NA,NA,NA,NA,NA
URU-TV2-J011,96,Tabaré Vázquez,Uruguay,Completed,2017-11-14,2017-11-15,2,Mexico,North America,Mexico City,Bilateral,State Visit,NA,Enrique Peña Nieto,Jefe de Estado/Gobierno,"Visita Oficial; firma de instrumentos aduaneros, academico-diplomaticos y de innovacion; Orden del Aguila Azteca.",https://www.gob.mx/epn/articulos/visita-oficial-del-presidente-de-la-republica-oriental-del-uruguay-tabare-vazquez,High,Visita de un dia; posible llegada la vispera. QA-R5 2026-07-26: fuente confirma visita oficial 14-15 nov 2017 (no un solo dia); se corrige End_Date de 14-nov a 15-nov y Duration_Days de 1 a 2.,NA,Verificada-URL,NA,NA,NA,NA,NA,NA,NA,NA,NA
URU-TV2-J012,97,Tabaré Vázquez,Uruguay,Completed,2018-04-13,2018-04-14,3,Peru,South America,Lima,Multilateral,Regional Summit,TRUE,VIII Cumbre de las Américas,NA,"VIII Cumbre de las Americas; bilaterales con Temer, Macri, Pena Nieto y Alvarado.",https://www.subrayado.com.uy/vazquez-se-reunio-temer-y-hay-compromiso-mejorar-la-seguridad-el-chuy-n502588,High,Arribo la noche del 13-abr; no hablo en plenaria. [PE-Latam 2026-08-24: Duration_Days corregido de '2' a '3' (COLT tenia razon). Fuente: https://advance-lexis-com.du.idm.oclc.org/api/permalink/f5347285-215f-4ff8-afcc-4bd3165f2ae0/?context=1516831],Cooperación Política General,Verificada-URL,NA,NA,NA,NA,NA,NA,NA,NA,NA
URU-TV2-J013,98,Tabaré Vázquez,Uruguay,Completed,2019-01-01,2019-01-01,1,Brazil,South America,Brasilia,Multilateral,Inauguration/Funeral,NA,Asunción de Jair Bolsonaro,NA,Asistir a la investidura de Bolsonaro; viajo por la maniana y regreso por la noche; entre 10 jefes de Estado.,https://www.elobservador.com.uy/nota/tabare-vazquez-uno-de-los-10-mandatarios-que-asistieron-a-la-asuncion-de-bolsonaro-20191117368,High,NA,Cooperación Política General,Verificada-URL,NA,NA,NA,NA,NA,NA,NA,NA,NA
URU-TV2-J014,99,Tabaré Vázquez,Uruguay,Canceled,2019-09-30,NA,NA,United States,North America,New York,Multilateral,Global Forum,NA,74ª Asamblea General de la ONU,NA,Objetivo: disertar en la 74ª AGNU. Cancelacion: delego en el canciller Nin Novoa por el tratamiento de su cancer de pulmon.,https://www.elobservador.com.uy/nota/tabare-vazquez-termino-la-radioterapia-contra-el-cancer-de-pulmon-2019920141425,High,"Fecha estimada; delegacion formal en canciller; Nin Novoa anuncio alli la salida del TIAR. QA-R5 2026-07-26: se corrige Start_Date de 01-sep a 30-sep-2019 (fecha real de la intervencion de Nin Novoa en el Debate General de la 74a AGNU, confirmada por fuentes de prensa).",Cooperación Política General,Verificada-URL,NA,NA,NA,NA,NA,NA,NA,NA,NA
URU-TV2-J015,100,Tabaré Vázquez,Uruguay,Completed,2019-12-10,2019-12-10,1,Argentina,South America,Buenos Aires,Multilateral,Inauguration/Funeral,NA,Asunción de Alberto Fernández,NA,Asistir a la investidura de Alberto Fernandez; viajo con el presidente electo Lacalle Pou; uno de sus ultimos viajes.,https://www.montevideo.com.uy/Noticias/Lacalle-Pou-y-Tabare-Vazquez-viajaron-juntos-a-la-asuncion-de-Alberto-Fernandez-uc738164,High,NA,Cooperación Política General,Verificada-URL,NA,NA,NA,NA,NA,NA,NA,NA,NA
URU-LLP-J001,101,Luis Lacalle Pou,Uruguay,Completed,2021-02-03,2021-02-03,1,Brazil,South America,Brasilia,Bilateral,Working Visit,NA,Jair Bolsonaro,Jefe de Estado/Gobierno,Primer viaje del mandato; agenda bilateral comercio MERCOSUR y pandemia.,https://www.infobae.com/america/agencias/2021/02/03/lacalle-pou-visita-brasil-en-su-primer-viaje-al-exterior-como-presidente/,High,Viaje en el dia (<48h); primer viaje tras el vacio pandemico.,NA,Verificada-URL,NA,NA,NA,NA,NA,NA,NA,NA,NA
URU-LLP-J002,102,Luis Lacalle Pou,Uruguay,Completed,2021-08-13,2021-08-14,2,Argentina,South America,Buenos Aires,Bilateral,Working Visit,NA,Alberto Fernández,Jefe de Estado/Gobierno,Encuentro bilateral con el presidente argentino.,https://www.montevideo.com.uy/Noticias/Lacalle-Pou-llego-a-Argentina-para-reunirse-con-Alberto-Fernandez-uc795068,High,"QA-R5 2026-07-26: fuente Wikipedia sin fecha reemplazada por fuente real (Montevideo Portal, 13-ago-2021): Lacalle Pou arribo a Buenos Aires el viernes 13-ago-2021, cena con Fernandez en Olivos esa noche, regreso previsto la madrugada del sabado 14-ago. Se completan Start_Date/End_Date/Duration_Days y se sube Source_Reliability de Low a High.",NA,Verificada-URL,NA,NA,NA,NA,NA,NA,NA,NA,NA
URU-LLP-J003,103,Luis Lacalle Pou,Uruguay,Completed,2021-09-16,2021-09-18,3,Mexico,North America,Mexico City,Multilateral,Regional Summit,NA,VI Cumbre CELAC,NA,Participacion en la Cumbre CELAC.,https://ladiaria.com.uy/politica/articulo/2021/9/lacalle-pou-viajara-este-jueves-a-mexico-y-luego-a-estados-unidos-para-participar-de-dos-cumbres-internacionales/,High,Fechas estimadas dentro de la gira.,Cooperación Política General,Verificada-URL,NA,NA,NA,NA,NA,NA,NA,NA,NA
URU-LLP-J003,104,Luis Lacalle Pou,Uruguay,Completed,2021-09-20,2021-09-24,5,United States,North America,New York,Multilateral,Global Forum,TRUE,76ª Asamblea General ONU,NA,Discurso en la AGNU 76; reunion bilateral con John Kerry.,https://www.gub.uy/presidencia/comunicacion/noticias/presidente-lacalle-pou-regreso-uruguay-tras-gira-oficial-mexico-estados,High,Misma gira que Mexico; fechas estimadas.,Cooperación Política General,Verificada-URL,NA,NA,NA,NA,NA,NA,NA,NA,NA
URU-LLP-J004,105,Luis Lacalle Pou,Uruguay,Completed,2021-12-12,2021-12-13,2,Qatar,Middle East,Doha,Bilateral,Working Visit,NA,Emir Tamim bin Hamad Al Thani,Jefe de Estado/Gobierno,Apertura comercial hacia Oriente Medio.,https://www.montevideo.com.uy/Noticias/El-cuarto-viaje-de-Luis-Lacalle-Pou-como-presidente-de-Uruguay-sera-a-Qatar-uc803211,High,NA,NA,Verificada-URL,NA,NA,NA,NA,NA,NA,NA,NA,NA
URU-LLP-J006,107,Luis Lacalle Pou,Uruguay,Completed,2021-12-23,2021-12-26,4,Democratic Republic of the Congo,Africa,Goma,Other,Working Visit,NA,Contingente uruguayo MONUSCO,NA,Navidad con el contingente uruguayo de cascos azules.,https://mediospublicos.uy/lacalle-pou-viaja-al-congo-desde-el-23-al-26-de-diciembre/,High,NA,NA,Verificada-URL,NA,NA,NA,NA,NA,NA,NA,NA,NA
URU-LLP-J007,108,Luis Lacalle Pou,Uruguay,Completed,2022-02-18,2022-02-23,6,United Arab Emirates,Middle East,Dubai,Multilateral,Global Forum,NA,Día Nacional en Expo 2020 Dubái,NA,Promocion comercial; contactos con empresas y autoridades.,https://www.subrayado.com.uy/lacalle-pou-viajo-dubai-junto-ministros-y-empresarios-n840128,Medium,"QA-R5 2026-07-26: la fuente indica partida el viernes 18-feb-2022, Dia de Uruguay en Expo Dubai el lunes 21-feb y regreso de la delegacion el 23-feb; se corrige Start_Date de 20-feb a 18-feb, End_Date de 22-feb a 23-feb y Duration_Days de 3 a 6.",Comercio/Integración Económica,Verificada-URL,NA,NA,NA,NA,NA,NA,NA,NA,NA
URU-LLP-J008,109,Luis Lacalle Pou,Uruguay,Completed,2022-03-10,2022-03-11,2,Chile,South America,Santiago,Multilateral,Inauguration/Funeral,NA,Asunción de Gabriel Boric,NA,Asistencia a la investidura presidencial.,https://www.subrayado.com.uy/lacalle-pou-viajara-chile-la-asuncion-gabriel-boric-n836929,High,NA [PE-Latam 2026-08-24: Start_Date corregido de '2022-03-11' a '2022-03-10' (COLT tenia razon). Fuente: https://www.subrayado.com.uy/lacalle-pou-esta-chile-la-asuncion-gabriel-boric-como-presidente-n847416 ; https://en.mercopress.com/2022/03/10/uruguayan] [PE-Latam 2026-08-24: Duration_Days corregido de '1' a '2' (COLT tenia razon). Fuente: https://www.subrayado.com.uy/lacalle-pou-esta-chile-la-asuncion-gabriel-boric-como-presidente-n847416],Cooperación Política General,Verificada-URL,NA,NA,NA,NA,NA,NA,NA,NA,NA
URU-LLP-J009,110,Luis Lacalle Pou,Uruguay,Completed,2022-05-13,2022-05-15,3,Paraguay,South America,Asunción,Bilateral,Working Visit,NA,Mario Abdo Benítez,Jefe de Estado/Gobierno,211º aniversario de la independencia; bilateral; MERCOSUR y crimen organizado.,https://www.subrayado.com.uy/mercosur-comercio-bilateral-y-crimen-organizado-la-agenda-lacalle-pou-y-abdo-benitez-n868065,High,Venia del Senado aprobada 10-may-2022.,NA,Verificada-URL,NA,NA,NA,NA,NA,NA,NA,NA,NA
URU-LLP-J010,111,Luis Lacalle Pou,Uruguay,Completed,2022-05-21,2022-05-24,4,United Kingdom,Europe,London,Bilateral,State Visit,NA,Boris Johnson / Príncipe Carlos,Jefe de Estado/Gobierno,Primera visita a Europa; comercio e inversiones.,https://en.mercopress.com/2022/05/22/president-of-uruguay-left-for-the-uk-on-his-first-visit-to-europe-will-meet-with-prince-charles-boris-johnson,High,"QA-R5 2026-07-26: la fuente indica explicitamente que la visita ""will last until May 24""; se corrige End_Date de 25-may a 24-may y Duration_Days de 5 a 4.",NA,Verificada-URL,NA,NA,NA,NA,NA,NA,NA,NA,NA
URU-LLP-J011,112,Luis Lacalle Pou,Uruguay,Completed,2022-06-30,2022-07-03,5,Colombia,South America,Bogotá,Bilateral,Working Visit,NA,Iván Duque,Jefe de Estado/Gobierno,Bilateral; suscripcion de acuerdos.,https://en.mercopress.com/2022/07/01/lacalle-arrives-in-colombia-to-meet-duque-but-not-petro,High,"QA-R5 2026-07-26: la fuente dice que aterrizo ""late Thursday"" (30-jun-2022) en Bogota; prensa complementaria (Infobae) confirma firma del tratado el viernes 1-jul en Cartagena y regreso a Uruguay el domingo 3-jul. Se corrige Start_Date de 01-jul a 30-jun, End_Date de 02-jul a 03-jul y Duration_Days de 2 a 4. [PE-Latam 2026-08-24: Duration_Days corregido de '4' a '5' (COLT tenia razon). Fuente: https://www.subrayado.com.uy/regreso-lacalle-pou-su-visita-colombia-y-la-reunion-ivan-duque-n873027]",NA,Verificada-URL,NA,NA,NA,NA,NA,NA,NA,NA,NA
URU-LLP-J012,113,Luis Lacalle Pou,Uruguay,Completed,2022-10-27,2022-10-29,3,Japan,Asia-Pacific,Tokyo,Bilateral,State Visit,NA,Fumio Kishida / Emperador Naruhito,Jefe de Estado/Gobierno,Comercio e inversiones; exportacion de carne; consulta CPTPP.,https://www.uy.emb-japan.go.jp/itpr_ja/11_000001_00246.html,High,Solicito venia al Senado por 25-31-oct-2022.,NA,Verificada-URL,NA,NA,NA,NA,NA,NA,NA,NA,NA
URU-LLP-J013,114,Luis Lacalle Pou,Uruguay,Completed,2023-01-01,2023-01-01,1,Brazil,South America,Brasilia,Multilateral,Inauguration/Funeral,NA,Asunción de Lula da Silva,NA,Asistencia a la investidura presidencial.,https://www.elpais.com.uy/informacion/politica/asumio-lula-da-silva-en-brasil-y-lacalle-pou-lo-invito-a-visitar-uruguay-a-fines-de-enero,High,NA,Cooperación Política General,Verificada-URL,NA,NA,NA,NA,NA,NA,NA,NA,NA
URU-LLP-J014,115,Luis Lacalle Pou,Uruguay,Completed,2023-01-24,2023-01-24,1,Argentina,South America,Buenos Aires,Multilateral,Regional Summit,NA,VII Cumbre CELAC,NA,Participacion en la Cumbre CELAC.,https://mediospublicos.uy/transmision-en-vivo-lacalle-pou-participa-de-la-cumbre-de-la-celac/,High,NA,Cooperación Política General,Verificada-URL,NA,NA,NA,NA,NA,NA,NA,NA,NA
URU-LLP-J015,116,Luis Lacalle Pou,Uruguay,Completed,2023-03-23,2023-03-29,6,Dominican Republic,Caribbean,Santo Domingo,Multilateral,Regional Summit,TRUE,XXVIII Cumbre Iberoamericana,NA,Cumbre; reuniones con Boric y el Rey Felipe VI.,https://www.teledoce.com/telemundo/nacionales/lacalle-en-republica-dominicana-se-reunio-con-boric-y-hablaron-del-mundial-2030-tambien-se-encontro-con-el-rey-felipe-vi/,High,"QA-R5 2026-07-26: la propia fuente contradice la fecha de fin al leerla completa: dice explicitamente ""El presidente tiene previsto su regreso a Uruguay el proximo miercoles"" (29-mar-2023), aunque la cumbre presidencial fue el sabado 25-mar. Se corrige End_Date de 25-mar a 29-mar y Duration_Days de 2 a 6. [PE-Latam 2026-08-24: Start_Date corregido de '2023-03-24' a '2023-03-23' (COLT tenia razon). Fuente: https://970universal.com/2023/03/23/lacalle-viajo-a-republica-dominicana-para-participar-en-cumbre-iberoamericana/ ; https://www.abc.com.py/internacio]",Cooperación Política General,Verificada-URL,NA,NA,NA,NA,NA,NA,NA,NA,NA
URU-LLP-J016,117,Luis Lacalle Pou,Uruguay,Completed,2023-05-30,2023-05-30,1,Brazil,South America,Brasilia,Multilateral,Regional Summit,NA,Cumbre de presidentes sudamericanos,NA,Reunion de presidentes de America del Sur.,https://www.elobservador.com.uy/nota/gobierno-vuelve-de-brasil-satisfecho-por-cumbre-que-termino-con-una-declaracion-aceptable--20235302170,Medium,NA,Cooperación Política General,Verificada-URL,NA,NA,NA,NA,NA,NA,NA,NA,NA
URU-LLP-J017,118,Luis Lacalle Pou,Uruguay,Completed,2023-06-12,2023-06-15,4,United States,North America,New York / Washington,Bilateral,Working Visit,TRUE,Council of the Americas / Joe Biden,Jefe de Estado/Gobierno,Recibe insignia AS/COA; Biden lo recibio en la Casa Blanca.,https://www.teledoce.com/telemundo/nacionales/biden-aplaudio-defensa-de-lacalle-de-libertades-en-venezuela-presidentes-exploraron-formas-de-expandir-la-relacion-economica-bilateral/,High,"Journey multi-ciudad (NY + Washington); fechas estimadas. QA-R5 2026-07-26: la fuente indica que viajo el domingo 11-jun de noche (llegada 12-jun), reunion con Biden el martes 13-jun, y ""esta previsto que regrese este jueves"" (15-jun, con la vicepresidenta Argimon a cargo del Ejecutivo mientras tanto). Se corrige End_Date de 13-jun a 15-jun y Duration_Days de 2 a 4.",NA,Verificada-URL,NA,NA,NA,NA,NA,NA,NA,NA,NA
URU-LLP-J018,119,Luis Lacalle Pou,Uruguay,Completed,2023-07-03,2023-07-04,2,Argentina,South America,Puerto Iguazú,Multilateral,Regional Summit,NA,Cumbre de presidentes del MERCOSUR,NA,Cumbre semestral del MERCOSUR.,https://www.elobservador.com.uy/nota/lacalle-pou-viajara-este-lunes-a-argentina-para-una-nueva-cumbre-del-mercosur-202372173046,High,Fechas estimadas.,Comercio/Integración Económica,Verificada-URL,NA,NA,NA,NA,NA,NA,NA,NA,NA
URU-LLP-J019,120,Luis Lacalle Pou,Uruguay,Completed,2023-07-16,2023-07-18,3,Belgium,Europe,Brussels,Multilateral,Regional Summit,NA,Cumbre CELAC-UE / MERCOSUR-UE,NA,Impulso al acuerdo MERCOSUR-UE.,https://en.mercopress.com/2023/07/18/lacalle-pou-urges-swift-action-on-eu-mercosur-agreement-enough-of-25-years-of-negotiations,High,NA [PE-Latam 2026-08-24: Start_Date corregido de '2023-07-17' a '2023-07-16' (COLT tenia razon). Fuente: https://www.ambito.com/uruguay/el-presidente-luis-lacalle-pou-se-reunio-su-par-chileno... ; https://diariodecuyo.com.ar/argentina/El-Presidente-llego-] [PE-Latam 2026-08-24: Duration_Days corregido de '2' a '3' (COLT tenia razon). Fuente: https://www.subrayado.com.uy/lacalle-pou-viajo-cumbre-celac-y-union-europea-hay-expectativa-acuerdo-mercosur-n920640],Comercio/Integración Económica,Verificada-URL,NA,NA,NA,NA,NA,NA,NA,NA,NA
URU-LLP-J020,121,Luis Lacalle Pou,Uruguay,Completed,2023-09-10,2023-09-11,2,Chile,South America,Santiago,Multilateral,Global Forum,NA,50º aniversario del golpe de 1973,NA,Acto conmemorativo invitado por Boric.,https://www.subrayado.com.uy/lacalle-pou-participo-del-acto-aniversario-los-50-anos-del-golpe-estado-chile-n925461,High,"QA-R5 2026-07-26 HALLAZGO GRAVE resuelto: la URL original (infobae, viaje a EEUU para la AGNU) no respalda este hecho -citaba un viaje distinto de la misma gira de septiembre 2023-. Se reemplazo por fuente real que confirma el hecho tal cual estaba cargado: Lacalle Pou participo el lunes 11-sep-2023 en Santiago del acto oficial por los 50 anios del golpe de Estado, invitado por Boric junto al expresidente Mujica; luego siguio viaje a Francia. Se sube Source_Reliability de Medium a High. [PE-Latam 2026-08-24: Start_Date corregido de '2023-09-11' a '2023-09-10' (COLT tenia razon). Fuente: https://ladiaria.com.uy/politica/articulo/2023/9/lacalle-pou-partio-a-chile-para-participar-en-la-conmemoracion-de-los-50-anos-del-golpe-de-estado-en-] [PE-Latam 2026-08-24: Duration_Days corregido de '1' a '2' (COLT tenia razon). Fuente: https://ladiaria.com.uy/politica/articulo/2023/9/lacalle-pou-partio-a-chile-para-participar-en-la-conmemoracion-de-los-50-anos-del-golpe-de-estado-en-]",Cooperación Política General,Verificada-URL,NA,NA,NA,NA,NA,NA,NA,NA,NA
URU-LLP-J021,122,Luis Lacalle Pou,Uruguay,Completed,2023-09-14,2023-09-14,1,France,Europe,Lille,Bilateral,Working Visit,NA,Emmanuel Macron,Jefe de Estado/Gobierno,Bilateral con Macron; debut de Los Teros en el Mundial de rugby.,https://www.elobservador.com.uy/nota/lacalle-pou-viajara-a-francia-a-ver-el-debut-de-los-teros-en-el-mundial-de-rugby-invitado-por-emmanuel-macron-2023831175955,High,Fecha estimada.,NA,Verificada-URL,NA,NA,NA,NA,NA,NA,NA,NA,NA
URU-LLP-J022,123,Luis Lacalle Pou,Uruguay,Completed,2023-09-17,2023-09-21,5,United States,North America,New York,Multilateral,Global Forum,NA,78ª Asamblea General ONU,NA,Discurso en la AGNU 78.,https://www.elobservador.com.uy/nota/lacalle-pou-viaja-a-nueva-york-para-participar-de-la-cumbre-de-las-naciones-unidas-2023917161254,High,Fechas estimadas.,Cooperación Política General,Verificada-URL,NA,NA,NA,NA,NA,NA,NA,NA,NA
URU-LLP-J023,124,Luis Lacalle Pou,Uruguay,Completed,2023-11-01,2023-11-03,4,United States,North America,Washington,Multilateral,Regional Summit,TRUE,Cumbre APEP / Joe Biden,NA,Cumbre Alianza de las Americas; recibido por Biden en la Casa Blanca.,https://www.elpais.com.uy/informacion/politica/joe-biden-recibio-a-lacalle-pou-en-la-casa-blanca-de-que-temas-hablaran-en-la-cumbre-con-otros-presidentes,High,Fecha estimada. [PE-Latam 2026-08-24: Start_Date corregido de '2023-11-03' a '2023-11-01' (COLT tenia razon). Fuente: https://www.nodal.am/2023/11/nueve-presidentes-de-america-latina-llegan-a-eeuu-para-participar-manana-de-la-primera-cumbre-de-la-apep/ ; https://repor] [PE-Latam 2026-08-24: Duration_Days corregido de '1' a '4' (COLT tenia razon). Fuente: https://www.nodal.am/2023/11/nueve-presidentes-de-america-latina-llegan-a-eeuu-para-participar-manana-de-la-primera-cumbre-de-la-apep/],Comercio/Integración Económica,Verificada-URL,NA,NA,NA,NA,NA,NA,NA,NA,NA
URU-LLP-J024,125,Luis Lacalle Pou,Uruguay,Completed,2023-11-20,2023-11-24,5,China,Asia-Pacific,Beijing,Bilateral,State Visit,NA,Xi Jinping,Jefe de Estado/Gobierno,Mision oficial; asociacion estrategica integral y comercio agroalimentario (TLC).,https://www.subrayado.com.uy/lacalle-pou-llega-china-mision-oficialla-reunion-xi-jinping-y-los-objetivos-comerciales-n931393,High,"Llego a Pekin el 20-nov (agenda protocolar Beijing: lunes 20-nov Gran Muralla/Ciudad Prohibida; cumbre con Xi Jinping el miercoles 22-nov). QA-R6 2026-07-26: corregida nota anterior, que decia erroneamente ""Llego a Pekin el 18-nov"" -- la fuente (Subrayado) indica que ese sabado 18-nov Lacalle Pou PARTIO de Montevideo, no que llego a Beijing ese dia (viaje de larga distancia con escalas). Fechas de estancia en China (20 al 24-nov) sin cambios.",NA,Verificada-URL,NA,NA,NA,NA,NA,NA,NA,NA,NA
URU-LLP-J025,126,Luis Lacalle Pou,Uruguay,Completed,2023-12-09,2023-12-10,2,Argentina,South America,Buenos Aires,Multilateral,Inauguration/Funeral,NA,Asunción de Javier Milei,NA,Asistencia a la investidura presidencial.,https://www.montevideo.com.uy/Noticias/Lacalle-Pou-partio-hacia-Argentina-para-asistir-a-la-asuncion-de-Milei-este-domingo-uc873535,High,"QA-R6 2026-07-26: corregido Start_Date (era 2023-12-10) y Duration_Days (era 1) -- fuente (Montevideo Portal, publicada 9-dic-2023 19:12hs) confirma que Lacalle Pou partio hacia Buenos Aires el SABADO 9-dic-2023 por la tarde, acompanado del canciller Paganini, y regreso a Uruguay el domingo 10-dic tras la asuncion de Milei. Estancia real en Argentina: 9 y 10 de diciembre.",Cooperación Política General,Verificada-URL,NA,NA,NA,NA,NA,NA,NA,NA,NA
URU-LLP-J026,127,Luis Lacalle Pou,Uruguay,Completed,2024-04-17,2024-04-17,1,Argentina,South America,Bariloche,Other,Global Forum,NA,Foro Llao Llao,NA,Foro empresarial exclusivo.,https://www.elpais.com.uy/mundo/argentina/que-es-el-foro-llao-llao-el-exclusivo-evento-de-empresarios-en-bariloche-en-el-que-participa-lacalle-pou,High,NA,NA,Verificada-URL,NA,NA,NA,NA,NA,NA,NA,NA,NA
URU-LLP-J027,128,Luis Lacalle Pou,Uruguay,Completed,2024-04-24,2024-04-24,1,Argentina,South America,Buenos Aires,Other,Global Forum,NA,Cena de la Fundación Libertad,NA,Evento ideologico-empresarial; pidio permiso por motivos personales.,https://en.wikipedia.org/wiki/List_of_international_presidential_trips_made_by_Luis_Lacalle_Pou,Medium,Segundo viaje a Argentina en una semana.,NA,Verificada-URL,NA,NA,NA,NA,NA,NA,NA,NA,NA
URU-LLP-J028,129,Luis Lacalle Pou,Uruguay,Completed,2024-07-07,2024-07-08,2,Paraguay,South America,Asunción,Multilateral,Regional Summit,TRUE,LXIV Cumbre MERCOSUR,NA,Asume la presidencia pro tempore; reclamo por la ausencia de Milei; cena con Lula y Pena.,https://www.mercosur.int/64-cumbre-comunicado,High,NA,Comercio/Integración Económica,Verificada-URL,NA,NA,NA,NA,NA,NA,NA,NA,NA
URU-LLP-J029,130,Luis Lacalle Pou,Uruguay,Completed,2024-07-17,2024-07-18,1,Argentina,South America,Buenos Aires,Bilateral,Working Visit,TRUE,Javier Milei / acto AMIA 30 años,Jefe de Estado/Gobierno,Reunion en Casa Rosada; acto por el atentado a la AMIA.,https://www.infobae.com/politica/2024/07/17/javier-milei-recibio-a-lacalle-pou-en-la-casa-rosada-despues-de-las-tensiones-por-su-ausencia-en-la-cumbre-del-mercosur/,Medium,"QA-R6 2026-07-26: CONFIRMADO -- fuente (Infobae, publicada 17-jul-2024 16:44hs EST) relata la reunion bilateral Milei-Lacalle Pou en Casa Rosada como ocurrida ""esta tarde"" del propio 17-jul (mismo dia de publicacion), y que Lacalle Pou viajo para el acto internacional por los 30 anios del atentado a la AMIA que comenzaba ""desde hoy"" (17-jul) en el Hilton Puerto Madero (el aniversario exacto del atentado es el 18-jul-1994). Fechas 17/18-jul-2024 confirmadas correctas; se levanta la marca DUDOSO anterior. [PE-Latam 2026-08-24: Duration_Days corregido de '2' a '1' (COLT tenia razon). Fuente: https://www.elobservador.com.uy/nacional/lacalle-pou-encabezo-acto-la-plaza-matriz-la-jura-la-constitucion-su-ultimo-18-julio-como-presidente-n5951925]",NA,Verificada-URL,NA,NA,NA,NA,NA,NA,NA,NA,NA
URU-LLP-J030,131,Luis Lacalle Pou,Uruguay,Completed,2024-09-25,2024-09-27,3,United States,North America,New York,Multilateral,Global Forum,TRUE,79ª Asamblea General ONU,NA,Ultimo viaje del mandato; discurso el jueves 26 y audiencia privada con Guterres.,https://www.gub.uy/presidencia/comunicacion/noticias/presidente-lacalle-pou-regreso-pais-tras-participar-asamblea-general-onu,High,Ultimo viaje internacional como presidente.,Cooperación Política General,Verificada-URL,NA,NA,NA,NA,NA,NA,NA,NA,NA
URU-LLP-J031,132,Luis Lacalle Pou,Uruguay,Canceled,2021-05-24,NA,NA,Ecuador,South America,Quito,Multilateral,Inauguration/Funeral,NA,Asunción de Guillermo Lasso,NA,Objetivo: investidura de Lasso. Cancelacion: muerte del ministro del Interior Jorge Larranaga.,https://www.teledoce.com/telemundo/nacionales/lacalle-pou-cancelo-su-viaje-a-ecuador-tras-fallecimiento-de-larranaga/,Medium,Destino anunciado y cancelado.,Cooperación Política General,Verificada-URL,NA,NA,NA,NA,NA,NA,NA,NA,NA
URU-LLP-J032,133,Luis Lacalle Pou,Uruguay,Canceled,2022-06-07,NA,NA,United States,North America,Los Angeles,Multilateral,Regional Summit,NA,IX Cumbre de las Américas,NA,Objetivo: IX Cumbre de las Americas. Cancelacion: positivo de COVID-19; dio discurso virtual; delegacion del canciller Bustillo.,https://www.cronista.com/internacionales/el-presidente-de-uruguay-dio-positivo-de-covid-luis-lacalle-pou-no-viaja-a-la-cumbre-de-las-americas/,High,Destino anunciado y cancelado; anuncio via Twitter el 6-jun-2022.,Cooperación Política General,Verificada-URL,NA,NA,NA,NA,NA,NA,NA,NA,NA
URU-YO-J001,134,Yamandú Orsi,Uruguay,Completed,2025-04-07,2025-04-07,1,Panama,Central America,Panama City,Bilateral,Working Visit,TRUE,José Raúl Mulino,Jefe de Estado/Gobierno,Primer viaje oficial; apertura de mercados con delegacion arrocera; bilateral con Mulino.,https://www.subrayado.com.uy/yamandu-orsi-se-reunio-el-presidente-panama-su-primer-viaje-oficial-queremos-ser-el-camino-la-certeza-n973872,High,Primera visita de un presidente uruguayo a Panama en 17 anios; encadenado con Honduras.,NA,Verificada-URL,NA,NA,NA,NA,NA,NA,NA,NA,NA
URU-YO-J001,135,Yamandú Orsi,Uruguay,Completed,2025-04-08,2025-04-09,2,Honduras,Central America,Tegucigalpa,Multilateral,Regional Summit,TRUE,IX Cumbre CELAC,NA,IX Cumbre CELAC; bilaterales con Petro y Castro.,https://www.laprensa.hn/honduras/yamandu-orsi-presidente-uruguay-llega-honduras-participar-cumbre-celac-AM25295511,High,NA,Cooperación Política General,Verificada-URL,NA,NA,NA,NA,NA,NA,NA,NA,NA
URU-YO-J002,136,Yamandú Orsi,Uruguay,Completed,2025-06-29,2025-07-01,3,Spain,Europe,Seville,Multilateral,Global Forum,TRUE,IV Conferencia ONU Financiación para el Desarrollo,NA,Debate general FfD4; cena con Felipe VI y Letizia; defensa del multilateralismo.,https://www.gub.uy/presidencia/comunicacion/noticias/presidente-orsi-llego-sevilla-para-participar-conferencia-sobre-financiacion,High,Llego 29-jun (cena Real Alcazar); debate 30-jun a 1-jul.,Comercio/Integración Económica,Verificada-URL,NA,NA,NA,NA,NA,NA,NA,NA,NA
URU-YO-J003,137,Yamandú Orsi,Uruguay,Completed,2025-07-02,2025-07-03,2,Argentina,South America,Buenos Aires,Multilateral,Regional Summit,TRUE,LXVI Cumbre MERCOSUR,NA,Debut en cumbre MERCOSUR; bilateral con Milei; anuncio del acuerdo MERCOSUR-EFTA.,https://www.ambito.com/uruguay/yamandu-orsi-debuta-su-primera-cumbre-del-mercosur-n6163189,High,NA,Comercio/Integración Económica,Verificada-URL,NA,NA,NA,NA,NA,NA,NA,NA,NA
URU-YO-J004,138,Yamandú Orsi,Uruguay,Completed,2025-07-05,2025-07-07,3,Brazil,South America,Rio de Janeiro,Multilateral,Global Forum,TRUE,XVII Cumbre BRICS,NA,"Invitado por Lula; sesion sobre multilateralismo e IA; bilaterales con India, Sudafrica y Vietnam.",https://www.elobservador.com.uy/nacional/yamandu-orsi-participo-nueva-cumbre-los-brics-brasil-las-reuniones-bilaterales-y-la-broma-lula-n6007387,High,Salio 4-jul de noche.,Cooperación Política General,Verificada-URL,NA,NA,NA,NA,NA,NA,NA,NA,NA
URU-YO-J005,139,Yamandú Orsi,Uruguay,Completed,2025-07-20,2025-07-21,2,Chile,South America,Santiago,Multilateral,Global Forum,FALSE,Reunión de Alto Nivel 'Democracia Siempre',NA,"Cumbre progresista con Boric, Lula, Petro y Sanchez; declaracion en defensa de la democracia.",https://www.elobservador.com.uy/nacional/tras-reunion-chile-orsi-sanchez-lula-boric-y-petro-manifestaron-su-compromiso-la-defensa-la-democracia-n6009407,High,Llego el domingo 20; reunion el 21 en La Moneda.,Cooperación Política General,Verificada-URL,NA,NA,NA,NA,NA,NA,NA,NA,NA
URU-YO-J006,140,Yamandú Orsi,Uruguay,Completed,2025-09-21,2025-09-24,7,United States,North America,New York,Multilateral,Global Forum,TRUE,80ª Asamblea General ONU,NA,Primer discurso ante la AGNU (23-sep); homenaje a Mujica en NYU (24-sep); bilateral con el BID.,https://www.gub.uy/presidencia/comunicacion/noticias/orsi-nueva-york-mujica-onu,High,"Viajo el domingo 21. [PE-Latam 2026-08-24: Duration_Days corregido de '4' a '7' (COLT tenia razon). Fuente: https://www.ambito.com/uruguay/yamandu-orsi-destaco-que-hay-mucho-interes-empresarial-su-regreso-estados-unidos-n6195694 (publicado 27-sep-2025, 'Orsi]",Cooperación Política General,Verificada-URL,NA,NA,NA,NA,NA,NA,NA,NA,NA
URU-YO-J007,141,Yamandú Orsi,Uruguay,Completed,2025-10-15,2025-10-15,1,Belgium,Europe,Brussels,Bilateral,Working Visit,TRUE,Autoridades de la Unión Europea,Jefe de Estado/Gobierno,Escala inicial de la gira europea; reuniones con Consejo y Parlamento Europeo por el acuerdo MERCOSUR-UE.,https://www.elobservador.com.uy/nacional/la-gira-orsi-europa-entrega-escultura-pablo-atchugarry-y-reuniones-el-papa-leon-xiv-rey-belgica-y-autoridades-union-europea-n6019236,Medium,"DUDOSO: escala confirmada en previa; falta nota post-facto de Presidencia. CONFIRMAR. NOTA 2026-07-21: confirmado post-facto (El Observador) que Orsi se reunio en Bruselas el 15-oct-2025 con el presidente del Consejo Europeo (Costa), la presidenta del Parlamento Europeo (Metsola) y autoridades belgas, dentro de la gira Bruselas-Roma-Vaticano; se levanta la marca DUDOSO anterior. | Counterpart_Type-QA 2026-07-27: duda sobre si corresponde el default 'Jefe de Estado/Gobierno'. Segun nota previa del proyecto, Orsi se reunio en Bruselas (15-oct-2025) con el Presidente del Consejo Europeo (Antonio Costa) y la Presidenta del Parlamento Europeo (Roberta Metsola) -- autoridades de la UE, no el Rey ni el Primer Ministro de Belgica -- ademas de 'autoridades belgas' sin especificar si incluyo al jefe de Estado/Gobierno belga. Se mantiene el default por falta de certeza sobre el component estrictamente belga de la agenda; queda pendiente de revision si se confirma que no hubo encuentro con la maxima autoridad belga.",NA,Verificada-URL,NA,NA,NA,NA,NA,NA,NA,NA,NA
URU-YO-J007,142,Yamandú Orsi,Uruguay,Completed,2025-10-16,2025-10-16,1,Italy,Europe,Rome,Multilateral,Global Forum,TRUE,80º aniversario FAO / Día Mundial de la Alimentación,NA,Unico jefe de Estado latinoamericano que hablo; bilaterales con Meloni y Mattarella.,https://www.infobae.com/america/america-latina/2025/10/15/el-papa-leon-xiv-recibira-este-viernes-a-yamandu-orsi-en-el-vaticano/,High,Traspaso mando a Cosse el 15-oct.,Cooperación Política General,Verificada-URL,NA,NA,NA,NA,NA,NA,NA,NA,NA
URU-YO-J007,143,Yamandú Orsi,Uruguay,Completed,2025-10-17,2025-10-17,1,Vatican City,Europe,Vatican City,Bilateral,State Visit,FALSE,Papa León XIV,Jefe de Estado/Gobierno,Audiencia papal; reunion con el secretario de Estado Parolin; invitacion al papa a Uruguay.,https://www.infobae.com/america/america-latina/2025/10/17/el-papa-leon-xiv-recibio-al-presidente-orsi-en-el-vaticano/,High,Dentro de la gira de Roma.,NA,Verificada-URL,NA,NA,NA,NA,NA,NA,NA,NA,NA
URU-YO-J008,144,Yamandú Orsi,Uruguay,Completed,2025-11-07,2025-11-08,2,Bolivia,South America,La Paz,Multilateral,Inauguration/Funeral,TRUE,Asunción de Rodrigo Paz,NA,Investidura de Rodrigo Paz; bilateral con Christopher Landau (EEUU).,https://www.gub.uy/presidencia/comunicacion/noticias/orsi-bolivia-asuncion-rodrigo-paz,High,Llego 7-nov; ceremonia 8-nov.,Cooperación Política General,Verificada-URL,NA,NA,NA,NA,NA,NA,NA,NA,NA
URU-YO-J009,145,Yamandú Orsi,Uruguay,Completed,2025-11-22,2025-11-23,2,South Africa,Africa,Johannesburg,Multilateral,Global Forum,FALSE,Cumbre G20,NA,Uruguay como pais invitado; foto de familia y sesion plenaria Ambiente/COP30/Salud.,https://www.swissinfo.ch/spa/ramaphosa-viaja-a-espa%C3%B1a-para-reunirse-con-el-rey-y-s%C3%A1nchez-y-asistir-a-varias-cumbres/91263363,Medium,"FUENTE-MEDIA: confirmado por prensa y nota de contexto de Presidencia, sin comunicado especifico del viaje.",Cooperación Política General,Verificada-URL,NA,NA,NA,NA,NA,NA,NA,NA,NA
URU-YO-J010,146,Yamandú Orsi,Uruguay,Completed,2025-12-19,2025-12-20,2,Brazil,South America,Foz do Iguaçu,Multilateral,Regional Summit,FALSE,67ª Cumbre MERCOSUR,NA,Traspaso PPT Brasil-Paraguay; expreso desilusion por no firmarse MERCOSUR-UE.,https://www.gub.uy/presidencia/comunicacion/noticias/orsi-cumbre-mercsosur-foz-iguazu,High,Partio 19-dic; cumbre 20-dic.,Comercio/Integración Económica,Verificada-URL,NA,NA,NA,NA,NA,NA,NA,NA,NA
URU-YO-J011,147,Yamandú Orsi,Uruguay,Completed,2026-01-17,2026-01-17,1,Paraguay,South America,Asunción,Multilateral,Regional Summit,FALSE,Firma del acuerdo MERCOSUR-UE,NA,Ceremonia de firma del acuerdo de asociacion MERCOSUR-Union Europea.,https://www.gub.uy/presidencia/comunicacion/noticias/orsi-tras-firma-acuerdo-entre-mercosur-ue-estamos-asumiendo-responsabilidad,High,NA,Comercio/Integración Económica,Verificada-URL,NA,NA,NA,NA,NA,NA,NA,NA,NA
URU-YO-J012,148,Yamandú Orsi,Uruguay,Completed,2026-02-01,2026-02-07,7,China,Asia-Pacific,Beijing,Bilateral,State Visit,TRUE,Xi Jinping,Jefe de Estado/Gobierno,Visita de Estado; mas de 30 acuerdos; delegacion de 107 empresarios; Beijing y Shanghai.,https://www.gub.uy/presidencia/comunicacion/noticias/orsi-mision-china-resultados-regreso,High,Cumbre con Xi el 3-feb (38º aniversario de relaciones); incluye Shanghai 5-6 feb. Venia art.170: ausencia 29-ene a 8-feb-2026.,NA,Verificada-URL,NA,NA,NA,NA,NA,NA,NA,NA,NA
URU-YO-J013,149,Yamandú Orsi,Uruguay,Completed,2026-03-10,2026-03-11,2,Chile,South America,Valparaíso,Multilateral,Inauguration/Funeral,TRUE,Asunción de José Antonio Kast,NA,Investidura de Kast; recibido por Boric el 10-mar; ceremonia el 11-mar.,https://www.gub.uy/presidencia/comunicacion/publicaciones/presidente-orsi-asuncion-jose-antonio-kast-chile,High,"Distinto de la recepcion a Kast en Montevideo el 1-jul-2026 (entrante, excluido).",Cooperación Política General,Verificada-URL,NA,NA,NA,NA,NA,NA,NA,NA,NA
URU-YO-J014,150,Yamandú Orsi,Uruguay,Completed,2026-03-21,2026-03-21,1,Colombia,South America,Bogotá,Multilateral,Regional Summit,TRUE,X Cumbre CELAC / Foro CELAC-África,NA,Uruguay recibe la presidencia pro tempore de la CELAC (2026-2027) de manos de Petro.,https://mediospublicos.uy/el-presidente-orsi-recibira-en-bogota-la-presidencia-pro-tempore-de-la-celac/,High,Fecha de viaje asumida el mismo dia del evento.,Cooperación Política General,Verificada-URL,NA,NA,NA,NA,NA,NA,NA,NA,NA
URU-YO-J015,151,Yamandú Orsi,Uruguay,Completed,2026-06-30,2026-06-30,1,Paraguay,South America,Luque,Multilateral,Regional Summit,FALSE,68ª Cumbre MERCOSUR,NA,Uruguay asume la presidencia pro tempore del MERCOSUR hasta dic-2026.,https://www.gub.uy/presidencia/comunicacion/noticias/uruguay-asumio-presidencia-pro-tempore-del-mercosur-es-verdadero-orgullo,High,Antes del corte 2026-07-07.,Comercio/Integración Económica,Verificada-URL,NA,NA,NA,NA,NA,NA,NA,NA,NA
URU-YO-J016,152,Yamandú Orsi,Uruguay,Canceled,2025-11-09,NA,NA,Colombia,South America,Santa Marta,Multilateral,Regional Summit,NA,IV Cumbre CELAC-UE,NA,Objetivo: cumbre birregional CELAC-UE. Cancelacion: priorizo la asuncion de Paz en Bolivia; envio al canciller Lubetkin.,https://cnnespanol.cnn.com/2025/11/09/latinoamerica/nueve-jefes-estado-gobierno-cumbre-celac-ue-colombia-efe,High,Asistencia confirmada por Colombia y luego no concretada.,Cooperación Política General,Verificada-URL,NA,NA,NA,NA,NA,NA,NA,NA,NA
URU-YO-J017,153,Yamandú Orsi,Uruguay,Canceled,2026-06-13,NA,NA,United States,North America,Miami,Other,Working Visit,NA,Mundial FIFA 2026,NA,Objetivo: asistir al Mundial 2026. Cancelacion: retiro la venia por razones de fuerza mayor el 8-jun-2026.,https://www.telenoche.com.uy/nacionales/yamandu-orsi-retiro-la-solicitud-viajar-al-mundial-2026-y-no-se-ausentara-del-pais-la-proxima-semana-n5400598,High,Venia solicitada 4-jun y retirada 8-jun-2026; caracter cuasi-personal.,NA,Verificada-URL,NA,NA,NA,NA,NA,NA,NA,NA,NA
URU-JM-J026,155,José Mujica,Uruguay,Completed,2011-05-14,2011-05-14,1,Paraguay,South America,Asunción,Multilateral,Inauguration/Funeral,NA,Bicentenario de la Independencia de Paraguay,NA,Participación en los actos centrales del Bicentenario de la independencia de Paraguay; saludo a Lugo y encuentro con Evo Morales en Asunción.,https://www.gub.uy/presidencia/comunicacion/noticias/delegacion-oficial-uruguaya-participo-actos-del-bicentenario-del-paraguay,High,"Viaje distinto y ANTERIOR a la Cumbre MERCOSUR de Asunción (Trip_ID 57, Journey_ID URU-JM-J003, 28-29-jun-2011); no cargado previamente (ver nota de hallazgo en Trip_ID 57). Fuente oficial gub.uy ('Delegación oficial uruguaya participó en los actos del Bicentenario del Paraguay'; video 'Visita del Presidente Mujica a Paraguay') confirma partida de la Brigada Aérea Nº1 de Carrasco a las 05:50 y llegada a la Base Aérea de Asunción a las 07:30 hora Paraguay; saludo protocolar a Lugo en el Palacio de López, conversación con Evo Morales, Te Deum en la Catedral Metropolitana y desfile militar bajo lluvia. Corroborado por LR21 (11-may-2011, previo al viaje: partida 'la madrugada de este sábado', 'fugaz visita') y por Wikipedia (días oficiales del bicentenario: 14-15-may-2011, con lluvias el sábado, coincidente con el desfile bajo lluvia relatado por gub.uy). NOTA: el artículo de gub.uy tiene fecha de publicación 23-may-2011 (posible reindexado/republicación tardía del sitio); el contenido describe inequívocamente los actos del sábado 14-may según el cruce con LR21 y Wikipedia (Te Deum + desfile bajo lluvia = jornada del 14-may). Viaje de un solo día ('fugaz visita' según LR21); no hay evidencia de pernocte, por lo que Duration_Days=1.",Cooperación Política General,Verificada-URL,NA,NA,NA,NA,NA,NA,NA,NA,NA
URU-TV2-J009,154,Tabaré Vázquez,Uruguay,Completed,2017-05-28,2017-05-30,4,Austria,Europe,Vienna,Multilateral,Global Forum,TRUE,International Conference on the IAEA Technical Cooperation Programme; reunión con el director general Yukiya Amano (OIEA),NA,Discurso inaugural en conferencia del OIEA sobre Cooperación Técnica; reunión con Yukiya Amano; firma de MOU de cooperación Sur-Sur (30-may).,https://www.gub.uy/presidencia/comunicacion/noticias/presidente-vazquez-comenzo-gira-oficial-austria-egipto-suiza,High,"Tramo previo de la gira URU-TV2-J009 (Austria-Egipto-Suiza), no cargado hasta ahora (ver nota de hallazgo en Trip_ID 93). Fuente oficial gub.uy (28-may-2017) confirma partida de Montevideo el domingo 28-may y agenda confirmada en Viena el martes 30-may (apertura de la International Conference on the IAEA Technical Cooperation Programme, reunión con Amano, presentación de Cooperación Técnica OIEA-Uruguay, firma de MOU de Cooperación Sur-Sur por el canciller Nin Novoa). Start_Date (29-may) es ESTIMADO: dado el vuelo comercial de larga distancia partido el 28-may al mediodía desde Montevideo, se infiere llegada a Viena el 29-may; el 30-may es la única fecha explícitamente confirmada por la fuente oficial. End_Date=30-may es consistente con la llegada confirmada a El Cairo el 31-may (Trip_ID 93, misma gira). Tema_Foro='Energía' por mandato fundacional del organismo anfitrión (OIEA, agencia de energía atómica); no hay precedente exacto en la base para este tipo de evento, clasificación sujeta a revisión futura. [PE-Latam 2026-08-24: Start_Date corregido de '2017-05-29' a '2017-05-28' (COLT tenia razon). Fuente: https://www.gub.uy/presidencia/comunicacion/noticias/presidente-vazquez-comenzo-gira-oficial-austria-egipto-suiza] [PE-Latam 2026-08-24: Duration_Days corregido de '2' a '4' (COLT tenia razon). Fuente: https://www.gub.uy/presidencia/comunicacion/noticias/presidente-vazquez-comenzo-gira-oficial-austria-egipto-suiza]",Energía,Verificada-URL,NA,NA,NA,NA,NA,NA,NA,NA,NA
URU-JM-J007,156,José Mujica,Uruguay,Completed,2012-04-13,2012-04-13,1,Venezuela,South America,Caracas,Bilateral,Working Visit,NA,Hugo Chávez,Jefe de Estado/Gobierno,Visitó a Chávez para saludarlo y conocer su estado de salud tras tratamiento oncológico en Cuba; aclaró declaraciones sobre el modelo socialista venezolano.,https://www.subrayado.com.uy/amistoso-encuentro-chavez-y-mujica-palacio-miraflores-n11154,Medium,"Mismo viaje físico que Trip_ID 65 (Cartagena, VI Cumbre de las Américas, 13-15/4/2012): escala en Caracas la noche del 13/4 antes de seguir a Colombia. Fuente Subrayado (13-abr-2012, 21:51hs), que también documenta un viaje relámpago previo a Buenos Aires el lunes 9/4 (ver Trip_ID 157).",NA,Verificada-URL,NA,NA,NA,NA,NA,NA,NA,NA,NA
URU-JM-J027,157,José Mujica,Uruguay,Completed,2012-04-09,2012-04-09,1,Argentina,South America,Buenos Aires,Bilateral,Working Visit,NA,Cristina Fernández de Kirchner,Jefe de Estado/Gobierno,"Viaje sorpresivo (45 min, Quinta de Olivos) para tratar con CFK las medidas comerciales argentinas que afectaban las importaciones/exportaciones uruguayas.",https://www.diariodecuyo.com.ar/noticias/cristina-fernandez-hablo-con-mujica-sobre-las-medidas-que-afectan-a-las-importaciones-802356.html,Medium,"Reunión de 45 min en Quinta de Olivos (9-abr-2012), 4 días antes del viaje a Caracas/Cartagena (Trip_ID 156/65). Fuente Diario de Cuyo (AR), con base en despacho de Télam.",NA,Verificada-URL,NA,NA,NA,NA,NA,NA,NA,NA,NA
URU-JM-J028,158,José Mujica,Uruguay,Completed,2011-08-02,2011-08-02,1,Argentina,South America,Buenos Aires,Bilateral,Working Visit,NA,Cristina Fernández de Kirchner,Jefe de Estado/Gobierno,"Visita a Casa Rosada; firma de convenios en energía, dragado de los ríos Uruguay y de la Plata, ciencia y tecnología y revalida de títulos.",https://diariodecuyo.com.ar/politica/Cristina-recibio-a-Mujica-para-profundizar-vinculos-bilaterales-20110802-0023.html,Medium,"Recepción en helipuerto de Casa Rosada, audiencia privada, reunión ampliada y almuerzo en el Museo del Bicentenario. Fuente Diario de Cuyo (AR), 2-ago-2011.",NA,Verificada-URL,NA,NA,NA,NA,NA,NA,NA,NA,NA
URU-JM-J029,159,José Mujica,Uruguay,Completed,2013-11-10,2013-11-10,1,Brazil,South America,Brasília,Bilateral,Working Visit,NA,Dilma Rousseff,Jefe de Estado/Gobierno,Encuentro privado 'entre amigos' en el Palacio de la Alvorada; agenda: negociaciones Mercosur-Unión Europea y situación de Haití.,https://es.mercopress.com/2013/11/11/mujica-en-reunion-de-amigos-con-dilma-rousseff-para-hablar-de-mercosur,Medium,"Ciudad confirmada como Brasília (no error): Subrayado (8-nov-2013, https://www.subrayado.com.uy/gira-relampago-mujica-porto-alegre-y-caracas-48-horas-n28304) anticipaba -con 'trascendió'- un encuentro en Porto Alegre/Río Grande do Sul, pero era un plan preliminar previo al viaje. El itinerario cambió: La Nación/EFE (10-nov-2013, mismo día) y MercoPress (11-nov-2013) confirman que Mujica llegó al Palacio de la Alvorada en Brasília, tras votar Rousseff en internas del PT; no hubo tramo en Porto Alegre. Primer tramo de un viaje que continuó a Caracas (Trip_ID 160, mismo Journey).",NA,Verificada-URL,NA,NA,NA,NA,NA,NA,NA,NA,NA
URU-JM-J029,160,José Mujica,Uruguay,Completed,2013-11-12,2013-11-12,1,Venezuela,South America,Caracas,Bilateral,Working Visit,NA,Nicolás Maduro,Jefe de Estado/Gobierno,Primera visita oficial a Caracas desde la asunción de Maduro; primer encuentro bilateral tras la visita de Maduro a Montevideo en mayo de 2013.,https://www.montevideo.com.uy/Noticias/Mujica-se-reunio-con-Maduro-uc218633,Medium,Segundo tramo del mismo viaje físico iniciado en Brasilia (Trip_ID 159); viajó con el canciller Almagro. Montevideo Portal (EFE) fecha la llegada el 12-nov-2013 20:34 ('hoy'); MercoPress adelantaba que el viaje estaba previsto para el 11-nov.,NA,Verificada-URL,NA,NA,NA,NA,NA,NA,NA,NA,NA
URU-JM-J030,161,José Mujica,Uruguay,Completed,2010-04-05,2010-04-05,1,Argentina,South America,Buenos Aires,Bilateral,Working Visit,NA,Cristina Fernández de Kirchner,Jefe de Estado/Gobierno,"Reunión en la Residencia de Olivos; agenda de gobierno: compra de gas natural a Bolivia vía Argentina, dragado de ríos y la próxima presidencia de UNASUR.",https://diariodecuyo.com.ar/politica/Cristina-recibio-a-Pepe-Mujica-en-la-residencia-de-Olivos-20100405-0015.html,Medium,"Uno de los primeros viajes de Mujica tras asumir la presidencia (1-mar-2010). Fuente Diario de Cuyo (AR), 5-abr-2010, con declaraciones del jefe de Gabinete argentino Aníbal Fernández.",NA,Verificada-URL,NA,NA,NA,NA,NA,NA,NA,NA,NA
URU-JM-J031,162,José Mujica,Uruguay,Completed,2013-04-18,2013-04-18,1,Peru,South America,Lima,Multilateral,Regional Summit,NA,Reunión Extraordinaria de Jefas y Jefes de Estado de UNASUR (respaldo a Nicolás Maduro),NA,"Participó junto a Rousseff, Evo Morales y Santos en la cumbre extraordinaria de UNASUR convocada para respaldar a Maduro tras la elección venezolana.",https://diariodecuyo.com.ar/argentina/CFK-y-Mujica-juntos-para-apoyar-a-Maduro-20130419-0047.html,Medium,"Viajó junto a Cristina Fernández de Kirchner desde Buenos Aires (donde se reencontraron tras el incidente 'vieja/tuerto' de abr-2013); continuó a Caracas al día siguiente (Trip_ID 163, mismo Journey) para la asunción de Maduro.",Cooperación Política General,Verificada-URL,NA,NA,NA,NA,NA,NA,NA,NA,NA
URU-JM-J031,163,José Mujica,Uruguay,Completed,2013-04-19,2013-04-19,1,Venezuela,South America,Caracas,Multilateral,Inauguration/Funeral,NA,Asunción de Nicolás Maduro como Presidente de Venezuela,NA,"Participación en el acto de asunción presidencial de Nicolás Maduro en Caracas, junto a Cristina Fernández de Kirchner y otros mandatarios de la región.",https://diariodecuyo.com.ar/argentina/CFK-y-Mujica-juntos-para-apoyar-a-Maduro-20130419-0047.html,Medium,"Segundo tramo del mismo viaje físico (cumbre extraordinaria de UNASUR en Lima, Trip_ID 162).",Cooperación Política General,Verificada-URL,NA,NA,NA,NA,NA,NA,NA,NA,NA
URU-JM-J032,164,José Mujica,Uruguay,Completed,2011-01-25,2011-01-26,2,Peru,South America,Lima,Bilateral,State Visit,NA,Alan García,Jefe de Estado/Gobierno,"Visita de Estado; firma de 7 acuerdos (cooperación portuaria Montevideo-Callao, salud, migraciones, ciencia y tecnología); condecorado con la Orden El Sol del Perú.",http://archivo.presidencia.gub.uy/sci/noticias/2011/01/peru.htm,High,"Fuente oficial: archivo.presidencia.gub.uy, portada titulada 'Visita de Estado del Presidente José Mujica a la República del Perú, 25 y 26 de Enero de 2011'. El mismo viaje continuó a Venezuela (Trip_ID 165, mismo Journey): la nota oficial 'Mujica partió hacia Perú' indica explícitamente 'rumbo a Perú y luego a Venezuela'.",NA,Verificada-URL,NA,NA,NA,NA,NA,NA,NA,NA,NA
URU-JM-J032,165,José Mujica,Uruguay,Completed,2011-01-26,2011-01-27,2,Venezuela,South America,Caracas,Bilateral,Working Visit,NA,Hugo Chávez,Jefe de Estado/Gobierno,"Visita oficial a Caracas, continuación del viaje a Perú; suscripción de acuerdos de cooperación en energía y alimentos con Chávez.",https://www.elcolombiano.com/historico/chavez_recibio_a_mujica_en_el_palacio_de_miraflores-BGEC_120111,Medium,"El Colombiano (27-ene-2011): Mujica llegó a Caracas la noche del miércoles 26/1 tras la visita de Estado a Perú (Trip_ID 164, mismo Journey); recibido por Chávez el jueves 27/1 en Miraflores. Itinerario Perú->Venezuela confirmado también por fuente oficial uruguaya (archivo.presidencia.gub.uy).",NA,Verificada-URL,NA,NA,NA,NA,NA,NA,NA,NA,NA
URU-JM-J033,166,José Mujica,Uruguay,Completed,2014-07-16,2014-07-16,1,Brazil,South America,Brasília,Multilateral,Global Forum,NA,VI Cumbre del BRICS (sesión ampliada con líderes de UNASUR),NA,Participó en la sesión ampliada de la VI Cumbre del BRICS con líderes de UNASUR en Brasilia; abogó por un asiento latinoamericano en el Consejo de Seguridad de la ONU.,https://www.gub.uy/presidencia/comunicacion/videos/entrevista-mujica-tras-reunion-del-brics-brasilia,High,"Fuente oficial gub.uy (video 17-jul-2014, entrevista tras la cumbre) y noticia relacionada 'José Mujica: América Latina debe tener un integrante en el Consejo de Seguridad de ONU' (gub.uy, 16-jul-2014). Cumbre BRICS-UNASUR realizada en el Palacio de Itamaraty, Brasilia, el 16-jul-2014, inmediatamente después de la VI Cumbre BRICS de Fortaleza (15-jul-2014, a la que Uruguay no asistió por no ser miembro BRICS).",Cooperación Política General,Verificada-URL,NA,NA,NA,NA,NA,NA,NA,NA,NA
URU-JM-J034,167,José Mujica,Uruguay,Completed,2011-07-05,2011-07-05,1,Venezuela,South America,Caracas,Multilateral,Inauguration/Funeral,NA,Bicentenario de la Independencia de Venezuela; Hugo Chávez,NA,"Participó en los festejos del Bicentenario de la independencia de Venezuela junto a los presidentes de Paraguay y Bolivia, invitados por Chávez.",https://www.lanacion.com.ar/el-mundo/chavez-agradecio-la-visita-de-lugo-evo-y-mujica-nid1387126/,High,"Fecha del acto confirmada por despacho de agencias EFE/AP/Reuters (5-jul-2011, publicado el mismo día); no se especifica hora exacta de llegada/salida de Mujica a Caracas.",Cooperación Política General,Verificada-URL,NA,NA,NA,NA,NA,NA,NA,NA,NA
URU-JM-J035,168,José Mujica,Uruguay,Completed,2011-12-02,2011-12-03,2,Venezuela,South America,Caracas,Multilateral,Regional Summit,NA,Cumbre Fundacional de la CELAC,NA,"Participó en la cumbre fundacional de la CELAC en Caracas; llamó a la unidad regional entre izquierda, derecha y centro.",https://es.wikipedia.org/wiki/Cumbre_de_la_Celac_de_2011,Medium,"Fechas de la cumbre (2-3 dic 2011) confirmadas por Wikipedia con cita textual y fuentes cruzadas (Cubadebate, RNW, TN); no se halló nota específica de archivo.presidencia.gub.uy para este viaje.",Cooperación Política General,Verificada-URL,NA,NA,NA,NA,NA,NA,NA,NA,NA
URU-JM-J036,169,José Mujica,Uruguay,Completed,2015-01-01,2015-01-01,1,Brazil,South America,Brasília,Multilateral,Inauguration/Funeral,NA,Asunción de la segunda presidencia de Dilma Rousseff,NA,"Participó en la ceremonia de asunción del segundo mandato de Dilma Rousseff, acompañado por su sucesor electo Tabaré Vázquez.",https://www.gub.uy/presidencia/comunicacion/noticias/mujica-compartio-otros-gobernantes-asuncion-segunda-presidencia-rousseff,High,NA,Cooperación Política General,Verificada-URL,NA,NA,NA,NA,NA,NA,NA,NA,NA
URU-JM-J037,170,José Mujica,Uruguay,Completed,2014-07-12,2014-07-12,1,Argentina,South America,Buenos Aires,Multilateral,Working Visit,NA,"Cena de Estado en honor a Vladimir Putin (anfitriona Cristina Fernández de Kirchner), junto a Nicolás Maduro y Evo Morales",NA,"Participó como invitado especial en la cena de Estado que Cristina Fernández de Kirchner ofreció a Vladimir Putin en la Casa Rosada, junto a Maduro y Morales.",https://diariodecuyo.com.ar/argentina/Cristina-recibe-hoy-a-Putin-Maduro-Morales-y-Mujica-20140712-0100.html,Medium,"Confirmado también por comunicado de la Cancillería argentina ('José Mujica, Evo Morales y Nicolás Maduro con Cristina Fernández de Kirchner en la cena en honor de Vladimir Putin', cancilleria.gob.ar) y por Diario de Cuyo (11-jul, anticipo) y ObservadorUY (14-jul, crónica). Posible continuidad con la gira que incluyó la Cumbre BRICS en Brasil (Trip_ID 68... revisar), no confirmada como mismo Journey; se carga como salida propia por prudencia metodológica.",Cooperación Política General,Verificada-URL,NA,NA,NA,NA,NA,NA,NA,NA,NA
URU-JM-J038,171,José Mujica,Uruguay,Completed,2012-10-01,2012-10-02,2,Peru,South America,Lima,Multilateral,Regional Summit,NA,III Cumbre América del Sur-Países Árabes (ASPA),NA,Participó en la III Cumbre ASPA; declaró que América del Sur vive 'una primavera como nunca tuvo' y abogó por que el pueblo palestino tenga 'su historia y su bandera'.,https://www.lr21.com.uy/comunidad/1218997-mujica-cumbres-internacionales-presidencia-uruguay,Medium,"Cumbre ASPA III realizada 1-2 oct 2012 en Lima (fecha confirmada por Wikipedia, es.wikipedia.org/wiki/III_Cumbre_America_del_Sur-Paises_Arabes, y prensa regional); LR21 (27-feb-2015) confirma presencia y declaraciones de Mujica. No se halló registro oficial uruguayo con hora exacta de llegada/salida; se usan las fechas oficiales de la cumbre.",Comercio/Integración Económica,Verificada-URL,NA,NA,NA,NA,NA,NA,NA,NA,NA
URU-JM-J039,172,José Mujica,Uruguay,Completed,2012-11-30,2012-11-30,1,Peru,South America,Lima,Multilateral,Regional Summit,NA,VI Cumbre de UNASUR,NA,Discurso ante jefes de Estado de UNASUR exhortando a la unidad latinoamericana; cuestionó la falta de respuestas de Europa y EEUU ante la crisis internacional.,https://www.lr21.com.uy/comunidad/1218997-mujica-cumbres-internacionales-presidencia-uruguay,Medium,"VI Cumbre de UNASUR, Lima, 30-nov-2012 (anfitrión Ollanta Humala); fecha confirmada también por Wikipedia (es.wikipedia.org/wiki/VI_Cumbre_de_Unasur). Viaje distinto del realizado a Lima en oct-2012 para la Cumbre ASPA (Trip_ID 171); ambos confirmados por el mismo artículo de LR21.",Cooperación Política General,Verificada-URL,NA,NA,NA,NA,NA,NA,NA,NA,NA
URU-JM-J040,173,José Mujica,Uruguay,Completed,2014-12-03,2014-12-03,1,Venezuela,South America,Caracas,Bilateral,Working Visit,NA,Nicolás Maduro,Jefe de Estado/Gobierno,Visita de trabajo a Miraflores; revisaron cooperación bilateral en agricultura e industria y ofreció apoyo uruguayo en el 'aspecto productivo' venezolano.,https://elestimulo.com/venezuela/2014-12-03/maduro-recibe-a-jose-mujica-en-miraflores/,Medium,"Primer tramo de una gira que continuó a Ecuador (Trip_ID 174, mismo Journey) para la Cumbre de UNASUR en Guayaquil/Quito; confirmado por Presidencia de Uruguay (gub.uy, nota del 4-dic-2014) que resume la agenda del día previo de Mujica en Caracas.",NA,Verificada-URL,NA,NA,NA,NA,NA,NA,NA,NA,NA
URU-JM-J040,174,José Mujica,Uruguay,Completed,2014-12-04,2014-12-05,2,Ecuador,South America,Guayaquil / Quito,Multilateral,Regional Summit,NA,VIII Cumbre de UNASUR / Inauguración de la sede permanente de UNASUR (Edificio Néstor Kirchner),NA,Recibió la presidencia pro tempore de UNASUR de manos de Surinam en Guayaquil (4-dic) y participó al día siguiente en Quito de la inauguración de la sede permanente del bloque; recibió la Orden Nacional al Mérito de Ecuador.,https://www.gub.uy/presidencia/comunicacion/noticias/mujica-asume-presidencia-temporal-unasur-cumbre-guayaquil,High,"Fuente oficial (Presidencia de Uruguay, gub.uy, 4-dic-2014) confirma llegada a Guayaquil el jueves 4-dic y continuación de la cumbre en Quito el viernes 5-dic (inauguración de la sede); el discurso de recepción de Correa (presidencia.gob.ec, PDF 2014-12-05-Inauguracion-de-la-Sede-de-Unasur.pdf) confirma fecha 5-dic-2014 en Quito. Segundo tramo del viaje iniciado en Caracas (Trip_ID 173, mismo Journey); la gira continuó luego hacia México (Trip_ID 82, ya cargado en el módulo, Cumbre Iberoamericana Veracruz 8/9-dic-2014); no se modifica el Journey_ID de esa fila preexistente.",Cooperación Política General,Verificada-URL,NA,NA,NA,NA,NA,NA,NA,NA,NA
URU-JM-J041,175,José Mujica,Uruguay,Completed,2013-07-24,2013-07-27,4,Cuba,Caribbean,La Habana / Santiago de Cuba,Bilateral,State Visit,NA,Raúl Castro,Jefe de Estado/Gobierno,Primera visita oficial de Mujica a Cuba: reunión bilateral y cena con Raúl Castro en La Habana; participó en Santiago de Cuba en el 60º aniversario del Asalto al Cuartel Moncada.,https://www.gub.uy/presidencia/comunicacion/noticias/agenda-visita-del-presidente-jose-mujica-republica-cuba,High,"Agenda oficial detallada de Presidencia de Uruguay (gub.uy, publicada 23-jul-2013), con horarios de llegada a La Habana (24-jul, 11:23) y partida desde Cuba hacia Lima/Montevideo (27-jul, 16:17); tránsito técnico por Panamá y escala en Lima no se registran como visitas (sin agenda diplomática).",NA,Verificada-URL,NA,NA,NA,NA,NA,NA,NA,NA,NA
URU-JM-J042,176,José Mujica,Uruguay,Completed,2014-09-10,2014-09-10,1,Brazil,South America,Porto Alegre,Bilateral,Working Visit,NA,Tarso Genro (Gobernador de Rio Grande do Sul),Otro actor no estatal,"Visita oficial al estado de Rio Grande do Sul: recorrida en Novo Hamburgo y encuentro con el gobernador Tarso Genro en el Palacio Piratini, Porto Alegre; firma de memorando de integración cultural.",https://www.gub.uy/presidencia/comunicacion/noticias/mujica-debemos-crear-civilizacion-americana-amazonas-corazon-comun,High,"Nota de Presidencia de Uruguay (gub.uy) fechada 10-set-2014, mismo día del encuentro ('este miércoles' en Porto Alegre); mismo tipo de visita subnacional que el Trip_ID 63 (Encuentro Empresarial Rio Grande do Sul-Uruguay, nov-2011). | Counterpart_Type 2026-07-27: reclasificado de 'Jefe de Estado/Gobierno' (default) a 'Otro actor no estatal'. La contraparte explicita en Counterpart_Event es Tarso Genro, GOBERNADOR de Rio Grande do Sul (autoridad subnacional brasilena), no la Presidenta de Brasil Dilma Rousseff. Mismo tipo de contraparte subnacional que el Trip_ID 63 (nota previa del proyecto ya lo señalaba). La taxonomia cerrada no tiene categoria especifica para gobiernos subnacionales; se usa 'Otro actor no estatal' como residual mas cercana, dejando constancia del matiz para eventual revision de la taxonomia.",NA,Verificada-URL,NA,NA,NA,NA,NA,NA,NA,NA,NA
URU-JM-J043,177,José Mujica,Uruguay,Completed,2014-09-15,2014-09-17,3,Finland,Europe,Helsinki,Bilateral,Working Visit,NA,Sauli Niinistö,Jefe de Estado/Gobierno,Visita oficial a Finlandia; reunión con el presidente Sauli Niinistö sobre inversión forestal (UPM) y continuidad de las políticas económicas uruguayas ante el cambio de gobierno.,https://www.gub.uy/presidencia/comunicacion/noticias/mujica-prometio-finlandia-continuidad-politicas-inversion-aplica-uruguay,High,"Nota de Presidencia de Uruguay (gub.uy) fechada 17-set-2014 sobre la conferencia de prensa conjunta en Helsinki; fecha de inicio del viaje (15-set) tomada de fuentes de prensa (SELA, Infobae) que describen una visita oficial de tres días; sin confirmación oficial detallada día por día como en la agenda de Cuba o EE.UU.",NA,Verificada-URL,NA,NA,NA,NA,NA,NA,NA,NA,NA
URU-JM-J044,178,José Mujica,Uruguay,Completed,2014-11-06,2014-11-06,1,Brazil,South America,Brasilia,Bilateral,Working Visit,NA,Dilma Rousseff,Jefe de Estado/Gobierno,"Audiencia con la presidenta Dilma Rousseff en Brasilia; agenda bilateral de integración (Grupo de Alto Nivel), negociación Mercosur-Unión Europea y situación de tropas conjuntas en Haití.",https://www.gub.uy/presidencia/politicas-y-gestion/presidencia-06112014,High,"Mensaje oficial de la Presidencia a la Comisión Permanente del Parlamento (06-nov-2014) comunicando la ausencia del país del Presidente Mujica por la audiencia con Rousseff en Brasilia; distinto del viaje a Brasilia del 10-nov-2013 (Trip_ID 159, ya cargado) con el mismo par de mandatarios.",NA,Verificada-URL,NA,NA,NA,NA,NA,NA,NA,NA,NA
URU-JM-J045,179,José Mujica,Uruguay,Canceled,2012-04-05,NA,NA,Brazil,South America,Brasilia,Bilateral,Working Visit,NA,Dilma Rousseff,Jefe de Estado/Gobierno,Objetivo: misión de siete horas a Brasilia para negociar con Dilma Rousseff temas del Mercosur y una asociación de UTE con una generadora eléctrica brasileña. Cancelación: mal tiempo impidió el despegue del avión presidencial.,https://www.subrayado.com.uy/mujica-no-viajo-brasil-mal-tiempo-n10845,Medium,Mujica llegó a estar en el aeropuerto pero la orden fue no partir ('si no llegábamos a Brasilia a las 9 horas no tenía sentido el vuelo'); nota de Subrayado fechada el mismo 5-abr-2012. No se halló confirmación de una fecha posterior de reprogramación efectiva de este viaje puntual.,NA,Verificada-URL,NA,NA,NA,NA,NA,NA,NA,NA,NA
URU-JM-J046,180,José Mujica,Uruguay,Completed,2010-10-28,2010-10-28,1,Argentina,South America,Buenos Aires,Multilateral,Inauguration/Funeral,NA,Funeral de Estado de Néstor Kirchner,NA,"Viajó junto a la senadora Lucía Topolansky a la Casa Rosada para dar el pésame a la presidenta Cristina Fernández y despedir al expresidente Néstor Kirchner, fallecido el 27 de octubre.",https://es.wikipedia.org/wiki/Funeral_de_N%C3%A9stor_Kirchner,Medium,"Wikipedia confirma a José Mujica entre los presidentes que asistieron al velatorio en la Casa Rosada (28-oct-2010), junto a Chávez, Evo Morales, Lula, Lugo, Santos, Correa y Piñera; consistente con crónicas de prensa de la época (ej. diariodecuyo.com.ar, nota 'mandatarios sudamericanos dieron su pesame a Cristina').",Cooperación Política General,Verificada-URL,NA,NA,NA,NA,NA,NA,NA,NA,NA
URU-JM-J047,181,José Mujica,Uruguay,Completed,2011-12-10,2011-12-10,1,Argentina,South America,Buenos Aires,Multilateral,Inauguration/Funeral,NA,Asunción del segundo mandato de Cristina Fernández de Kirchner,NA,"Participó en el Congreso Nacional de la ceremonia de jura del segundo mandato presidencial de Cristina Fernández de Kirchner, junto a los mandatarios de Brasil, Bolivia, Paraguay y Chile.",https://www.eluniverso.com/2011/12/10/1/1361/cristina-fernandez-kirchner-asume-segundo-mandato-argentina.html/,Medium,"Despacho de agencias reproducido por El Universo (Ecuador, 10-dic-2011) confirma expresamente la asistencia de 'José Mujica' junto a Dilma Rousseff, Evo Morales, Fernando Lugo y Sebastián Piñera; Chávez, Santos, Humala y Correa cancelaron su asistencia.",Cooperación Política General,Verificada-URL,NA,NA,NA,NA,NA,NA,NA,NA,NA
COLT-1514-URY-ARG-37440,182,Jorge Batlle,Uruguay,Completed,2002-07-03,2002-07-05,3,Argentina,South America,,Multilateral,Regional Summit,NA,Common Market of the South (MERCOSUR) Summit,NA,"Se confirma que la XXII Cumbre ordinaria del Mercosur se realizo en Buenos Aires el 5 de julio de 2002, con la firma de un acuerdo automotor bilateral, coincidiendo con lo que describen las notas de COLT. El TripStartDate de COLT (3-jul) es consisten","Busqueda web sobre la XXII Cumbre del Mercosur, Buenos Aires, 5/7/2002, y firma de acuerdo automotor bilateral",Medium,[PE-Latam 2026-08-24: fila insertada automaticamente desde COLT TripID 1514-URY-ARG-37440 via colt_aplicar_verificacion.py. Visit_Category/Visit_Subtype/Counterpart_Event/Counterpart_Type/Tema_Foro quedan en NA o con un valor mecanico derivado de COLT -revisar a mano-.],Cooperación Política General,Solo-Query,FALSE,FALSE,NA,FALSE,TRUE,FALSE,FALSE,FALSE,NA
COLT-1514-URY-ARG-37766,183,Jorge Batlle,Uruguay,Completed,2003-05-25,2003-05-26,2,Argentina,South America,,Bilateral,Inauguration/Funeral,NA,President Nestor Kirchner,Jefe de Estado/Gobierno,"Las fuentes confirman explicitamente que 'Jorge Batlle y el chileno Ricardo Lagos entraron juntos' a la ceremonia de asuncion de Kirchner el 25 de mayo de 2003, junto a otros 12 jefes de Estado latinoamericanos. Evento confirmado con alta certeza.","Cobertura de prensa de la asuncion de Nestor Kirchner, 25/5/2003 (Casa Rosada y medios argentinos)",Medium,[PE-Latam 2026-08-24: fila insertada automaticamente desde COLT TripID 1514-URY-ARG-37766 via colt_aplicar_verificacion.py. Visit_Category/Visit_Subtype/Counterpart_Event/Counterpart_Type/Tema_Foro quedan en NA o con un valor mecanico derivado de COLT -revisar a mano-.],NA,Solo-Query,TRUE,FALSE,NA,FALSE,FALSE,TRUE,FALSE,FALSE,NA
COLT-1514-URY-ARG-38175,184,Jorge Batlle,Uruguay,Completed,2004-07-07,2004-07-09,3,Argentina,South America,,Multilateral,Regional Summit,NA,Common Market of the South (MERCOSUR) Summit,NA,"Se confirma una reunion de alto nivel del Mercosur (LXII CMC y Cumbre de Jefes de Estado) en Puerto Iguazu, Argentina, en la primera semana de julio de 2004, coincidiendo con el pais visitado y el periodo indicado por COLT (7-jul, con posible ventana",https://www.mercosur.int/argentina-realizara-el-3-y-4-de-julio-en-puerto-iguazu-la-lxii-reunion-del-consejo-del-mercado-comun-y-cumbre-de-jefes-y-jefas-de-estado-del-mercosur-y-estados-asociados/,Medium,[PE-Latam 2026-08-24: fila insertada automaticamente desde COLT TripID 1514-URY-ARG-38175 via colt_aplicar_verificacion.py. Visit_Category/Visit_Subtype/Counterpart_Event/Counterpart_Type/Tema_Foro quedan en NA o con un valor mecanico derivado de COLT -revisar a mano-.],Cooperación Política General,Verificada-URL,FALSE,FALSE,NA,TRUE,TRUE,FALSE,TRUE,FALSE,NA
COLT-1514-URY-BRA-37622,185,Jorge Batlle,Uruguay,Completed,2003-01-01,2003-01-01,1,Brazil,South America,,Other,Working Visit,NA,Attended the inauguration of President-elect Luiz Inacio Lula da Silva.  Met with U.S. Trade Representative Robert Zoellick. [PE-Latam 2026-08-24: Agregada a nuestra base como Trip_ID 185],NA,"Fuentes confirman que Jorge Batlle, presidente de Uruguay, estuvo entre los mandatarios presentes en la asuncion de Lula da Silva el 1 de enero de 2003.","Cobertura de la asuncion de Luiz Inacio Lula da Silva, 1/1/2003, Brasilia",Medium,[PE-Latam 2026-08-24: fila insertada automaticamente desde COLT TripID 1514-URY-BRA-37622 via colt_aplicar_verificacion.py. Visit_Category/Visit_Subtype/Counterpart_Event/Counterpart_Type/Tema_Foro quedan en NA o con un valor mecanico derivado de COLT -revisar a mano-.],NA,Solo-Query,FALSE,FALSE,NA,FALSE,FALSE,TRUE,FALSE,FALSE,NA
COLT-1514-URY-CHN-37542,186,Jorge Batlle,Uruguay,Completed,2002-10-13,2002-10-18,6,China,Asia-Pacific,,Bilateral,Working Visit,NA,General Secretary Jiang Zemin,Jefe de Estado/Gobierno,"La fuente confirma explicitamente que, ademas de Sanguinetti, 'China conto con la presencia de los sucesivos presidentes de Uruguay: ... Jorge Batlle ...'. Las notas de COLT son muy especificas y detalladas (Xi'an, Shanghai, Beijing, reuniones con Li","Articulo academico 'A 35 anos del establecimiento de relaciones entre Uruguay y la Republica Popular China' (con apoyo de la Embajada de Uruguay en China), grupormultimedio.com",Medium,[PE-Latam 2026-08-24: fila insertada automaticamente desde COLT TripID 1514-URY-CHN-37542 via colt_aplicar_verificacion.py. Visit_Category/Visit_Subtype/Counterpart_Event/Counterpart_Type/Tema_Foro quedan en NA o con un valor mecanico derivado de COLT -revisar a mano-.],NA,Solo-Query,TRUE,FALSE,NA,FALSE,TRUE,TRUE,TRUE,FALSE,NA
COLT-1514-URY-CRI-37356,187,Jorge Batlle,Uruguay,Completed,2002-04-10,2002-04-12,3,Costa Rica,Central America,,Multilateral,Regional Summit,NA,Rio Group Summit,NA,"La Cancilleria de Costa Rica publica la Declaracion Conjunta firmada por Batlle y Rodriguez Echeverria, fechada exactamente 'el dia 10 de abril del 2002' como Visita Oficial a Costa Rica, coincidiendo con el TripStartDate de COLT (10-abr-2002). Nota:","https://www.rree.go.cr/files/includes/files.php?id=34&tipo=relacion (Declaracion Conjunta, Cancilleria de Costa Rica, fuente oficial primaria)",Medium,[PE-Latam 2026-08-24: fila insertada automaticamente desde COLT TripID 1514-URY-CRI-37356 via colt_aplicar_verificacion.py. Visit_Category/Visit_Subtype/Counterpart_Event/Counterpart_Type/Tema_Foro quedan en NA o con un valor mecanico derivado de COLT -revisar a mano-.],Cooperación Política General,Verificada-URL,FALSE,FALSE,NA,TRUE,FALSE,FALSE,FALSE,FALSE,NA
COLT-1514-URY-DOM-38215,188,Jorge Batlle,Uruguay,Completed,2004-08-16,2004-08-21,6,Dominican Republic,Caribbean,,Other,Working Visit,NA,Presedential Inaugeration [PE-Latam 2026-08-24: Agregada a nuestra base como Trip_ID 188],NA,"Fuentes confirman que Jorge Batlle estuvo entre los lideres internacionales presentes en la investidura de Fernandez, junto a Lula, Pacheco de la Espriella y Ricardo Maduro.","Cobertura de la asuncion de Leonel Fernandez, 16/8/2004, Santo Domingo",Medium,[PE-Latam 2026-08-24: fila insertada automaticamente desde COLT TripID 1514-URY-DOM-38215 via colt_aplicar_verificacion.py. Visit_Category/Visit_Subtype/Counterpart_Event/Counterpart_Type/Tema_Foro quedan en NA o con un valor mecanico derivado de COLT -revisar a mano-.],NA,Solo-Query,FALSE,FALSE,NA,FALSE,FALSE,TRUE,FALSE,FALSE,NA
COLT-1514-URY-HTI-38216,189,Jorge Batlle,Uruguay,Completed,2004-08-17,2004-08-18,2,Haiti,Caribbean,,Other,Working Visit,NA,visiting Uraguayan Troops stationed in Haiti [PE-Latam 2026-08-24: Agregada a nuestra base como Trip_ID 189],NA,"Se confirma que 'el presidente Jorge Batlle arribo a Haiti el 17 de agosto' de 2004, coincidiendo exactamente con el TripStartDate de COLT, en el marco temprano de la mision MINUSTAH; consistente con ser continuacion del viaje a Republica Dominicana ",Fuente periodistica sobre despliegue MINUSTAH y Uruguay en 2004,Medium,[PE-Latam 2026-08-24: fila insertada automaticamente desde COLT TripID 1514-URY-HTI-38216 via colt_aplicar_verificacion.py. Visit_Category/Visit_Subtype/Counterpart_Event/Counterpart_Type/Tema_Foro quedan en NA o con un valor mecanico derivado de COLT -revisar a mano-.],NA,Solo-Query,FALSE,FALSE,NA,FALSE,FALSE,TRUE,FALSE,FALSE,NA
COLT-1514-URY-JPN-36996,190,Jorge Batlle,Uruguay,Completed,2001-04-15,2001-04-19,5,Japan,Asia-Pacific,,Bilateral,Working Visit,NA,Prime Minister Mori Yoshiro,Jefe de Estado/Gobierno,"El MOFA confirma que el presidente Batlle realizo una visita de trabajo oficial a Japon del 15 al 19 de abril de 2001, coincidiendo exactamente con el TripStartDate y la duracion de 5 dias de COLT, incluyendo la visita a Hiroshima descrita en las not","https://www.mofa.go.jp/region/latin/uruguay/pv0104/outline.html (Ministerio de Relaciones Exteriores de Japon, fuente oficial primaria)",Medium,[PE-Latam 2026-08-24: fila insertada automaticamente desde COLT TripID 1514-URY-JPN-36996 via colt_aplicar_verificacion.py. Visit_Category/Visit_Subtype/Counterpart_Event/Counterpart_Type/Tema_Foro quedan en NA o con un valor mecanico derivado de COLT -revisar a mano-.],NA,Verificada-URL,TRUE,FALSE,NA,TRUE,FALSE,TRUE,TRUE,FALSE,NA
COLT-1514-URY-MEX-37334,191,Jorge Batlle,Uruguay,Completed,2002-03-19,2002-03-23,5,Mexico,North America,,Multilateral,Regional Summit,NA,UN International Conference on Financing for Development,NA,"Dos fuentes independientes confirman que Batlle asistio y hablo en la Conferencia de Monterrey sobre Financiacion para el Desarrollo (18-22 marzo 2002), coincidiendo con el TripStartDate de COLT (19-mar) y el destino (Mexico).","Wikipedia 'Presidency of Jorge Batlle' (cita declaraciones de Batlle en la Conferencia Internacional sobre Financiacion para el Desarrollo, Monterrey); https://www.rree.go.cr/files/includes/files.php?id=34 (confirma que dicha conferencia se realizo del 18 al 22 de marzo de 2002)",Medium,[PE-Latam 2026-08-24: fila insertada automaticamente desde COLT TripID 1514-URY-MEX-37334 via colt_aplicar_verificacion.py. Visit_Category/Visit_Subtype/Counterpart_Event/Counterpart_Type/Tema_Foro quedan en NA o con un valor mecanico derivado de COLT -revisar a mano-.],Cooperación Política General,Solo-Query,TRUE,TRUE,Prime Minister Jean Chretien,FALSE,TRUE,FALSE,FALSE,TRUE,Food and Agriculture Organization (FAO) Director-General Jacques Diouf
COLT-1514-URY-PAN-36846,192,Jorge Batlle,Uruguay,Completed,2000-11-16,2000-11-19,4,Panama,Central America,,Multilateral,Regional Summit,NA,Ibero-American Summit,NA,"Se confirma que Batlle asistio a la X Cumbre Iberoamericana realizada en Panama en noviembre de 2000, coincidiendo con el periodo indicado por COLT (TripStartDate 16-nov, 4 dias).","Referencia a la X Cumbre Iberoamericana, Panama, noviembre de 2000, centrada en ninez y adolescencia",Medium,[PE-Latam 2026-08-24: fila insertada automaticamente desde COLT TripID 1514-URY-PAN-36846 via colt_aplicar_verificacion.py. Visit_Category/Visit_Subtype/Counterpart_Event/Counterpart_Type/Tema_Foro quedan en NA o con un valor mecanico derivado de COLT -revisar a mano-.],Cooperación Política General,Solo-Query,FALSE,FALSE,NA,FALSE,FALSE,FALSE,FALSE,FALSE,NA
COLT-1514-URY-PRY-36792,193,Jorge Batlle,Uruguay,Completed,2000-09-23,2000-09-23,1,Paraguay,South America,,Other,Working Visit,NA,Purpose of visit to commemorate the 150th anniversary of the death of Uruguayan founding forefather Jose Gervasio Artigas [PE-Latam 2026-08-24: Agregada a nuestra base como Trip_ID 193],NA,"La fecha exacta del fallecimiento de Artigas (23/9/1850) coincide matematicamente con el '150 aniversario' citado en la nota de COLT (2000-1850=150) y con el TripStartDate exacto (23-sep-2000), un dato muy especifico y verificable que da alta credibi",Dato historico verificable de forma independiente: Jose Gervasio Artigas fallecio el 23 de septiembre de 1850 en Paraguay (exilio en Ibiray),Medium,[PE-Latam 2026-08-24: fila insertada automaticamente desde COLT TripID 1514-URY-PRY-36792 via colt_aplicar_verificacion.py. Visit_Category/Visit_Subtype/Counterpart_Event/Counterpart_Type/Tema_Foro quedan en NA o con un valor mecanico derivado de COLT -revisar a mano-.],NA,Solo-Query,FALSE,FALSE,NA,FALSE,FALSE,TRUE,FALSE,FALSE,NA
COLT-1514-URY-PRY-37790,194,Jorge Batlle,Uruguay,Completed,2003-06-18,2003-06-18,1,Paraguay,South America,,Multilateral,Regional Summit,NA,Common Market of the South (MERCOSUR) Summit,NA,"Se confirma que la cumbre se realizo en Asuncion los dias 17 y 18 de junio de 2003, coincidiendo exactamente con el TripStartDate de COLT (18-jun).","Busqueda sobre la XXIV Cumbre de Presidentes del Mercosur, Asuncion, 17-18/6/2003",Medium,[PE-Latam 2026-08-24: fila insertada automaticamente desde COLT TripID 1514-URY-PRY-37790 via colt_aplicar_verificacion.py. Visit_Category/Visit_Subtype/Counterpart_Event/Counterpart_Type/Tema_Foro quedan en NA o con un valor mecanico derivado de COLT -revisar a mano-.],Cooperación Política General,Solo-Query,FALSE,FALSE,NA,FALSE,TRUE,FALSE,FALSE,FALSE,NA
COLT-1514-URY-PRY-37848,195,Jorge Batlle,Uruguay,Completed,2003-08-15,2003-08-16,2,Paraguay,South America,,Other,Working Visit,NA,Attended the inauguration ceremony of President-elect Nicanor Duarte. [PE-Latam 2026-08-24: Agregada a nuestra base como Trip_ID 195],NA,"Multiples referencias confirman actividad diplomatica de Batlle en Asuncion en el marco de la asuncion de Duarte Frutos, incluyendo una cena ofrecida por el propio Batlle en honor al nuevo mandatario paraguayo.","Cobertura de la asuncion de Nicanor Duarte Frutos (15/8/2003, con presencia de nueve jefes de Estado) y referencias a una cena ofrecida por Batlle en honor a Duarte y encuentros en Asuncion en torno a la XVIII Cumbre",Medium,[PE-Latam 2026-08-24: fila insertada automaticamente desde COLT TripID 1514-URY-PRY-37848 via colt_aplicar_verificacion.py. Visit_Category/Visit_Subtype/Counterpart_Event/Counterpart_Type/Tema_Foro quedan en NA o con un valor mecanico derivado de COLT -revisar a mano-.],NA,Solo-Query,FALSE,FALSE,NA,FALSE,FALSE,TRUE,FALSE,FALSE,NA
COLT-1514-URY-ZAF-38104,196,Jorge Batlle,Uruguay,Completed,2004-04-27,2004-04-29,3,South Africa,Africa,,Other,Working Visit,NA,Attended Inaugeration of Thabo Mbeki [PE-Latam 2026-08-24: Agregada a nuestra base como Trip_ID 196],NA,"La investidura de Mbeki fue efectivamente el 27/4/2004. ADVERTENCIA: este viaje probablemente es parte de la MISMA gira africana que nuestro Trip_ID 20 (Kinshasa, RDC, 27-29 abr 2004, Journey_ID URU-JB-J017) -nuestra propia base ya documenta que la d","Segunda investidura de Thabo Mbeki, 27/4/2004 (Dia de la Libertad, Sudafrica); nota de nuestra propia base (Trip_ID 20, RDC) que confirma transito de la delegacion uruguaya por Johannesburgo el 29-30 de abril de 2004",Medium,[PE-Latam 2026-08-24: fila insertada automaticamente desde COLT TripID 1514-URY-ZAF-38104 via colt_aplicar_verificacion.py. Visit_Category/Visit_Subtype/Counterpart_Event/Counterpart_Type/Tema_Foro quedan en NA o con un valor mecanico derivado de COLT -revisar a mano-.],NA,Solo-Query,FALSE,FALSE,NA,FALSE,FALSE,TRUE,FALSE,FALSE,NA
COLT-1514-URY-USA-37626,197,Jorge Batlle,Uruguay,Completed,2003-01-05,2003-01-05,1,United States,North America,,Other,Working Visit,NA,Attended Florida Governor Jeb Bush's inauguration. [PE-Latam 2026-08-24: Agregada a nuestra base como Trip_ID 197],NA,"Fuente periodistica uruguaya contemporanea confirma que Batlle fue uno de los 25.000 invitados a la re-investidura de Jeb Bush como gobernador de Florida el 7/1/2003, y que se reunio con Jeb y George H. Bush en Miami. El TripStartDate de COLT (5-ene)","https://www.lr21.com.uy/politica/103102-batlle-rinde-culto-a-los-bush-en-miami (LARED21, 7/1/2003)",Medium,[PE-Latam 2026-08-24: fila insertada automaticamente desde COLT TripID 1514-URY-USA-37626 via colt_aplicar_verificacion.py. Visit_Category/Visit_Subtype/Counterpart_Event/Counterpart_Type/Tema_Foro quedan en NA o con un valor mecanico derivado de COLT -revisar a mano-.],NA,Verificada-URL,FALSE,FALSE,NA,FALSE,FALSE,TRUE,FALSE,FALSE,NA
COLT-191-URY-ARG-35239,198,Julio Maria Sanguinetti,Uruguay,Completed,1996-06-23,1996-06-25,3,Argentina,South America,,Multilateral,Regional Summit,NA,Common Market of the South (MERCOSUR) Summit,NA,"La X Cumbre de Presidentes del Mercosur se realizo en San Luis (Potrero de los Funes) el 25/6/1996, donde se firmo la Declaracion sobre Malvinas por los presidentes del bloque, incluido Sanguinetti. Coincide con TripStartDate y Notes de COLT.",https://www.mercosur.int/declaracion-especial-de-los-presidentes-de-los-estados-partes-del-mercosur-y-estados-asociados-sobre-la-cuestion-de-las-islas-malvinas-2 ; https://www.cancilleria.gob.ar/es/actualidad/noticias/declaracion-especial-de-los-presidentes-de-los-estados-partes-del-mercosur-y-0,Medium,[PE-Latam 2026-08-24: fila insertada automaticamente desde COLT TripID 191-URY-ARG-35239 via colt_aplicar_verificacion.py. Visit_Category/Visit_Subtype/Counterpart_Event/Counterpart_Type/Tema_Foro quedan en NA o con un valor mecanico derivado de COLT -revisar a mano-.],Cooperación Política General,Verificada-URL,FALSE,FALSE,NA,FALSE,TRUE,FALSE,FALSE,FALSE,NA
COLT-191-URY-ARG-35999,199,Julio Maria Sanguinetti,Uruguay,Completed,1998-07-23,1998-07-24,2,Argentina,South America,,Multilateral,Regional Summit,NA,Common Market of the South (MERCOSUR) Summit,NA,"Nota de La Nacion (13/7/1998) confirma que Sanguinetti arribo a Ushuaia el 23/7/1998 junto a los demas mandatarios del Mercosur; el Protocolo de Ushuaia fue firmado el 24/7/1998 por los presidentes del bloque, incluido Sanguinetti. Nota: este viaje e","https://www.lanacion.com.ar/politica/ushuaia-sede-de-la-cumbre-del-mercosur-nid103304/ ; Protocolo de Ushuaia (Parlasur, Mercosur)",Medium,[PE-Latam 2026-08-24: fila insertada automaticamente desde COLT TripID 191-URY-ARG-35999 via colt_aplicar_verificacion.py. Visit_Category/Visit_Subtype/Counterpart_Event/Counterpart_Type/Tema_Foro quedan en NA o con un valor mecanico derivado de COLT -revisar a mano-.],Cooperación Política General,Verificada-URL,FALSE,FALSE,NA,FALSE,FALSE,FALSE,FALSE,FALSE,NA
COLT-191-URY-BRA-36139,200,Julio Maria Sanguinetti,Uruguay,Completed,1998-12-10,1998-12-10,1,Brazil,South America,,Multilateral,Regional Summit,NA,Common Market of the South (MERCOSUR) Summit,NA,"La Declaracion Sociolaboral del Mercosur fue firmada por los presidentes de los Estados parte en Rio de Janeiro el 10/12/1998, en el marco de la XV Reunion del Consejo Mercado Comun; Uruguay es miembro fundador y su presidente participo habitualmente",https://es.wikisource.org/wiki/Declaraci%C3%B3n_Sociolaboral_del_Mercosur ; http://www.sunsonline.org/trade/process/followup/1998/12140298.htm (SourceLink de COLT),Medium,[PE-Latam 2026-08-24: fila insertada automaticamente desde COLT TripID 191-URY-BRA-36139 via colt_aplicar_verificacion.py. Visit_Category/Visit_Subtype/Counterpart_Event/Counterpart_Type/Tema_Foro quedan en NA o con un valor mecanico derivado de COLT -revisar a mano-.],Cooperación Política General,Verificada-URL,FALSE,FALSE,NA,FALSE,FALSE,FALSE,FALSE,FALSE,NA
COLT-191-URY-CHN-35540,201,Julio Maria Sanguinetti,Uruguay,Completed,1997-04-20,1997-04-23,4,China,Asia-Pacific,,Bilateral,Working Visit,NA,General Secretary Jiang Zemin,Jefe de Estado/Gobierno,"Fuente confirma que en abril de 1997 Sanguinetti realizo su segunda visita oficial a China, visitando Beijing y Shanghai, reuniendose con Jiang Zemin y el premier Li Peng, coincidiendo con TripStartDate y Notes de COLT.",https://www.elobservador.com.uy/nota/negociaciones-secretas-con-china-la-ruptura-con-taiwan-y-la-primera-visita-de-sanguinetti-202321517400,Medium,[PE-Latam 2026-08-24: fila insertada automaticamente desde COLT TripID 191-URY-CHN-35540 via colt_aplicar_verificacion.py. Visit_Category/Visit_Subtype/Counterpart_Event/Counterpart_Type/Tema_Foro quedan en NA o con un valor mecanico derivado de COLT -revisar a mano-.],NA,Verificada-URL,TRUE,FALSE,NA,FALSE,TRUE,FALSE,FALSE,FALSE,NA
COLT-191-URY-CRI-35845,202,Julio Maria Sanguinetti,Uruguay,Completed,1998-02-19,1998-02-20,2,Costa Rica,Central America,,Other,Working Visit,NA,Unclear whether bilateral talks took place between the respective heads of governments based on public information available. [PE-Latam 2026-08-24: Agregada a nuestra base como Trip_ID 202],NA,"El Archivo Nacional de Costa Rica documenta fotograficamente la entrega de llaves de San Jose a Sanguinetti con el presidente Figueres Olsen (1994-1998) y el alcalde Johnny Araya, consistente con una visita oficial en el periodo indicado por COLT (19",Archivo Nacional de Costa Rica (archivodigital.go.cr) - fotografias de la entrega de llaves de la ciudad de San Jose al presidente Sanguinetti junto al presidente Figueres Olsen,Medium,[PE-Latam 2026-08-24: fila insertada automaticamente desde COLT TripID 191-URY-CRI-35845 via colt_aplicar_verificacion.py. Visit_Category/Visit_Subtype/Counterpart_Event/Counterpart_Type/Tema_Foro quedan en NA o con un valor mecanico derivado de COLT -revisar a mano-.],NA,Solo-Query,FALSE,FALSE,NA,FALSE,FALSE,FALSE,FALSE,FALSE,NA
COLT-191-URY-CUB-36479,203,Julio Maria Sanguinetti,Uruguay,Completed,1999-11-15,1999-11-16,2,Cuba,Caribbean,,Multilateral,Regional Summit,NA,Ibero-American Summit,NA,"La IX Cumbre Iberoamericana se realizo en La Habana el 15-16/11/1999 sobre la situacion financiera internacional; fuentes confirman la participacion de Sanguinetti, presidente de Uruguay, junto a los demas jefes de Estado y de Gobierno iberoamericano",https://segib.org/es/ix-cumbre-iberoamericana-la-situacion-financiera-internacional-en-una-economia-globalizada/ ; https://es.wikipedia.org/wiki/IX_Cumbre_Iberoamericana,Medium,[PE-Latam 2026-08-24: fila insertada automaticamente desde COLT TripID 191-URY-CUB-36479 via colt_aplicar_verificacion.py. Visit_Category/Visit_Subtype/Counterpart_Event/Counterpart_Type/Tema_Foro quedan en NA o con un valor mecanico derivado de COLT -revisar a mano-.],Cooperación Política General,Verificada-URL,FALSE,FALSE,NA,FALSE,FALSE,FALSE,FALSE,FALSE,NA
COLT-191-URY-FRA-36232,204,Julio Maria Sanguinetti,Uruguay,Completed,1999-03-13,1999-03-16,4,France,Europe,,Multilateral,Regional Summit,NA,Inter-American Development Bank (IDB) Summit,NA,"La Reunion Anual de Gobernadores del BID se inauguro en Paris el 15/3/1999 (fuente propia de COLT, comunicado oficial del BID), consistente con TripStartDate 13/3/1999 y con las notas detalladas de COLT sobre el discurso de Sanguinetti en dicha reuni",https://www.iadb.org/en/news/news-releases/1999-03-15/annual-Meeting-of--idb-board-of-governors-inaugurated-in-paris%2C1706.html (SourceLink de COLT),Medium,[PE-Latam 2026-08-24: fila insertada automaticamente desde COLT TripID 191-URY-FRA-36232 via colt_aplicar_verificacion.py. Visit_Category/Visit_Subtype/Counterpart_Event/Counterpart_Type/Tema_Foro quedan en NA o con un valor mecanico derivado de COLT -revisar a mano-.],Cooperación Política General,Verificada-URL,FALSE,FALSE,NA,TRUE,FALSE,FALSE,FALSE,FALSE,NA
COLT-191-URY-ISR-35882,205,Julio Maria Sanguinetti,Uruguay,Completed,1998-03-28,1998-04-01,5,Israel,Middle East,,Bilateral,Transit/Medical,NA,Prime Minister Benjamin Netanyahu,Jefe de Estado/Gobierno,"Fuente confirma que Sanguinetti visito Israel en marzo de 1998, siendo el primer presidente uruguayo en hacerlo, consistente con TripStartDate 28/3/1998 y las notas de COLT sobre la visita a Yad Vashem y acuerdos bilaterales.",https://www.ynetespanol.com/global/america/article/SynW0H5ZS,Medium,[PE-Latam 2026-08-24: fila insertada automaticamente desde COLT TripID 191-URY-ISR-35882 via colt_aplicar_verificacion.py. Visit_Category/Visit_Subtype/Counterpart_Event/Counterpart_Type/Tema_Foro quedan en NA o con un valor mecanico derivado de COLT -revisar a mano-.],NA,Verificada-URL,TRUE,FALSE,NA,FALSE,TRUE,TRUE,FALSE,FALSE,NA
COLT-191-URY-JPN-35974,206,Julio Maria Sanguinetti,Uruguay,Completed,1998-06-28,1998-06-30,3,Japan,Asia-Pacific,,Multilateral,Regional Summit,NA,Japan-Peru-Uruguay Trilateral Meeting,NA,"Comunicado oficial del Ministerio de Relaciones Exteriores de Japon confirma la visita de Sanguinetti a Japon del 29/6 al 1/7/1998, reunion con el Emperador y el primer ministro Hashimoto, coincidiendo con TripStartDate 28/6/1998 (viaje de ida) y dur",https://www.mofa.go.jp/announce/event/1998/6/624-1.html,Medium,[PE-Latam 2026-08-24: fila insertada automaticamente desde COLT TripID 191-URY-JPN-35974 via colt_aplicar_verificacion.py. Visit_Category/Visit_Subtype/Counterpart_Event/Counterpart_Type/Tema_Foro quedan en NA o con un valor mecanico derivado de COLT -revisar a mano-.],Cooperación Política General,Verificada-URL,TRUE,FALSE,NA,FALSE,FALSE,FALSE,FALSE,FALSE,NA
COLT-191-URY-MYS-35248,207,Julio Maria Sanguinetti,Uruguay,Completed,1996-07-02,1996-07-06,5,Malaysia,Asia-Pacific,,Bilateral,Transit/Medical,NA,Prime Minister Mahathir bin Mohamad,Jefe de Estado/Gobierno,"El CV oficial de Sanguinetti confirma que recibio un doctorado honoris causa de una universidad de Malasia, lo cual coincide exactamente con la nota de COLT ('Received honorary doctorate of law from the University of Malaysia'). Es un dato muy especi","CV oficial de Julio Maria Sanguinetti (web.ua.es) - lista de doctorados honoris causa recibidos, incluyendo una universidad de Malasia (Kuala Lumpur)",Medium,[PE-Latam 2026-08-24: fila insertada automaticamente desde COLT TripID 191-URY-MYS-35248 via colt_aplicar_verificacion.py. Visit_Category/Visit_Subtype/Counterpart_Event/Counterpart_Type/Tema_Foro quedan en NA o con un valor mecanico derivado de COLT -revisar a mano-.],NA,Solo-Query,TRUE,FALSE,NA,TRUE,TRUE,TRUE,TRUE,FALSE,NA
COLT-191-URY-MEX-36308,208,Julio Maria Sanguinetti,Uruguay,Completed,1999-05-28,1999-05-29,2,Mexico,North America,,Multilateral,Regional Summit,NA,Rio Group Summit,NA,"La XIII Cumbre del Grupo de Rio se realizo el 28/5/1999 en Mexico, con la participacion explicita de Uruguay entre los paises asistentes, coincidiendo exactamente con TripStartDate de COLT y con la nota sobre la conferencia de prensa final en Ciudad ","Busqueda web sobre la XIII Cumbre del Grupo de Rio, Veracruz/Mexico, 28/5/1999",Medium,[PE-Latam 2026-08-24: fila insertada automaticamente desde COLT TripID 191-URY-MEX-36308 via colt_aplicar_verificacion.py. Visit_Category/Visit_Subtype/Counterpart_Event/Counterpart_Type/Tema_Foro quedan en NA o con un valor mecanico derivado de COLT -revisar a mano-.],Cooperación Política General,Solo-Query,FALSE,TRUE,President Luis Angel Gonzalez Macchi,TRUE,FALSE,FALSE,FALSE,FALSE,NA
COLT-191-URY-PRY-34916,209,Julio Maria Sanguinetti,Uruguay,Completed,1995-08-05,1995-08-06,2,Paraguay,South America,,Multilateral,Regional Summit,NA,Common Market of the South (MERCOSUR) Summit,NA,"La VIII Cumbre del Mercosur se realizo en Asuncion el 5/8/1995, coincidiendo exactamente con el TripStartDate de COLT; la nota sobre negociaciones con el Consejo Europeo es consistente con el proceso Mercosur-UE de esa epoca.","Busqueda web sobre la VIII Cumbre de Presidentes del Mercosur, Asuncion, 5/8/1995 (bajo presidencia de Wasmosy)",Medium,[PE-Latam 2026-08-24: fila insertada automaticamente desde COLT TripID 191-URY-PRY-34916 via colt_aplicar_verificacion.py. Visit_Category/Visit_Subtype/Counterpart_Event/Counterpart_Type/Tema_Foro quedan en NA o con un valor mecanico derivado de COLT -revisar a mano-.],Cooperación Política General,Solo-Query,FALSE,FALSE,NA,FALSE,TRUE,FALSE,FALSE,FALSE,NA
COLT-191-URY-PRY-35600,210,Julio Maria Sanguinetti,Uruguay,Completed,1997-06-19,1997-06-20,2,Paraguay,South America,,Multilateral,Regional Summit,NA,Common Market of the South (MERCOSUR) Summit,NA,"La XII Cumbre del Mercosur se realizo en Asuncion el 19/6/1997, coincidiendo exactamente con el TripStartDate de COLT (19/6/1997).","Busqueda web sobre la XII Cumbre de Presidentes del Mercosur, Asuncion, 19/6/1997 (bajo presidencia de Wasmosy)",Medium,[PE-Latam 2026-08-24: fila insertada automaticamente desde COLT TripID 191-URY-PRY-35600 via colt_aplicar_verificacion.py. Visit_Category/Visit_Subtype/Counterpart_Event/Counterpart_Type/Tema_Foro quedan en NA o con un valor mecanico derivado de COLT -revisar a mano-.],Cooperación Política General,Solo-Query,FALSE,FALSE,NA,FALSE,FALSE,FALSE,FALSE,FALSE,NA
COLT-191-URY-PRT-35992,211,Julio Maria Sanguinetti,Uruguay,Completed,1998-07-16,1998-07-21,6,Portugal,Europe,,Bilateral,Working Visit,NA,President Jorge Sampaio,Jefe de Estado/Gobierno,"El archivo de la television publica portuguesa (RTP) documenta la visita oficial de Sanguinetti a Portugal por invitacion del presidente Mario Soares, con ceremonias en el Monasterio de los Jeronimos y el Palacio de Belem, consistente con una visita ",https://arquivos.rtp.pt/conteudos/visita-oficial-de-julio-sanguinetti/,Medium,[PE-Latam 2026-08-24: fila insertada automaticamente desde COLT TripID 191-URY-PRT-35992 via colt_aplicar_verificacion.py. Visit_Category/Visit_Subtype/Counterpart_Event/Counterpart_Type/Tema_Foro quedan en NA o con un valor mecanico derivado de COLT -revisar a mano-.],NA,Verificada-URL,TRUE,FALSE,NA,FALSE,FALSE,FALSE,FALSE,FALSE,NA
COLT-191-URY-PRT-36084,212,Julio Maria Sanguinetti,Uruguay,Completed,1998-10-16,1998-10-18,3,Portugal,Europe,,Multilateral,Regional Summit,NA,Ibero-American Summit,NA,"La VIII Cumbre Iberoamericana se realizo en Oporto (Portugal) el 17-18/10/1998; fuentes confirman explicitamente la participacion de 'Julio Maria Sanguinetti Coirolo, presidente de la Republica Oriental del Uruguay', coincidiendo con TripStartDate y ",https://rieoei.org/historico/oeivirt/rie18a10.htm ; https://segib.org/es/cumbre/viii-cumbre-iberoamericana/,Medium,[PE-Latam 2026-08-24: fila insertada automaticamente desde COLT TripID 191-URY-PRT-36084 via colt_aplicar_verificacion.py. Visit_Category/Visit_Subtype/Counterpart_Event/Counterpart_Type/Tema_Foro quedan en NA o con un valor mecanico derivado de COLT -revisar a mano-.],Cooperación Política General,Verificada-URL,FALSE,FALSE,NA,FALSE,TRUE,FALSE,FALSE,FALSE,NA
COLT-191-URY-USA-35998,213,Julio Maria Sanguinetti,Uruguay,Completed,1998-07-22,1998-07-23,2,United States,North America,,Bilateral,Working Visit,NA,President Bill Clinton,Jefe de Estado/Gobierno,"Comunicado oficial de la Casa Blanca (9/7/1998) confirma que Clinton invito a Sanguinetti a una 'Working Visit' el 23/7/1998, aceptada por Sanguinetti; coincide con TripStartDate de COLT (22/7/1998, viaje de ida). Ver nota en item ARG-35999 sobre la ",https://clintonwhitehouse6.archives.gov/1998/07/1998-07-09-statement-on-working-visit-with-president-of-uruguay.html,Medium,[PE-Latam 2026-08-24: fila insertada automaticamente desde COLT TripID 191-URY-USA-35998 via colt_aplicar_verificacion.py. Visit_Category/Visit_Subtype/Counterpart_Event/Counterpart_Type/Tema_Foro quedan en NA o con un valor mecanico derivado de COLT -revisar a mano-.],NA,Verificada-URL,TRUE,FALSE,NA,FALSE,FALSE,FALSE,FALSE,FALSE,NA
COLT-191-URY-USA-36292,214,Julio Maria Sanguinetti,Uruguay,Completed,1999-05-12,1999-05-15,4,United States,North America,,Other,Working Visit,NA,Participated and delivered address during round table discussion as a leading member of the 'Montevideo Circle' Forum  Date of departure and return unclear based on public information available [PE-La,NA,"Comunicado del BID confirma que la 5ta reunion plenaria del Circulo de Montevideo se realizo en Washington DC el 13-14/5/1999, y que entre los oradores de apertura estuvo explicitamente 'Uruguay's President Julio Maria Sanguinetti', junto al presiden","https://www.iadb.org/en/news/news-releases/1999-05-07/high-level-group-to-discuss-governance-in-latin-america-and-impact-of-globalization,74.html",Medium,[PE-Latam 2026-08-24: fila insertada automaticamente desde COLT TripID 191-URY-USA-36292 via colt_aplicar_verificacion.py. Visit_Category/Visit_Subtype/Counterpart_Event/Counterpart_Type/Tema_Foro quedan en NA o con un valor mecanico derivado de COLT -revisar a mano-.],NA,Verificada-URL,FALSE,FALSE,NA,TRUE,FALSE,FALSE,FALSE,FALSE,NA
COLT-191-URY-VEN-35569,215,Julio Maria Sanguinetti,Uruguay,Completed,1997-05-19,1997-05-20,2,Venezuela,South America,,Other,Working Visit,NA,Date of departure and return unclear based on public information available  Participated as a guest in the Conference of the European and Latin American parliaments dedicated to studying globalization,NA,"Se confirma la recepcion del presidente Sanguinetti y su esposa en el aeropuerto de Maiquetia (Venezuela) en mayo de 1997, coincidiendo con la XIII Conferencia Interparlamentaria UE-America Latina realizada el 19/5/1997, que coincide con TripStartDat","Busqueda web sobre la XIII Conferencia Interparlamentaria Union Europea-America Latina, Caracas, 19/5/1997",Medium,[PE-Latam 2026-08-24: fila insertada automaticamente desde COLT TripID 191-URY-VEN-35569 via colt_aplicar_verificacion.py. Visit_Category/Visit_Subtype/Counterpart_Event/Counterpart_Type/Tema_Foro quedan en NA o con un valor mecanico derivado de COLT -revisar a mano-.],NA,Solo-Query,FALSE,FALSE,NA,FALSE,FALSE,TRUE,FALSE,FALSE,NA
COLT-2029-URY-ARG-38477,216,Tabare Vazquez,Uruguay,Completed,2005-05-05,2005-05-05,1,Argentina,South America,,Bilateral,Working Visit,NA,President Nestor Kirchner,Jefe de Estado/Gobierno,"Reunion con empresarios en Buenos Aires, 5-may-2005. Encaja con una gira regional de mayo 2005 (Argentina 5-may -> Brasil 9-may, Trip_ID 24 es un viaje distinto de marzo -> Paraguay 11-may, todos colt_unico de este mismo workpack). Fuente unica pero ","ProQuest (docview, mayo 2005)",Medium,[PE-Latam 2026-08-24: fila insertada automaticamente desde COLT TripID 2029-URY-ARG-38477 via colt_aplicar_verificacion.py. Visit_Category/Visit_Subtype/Counterpart_Event/Counterpart_Type/Tema_Foro quedan en NA o con un valor mecanico derivado de COLT -revisar a mano-.],NA,Solo-Query,TRUE,FALSE,NA,FALSE,FALSE,FALSE,TRUE,FALSE,NA
COLT-2029-URY-ARG-38799,217,Tabare Vazquez,Uruguay,Completed,2006-03-23,2006-03-24,2,Argentina,South America,,Other,Working Visit,NA,[PE-Latam 2026-08-24: Agregada a nuestra base como Trip_ID 217],NA,"COLT le asigna Confidence=3, notablemente mas alta que la mayoria de items de este dataset (usualmente 1), lo que sugiere una fuente fotografica con metadatos claros aunque las notas de texto quedaron vacias. Encaja cronologicamente al final de una s","Getty Images (licencia unica, Confidence=3 en COLT)",Medium,[PE-Latam 2026-08-24: fila insertada automaticamente desde COLT TripID 2029-URY-ARG-38799 via colt_aplicar_verificacion.py. Visit_Category/Visit_Subtype/Counterpart_Event/Counterpart_Type/Tema_Foro quedan en NA o con un valor mecanico derivado de COLT -revisar a mano-.],NA,Solo-Query,FALSE,FALSE,NA,FALSE,FALSE,FALSE,FALSE,FALSE,NA
COLT-2029-URY-ARG-39426,218,Tabare Vazquez,Uruguay,Completed,2007-12-10,2007-12-10,1,Argentina,South America,,Other,Working Visit,NA,Attended the the inauguration of incoming President Cristina Fernandez de Kirchner [PE-Latam 2026-08-24: Agregada a nuestra base como Trip_ID 218],NA,"Corresponde a la asuncion presidencial de Cristina Fernandez de Kirchner el 10-dic-2007, evento historico bien documentado y ampliamente cubierto por prensa internacional; la asistencia de mandatarios vecinos como Vazquez es consistente con el protoc",Getty Images,Medium,[PE-Latam 2026-08-24: fila insertada automaticamente desde COLT TripID 2029-URY-ARG-39426 via colt_aplicar_verificacion.py. Visit_Category/Visit_Subtype/Counterpart_Event/Counterpart_Type/Tema_Foro quedan en NA o con un valor mecanico derivado de COLT -revisar a mano-.],NA,Solo-Query,FALSE,FALSE,NA,FALSE,FALSE,TRUE,FALSE,FALSE,NA
COLT-2029-URY-ARG-39629,219,Tabare Vazquez,Uruguay,Completed,2008-06-30,2008-07-01,2,Argentina,South America,,Multilateral,Regional Summit,NA,Common Market of the South (MERCOSUR) Summit,NA,Notas especificas sobre condena a normas de inmigracion de la UE y crisis alimentaria global coinciden con la agenda de una Cumbre del MERCOSUR realizada en Tucuman a fines de junio/inicios de julio de 2008. Dos fuentes fotograficas independientes.,Getty Images (2 licencias),Medium,[PE-Latam 2026-08-24: fila insertada automaticamente desde COLT TripID 2029-URY-ARG-39629 via colt_aplicar_verificacion.py. Visit_Category/Visit_Subtype/Counterpart_Event/Counterpart_Type/Tema_Foro quedan en NA o con un valor mecanico derivado de COLT -revisar a mano-.],Cooperación Política General,Solo-Query,FALSE,FALSE,NA,FALSE,FALSE,FALSE,FALSE,FALSE,NA
COLT-2029-URY-ARG-42667,220,Tabare Vazquez,Uruguay,Completed,2016-10-24,2016-10-24,1,Argentina,South America,,Bilateral,Working Visit,NA,President Mauricio Macri,Jefe de Estado/Gobierno,"Conferencia de prensa conjunta con el presidente Macri, 24-oct-2016, con 3 fuentes independientes (1 Getty + 2 ProQuest). Sin conflicto con otros viajes registrados en ese periodo.",ProQuest (2 articulos) + Getty Images,Medium,[PE-Latam 2026-08-24: fila insertada automaticamente desde COLT TripID 2029-URY-ARG-42667 via colt_aplicar_verificacion.py. Visit_Category/Visit_Subtype/Counterpart_Event/Counterpart_Type/Tema_Foro quedan en NA o con un valor mecanico derivado de COLT -revisar a mano-.],NA,Solo-Query,TRUE,FALSE,NA,TRUE,FALSE,FALSE,FALSE,FALSE,NA
COLT-2029-URY-ARG-43012,221,Tabare Vazquez,Uruguay,Completed,2017-10-04,2017-10-04,1,Argentina,South America,,Bilateral,Working Visit,NA,President Mauricio Macri,Jefe de Estado/Gobierno,"Corresponde al anuncio conjunto de la candidatura de Argentina, Uruguay, Paraguay y Chile para organizar el Mundial de Futbol 2030, evento publico bien documentado en la prensa regional de octubre de 2017, coincidente con la fecha de COLT.",Getty Images,Medium,[PE-Latam 2026-08-24: fila insertada automaticamente desde COLT TripID 2029-URY-ARG-43012 via colt_aplicar_verificacion.py. Visit_Category/Visit_Subtype/Counterpart_Event/Counterpart_Type/Tema_Foro quedan en NA o con un valor mecanico derivado de COLT -revisar a mano-.],NA,Solo-Query,TRUE,FALSE,NA,TRUE,FALSE,FALSE,FALSE,FALSE,NA
COLT-2029-URY-ARG-43270,222,Tabare Vazquez,Uruguay,Completed,2018-06-19,2018-06-20,2,Argentina,South America,,Bilateral,Inauguration/Funeral,NA,President Mauricio Macri,Jefe de Estado/Gobierno,"Inauguracion de la nueva sede de la embajada de Uruguay en Buenos Aires, 19-jun-2018, respaldada por 2 articulos de prensa independientes via LexisNexis.",LexisNexis (2 articulos),Medium,[PE-Latam 2026-08-24: fila insertada automaticamente desde COLT TripID 2029-URY-ARG-43270 via colt_aplicar_verificacion.py. Visit_Category/Visit_Subtype/Counterpart_Event/Counterpart_Type/Tema_Foro quedan en NA o con un valor mecanico derivado de COLT -revisar a mano-.],NA,Solo-Query,TRUE,FALSE,NA,FALSE,FALSE,TRUE,FALSE,FALSE,NA
COLT-2029-URY-ARG-43543,223,Tabare Vazquez,Uruguay,Completed,2019-03-19,2019-03-20,2,Argentina,South America,,Multilateral,Global Forum,NA,High-Level UN Conference on South-South Cooperation;Argentina-Chile-Paraguay-Uruguay Multilateral Summit,NA,"Corresponde a la Segunda Conferencia de Alto Nivel de la ONU sobre Cooperacion Sur-Sur (BAPA+40), realizada en Buenos Aires del 20 al 22 de marzo de 2019 -evento real y bien documentado-, con la presidenta de la Asamblea General de la ONU Maria Ferna",https://www.presidencia.gub.uy/comunicacion/comunicacionnoticias/vazquez-ii-conferencia-cooperacion-sur-sur-argentina,Medium,[PE-Latam 2026-08-24: fila insertada automaticamente desde COLT TripID 2029-URY-ARG-43543 via colt_aplicar_verificacion.py. Visit_Category/Visit_Subtype/Counterpart_Event/Counterpart_Type/Tema_Foro quedan en NA o con un valor mecanico derivado de COLT -revisar a mano-.],Cooperación Política General,Verificada-URL,FALSE,FALSE,NA,TRUE,FALSE,FALSE,FALSE,FALSE,NA
COLT-2029-URY-ARG-43662,224,Tabare Vazquez,Uruguay,Completed,2019-07-16,2019-07-17,2,Argentina,South America,,Multilateral,Global Forum,NA,Common Market of the South (MERCOSUR) Summit,NA,"Corresponde a la 54a Cumbre del MERCOSUR en Santa Fe, Argentina (jul-2019), con el acuerdo UE-MERCOSUR como tema central. Confirmado por 2 fuentes oficiales de Presidencia de Uruguay y una nota de MercoPress, entre 6 fuentes totales de COLT.",https://www.presidencia.gub.uy/comunicacion/comunicacionnoticias/vazquez-arribo-santa-fe-cumbre-54-mercosur-acuerdo-union-europea-roaming-gratis-otros-acuerdos,Medium,[PE-Latam 2026-08-24: fila insertada automaticamente desde COLT TripID 2029-URY-ARG-43662 via colt_aplicar_verificacion.py. Visit_Category/Visit_Subtype/Counterpart_Event/Counterpart_Type/Tema_Foro quedan en NA o con un valor mecanico derivado de COLT -revisar a mano-.],Cooperación Política General,Verificada-URL,FALSE,TRUE,President Jair Bolsonaro,FALSE,TRUE,FALSE,TRUE,FALSE,NA
COLT-2029-URY-BEL-39340,225,Tabare Vazquez,Uruguay,Completed,2007-09-15,2007-09-18,4,Belgium,Europe,,Other,Working Visit,NA,Delivered public address during visit to the Castel of Cortewalle;near Antwerp in Belgium  Met with hairman Fernand Hust of the warehousing company;Katoen Natie  Participated in a joint press Conferen,NA,"Visita al Castillo de Cortewalle cerca de Amberes y participacion en conferencia de prensa junto al presidente de la Comision Europea Barroso, 15-sep-2007. Encaja como primer tramo de una gira europea de septiembre 2007 que continua con Espania (Trip",Getty Images (5 licencias),Medium,[PE-Latam 2026-08-24: fila insertada automaticamente desde COLT TripID 2029-URY-BEL-39340 via colt_aplicar_verificacion.py. Visit_Category/Visit_Subtype/Counterpart_Event/Counterpart_Type/Tema_Foro quedan en NA o con un valor mecanico derivado de COLT -revisar a mano-.],NA,Solo-Query,FALSE,FALSE,NA,TRUE,TRUE,TRUE,FALSE,TRUE,European Commission (EC) President Jose Manuel Barroso
COLT-2029-URY-BOL-38788,226,Tabare Vazquez,Uruguay,Completed,2006-03-12,2006-03-13,2,Bolivia,South America,,Bilateral,Inauguration/Funeral,NA,President Evo Morales,Jefe de Estado/Gobierno,"Firma de declaracion conjunta con el presidente Evo Morales, 12-mar-2006, poco despues de la asuncion de Morales (22-ene-2006). Encaja en la serie de visitas regionales de marzo 2006 documentadas en este mismo workpack (Chile, Brasil, Venezuela, Para",Getty Images (2 licencias),Medium,[PE-Latam 2026-08-24: fila insertada automaticamente desde COLT TripID 2029-URY-BOL-38788 via colt_aplicar_verificacion.py. Visit_Category/Visit_Subtype/Counterpart_Event/Counterpart_Type/Tema_Foro quedan en NA o con un valor mecanico derivado de COLT -revisar a mano-.],NA,Solo-Query,TRUE,FALSE,NA,FALSE,TRUE,FALSE,FALSE,FALSE,NA
COLT-2029-URY-BOL-39060,227,Tabare Vazquez,Uruguay,Completed,2006-12-09,2006-12-10,2,Bolivia,South America,,Multilateral,Regional Summit,NA,South American Community Summit,NA,"La descripcion (cumbre sobre plan de integracion energetica regional, primer paso hacia una 'gran comunidad sudamericana') coincide con la Cumbre de Cochabamba de diciembre de 2006, que dio origen a la Comunidad Sudamericana de Naciones -evento histo",Getty Images,Medium,[PE-Latam 2026-08-24: fila insertada automaticamente desde COLT TripID 2029-URY-BOL-39060 via colt_aplicar_verificacion.py. Visit_Category/Visit_Subtype/Counterpart_Event/Counterpart_Type/Tema_Foro quedan en NA o con un valor mecanico derivado de COLT -revisar a mano-.],Cooperación Política General,Solo-Query,TRUE,FALSE,NA,FALSE,FALSE,FALSE,FALSE,FALSE,NA
COLT-2029-URY-BRA-38481,228,Tabare Vazquez,Uruguay,Completed,2005-05-09,2005-05-11,3,Brazil,South America,,Multilateral,Regional Summit,NA,Summit of South American-Arab Countries (ASPA),NA,"Visita a Brasilia, 9-may-2005, encaja en una gira regional de mayo 2005 (ver ARG-38477 y PRY-38483 de este mismo workpack). Respaldada por 3 fuentes independientes.",ProQuest + Getty Images (3 fuentes),Medium,[PE-Latam 2026-08-24: fila insertada automaticamente desde COLT TripID 2029-URY-BRA-38481 via colt_aplicar_verificacion.py. Visit_Category/Visit_Subtype/Counterpart_Event/Counterpart_Type/Tema_Foro quedan en NA o con un valor mecanico derivado de COLT -revisar a mano-.],Cooperación Política General,Solo-Query,FALSE,FALSE,NA,FALSE,FALSE,FALSE,FALSE,FALSE,NA
COLT-2029-URY-BRA-38792,229,Tabare Vazquez,Uruguay,Completed,2006-03-16,2006-03-17,2,Brazil,South America,,Bilateral,Working Visit,NA,President Luiz Inacio Lula da Silva,Jefe de Estado/Gobierno,"Ceremonia de firma de acuerdos bilaterales, 16-mar-2006, parte de la serie de visitas regionales de marzo 2006 (Chile-Bolivia-Brasil-Paraguay-Venezuela-Argentina) documentada en este workpack. Respaldada por 3 fuentes fotograficas independientes.",Getty Images (3 licencias),Medium,[PE-Latam 2026-08-24: fila insertada automaticamente desde COLT TripID 2029-URY-BRA-38792 via colt_aplicar_verificacion.py. Visit_Category/Visit_Subtype/Counterpart_Event/Counterpart_Type/Tema_Foro quedan en NA o con un valor mecanico derivado de COLT -revisar a mano-.],NA,Solo-Query,TRUE,FALSE,NA,TRUE,TRUE,FALSE,FALSE,FALSE,NA
COLT-2029-URY-BRA-38968,230,Tabare Vazquez,Uruguay,Completed,2006-09-08,2006-09-09,2,Brazil,South America,,Bilateral,Working Visit,NA,President Luiz Inacio Lula da Silva,Jefe de Estado/Gobierno,"Visita a una refineria, 8-sep-2006, con contenido especifico y 2 fuentes fotograficas independientes; no hay conflicto con otros viajes documentados en ese periodo.",Getty Images (2 licencias),Medium,[PE-Latam 2026-08-24: fila insertada automaticamente desde COLT TripID 2029-URY-BRA-38968 via colt_aplicar_verificacion.py. Visit_Category/Visit_Subtype/Counterpart_Event/Counterpart_Type/Tema_Foro quedan en NA o con un valor mecanico derivado de COLT -revisar a mano-.],NA,Solo-Query,TRUE,FALSE,NA,FALSE,FALSE,TRUE,FALSE,FALSE,NA
COLT-2029-URY-BRA-42695,231,Tabare Vazquez,Uruguay,Completed,2016-11-21,2016-11-21,1,Brazil,South America,,Other,Working Visit,NA,Date of departure and return unclear based on public information available  Delivered speech during a lunch debate of LIDE (Businessmen Leaders Group) [PE-Latam 2026-08-24: Agregada a nuestra base com,NA,"Discurso en un almuerzo-debate del grupo empresarial LIDE, 21-nov-2016, evento especifico y nombrado, con 2 fuentes fotograficas independientes.",Getty Images (2 licencias),Medium,[PE-Latam 2026-08-24: fila insertada automaticamente desde COLT TripID 2029-URY-BRA-42695 via colt_aplicar_verificacion.py. Visit_Category/Visit_Subtype/Counterpart_Event/Counterpart_Type/Tema_Foro quedan en NA o con un valor mecanico derivado de COLT -revisar a mano-.],NA,Solo-Query,FALSE,FALSE,NA,TRUE,FALSE,FALSE,TRUE,FALSE,NA
COLT-2029-URY-CHL-38786,232,Tabare Vazquez,Uruguay,Completed,2006-03-10,2006-03-12,3,Chile,South America,,Other,Working Visit,NA,Attended the inaguration ceremony of President Michelle Bachelet  Held bilateral talks on the sidelines of ceremony with U.S. Secretary of State Condolezza Rice  Reached a truce with President Kirchne,NA,Corresponde a la asuncion de Michelle Bachelet (11-mar-2006) y al encuentro trilateral Vazquez-Kirchner mediado por la secretaria de Estado Condoleezza Rice sobre el conflicto de las papeleras -episodio historico ampliamente documentado y coincidente,ProQuest (2 articulos) + Getty Images,Medium,[PE-Latam 2026-08-24: fila insertada automaticamente desde COLT TripID 2029-URY-CHL-38786 via colt_aplicar_verificacion.py. Visit_Category/Visit_Subtype/Counterpart_Event/Counterpart_Type/Tema_Foro quedan en NA o con un valor mecanico derivado de COLT -revisar a mano-.],NA,Solo-Query,FALSE,TRUE,President Nestor Kirchner,FALSE,FALSE,TRUE,FALSE,FALSE,NA
COLT-2029-URY-CHL-39181,233,Tabare Vazquez,Uruguay,Completed,2007-04-09,2007-04-10,2,Chile,South America,,Bilateral,Working Visit,NA,President Michelle Bachelet,Jefe de Estado/Gobierno,"Reunion con el presidente del Senado chileno durante visita al Congreso, 9-abr-2007, con detalle especifico y 3 fuentes fotograficas independientes.",Getty Images (3 licencias),Medium,[PE-Latam 2026-08-24: fila insertada automaticamente desde COLT TripID 2029-URY-CHL-39181 via colt_aplicar_verificacion.py. Visit_Category/Visit_Subtype/Counterpart_Event/Counterpart_Type/Tema_Foro quedan en NA o con un valor mecanico derivado de COLT -revisar a mano-.],NA,Solo-Query,TRUE,FALSE,NA,FALSE,FALSE,TRUE,TRUE,FALSE,NA
COLT-2029-URY-CHL-39706,234,Tabare Vazquez,Uruguay,Completed,2008-09-15,2008-09-16,2,Chile,South America,,Multilateral,Regional Summit,NA,Union of South American Nations (UNASUR) Summit,NA,"Visita a Chile, 15-sep-2008, con 2 fuentes fotograficas independientes (sugiriendo cobertura de mas de un momento/dia); no hay conflicto con otros viajes documentados en ese periodo.",Getty Images (2 licencias),Medium,[PE-Latam 2026-08-24: fila insertada automaticamente desde COLT TripID 2029-URY-CHL-39706 via colt_aplicar_verificacion.py. Visit_Category/Visit_Subtype/Counterpart_Event/Counterpart_Type/Tema_Foro quedan en NA o con un valor mecanico derivado de COLT -revisar a mano-.],Cooperación Política General,Solo-Query,FALSE,FALSE,NA,FALSE,FALSE,FALSE,FALSE,FALSE,NA
COLT-2029-URY-CHL-39899,235,Tabare Vazquez,Uruguay,Completed,2009-03-27,2009-03-28,2,Chile,South America,,Multilateral,Global Forum,NA,Progressive Governance Leaders Summit,NA,Encuentro con el vicepresidente estadounidense Joe Biden en el marco de su gira por America Latina de marzo de 2009 (hecho historico verificable: Biden visito Chile y Costa Rica en esas fechas). 5 fuentes independientes.,ProQuest (3 articulos) + Getty Images (2 licencias),Medium,[PE-Latam 2026-08-24: fila insertada automaticamente desde COLT TripID 2029-URY-CHL-39899 via colt_aplicar_verificacion.py. Visit_Category/Visit_Subtype/Counterpart_Event/Counterpart_Type/Tema_Foro quedan en NA o con un valor mecanico derivado de COLT -revisar a mano-.],Cooperación Política General,Solo-Query,TRUE,FALSE,NA,TRUE,FALSE,FALSE,FALSE,FALSE,NA
COLT-2029-URY-CHL-42342,236,Tabare Vazquez,Uruguay,Completed,2015-12-04,2015-12-04,1,Chile,South America,,Bilateral,Working Visit,NA,President Michelle Bachelet,Jefe de Estado/Gobierno,"Firma de acuerdos bilaterales con la presidenta Bachelet (segundo mandato), 4-dic-2015, con 2 fuentes fotograficas independientes.",Getty Images (2 licencias),Medium,[PE-Latam 2026-08-24: fila insertada automaticamente desde COLT TripID 2029-URY-CHL-42342 via colt_aplicar_verificacion.py. Visit_Category/Visit_Subtype/Counterpart_Event/Counterpart_Type/Tema_Foro quedan en NA o con un valor mecanico derivado de COLT -revisar a mano-.],NA,Solo-Query,TRUE,FALSE,NA,FALSE,TRUE,FALSE,FALSE,FALSE,NA
COLT-2029-URY-ECU-39310,237,Tabare Vazquez,Uruguay,Completed,2007-08-16,2007-08-17,2,Ecuador,South America,,Bilateral,Transit/Medical,NA,President Rafael Correa,Jefe de Estado/Gobierno,"Firma de acuerdos bilaterales con el presidente Correa, condolencias por el terremoto en Peru del dia anterior, visita al hospital oncologico SOLCA -detalle especifico y verificable dado el perfil de oncologo de Vazquez-. 4 fuentes fotograficas indep",Getty Images (4 licencias),Medium,[PE-Latam 2026-08-24: fila insertada automaticamente desde COLT TripID 2029-URY-ECU-39310 via colt_aplicar_verificacion.py. Visit_Category/Visit_Subtype/Counterpart_Event/Counterpart_Type/Tema_Foro quedan en NA o con un valor mecanico derivado de COLT -revisar a mano-.],NA,Solo-Query,TRUE,FALSE,NA,TRUE,TRUE,TRUE,FALSE,FALSE,NA
COLT-2029-URY-FIN-42779,238,Tabare Vazquez,Uruguay,Completed,2017-02-13,2017-02-14,2,Finland,Europe,,Bilateral,Working Visit,NA,President Sauli Niinisto,Jefe de Estado/Gobierno,"Foro de negocios, conferencia de prensa con el presidente Niinisto, firma de MOU en bioeconomia, 13-feb-2017. Este viaje enlaza sin superposicion con el tramo a Rusia (colt_unico RUS-42781, inicio 15-feb) y con Alemania (colt_unico DEU-42770, termina",ProQuest (3 articulos) + Getty Images,Medium,[PE-Latam 2026-08-24: fila insertada automaticamente desde COLT TripID 2029-URY-FIN-42779 via colt_aplicar_verificacion.py. Visit_Category/Visit_Subtype/Counterpart_Event/Counterpart_Type/Tema_Foro quedan en NA o con un valor mecanico derivado de COLT -revisar a mano-.],NA,Solo-Query,TRUE,FALSE,NA,TRUE,TRUE,FALSE,TRUE,FALSE,NA
COLT-2029-URY-FRA-42303,239,Tabare Vazquez,Uruguay,Completed,2015-10-26,2015-11-02,8,France,Europe,,Bilateral,Working Visit,NA,President Francois Hollande,Jefe de Estado/Gobierno,"Conferencia de prensa conjunta con el presidente Hollande y firma de acuerdos bilaterales, 26-oct-2015, con 4 fuentes independientes; no hay conflicto con otros viajes documentados en ese periodo.",ProQuest (2 articulos) + Getty Images (2 licencias),Medium,[PE-Latam 2026-08-24: fila insertada automaticamente desde COLT TripID 2029-URY-FRA-42303 via colt_aplicar_verificacion.py. Visit_Category/Visit_Subtype/Counterpart_Event/Counterpart_Type/Tema_Foro quedan en NA o con un valor mecanico derivado de COLT -revisar a mano-.],NA,Solo-Query,TRUE,FALSE,NA,TRUE,TRUE,FALSE,FALSE,FALSE,NA
COLT-2029-URY-FRA-42711,240,Tabare Vazquez,Uruguay,Completed,2016-12-07,2016-12-09,3,France,Europe,,Multilateral,Regional Summit,NA,Open Government Partnership Summit,NA,"Discurso en la Cumbre de la Alianza para el Gobierno Abierto (OGP) en Paris, diciembre de 2016 -evento real y verificable, la Cumbre Global OGP de Paris se realizo el 7-9-dic-2016- y encuentro con el presidente georgiano Margvelashvili, corroborado p",https://agenda.ge/en/news/2016/3027,Medium,[PE-Latam 2026-08-24: fila insertada automaticamente desde COLT TripID 2029-URY-FRA-42711 via colt_aplicar_verificacion.py. Visit_Category/Visit_Subtype/Counterpart_Event/Counterpart_Type/Tema_Foro quedan en NA o con un valor mecanico derivado de COLT -revisar a mano-.],Cooperación Política General,Verificada-URL,TRUE,FALSE,NA,TRUE,FALSE,FALSE,FALSE,FALSE,NA
COLT-2029-URY-DEU-42770,241,Tabare Vazquez,Uruguay,Completed,2017-02-04,2017-02-12,9,Germany,Europe,,Bilateral,Working Visit,NA,Chancellor Angela Merkel,Jefe de Estado/Gobierno,"Reunion con el presidente Joachim Gauck, conferencia sobre Uruguay en Hamburgo, conferencia de prensa conjunta con la canciller Merkel, 4-feb-2017. Primer tramo de una gira europea Alemania-Finlandia-Rusia de febrero 2017 (ver FIN-42779 y RUS-42781 d",ProQuest + Getty Images (2 licencias),Medium,[PE-Latam 2026-08-24: fila insertada automaticamente desde COLT TripID 2029-URY-DEU-42770 via colt_aplicar_verificacion.py. Visit_Category/Visit_Subtype/Counterpart_Event/Counterpart_Type/Tema_Foro quedan en NA o con un valor mecanico derivado de COLT -revisar a mano-.],NA,Solo-Query,TRUE,FALSE,NA,TRUE,FALSE,FALSE,TRUE,FALSE,NA
COLT-2029-URY-VAT-42705,242,Tabare Vazquez,Uruguay,Completed,2016-12-01,2016-12-03,3,Vatican City,Europe,,Bilateral,Working Visit,NA,Pope Francis,Jefe de Estado/Gobierno,"Reunion con el Secretario de Estado vaticano cardenal Pietro Parolin y el prefecto de la Casa Pontificia Georg Ganswein, 1-dic-2016, con nombres y cargos especificos y verificables para ese periodo. 5 fuentes fotograficas independientes.",Getty Images (5 licencias),Medium,[PE-Latam 2026-08-24: fila insertada automaticamente desde COLT TripID 2029-URY-VAT-42705 via colt_aplicar_verificacion.py. Visit_Category/Visit_Subtype/Counterpart_Event/Counterpart_Type/Tema_Foro quedan en NA o con un valor mecanico derivado de COLT -revisar a mano-.],NA,Solo-Query,TRUE,FALSE,NA,FALSE,FALSE,FALSE,FALSE,FALSE,NA
COLT-2029-URY-ISR-39681,243,Tabare Vazquez,Uruguay,Completed,2008-08-21,2008-08-25,5,Israel,Middle East,,Bilateral,Working Visit,NA,Prime Minister Ehud Olmert,Jefe de Estado/Gobierno,"Celebracion del Dia de la Independencia de Uruguay (25 de agosto, fecha correcta) en Jerusalen, reuniones con el presidente Shimon Peres y la canciller Tzipi Livni, visita al Instituto Weizmann y al museo Yad Vashem. Detalle especifico y verificable ",ProQuest (4 articulos) + Getty Images,Medium,[PE-Latam 2026-08-24: fila insertada automaticamente desde COLT TripID 2029-URY-ISR-39681 via colt_aplicar_verificacion.py. Visit_Category/Visit_Subtype/Counterpart_Event/Counterpart_Type/Tema_Foro quedan en NA o con un valor mecanico derivado de COLT -revisar a mano-.],NA,Solo-Query,TRUE,FALSE,NA,FALSE,TRUE,TRUE,FALSE,FALSE,NA
COLT-2029-URY-JPN-42310,244,Tabare Vazquez,Uruguay,Completed,2015-11-02,2015-11-08,7,Japan,Asia-Pacific,,Bilateral,Working Visit,NA,Prime Minister Abe Shinzo,Jefe de Estado/Gobierno,"Conferencia de prensa conjunta con el primer ministro Abe, encuentro con el emperador Akihito, seminario de negocios 'Building Bridges Japan-Uruguay', noviembre 2015. Detalle especifico con 5 fuentes independientes.",ProQuest (4 articulos) + Getty Images,Medium,[PE-Latam 2026-08-24: fila insertada automaticamente desde COLT TripID 2029-URY-JPN-42310 via colt_aplicar_verificacion.py. Visit_Category/Visit_Subtype/Counterpart_Event/Counterpart_Type/Tema_Foro quedan en NA o con un valor mecanico derivado de COLT -revisar a mano-.],NA,Solo-Query,TRUE,FALSE,NA,TRUE,FALSE,TRUE,TRUE,FALSE,NA
COLT-2029-URY-MYS-39400,245,Tabare Vazquez,Uruguay,Completed,2007-11-14,2007-11-18,5,Malaysia,Asia-Pacific,,Other,Working Visit,NA,Purpose of visit to strengthen bilateral ties and explore new areas of cooperation  Visited the Butterfly Park;Petronas Twin Towers;and the Handicraft Centre  Held talks with Prime Minister Datuk Seri,NA,"Visita a Malasia, 14-nov-2007, con agenda especifica (Petronas Twin Towers, Butterfly Park, reunion con el primer ministro Abdullah Ahmad). Encaja inmediatamente despues de la Cumbre Iberoamericana de Santiago de Chile (Trip_ID 38, cierre 10-nov) y d",ProQuest (5 articulos),Medium,[PE-Latam 2026-08-24: fila insertada automaticamente desde COLT TripID 2029-URY-MYS-39400 via colt_aplicar_verificacion.py. Visit_Category/Visit_Subtype/Counterpart_Event/Counterpart_Type/Tema_Foro quedan en NA o con un valor mecanico derivado de COLT -revisar a mano-.],NA,Solo-Query,FALSE,FALSE,NA,FALSE,FALSE,TRUE,TRUE,FALSE,NA
COLT-2029-URY-MEX-40231,246,Tabare Vazquez,Uruguay,Completed,2010-02-22,2010-02-23,2,Mexico,North America,,Multilateral,Regional Summit,NA,Latin America and the Caribbean Unity Summit,NA,"Corresponde a la Cumbre de la Unidad de America Latina y el Caribe (Playa del Carmen/Cancun, 22-23-feb-2010), evento fundacional que dio origen a la CELAC -hecho historico bien documentado, confirmado independientemente por CNN entre las fuentes de C",http://www.cnn.com/2010/WORLD/americas/02/22/unity.Summit/index.html,Medium,[PE-Latam 2026-08-24: fila insertada automaticamente desde COLT TripID 2029-URY-MEX-40231 via colt_aplicar_verificacion.py. Visit_Category/Visit_Subtype/Counterpart_Event/Counterpart_Type/Tema_Foro quedan en NA o con un valor mecanico derivado de COLT -revisar a mano-.],Cooperación Política General,Verificada-URL,FALSE,FALSE,NA,FALSE,FALSE,FALSE,FALSE,FALSE,NA
COLT-2029-URY-MEX-42526,247,Tabare Vazquez,Uruguay,Completed,2016-06-05,2016-06-06,2,Mexico,North America,,Other,Working Visit,NA,received Global Health award from The World Hear Federation [PE-Latam 2026-08-24: Agregada a nuestra base como Trip_ID 247],NA,"Recepcion del premio Global Health de la Federacion Mundial del Corazon (World Heart Federation), 5-jun-2016, evento especifico y verificable dado el perfil de oncologo/salud publica de Vazquez. 2 fuentes independientes.",ProQuest + LexisNexis,Medium,[PE-Latam 2026-08-24: fila insertada automaticamente desde COLT TripID 2029-URY-MEX-42526 via colt_aplicar_verificacion.py. Visit_Category/Visit_Subtype/Counterpart_Event/Counterpart_Type/Tema_Foro quedan en NA o con un valor mecanico derivado de COLT -revisar a mano-.],NA,Solo-Query,FALSE,FALSE,NA,FALSE,FALSE,TRUE,FALSE,FALSE,NA
COLT-2029-URY-MEX-43304,248,Tabare Vazquez,Uruguay,Completed,2018-07-23,2018-07-24,2,Mexico,North America,,Multilateral,Regional Summit,NA,Pacific Alliance Leaders Meeting (PALM8),NA,"Visita a Mexico, 23-jul-2018, vinculada a asuntos de la Alianza del Pacifico segun fuente de CEPAL/ECLAC (organismo oficial de Naciones Unidas), entre 5 fuentes de COLT con Confidence=2 (superior al promedio del dataset).",https://wwwcepalorg/en/pressreleases/eclac-reiterates-commitment-supporting-pacific-alliance-and-praises-efforts-aimed,Medium,[PE-Latam 2026-08-24: fila insertada automaticamente desde COLT TripID 2029-URY-MEX-43304 via colt_aplicar_verificacion.py. Visit_Category/Visit_Subtype/Counterpart_Event/Counterpart_Type/Tema_Foro quedan en NA o con un valor mecanico derivado de COLT -revisar a mano-.],Cooperación Política General,Verificada-URL,TRUE,FALSE,NA,FALSE,TRUE,FALSE,FALSE,FALSE,NA
COLT-2029-URY-PRY-38483,249,Tabare Vazquez,Uruguay,Completed,2005-05-11,2005-05-11,1,Paraguay,South America,,Other,Working Visit,NA,Date of return unclear based on public information available  Met with Vice President Luis Castiglioni  Unclear based on public information available whether bilateral talks between Presidents Vasquez,NA,"Visita a Paraguay, 11-may-2005 (reunion con el vicepresidente Castiglioni), ultimo tramo de una gira regional de mayo 2005 (ver ARG-38477 y BRA-38481 de este mismo workpack, con fecha de cierre de Brasil coincidente). 2 fuentes independientes.",ProQuest + Getty Images,Medium,[PE-Latam 2026-08-24: fila insertada automaticamente desde COLT TripID 2029-URY-PRY-38483 via colt_aplicar_verificacion.py. Visit_Category/Visit_Subtype/Counterpart_Event/Counterpart_Type/Tema_Foro quedan en NA o con un valor mecanico derivado de COLT -revisar a mano-.],NA,Solo-Query,FALSE,FALSE,NA,FALSE,FALSE,FALSE,FALSE,FALSE,NA
COLT-2029-URY-PRY-38522,250,Tabare Vazquez,Uruguay,Completed,2005-06-19,2005-06-20,2,Paraguay,South America,,Multilateral,Regional Summit,NA,Common Market of the South (MERCOSUR) Summit,NA,"Visita a Paraguay, 19-jun-2005, con 2 fuentes independientes de distinto tipo (Getty y ProQuest), aunque sin detalle descriptivo especifico mas alla de la fecha.",ProQuest + Getty Images,Medium,[PE-Latam 2026-08-24: fila insertada automaticamente desde COLT TripID 2029-URY-PRY-38522 via colt_aplicar_verificacion.py. Visit_Category/Visit_Subtype/Counterpart_Event/Counterpart_Type/Tema_Foro quedan en NA o con un valor mecanico derivado de COLT -revisar a mano-.],Cooperación Política General,Solo-Query,FALSE,FALSE,NA,FALSE,FALSE,FALSE,FALSE,FALSE,NA
COLT-2029-URY-PRY-38793,251,Tabare Vazquez,Uruguay,Completed,2006-03-17,2006-03-18,2,Paraguay,South America,,Bilateral,Working Visit,NA,President Nicanor Duarte,Jefe de Estado/Gobierno,"Conferencia de prensa conjunta con el presidente Duarte, 17-mar-2006, parte de la serie de visitas regionales de marzo 2006 (Chile-Bolivia-Brasil-Paraguay-Venezuela-Argentina, todas en este mismo workpack) que enlaza sin superposicion con el tramo de",Getty Images (4 licencias),Medium,[PE-Latam 2026-08-24: fila insertada automaticamente desde COLT TripID 2029-URY-PRY-38793 via colt_aplicar_verificacion.py. Visit_Category/Visit_Subtype/Counterpart_Event/Counterpart_Type/Tema_Foro quedan en NA o con un valor mecanico derivado de COLT -revisar a mano-.],NA,Solo-Query,TRUE,FALSE,NA,TRUE,FALSE,FALSE,FALSE,FALSE,NA
COLT-2029-URY-PRY-38825,252,Tabare Vazquez,Uruguay,Completed,2006-04-18,2006-04-19,2,Paraguay,South America,,Multilateral,Regional Summit,NA,Common Market of the South (MERCOSUR) Summit,NA,"Visita a Paraguay, 18-abr-2006, con 3 fuentes independientes de distinto tipo (2 Getty + 1 Lexis), poco antes del viaje a Mexico (Trip_ID 31, 26-abr-2006, ya en nuestra base).",Getty Images (2 licencias) + LexisNexis,Medium,[PE-Latam 2026-08-24: fila insertada automaticamente desde COLT TripID 2029-URY-PRY-38825 via colt_aplicar_verificacion.py. Visit_Category/Visit_Subtype/Counterpart_Event/Counterpart_Type/Tema_Foro quedan en NA o con un valor mecanico derivado de COLT -revisar a mano-.],Cooperación Política General,Solo-Query,TRUE,FALSE,NA,FALSE,FALSE,FALSE,FALSE,FALSE,NA
COLT-2029-URY-PRY-39675,253,Tabare Vazquez,Uruguay,Completed,2008-08-15,2008-08-15,1,Paraguay,South America,,Other,Working Visit,NA,Attended the inauguration ceremony of President Fernando Lugo [PE-Latam 2026-08-24: Agregada a nuestra base como Trip_ID 253],NA,"Asuncion del presidente Fernando Lugo, 15-ago-2008, evento historico de primer orden (fin de 61 anios de gobierno del Partido Colorado en Paraguay), ampliamente documentado por prensa regional e internacional.",Getty Images,Medium,[PE-Latam 2026-08-24: fila insertada automaticamente desde COLT TripID 2029-URY-PRY-39675 via colt_aplicar_verificacion.py. Visit_Category/Visit_Subtype/Counterpart_Event/Counterpart_Type/Tema_Foro quedan en NA o con un valor mecanico derivado de COLT -revisar a mano-.],NA,Solo-Query,FALSE,FALSE,NA,FALSE,FALSE,TRUE,FALSE,FALSE,NA
COLT-2029-URY-PRY-39946,254,Tabare Vazquez,Uruguay,Completed,2009-05-13,2009-05-14,2,Paraguay,South America,,Bilateral,Inauguration/Funeral,NA,President Fernando Lugo,Jefe de Estado/Gobierno,"Celebraciones del 198 aniversario de la independencia paraguaya (14-15 de mayo, fecha correcta: 2009-1811=198), desfile militar en Asuncion, conferencia de prensa con el presidente Lugo, firma de acuerdos bilaterales. Detalle especifico y verificable",Getty Images (5 licencias),Medium,[PE-Latam 2026-08-24: fila insertada automaticamente desde COLT TripID 2029-URY-PRY-39946 via colt_aplicar_verificacion.py. Visit_Category/Visit_Subtype/Counterpart_Event/Counterpart_Type/Tema_Foro quedan en NA o con un valor mecanico derivado de COLT -revisar a mano-.],NA,Solo-Query,TRUE,FALSE,NA,TRUE,TRUE,TRUE,FALSE,FALSE,NA
COLT-2029-URY-PRY-43269,255,Tabare Vazquez,Uruguay,Completed,2018-06-18,2018-06-19,2,Paraguay,South America,,Multilateral,Global Forum,NA,Common Market of the South (MERCOSUR) Summit,NA,"Visita a Paraguay, 18-jun-2018, coincidente con la presidencia pro-tempore de Uruguay en el MERCOSUR, confirmada por nota de MercoPress entre las 4 fuentes de COLT (Confidence=2, superior al promedio del dataset).",https://en.mercopress.com/2018/06/18/uruguay-chair-of-mercosur-targets-accord-with-china-exhausted-of-negotiations-with-the-eu,Medium,[PE-Latam 2026-08-24: fila insertada automaticamente desde COLT TripID 2029-URY-PRY-43269 via colt_aplicar_verificacion.py. Visit_Category/Visit_Subtype/Counterpart_Event/Counterpart_Type/Tema_Foro quedan en NA o con un valor mecanico derivado de COLT -revisar a mano-.],Cooperación Política General,Verificada-URL,FALSE,FALSE,NA,TRUE,FALSE,FALSE,FALSE,FALSE,NA
COLT-2029-URY-PRY-43328,256,Tabare Vazquez,Uruguay,Completed,2018-08-16,2018-08-16,1,Paraguay,South America,,Other,Working Visit,NA,attended the inauguration of President Mario Abdo Benitez [PE-Latam 2026-08-24: Agregada a nuestra base como Trip_ID 256],NA,"Asuncion del presidente Mario Abdo Benitez, evento historico bien documentado (tradicionalmente 15-ago en Paraguay); corroborado independientemente por el sitio oficial de la Presidencia de Taiwan (dado que Paraguay mantiene relaciones diplomaticas c",https://english.president.gov.tw/News/5479,Medium,[PE-Latam 2026-08-24: fila insertada automaticamente desde COLT TripID 2029-URY-PRY-43328 via colt_aplicar_verificacion.py. Visit_Category/Visit_Subtype/Counterpart_Event/Counterpart_Type/Tema_Foro quedan en NA o con un valor mecanico derivado de COLT -revisar a mano-.],NA,Verificada-URL,FALSE,FALSE,NA,FALSE,FALSE,TRUE,FALSE,FALSE,NA
COLT-2029-URY-PRT-39345,257,Tabare Vazquez,Uruguay,Completed,2007-09-20,2007-09-21,2,Portugal,Europe,,Bilateral,Working Visit,NA,President Anibal Cavaco Silva,Jefe de Estado/Gobierno,"Visita a Portugal, 20-sep-2007, tramo final de una gira europea de septiembre 2007 que incluye Belgica (colt_unico BEL-39340, 15-sep) y Espania (Trip_ID 37, Madrid, 18-20-sep, ya en nuestra base, con fecha de cierre coincidente con el inicio de este ",Getty Images (2 licencias),Medium,[PE-Latam 2026-08-24: fila insertada automaticamente desde COLT TripID 2029-URY-PRT-39345 via colt_aplicar_verificacion.py. Visit_Category/Visit_Subtype/Counterpart_Event/Counterpart_Type/Tema_Foro quedan en NA o con un valor mecanico derivado de COLT -revisar a mano-.],NA,Solo-Query,TRUE,FALSE,NA,FALSE,FALSE,FALSE,FALSE,FALSE,NA
COLT-2029-URY-RUS-42781,258,Tabare Vazquez,Uruguay,Completed,2017-02-15,2017-02-17,3,Russia,Europe,,Bilateral,Transit/Medical,NA,President Vladimir Putin,Jefe de Estado/Gobierno,"Reunion con la presidenta del Consejo de la Federacion Valentina Matvienko, ofrenda floral en la Tumba del Soldado Desconocido junto al Kremlin, firma de acuerdo bilateral de cooperacion en defensa, discurso tras reunion bilateral con Putin, 15-feb-2",ProQuest (5 articulos),Medium,[PE-Latam 2026-08-24: fila insertada automaticamente desde COLT TripID 2029-URY-RUS-42781 via colt_aplicar_verificacion.py. Visit_Category/Visit_Subtype/Counterpart_Event/Counterpart_Type/Tema_Foro quedan en NA o con un valor mecanico derivado de COLT -revisar a mano-.],NA,Solo-Query,TRUE,FALSE,NA,FALSE,TRUE,TRUE,FALSE,FALSE,NA
COLT-2029-URY-ESP-42698,259,Tabare Vazquez,Uruguay,Completed,2016-11-24,2016-12-01,8,Spain,Europe,,Bilateral,Working Visit,NA,King Felipe VI,Jefe de Estado/Gobierno,"Reunion con el presidente del gobierno espaniol Mariano Rajoy, 24-nov-2016 (8 dias de duracion). Encaja como posible primer tramo de una extensa gira europea de fines de 2016 que continua con el Vaticano (colt_unico VAT-42705, 1-dic) y Paris/OGP (col",Getty Images (4 licencias),Medium,[PE-Latam 2026-08-24: fila insertada automaticamente desde COLT TripID 2029-URY-ESP-42698 via colt_aplicar_verificacion.py. Visit_Category/Visit_Subtype/Counterpart_Event/Counterpart_Type/Tema_Foro quedan en NA o con un valor mecanico derivado de COLT -revisar a mano-.],NA,Solo-Query,TRUE,FALSE,NA,FALSE,FALSE,FALSE,FALSE,FALSE,NA
COLT-2029-URY-CHE-43248,260,Tabare Vazquez,Uruguay,Completed,2018-05-28,2018-06-03,7,Switzerland,Europe,,Multilateral,Regional Summit,NA,WHO Commission on Non-Communicable Diseases,NA,"Visita a Suiza vinculada a temas de salud publica (impuestos a bebidas azucaradas en paneles de la ONU/OMS), coherente con el perfil de politica de salud de Vazquez (ex-oncologo) documentado en otros viajes a Ginebra (Trip_ID 94, jun-2017). Confidenc",https://www.gainesville.com/news/20180601/us-blocks-un-health-panel-from-backing-taxes-on-sugar-drinks,Medium,[PE-Latam 2026-08-24: fila insertada automaticamente desde COLT TripID 2029-URY-CHE-43248 via colt_aplicar_verificacion.py. Visit_Category/Visit_Subtype/Counterpart_Event/Counterpart_Type/Tema_Foro quedan en NA o con un valor mecanico derivado de COLT -revisar a mano-.],Cooperación Política General,Verificada-URL,FALSE,FALSE,NA,FALSE,FALSE,FALSE,FALSE,FALSE,NA
COLT-2029-URY-TTO-39920,261,Tabare Vazquez,Uruguay,Completed,2009-04-17,2009-04-19,3,Trinidad and Tobago,Caribbean,,Multilateral,Regional Summit,NA,Summit of the Americas (SOA),NA,"Corresponde a la V Cumbre de las Americas, realizada en Puerto Espania, Trinidad y Tobago, del 17 al 19 de abril de 2009 -evento historico de primer orden, primera cumbre hemisferica con la participacion del presidente Obama-. 2 fuentes fotograficas ",Getty Images (2 licencias),Medium,[PE-Latam 2026-08-24: fila insertada automaticamente desde COLT TripID 2029-URY-TTO-39920 via colt_aplicar_verificacion.py. Visit_Category/Visit_Subtype/Counterpart_Event/Counterpart_Type/Tema_Foro quedan en NA o con un valor mecanico derivado de COLT -revisar a mano-.],Cooperación Política General,Solo-Query,FALSE,FALSE,NA,FALSE,FALSE,FALSE,FALSE,FALSE,NA
COLT-2029-URY-ARE-39200,262,Tabare Vazquez,Uruguay,Completed,2007-04-28,2007-05-02,5,United Arab Emirates,Middle East,,Bilateral,Working Visit,NA,President Khalifa bin Zayed Al Nahyan,Jefe de Estado/Gobierno,"Discurso ante la Camara de Comercio e Industria de Dubai, 28-abr-2007, tramo previo del mismo viaje al Golfo que continua con Qatar (Trip_ID 35, inicio 1-may-2007, ya en nuestra base, con fecha de cierre coincidente con el inicio de ese tramo). 4 fue",ProQuest (4 articulos),Medium,[PE-Latam 2026-08-24: fila insertada automaticamente desde COLT TripID 2029-URY-ARE-39200 via colt_aplicar_verificacion.py. Visit_Category/Visit_Subtype/Counterpart_Event/Counterpart_Type/Tema_Foro quedan en NA o con un valor mecanico derivado de COLT -revisar a mano-.],NA,Solo-Query,TRUE,FALSE,NA,TRUE,FALSE,FALSE,TRUE,FALSE,NA
COLT-2029-URY-USA-38608,263,Tabare Vazquez,Uruguay,Completed,2005-09-13,2005-09-18,6,United States,North America,,Multilateral,Global Forum,NA,United Nations (UN) General Assembly,NA,Corresponde a la Cumbre Mundial de la ONU por el 60 aniversario (14-16-sep-2005) y al debate general de la 60a AGNU -evento historico documentado incluso con el propio documento oficial de la ONU (resolucion A/RES/60/1) entre las fuentes de COLT-.,http://www.un.org/en/development/desa/population/migration/generalassembly/docs/globalcompact/A_RES_60_1.pdf,Medium,[PE-Latam 2026-08-24: fila insertada automaticamente desde COLT TripID 2029-URY-USA-38608 via colt_aplicar_verificacion.py. Visit_Category/Visit_Subtype/Counterpart_Event/Counterpart_Type/Tema_Foro quedan en NA o con un valor mecanico derivado de COLT -revisar a mano-.],Cooperación Política General,Verificada-URL,FALSE,FALSE,NA,TRUE,FALSE,FALSE,FALSE,FALSE,NA
COLT-2029-URY-USA-42995,264,Tabare Vazquez,Uruguay,Completed,2017-09-17,2017-09-20,4,United States,North America,,Multilateral,Global Forum,NA,United Nations (UN) General Assembly,NA,"Discurso en un panel en Nueva York en la semana de la 72a AGNU, 17-sep-2017, confirmado por 3 fuentes oficiales de Presidencia de Uruguay (gub.uy) entre las fuentes de COLT, incluyendo una nota sobre su encuentro con el presidente ecuatoriano Lenin M",https://www.gub.uy/presidencia/comunicacion/noticias/vazquez-arribo-miercoles-uruguay-retomo-presidencia-ejercida-su-ausencia,Medium,[PE-Latam 2026-08-24: fila insertada automaticamente desde COLT TripID 2029-URY-USA-42995 via colt_aplicar_verificacion.py. Visit_Category/Visit_Subtype/Counterpart_Event/Counterpart_Type/Tema_Foro quedan en NA o con un valor mecanico derivado de COLT -revisar a mano-.],Cooperación Política General,Verificada-URL,FALSE,TRUE,President Lenin Moreno,TRUE,FALSE,FALSE,FALSE,TRUE,World Health Organization (WHO) Director-General Tedros Adhanom Ghebreyesus
COLT-2029-URY-USA-43369,265,Tabare Vazquez,Uruguay,Completed,2018-09-26,2018-09-27,2,United States,North America,,Multilateral,Global Forum,NA,United Nations (UN) General Assembly,NA,"Corresponde a la participacion de Vazquez en el debate general de la 73a Asamblea General de la ONU, 26-sep-2018, confirmado directamente por la base de datos oficial de discursos de la ONU (gadebate.un.org) entre las fuentes de COLT (Confidence=2).",https://gadebate.un.org/en/73/uruguay,Medium,[PE-Latam 2026-08-24: fila insertada automaticamente desde COLT TripID 2029-URY-USA-43369 via colt_aplicar_verificacion.py. Visit_Category/Visit_Subtype/Counterpart_Event/Counterpart_Type/Tema_Foro quedan en NA o con un valor mecanico derivado de COLT -revisar a mano-.],Cooperación Política General,Verificada-URL,FALSE,TRUE,President Michel Temer,TRUE,FALSE,FALSE,FALSE,FALSE,NA
COLT-2029-URY-VEN-38789,266,Tabare Vazquez,Uruguay,Completed,2006-03-13,2006-03-16,4,Venezuela,South America,,Bilateral,Working Visit,NA,President Hugo Chavez,Jefe de Estado/Gobierno,"Firma de acuerdos comerciales bilaterales, homenaje a Bolivar en el Panteon Nacional, condecoracion por el presidente Chavez, 13-mar-2006. Parte de la serie de visitas regionales de marzo 2006 (Chile-Bolivia-Brasil-Paraguay-Venezuela-Argentina, todas",ProQuest (3 articulos) + Getty Images,Medium,[PE-Latam 2026-08-24: fila insertada automaticamente desde COLT TripID 2029-URY-VEN-38789 via colt_aplicar_verificacion.py. Visit_Category/Visit_Subtype/Counterpart_Event/Counterpart_Type/Tema_Foro quedan en NA o con un valor mecanico derivado de COLT -revisar a mano-.],NA,Solo-Query,TRUE,FALSE,NA,TRUE,TRUE,TRUE,FALSE,FALSE,NA
COLT-2029-URY-VEN-38902,267,Tabare Vazquez,Uruguay,Completed,2006-07-04,2006-07-04,1,Venezuela,South America,,Multilateral,Regional Summit,NA,Common Market of the South (MERCOSUR) Summit,NA,"Firma del protocolo de incorporacion de Venezuela al MERCOSUR, 4-jul-2006 en Caracas -evento historico de primer orden, ampliamente documentado, con la presencia de Chavez, Kirchner, Lula y Vazquez-, pocas semanas antes de la ratificacion formal en l",Getty Images (3 licencias),Medium,[PE-Latam 2026-08-24: fila insertada automaticamente desde COLT TripID 2029-URY-VEN-38902 via colt_aplicar_verificacion.py. Visit_Category/Visit_Subtype/Counterpart_Event/Counterpart_Type/Tema_Foro quedan en NA o con un valor mecanico derivado de COLT -revisar a mano-.],Cooperación Política General,Solo-Query,FALSE,FALSE,NA,TRUE,TRUE,FALSE,FALSE,FALSE,NA
COLT-2029-URY-VNM-39404,268,Tabare Vazquez,Uruguay,Completed,2007-11-18,2007-11-20,3,Vietnam,Asia-Pacific,,Other,Working Visit,NA,Engaged in talks with President Nguyen Minh Triet;Party General Secretary Nong Duc Manh and National Assembly Chairman Nguyen Phu Trong  Participated in joint press Conference with President Triet and,NA,"Reuniones con el presidente Nguyen Minh Triet y otras autoridades vietnamitas, foro de negocios en Hanoi, 18-nov-2007. Tramo final de la extensa gira por Asia-Pacifico de noviembre 2007 (Chile Ibero-Americana -> Nueva Zelanda -> Malasia -> Vietnam, v",ProQuest (5 articulos),Medium,[PE-Latam 2026-08-24: fila insertada automaticamente desde COLT TripID 2029-URY-VNM-39404 via colt_aplicar_verificacion.py. Visit_Category/Visit_Subtype/Counterpart_Event/Counterpart_Type/Tema_Foro quedan en NA o con un valor mecanico derivado de COLT -revisar a mano-.],NA,Solo-Query,FALSE,FALSE,NA,TRUE,TRUE,FALSE,TRUE,FALSE,NA
COLT-2552-URY-ARG-40302,269,Jose Mujica,Uruguay,Completed,2010-05-04,2010-05-05,2,Argentina,South America,,Multilateral,Regional Summit,NA,Union of South American Nations (UNASUR) Summit,NA,"Confirmado: reunión extraordinaria de UNASUR en Los Cardales (Buenos Aires) el 4-may-2010, con los 12 mandatarios de UNASUR incluyendo a Mujica, donde se juramentó a Néstor Kirchner como primer Secretario General. Viaje real no cargado en nuestra bas",https://cancilleria.gob.ar/es/actualidad/comunicados/unasur-declaracion-final-de-los-presidentes-luego-de-la-reunion-en-los,Medium,[PE-Latam 2026-08-24: fila insertada automaticamente desde COLT TripID 2552-URY-ARG-40302 via colt_aplicar_verificacion.py. Visit_Category/Visit_Subtype/Counterpart_Event/Counterpart_Type/Tema_Foro quedan en NA o con un valor mecanico derivado de COLT -revisar a mano-.],Cooperación Política General,Verificada-URL,FALSE,FALSE,NA,TRUE,FALSE,FALSE,FALSE,FALSE,NA
COLT-2552-URY-ARG-40323,270,Jose Mujica,Uruguay,Completed,2010-05-25,2010-05-25,1,Argentina,South America,,Bilateral,Inauguration/Funeral,NA,President Cristina Fernandez de Kirchner,Jefe de Estado/Gobierno,"Confirmado: Mujica asistió a los festejos del Bicentenario argentino en Buenos Aires el 25-may-2010, incluyendo la inauguración de la Galería de los Patriotas Latinoamericanos en la Casa Rosada, coincidiendo con la nota de COLT.",https://www.pagina12.com.ar/diario/elpais/1-146308-2010-05-25.html,Medium,[PE-Latam 2026-08-24: fila insertada automaticamente desde COLT TripID 2552-URY-ARG-40323 via colt_aplicar_verificacion.py. Visit_Category/Visit_Subtype/Counterpart_Event/Counterpart_Type/Tema_Foro quedan en NA o con un valor mecanico derivado de COLT -revisar a mano-.],NA,Verificada-URL,TRUE,FALSE,NA,FALSE,FALSE,TRUE,FALSE,FALSE,NA
COLT-2552-URY-ARG-40515,271,Jose Mujica,Uruguay,Completed,2010-12-03,2010-12-04,2,Argentina,South America,,Multilateral,Regional Summit,NA,Ibero-American Summit,NA,"Confirmado: XX Cumbre Iberoamericana en Mar del Plata, 3-4 diciembre 2010, con el lema exacto citado por COLT ('educación para la inclusión social'); Mujica participó y este viaje no está cargado en nuestra base.",https://segib.org/es/cumbre/xx-cumbre-iberoamericana/ ; https://www.lacapitalmdp.com/el-paso-de-pepe-mujica-por-la-cumbre-iberoamericana-en-mar-del-plata/,Medium,[PE-Latam 2026-08-24: fila insertada automaticamente desde COLT TripID 2552-URY-ARG-40515 via colt_aplicar_verificacion.py. Visit_Category/Visit_Subtype/Counterpart_Event/Counterpart_Type/Tema_Foro quedan en NA o con un valor mecanico derivado de COLT -revisar a mano-.],Cooperación Política General,Verificada-URL,FALSE,FALSE,NA,FALSE,FALSE,FALSE,FALSE,FALSE,NA
COLT-2552-URY-ARG-40599,272,Jose Mujica,Uruguay,Completed,2011-02-25,2011-02-25,1,Argentina,South America,,Other,Working Visit,NA,Delivered speech at the inauguration of the Casa Grande Presidente Nestor Kirchner in Buenos Aires [PE-Latam 2026-08-24: Agregada a nuestra base como Trip_ID 272],NA,"Confirmado con fecha exacta: inauguración de la Casa Patria Grande 'Presidente Néstor Kirchner' el 25-feb-2011 en Buenos Aires, con presencia de Mujica junto a Cristina Fernández y Fernando Lugo.",https://www.casarosada.gob.ar/informacion/archivo/23092-blank-40824974,Medium,[PE-Latam 2026-08-24: fila insertada automaticamente desde COLT TripID 2552-URY-ARG-40599 via colt_aplicar_verificacion.py. Visit_Category/Visit_Subtype/Counterpart_Event/Counterpart_Type/Tema_Foro quedan en NA o con un valor mecanico derivado de COLT -revisar a mano-.],NA,Verificada-URL,FALSE,FALSE,NA,TRUE,FALSE,TRUE,FALSE,FALSE,NA
COLT-2552-URY-ARG-41200,273,Jose Mujica,Uruguay,Completed,2012-10-18,2012-10-18,1,Argentina,South America,,Other,Working Visit,NA,Delivered speech after receiving honorary doctorate during visit to La Plata National University from school President;Fernando Tauber  Date of departure and return unclear based on public information,NA,Confirmado con fecha exacta por fuente institucional oficial: ceremonia de Doctor Honoris Causa a Mujica en la Universidad Nacional de La Plata el 18-oct-2012.,https://unlp.edu.ar/institucional/unlp/historia/honoris_causa/doctor_honoris_causa_jose_mujica_18_oct_2012-6533-11533/,Medium,[PE-Latam 2026-08-24: fila insertada automaticamente desde COLT TripID 2552-URY-ARG-41200 via colt_aplicar_verificacion.py. Visit_Category/Visit_Subtype/Counterpart_Event/Counterpart_Type/Tema_Foro quedan en NA o con un valor mecanico derivado de COLT -revisar a mano-.],NA,Verificada-URL,FALSE,FALSE,NA,TRUE,FALSE,TRUE,FALSE,FALSE,NA
COLT-2552-URY-BOL-41459,274,Jose Mujica,Uruguay,Completed,2013-07-04,2013-07-04,1,Bolivia,South America,,Other,Working Visit,NA,Meeting involving Latin American leaders gathered in Cochabamba to back President Evo Morales;European nations temporarily refused President Morales's plane access to their airspace amid suspicions U.,NA,"Confirmado: reunión de UNASUR en Cochabamba el 4-jul-2013 en respaldo a Evo Morales tras el incidente con su avión presidencial (caso Snowden), con la presencia explícita de José Mujica entre los 6 presidentes citados.",http://www.cubadebate.cu/noticias/2013/07/04/presidentes-latinoamericanos-condenan-afrenta-europea-contra-evo-morales/,Medium,[PE-Latam 2026-08-24: fila insertada automaticamente desde COLT TripID 2552-URY-BOL-41459 via colt_aplicar_verificacion.py. Visit_Category/Visit_Subtype/Counterpart_Event/Counterpart_Type/Tema_Foro quedan en NA o con un valor mecanico derivado de COLT -revisar a mano-.],NA,Verificada-URL,FALSE,FALSE,NA,FALSE,FALSE,FALSE,FALSE,FALSE,NA
COLT-2552-URY-BRA-40518,275,Jose Mujica,Uruguay,Completed,2010-12-06,2010-12-06,1,Brazil,South America,,Other,Working Visit,NA,Attended the inauguration ceremony of the Darcy Ribeiro Memorial at University of Brasilia. [PE-Latam 2026-08-24: Agregada a nuestra base como Trip_ID 275],NA,Confirmado con fecha exacta: Lula y Mujica inauguraron el Memorial Darcy Ribeiro en la Universidad de Brasilia el 6-dic-2010.,https://fundar.org.br/memorial/ ; https://www.180.com.uy/articulo/15589_Lula-y-Mujica-inauguraron-el-besodromo,Medium,[PE-Latam 2026-08-24: fila insertada automaticamente desde COLT TripID 2552-URY-BRA-40518 via colt_aplicar_verificacion.py. Visit_Category/Visit_Subtype/Counterpart_Event/Counterpart_Type/Tema_Foro quedan en NA o con un valor mecanico derivado de COLT -revisar a mano-.],NA,Verificada-URL,FALSE,FALSE,NA,FALSE,FALSE,TRUE,FALSE,FALSE,NA
COLT-2552-URY-BRA-40526,276,Jose Mujica,Uruguay,Completed,2010-12-14,2010-12-16,3,Brazil,South America,,Multilateral,Regional Summit,NA,Common Market of the South (MERCOSUR) Summit,NA,"Confirmado: la XL Cumbre del Mercosur se realizó en Foz de Iguaçu a mediados de diciembre de 2010, con discurso de Mujica documentado; viaje real no cargado en nuestra base, aunque la fecha exacta del discurso dentro del rango 14-17 dic requiere ajus","Prensa regional sobre la XL Cumbre del Mercosur, Foz de Iguaçu, dic-2010 (Presidencia de Uruguay, discurso de Mujica)",Medium,[PE-Latam 2026-08-24: fila insertada automaticamente desde COLT TripID 2552-URY-BRA-40526 via colt_aplicar_verificacion.py. Visit_Category/Visit_Subtype/Counterpart_Event/Counterpart_Type/Tema_Foro quedan en NA o con un valor mecanico derivado de COLT -revisar a mano-.],Cooperación Política General,Solo-Query,TRUE,FALSE,NA,FALSE,FALSE,FALSE,FALSE,FALSE,NA
COLT-2552-URY-CHL-40921,277,Jose Mujica,Uruguay,Completed,2012-01-13,2012-01-15,3,Chile,South America,,Other,Working Visit,NA,Antarctica;Visited the President Frei Montalva air base;the Antarctic port authorities and the Chilean Antarctic Institute's Professor Julio Escudero Base accompanied with President Pinera  Date of re,NA,"Confirmado con fechas exactas: Piñera y Mujica visitaron juntos las bases antárticas (Frei Montalva chilena y Artigas uruguaya) entre el 13 y el 15 de enero de 2012, coincidiendo con la fecha de inicio y duración de COLT.",https://www.pagina12.com.ar/diario/elmundo/4-184766-2012-01-05.html ; https://www.latercera.com/noticia/pinera-llega-a-la-antartica-en-compania-del-presidente-de-uruguay/,Medium,[PE-Latam 2026-08-24: fila insertada automaticamente desde COLT TripID 2552-URY-CHL-40921 via colt_aplicar_verificacion.py. Visit_Category/Visit_Subtype/Counterpart_Event/Counterpart_Type/Tema_Foro quedan en NA o con un valor mecanico derivado de COLT -revisar a mano-.],NA,Verificada-URL,FALSE,FALSE,NA,FALSE,FALSE,TRUE,FALSE,FALSE,NA
COLT-2552-URY-COL-40396,278,Jose Mujica,Uruguay,Completed,2010-08-06,2010-08-06,1,Colombia,South America,,Other,Working Visit,NA,Attended the inauguration ceremony of president-elect Juan Manuel Santos. [PE-Latam 2026-08-24: Agregada a nuestra base como Trip_ID 278],NA,"Confirmado: la asunción de Juan Manuel Santos fue el 7-ago-2010 con actos protocolares desde el 6-ago; Mujica, como presidente vecino recién asumido, asistió a la ceremonia.",https://www.infobae.com/2010/08/08/530252-juan-manuel-santos-juro-como-presidente-colombia-y-pidio-un-dialogo-directo-chavez/,Medium,[PE-Latam 2026-08-24: fila insertada automaticamente desde COLT TripID 2552-URY-COL-40396 via colt_aplicar_verificacion.py. Visit_Category/Visit_Subtype/Counterpart_Event/Counterpart_Type/Tema_Foro quedan en NA o con un valor mecanico derivado de COLT -revisar a mano-.],NA,Verificada-URL,FALSE,FALSE,NA,FALSE,FALSE,TRUE,FALSE,FALSE,NA
COLT-2552-URY-CRI-42032,279,Jose Mujica,Uruguay,Completed,2015-01-28,2015-01-29,2,Costa Rica,Central America,,Multilateral,Regional Summit,NA,Community of Latin American and Caribbean States (CELAC) Summit,NA,"Confirmado con fecha exacta: III Cumbre CELAC en San José, Costa Rica, con la intervención de Mujica el 28-ene-2015, una de sus últimas participaciones internacionales como presidente.",https://en.wikipedia.org/wiki/2015_CELAC_summit,Medium,[PE-Latam 2026-08-24: fila insertada automaticamente desde COLT TripID 2552-URY-CRI-42032 via colt_aplicar_verificacion.py. Visit_Category/Visit_Subtype/Counterpart_Event/Counterpart_Type/Tema_Foro quedan en NA o con un valor mecanico derivado de COLT -revisar a mano-.],Cooperación Política General,Verificada-URL,FALSE,FALSE,NA,FALSE,FALSE,FALSE,FALSE,FALSE,NA
COLT-2552-URY-ECU-40498,280,Jose Mujica,Uruguay,Completed,2010-11-16,2010-11-16,1,Ecuador,South America,,Bilateral,Working Visit,NA,President Rafael Correa,Jefe de Estado/Gobierno,"Confirmado con fuente oficial uruguaya: Mujica visitó Guayaquil junto a Correa, incluyendo la visita al barrio Nueva Prosperina descrita textualmente por COLT, en nov-2010.",http://archivo.presidencia.gub.uy/sci/noticias/2010/11/2010111609.htm,Medium,[PE-Latam 2026-08-24: fila insertada automaticamente desde COLT TripID 2552-URY-ECU-40498 via colt_aplicar_verificacion.py. Visit_Category/Visit_Subtype/Counterpart_Event/Counterpart_Type/Tema_Foro quedan en NA o con un valor mecanico derivado de COLT -revisar a mano-.],NA,Verificada-URL,TRUE,FALSE,NA,TRUE,TRUE,FALSE,FALSE,FALSE,NA
COLT-2552-URY-VAT-41426,281,Jose Mujica,Uruguay,Completed,2013-06-01,2013-06-02,2,Vatican City,Europe,,Bilateral,Working Visit,NA,Pope Francis,Jefe de Estado/Gobierno,Confirmado y muy bien documentado: el Papa Francisco recibió a Mujica en audiencia privada en el Vaticano el 1-jun-2013 (audiencia de 45 minutos). Esto resuelve una incertidumbre que nuestra propia base ya había señalado en la nota del Trip_ID 73 ('t,https://www.lanacion.com.ar/el-mundo/el-papa-recibio-a-mujica-y-lo-califico-como-un-hombre-sabio-nid1587605/ ; https://diariodecuyo.com.ar/mundo/El-Papa-recibio-a-Jose-Mujica-20130601-0023.html,Medium,[PE-Latam 2026-08-24: fila insertada automaticamente desde COLT TripID 2552-URY-VAT-41426 via colt_aplicar_verificacion.py. Visit_Category/Visit_Subtype/Counterpart_Event/Counterpart_Type/Tema_Foro quedan en NA o con un valor mecanico derivado de COLT -revisar a mano-.],NA,Verificada-URL,TRUE,FALSE,NA,FALSE,FALSE,FALSE,FALSE,FALSE,NA
COLT-2552-URY-PRY-40405,282,Jose Mujica,Uruguay,Completed,2010-08-15,2010-08-16,2,Paraguay,South America,,Bilateral,Inauguration/Funeral,NA,President Fernando Lugo,Jefe de Estado/Gobierno,"Confirmado: IV Foro Social de las Américas en Asunción, 11-15 ago 2010, con Mujica presente en el cierre junto a Lugo y Evo Morales; fuente adicional (Última Hora) confirma explícitamente una 'visita oficial' de Mujica a Paraguay los días 15 y 16 de ",https://upsidedownworld.org/archives/paraguay/paraguay-americas-social-forum-continues-struggle-to-dismantle-neoliberalism/ ; https://www.ultimahora.com/mujica-realizara-una-visita-oficial-paraguay-los-dias-15-y-16-agosto-n347507,Medium,[PE-Latam 2026-08-24: fila insertada automaticamente desde COLT TripID 2552-URY-PRY-40405 via colt_aplicar_verificacion.py. Visit_Category/Visit_Subtype/Counterpart_Event/Counterpart_Type/Tema_Foro quedan en NA o con un valor mecanico derivado de COLT -revisar a mano-.],NA,Verificada-URL,TRUE,FALSE,NA,TRUE,TRUE,TRUE,FALSE,FALSE,NA
COLT-2552-URY-VEN-40275,283,Jose Mujica,Uruguay,Completed,2010-04-07,2010-04-07,1,Venezuela,South America,,Bilateral,Working Visit,NA,President Hugo Chavez,Jefe de Estado/Gobierno,"Confirmado: primera visita oficial de Mujica a Venezuela, con llegada el 6-abr-2010 y actos protocolares (ofrenda floral al Panteón Nacional, condecoración Orden del Libertador) el 7-abr-2010 en Miraflores junto a Chávez, coincidiendo con la nota de ",http://www.psuv.org.ve/temas/noticias/Chavez-recibe-a-Mujica-en-Miraflores-para-reimpulsar-relaciones-bilaterales/,Medium,[PE-Latam 2026-08-24: fila insertada automaticamente desde COLT TripID 2552-URY-VEN-40275 via colt_aplicar_verificacion.py. Visit_Category/Visit_Subtype/Counterpart_Event/Counterpart_Type/Tema_Foro quedan en NA o con un valor mecanico derivado de COLT -revisar a mano-.],NA,Verificada-URL,TRUE,FALSE,NA,FALSE,TRUE,TRUE,FALSE,FALSE,NA
COLT-3698-URY-BRA-45265,284,Luis Lacalle Pou,Uruguay,Completed,2023-12-05,2023-12-07,3,Brazil,South America,,Multilateral,Regional Summit,NA,Common Market of the South (MERCOSUR) Summit,NA,"Confirmado: Lacalle Pou asistió personalmente a la Cumbre del Mercosur en Río de Janeiro el 7-dic-2023 (Infobae y La Diaria documentan sus declaraciones en el propio encuentro, incluyendo un cruce con Argentina y Brasil por China). Viaje real, no car",https://www.infobae.com/america/america-latina/2023/12/08/un-pedido-de-explicaciones-de-luis-lacalle-pou-tenso-la-discusion-de-la-ultima-cumbre-del-mercosur-de-alberto-fernandez/ ; https://ladiaria.com.uy/politica/articulo/2023/12/cumbre-del-mercosur-lacalle-pou-afirmo-que-en-el-bloque-no-hay-voluntad-de-avanzar-en-un-acuerdo-de-libre-comercio-con-china/,Medium,[PE-Latam 2026-08-24: fila insertada automaticamente desde COLT TripID 3698-URY-BRA-45265 via colt_aplicar_verificacion.py. Visit_Category/Visit_Subtype/Counterpart_Event/Counterpart_Type/Tema_Foro quedan en NA o con un valor mecanico derivado de COLT -revisar a mano-.],Cooperación Política General,Verificada-URL,TRUE,TRUE,President Alberto Fernandez,FALSE,FALSE,FALSE,FALSE,FALSE,NA
COLT-3698-URY-CHL-45460,285,Luis Lacalle Pou,Uruguay,Completed,2024-06-17,2024-06-18,2,Chile,South America,,Bilateral,Working Visit,NA,President Gabriel Boric,Jefe de Estado/Gobierno,"Confirmado: Lacalle Pou viajó a Chile a mediados de junio de 2024 para participar de un homenaje a Piñera (fallecido en feb-2024) y reunirse con Boric en el Palacio de La Moneda el 18-jun-2024. Viaje real, no cargado en nuestra base; cae en el hueco ",https://www.elobservador.com.uy/nacional/lacalle-pou-viaja-chile-participara-homenaje-pinera-y-se-reunira-gabriel-boric-n5946438 ; https://www.swissinfo.ch/spa/boric-y-lacalle-pou-se-re%C3%BAnen-en-santiago-de-chile-para-mejorar-v%C3%ADnculos-econ%C3%B3micos/81070086,Medium,[PE-Latam 2026-08-24: fila insertada automaticamente desde COLT TripID 3698-URY-CHL-45460 via colt_aplicar_verificacion.py. Visit_Category/Visit_Subtype/Counterpart_Event/Counterpart_Type/Tema_Foro quedan en NA o con un valor mecanico derivado de COLT -revisar a mano-.],NA,Verificada-URL,TRUE,FALSE,NA,FALSE,FALSE,TRUE,FALSE,FALSE,NA
COLT-3698-URY-DOM-45520,286,Luis Lacalle Pou,Uruguay,Completed,2024-08-16,2024-08-16,1,Dominican Republic,Caribbean,,Other,Working Visit,NA,Attended the inauguration ceremony of President Luis Abinader;Trip end date somewhat unclear [PE-Latam 2026-08-24: Agregada a nuestra base como Trip_ID 286],NA,"Confirmado: Lacalle Pou participó personalmente de la investidura de Luis Abinader en Santo Domingo el 16-ago-2024 (cobertura directa de Montevideo Portal, con foto del presidente en el acto). Viaje real, no cargado en nuestra base; cae en el hueco c",https://www.montevideo.com.uy/Noticias/De-traje-blanco-Lacalle-Pou-participo-de-asuncion-del-presidente-de-Republica-Dominicana-uc897363 ; https://www.elobservador.com.uy/nacional/luis-lacalle-pou-viaja-republica-dominicana-asuncion-del-presidente-luis-abinader-la-situacion-venezuela-la-mira-n5956231,Medium,[PE-Latam 2026-08-24: fila insertada automaticamente desde COLT TripID 3698-URY-DOM-45520 via colt_aplicar_verificacion.py. Visit_Category/Visit_Subtype/Counterpart_Event/Counterpart_Type/Tema_Foro quedan en NA o con un valor mecanico derivado de COLT -revisar a mano-.],NA,Verificada-URL,FALSE,TRUE,President Jose Raul Mulino,FALSE,FALSE,TRUE,FALSE,FALSE,NA
COLT-3698-URY-PRY-44763,287,Luis Lacalle Pou,Uruguay,Completed,2022-07-21,2022-07-22,2,Paraguay,South America,,Multilateral,Regional Summit,NA,Mercosur Summit,NA,"Confirmado: Lacalle Pou asistió personalmente a la LX Cumbre del Mercosur en Asunción el 21-jul-2022, donde recibió la presidencia pro tempore del bloque de manos de Abdo Benítez (múltiples fuentes, incluida cobertura en video). Es un viaje distinto ",https://www.infobae.com/politica/2022/07/15/lacalle-pou-pone-en-crisis-al-mercosur-por-su-decision-geopolitica-de-avanzar-en-un-acuerdo-bilateral-con-china-que-resisten-argentina-brasil-y-paraguay/ ; https://www.lr21.com.uy/politica/1476415-lacalle-pou-cumbre-mercosur-apertura-comercial,Medium,[PE-Latam 2026-08-24: fila insertada automaticamente desde COLT TripID 3698-URY-PRY-44763 via colt_aplicar_verificacion.py. Visit_Category/Visit_Subtype/Counterpart_Event/Counterpart_Type/Tema_Foro quedan en NA o con un valor mecanico derivado de COLT -revisar a mano-.],Cooperación Política General,Verificada-URL,TRUE,TRUE,President Alberto Fernandez,FALSE,FALSE,FALSE,TRUE,FALSE,NA
COLT-3698-URY-PRY-45392,288,Luis Lacalle Pou,Uruguay,Completed,2024-04-10,2024-04-11,2,Paraguay,South America,,Bilateral,Inauguration/Funeral,NA,President Santiago Pena,Jefe de Estado/Gobierno,Confirmado con fuente primaria propia (Subrayado): Lacalle Pou llegó a Asunción el miércoles 10-abr-2024 y se reunió con Santiago Peña y con el presidente de FIFA Gianni Infantino por la organización del Mundial 2030. Las fechas de COLT (10-11 abr) c,https://www.subrayado.com.uy/lacalle-pou-viaja-paraguay-reuniones-el-presidente-santiago-pena-y-el-mundial-2030-n943370 ; https://www.subrayado.com.uy/luis-lacalle-pou-se-reunio-su-par-paraguayo-santiago-pena-este-miercoles-asuncion-n943473,Medium,[PE-Latam 2026-08-24: fila insertada automaticamente desde COLT TripID 3698-URY-PRY-45392 via colt_aplicar_verificacion.py. Visit_Category/Visit_Subtype/Counterpart_Event/Counterpart_Type/Tema_Foro quedan en NA o con un valor mecanico derivado de COLT -revisar a mano-.],NA,Verificada-URL,TRUE,FALSE,NA,FALSE,FALSE,TRUE,FALSE,FALSE,NA
COLT-392-URY-BRA-34685,289,Luis Alberto Lacalle,Uruguay,Completed,1994-12-17,1995-01-02,17,Brazil,South America,,Multilateral,Regional Summit,NA,Common Market of the South (MERCOSUR) Summit,NA,"Confirmado: el 17-dic-1994 en Ouro Preto (Brasil), Lacalle Herrera firmo junto a Menem, Itamar Franco y Wasmosy el Protocolo de Ouro Preto que cerro el periodo de transicion del MERCOSUR (VII Cumbre de presidentes del bloque). El TripDuration de COLT",https://www.mercosur.int/ouro-preto-30-anos-del-hito-historico-que-consolido-al-mercosur ; https://es.wikipedia.org/wiki/Protocolo_de_Ouro_Preto,Medium,[PE-Latam 2026-08-24: fila insertada automaticamente desde COLT TripID 392-URY-BRA-34685 via colt_aplicar_verificacion.py. Visit_Category/Visit_Subtype/Counterpart_Event/Counterpart_Type/Tema_Foro quedan en NA o con un valor mecanico derivado de COLT -revisar a mano-.],Cooperación Política General,Verificada-URL,FALSE,FALSE,NA,FALSE,TRUE,FALSE,FALSE,FALSE,NA
COLT-392-URY-BRA-34701,290,Luis Alberto Lacalle,Uruguay,Completed,1995-01-02,1995-01-03,2,Brazil,South America,,Bilateral,Inauguration/Funeral,NA,President Fernando Henrique Cardoso,Jefe de Estado/Gobierno,"La cronica contemporanea de la investidura de Fernando Henrique Cardoso (1-ene-1995, Brasilia) lista explicitamente a los nueve presidentes asistentes, incluyendo a 'Luis Lacalle de Uruguay'. Evento confirmado por fuente primaria de la epoca. Nota: l","https://www.eltiempo.com/archivo/documento/MAM-308163 (El Tiempo, Colombia, publicado 02-ene-1995, fuente de epoca)",Medium,[PE-Latam 2026-08-24: fila insertada automaticamente desde COLT TripID 392-URY-BRA-34701 via colt_aplicar_verificacion.py. Visit_Category/Visit_Subtype/Counterpart_Event/Counterpart_Type/Tema_Foro quedan en NA o con un valor mecanico derivado de COLT -revisar a mano-.],NA,Verificada-URL,TRUE,TRUE,President Juan Carlos Wasmosy;President Carlos Saul Menem,FALSE,FALSE,TRUE,FALSE,FALSE,NA
COLT-392-URY-USA-34676,291,Luis Alberto Lacalle,Uruguay,Completed,1994-12-08,1994-12-11,4,United States,North America,,Multilateral,Regional Summit,NA,Summit of the Americas (SOA),NA,"Confirmado que Uruguay fue representado por el presidente Luis Alberto Lacalle en la Primera Cumbre de las Americas (Miami, 9 al 11-dic-1994), donde se firmo la Declaracion de Principios y el Plan de Accion germen del ALCA (coincide con la nota de CO",http://www.iin.oas.org/DECLARACIONES/primera_cumbre.htm ; https://summit-americas.org/sas/Cumbres_previas_ICumbre.html,Medium,[PE-Latam 2026-08-24: fila insertada automaticamente desde COLT TripID 392-URY-USA-34676 via colt_aplicar_verificacion.py. Visit_Category/Visit_Subtype/Counterpart_Event/Counterpart_Type/Tema_Foro quedan en NA o con un valor mecanico derivado de COLT -revisar a mano-.],Cooperación Política General,Verificada-URL,FALSE,FALSE,NA,FALSE,TRUE,FALSE,FALSE,FALSE,NA
COLT-4217-URY-XXX-46018,292,Yamandu Orsi,Uruguay,Completed,2025-12-27,2026-01-03,8,Brazil,South America,NA,Other,Working Visit,NA,NA,NA,"Viaje privado/vacaciones familiares de Orsi entre el 27-dic-2025 y el 3-ene-2026 (8 dias, coincide con TripDuration=8 de COLT). Destino identificado por prensa uruguaya como Brasil (COLT registra CountryVisited=Unknown).",https://www.subrayado.com.uy/yamandu-orsi-se-tomara-vacaciones-este-sabado-pidio-autorizacion-salir-del-pais-siete-dias-n995834 ; https://www.elobservador.com.uy/nacional/las-vacaciones-yamandu-orsi-el-presidente-pidio-autorizacion-salir-del-pais-el-27-diciembre-y-el-3-enero-n6029318,Medium,"[PE-Latam 2026-08-24: fila insertada automaticamente desde COLT TripID 4217-URY-XXX-46018. Destination_Country corregido de 'Unknown' (valor de COLT) a 'Brazil' por hallazgo de prensa del subagente investigador (ver justificacion en resultados_workpack_06.json); Destination_City queda NA por no estar identificada la ciudad exacta. Visit_Category/Visit_Subtype quedan con el fallback generico (viaje privado, sin evidencia de agenda oficial) -revisar a mano si aparece mas informacion-.]",NA,Solo-Query,FALSE,FALSE,NA,FALSE,FALSE,FALSE,FALSE,FALSE,NA
