Journey_ID,Trip_ID,President,Origin_Country,Trip_Status,Start_Date,End_Date,Duration_Days,Destination_Country,Destination_Region,Destination_City,Visit_Category,Visit_Subtype,Sideline_Bilaterals,Counterpart_Event,Counterpart_Type,Trip_Objective,Source_Verification,Source_Reliability,Methodological_Notes,Tema_Foro,Verificacion_Status
CHL-RL-J001,1,Ricardo Lagos,Chile,Completed,2000-06-29,2000-06-30,2,Argentina,South America,Buenos Aires,Multilateral,Regional Summit,TRUE,Cumbre del MERCOSUR (Chile asociado),NA,Primer viaje internacional del mandato: cumbre del Mercosur; Chile como Estado asociado.,https://arle.udp.cl/index.php/programa-de-actividades-de-presidente-de-la-republica-para-xviii-cumbre-mercosur-en-buenos-aires,High,Primer viaje del mandato.,Comercio/Integración Económica,Verificada-URL
CHL-RL-J002,2,Ricardo Lagos,Chile,Completed,2000-09-06,2000-09-08,3,United States,North America,New York,Multilateral,Global Forum,TRUE,Cumbre del Milenio de la ONU,NA,Cumbre del Milenio de la ONU.,https://www.un.org/es/events/pastevents/millennium_summit.shtml,Medium,Fechas oficiales de la Cumbre del Milenio.,Cooperación Política General,Verificada-URL
CHL-RL-J003,3,Ricardo Lagos,Chile,Completed,2000-11-17,2000-11-18,2,Panama,Central America,Panama City,Multilateral,Regional Summit,NA,X Cumbre Iberoamericana,NA,Cumbre Iberoamericana de Panama; ninez y adolescencia.,https://www.segib.org/?summit=x-cumbre-iberoamericana-panama-2000,High,17-18/11/2000.,Cooperación Política General,Verificada-URL
CHL-RL-J004,4,Ricardo Lagos,Chile,Completed,2000-11-15,2000-11-16,2,Brunei,Asia-Pacific,Bandar Seri Begawan,Multilateral,Regional Summit,TRUE,Cumbre de Líderes de APEC,NA,Cumbre de lideres de APEC en Brunei; Chile en la agenda Asia-Pacifico.,https://arle.udp.cl/index.php/giras-internacionales-de-su-excelencia-el-presidente-de-la-republica-don-ricardo-lagos-y-senora-luisa-duran-de-lagos-ano-2000,High,"NOTA 2026-07-21: programa oficial de giras 2000 registra ventana ampliada 'Brunei Darussalam. VIII cumbre de Lideres APEC, noviembre 14 al 17'; fechas 15-16 (dias nucleo de la cumbre de lideres) confirmadas ademas por nota de clausura de TVN fechada 16/11/2000, catalogada en el mismo archivo oficial. No hay solapamiento real con la Cumbre Iberoamericana (Panama, 17-18 nov 2000, ver gira siguiente).",Comercio/Integración Económica,Verificada-URL
CHL-RL-J005,5,Ricardo Lagos,Chile,Completed,2001-04-20,2001-04-22,3,Canada,North America,Quebec City,Multilateral,Regional Summit,TRUE,III Cumbre de las Américas,NA,III Cumbre de las Americas; negociacion del ALCA y clausula democratica.,https://www.summit-americas.org/iii_summit.html,High,20-22/04/2001.,Cooperación Política General,Verificada-URL
CHL-RL-J006,6,Ricardo Lagos,Chile,Completed,2001-06-03,2001-06-06,4,Spain,Europe,Madrid,Bilateral,State Visit,NA,Rey Juan Carlos I / José María Aznar,Jefe de Estado/Gobierno,Visita de Estado a Espana; inversiones y acuerdo Chile-UE en agenda. Tramo 1 de gira europea.,https://arle.udp.cl/index.php/giras-internacionales-de-su-excelencia-el-presidente-de-la-republica-don-ricardo-lagos-y-senora-luisa-duran-de-lagos-ano-2001,High,"Gira europea jun 2001; tramos y fechas a confirmar. NOTA 2026-07-21: el programa oficial de giras 2001 (Presidencia/Ceremonial y Protocolo) y la ficha archivistica especifica del viaje ('Visita de Estado al Reino de Espana 03 al 06 de Junio 2001', incl. informe de Embajada de Chile en Espana) fechan la visita 03-06/06/2001 (4 dias), no 04-06. Fecha corregida.",NA,Verificada-URL
CHL-RL-J006,7,Ricardo Lagos,Chile,Completed,2001-06-07,2001-06-08,2,France,Europe,Paris,Bilateral,Working Visit,NA,Jacques Chirac,Jefe de Estado/Gobierno,Relaciones bilaterales; acuerdo Chile-UE. Tramo 2 de gira europea.,Search Query: Lagos Francia Chirac junio 2001,Low,Fechas estimadas.,NA,No-verificable
CHL-RL-J007,8,Ricardo Lagos,Chile,Completed,2001-07-27,2001-07-31,5,Peru,South America,Lima,Bilateral,Inauguration/Funeral,NA,Asunción de Alejandro Toledo,Jefe de Estado/Gobierno,Asuncion de Alejandro Toledo en Peru.,https://arle.udp.cl/index.php/giras-internacionales-de-su-excelencia-el-presidente-de-la-republica-don-ricardo-lagos-y-senora-luisa-duran-de-lagos-ano-2001,High,"28/07/2001. NOTA 2026-07-21: el programa oficial de giras 2001 registra este viaje como 'Transmision del Mando y Visita Oficial' a Peru, 27 al 31 de julio (no solo el dia de la asuncion, 28/07). Confirmado por ficha archivistica de conferencia de prensa conjunta Lagos-Toledo fechada 30/07/2001 en Lima y por cobertura de prensa del juramento simbolico en Machu Picchu (29/07/2001, con presencia de Lagos). Fechas y duracion corregidas.",NA,Verificada-URL
CHL-RL-J008,9,Ricardo Lagos,Chile,Completed,2001-09-12,2001-09-13,2,Belgium,Europe,Brussels,Bilateral,Working Visit,NA,Unión Europea (negociación del Acuerdo de Asociación),Otro actor no estatal,Negociacion del Acuerdo Chile-UE. Tramo 1; la gira se altero por los atentados del 11-S. ,https://arle.udp.cl/index.php/giras-internacionales-de-su-excelencia-el-presidente-de-la-republica-don-ricardo-lagos-y-senora-luisa-duran-de-lagos-ano-2001,High,"Gira interrumpida por el 11/09/2001. NOTA 2026-07-21: el programa oficial de giras 2001 fecha la visita de trabajo a Belgica (Bruselas) el 12-13/09/2001 (no 10-11/09), como tercer tramo de una gira Portugal(9-11/09, Visita de Estado, Lisboa, Trip_ID 190)->Reino Unido(11-12/09)->Belgica(12-13/09). Fecha corregida para el tramo Belgica. Nota metodologica: el tramo Portugal (Lisboa, Visita de Estado, 9-11/09/2001) fue agregado en tanda 2026-07-21 como Trip_ID 190 (fuente: Arquivo Historico da Presidencia da Republica Portuguesa). El tramo Reino Unido (Trip_ID 10, misma gira) SI se corrigio en esta tanda (de 12-13/09 a 11-12/09) para evitar colision de fechas entre ambos tramos.",NA,Verificada-URL
CHL-RL-J008,10,Ricardo Lagos,Chile,Completed,2001-09-11,2001-09-12,2,United Kingdom,Europe,London,Bilateral,Working Visit,NA,Tony Blair,Jefe de Estado/Gobierno,"Relaciones bilaterales. Tramo 2, afectado por el 11-S.",https://arle.udp.cl/index.php/giras-internacionales-de-su-excelencia-el-presidente-de-la-republica-don-ricardo-lagos-y-senora-luisa-duran-de-lagos-ano-2001,High,"Fechas estimadas; contexto 11-S. NOTA 2026-07-21: re-verificacion (tanda Lagos). La fuente previa (La Tercera, articulo general sobre el 11-S en Chile) no databa el tramo Reino Unido; el programa oficial de giras 2001 (Presidencia/Ceremonial y Protocolo) fecha este tramo 'Reino Unido, Londres. Visita Oficial, septiembre 11 y 12' (no 12-13, que corresponde en realidad al tramo siguiente en Belgica). Fecha corregida para evitar colision de fechas entre tramos Reino Unido y Belgica de la misma gira (Journey_ID J008). Fuente actualizada a la de mayor jerarquia (archivo oficial).",NA,Verificada-URL
CHL-RL-J009,11,Ricardo Lagos,Chile,Completed,2001-11-23,2001-11-24,2,Peru,South America,Lima,Multilateral,Regional Summit,TRUE,XI Cumbre Iberoamericana,NA,Cumbre Iberoamericana de Lima; unidad ante el terrorismo global.,https://www.segib.org/?summit=xi-cumbre-iberoamericana-lima-2001,High,23-24/11/2001.,Cooperación Política General,Verificada-URL
CHL-RL-J010,12,Ricardo Lagos,Chile,Completed,2002-03-21,2002-03-22,2,Mexico,North America,Monterrey,Multilateral,Global Forum,NA,Conferencia sobre Financiación para el Desarrollo,NA,Conferencia de Monterrey (Consenso de Monterrey).,https://www.un.org/es/conf/ffd/2002/,Medium,21-22/03/2002 (segmento de alto nivel).,Comercio/Integración Económica,Verificada-URL
CHL-RL-J011,13,Ricardo Lagos,Chile,Completed,2002-05-16,2002-05-17,2,Spain,Europe,Madrid,Multilateral,Regional Summit,TRUE,II Cumbre UE-América Latina y el Caribe + firma Acuerdo Chile-UE,NA,Cumbre UE-ALC; Chile cerro politicamente su Acuerdo de Asociacion con la UE.,https://arle.udp.cl/index.php/programa-tentativo-de-visita-de-presidente-de-la-republica-a-ii-cumbre-de-la-union-europea-america-latina-y-el-caribe-madrid-16-17-de-mayo-de-2002,High,"17-18/05/2002. NOTA 2026-07-21: el programa oficial tentativo especifico de este viaje ('Madrid 16-17 de Mayo de 2002') y las fichas archivisticas de declaraciones y conferencia de prensa al termino de la firma del Acuerdo Chile-UE, ambas fechadas 17/05/2002, fijan la Cumbre UE-ALC y el cierre del acuerdo el 16-17/05/2002 (no 17-18/05). Fecha corregida.",Cooperación Política General,Verificada-URL
CHL-RL-J013,15,Ricardo Lagos,Chile,Completed,2002-10-26,2002-10-27,2,Mexico,North America,Los Cabos,Multilateral,Regional Summit,TRUE,Cumbre de Líderes de APEC,NA,Cumbre APEC de Los Cabos; libre comercio en Asia-Pacifico.,https://arle.udp.cl/index.php/giras-internacionales-de-su-excelencia-el-presidente-de-la-republica-don-ricardo-lagos-y-senora-luisa-duran-de-lagos-ano-2002,High,26-27/10/2002.,Comercio/Integración Económica,Verificada-URL
CHL-RL-J014,16,Ricardo Lagos,Chile,Completed,2002-11-15,2002-11-16,2,Dominican Republic,Caribbean,Bávaro,Multilateral,Regional Summit,NA,XII Cumbre Iberoamericana,NA,Cumbre Iberoamericana de Bavaro.,https://segib.org/es/cumbre/xii-cumbre-iberoamericana/,High,"CORREGIDO (2026-07-22): fechas de 23-24/11 a 15-16/11/2002 (error detectado por discrepancia con el Archivo Ricardo Lagos Escobar-UDP). Triple-verificado: SEGIB oficial (segib.org/es/cumbre/xii-cumbre-iberoamericana, 'tuvo lugar...los dias 15 y 16 de noviembre de 2002'), Wikipedia ES (XII Cumbre Iberoamericana) y EcuRed/OEA coinciden en 15-16/11/2002, Bavaro, Rep. Dominicana.",Cooperación Política General,Verificada-URL
CHL-RL-J016,18,Ricardo Lagos,Chile,Completed,2003-10-20,2003-10-21,2,Thailand,Asia-Pacific,Bangkok,Multilateral,Regional Summit,TRUE,Cumbre de Líderes de APEC,NA,Cumbre APEC de Bangkok.,https://arle.udp.cl/index.php/giras-internacionales-de-su-excelencia-el-presidente-de-la-republica-don-ricardo-lagos-y-senora-luisa-duran-de-lagos-ano-2003,High,20-21/10/2003.,Comercio/Integración Económica,Verificada-URL
CHL-RL-J017,19,Ricardo Lagos,Chile,Completed,2003-11-14,2003-11-15,2,Bolivia,South America,Santa Cruz de la Sierra,Multilateral,Regional Summit,NA,XIII Cumbre Iberoamericana,NA,Cumbre Iberoamericana de Santa Cruz; inclusion social.,https://www.segib.org/?summit=xiii-cumbre-iberoamericana-santa-cruz-de-la-sierra-2003,High,14-15/11/2003.,Cooperación Política General,Verificada-URL
CHL-RL-J018,20,Ricardo Lagos,Chile,Completed,2004-01-12,2004-01-13,2,Mexico,North America,Monterrey,Multilateral,Regional Summit,TRUE,Cumbre Extraordinaria de las Américas,NA,Cumbre Extraordinaria de las Americas en Monterrey.,https://www.summit-americas.org/special_summit.html,High,12-13/01/2004.,Cooperación Política General,Verificada-URL
CHL-RL-J019,21,Ricardo Lagos,Chile,Completed,2004-05-28,2004-05-29,2,Mexico,North America,Guadalajara,Multilateral,Regional Summit,TRUE,III Cumbre UE-América Latina y el Caribe,NA,Cumbre UE-ALC de Guadalajara.,https://arle.udp.cl/index.php/giras-internacionales-de-su-excelencia-el-presidente-de-la-republica-don-ricardo-lagos-y-senora-luisa-duran-de-lagos-ano-2004,High,28-29/05/2004.,Cooperación Política General,Verificada-URL
CHL-RL-J021,23,Ricardo Lagos,Chile,Completed,2004-04-28,2004-04-29,2,Indonesia,Asia-Pacific,Jakarta,Bilateral,Working Visit,NA,Megawati Sukarnoputri,Jefe de Estado/Gobierno,Comercio Asia-Pacifico; giras vinculadas a la agenda APEC 2004 (Chile fue anfitrion). Tramo de gira asiatica.,https://www.emol.com/noticias/nacional/2004/04/25/145881/presidente-lagos-inicia-gira-internacional.html,Medium,"Fecha CORREGIDA 2026-07-08 (era 2004-11-18, error de mes): la gira Sudafrica-Indonesia-Singapur-NZ fue en abril 2004; reunion con Megawati el 28-29/04. La APEC con Chile anfitrion fue en Santiago el 20-21/11/2004. Fuente: Emol 25-04-2004.",NA,Verificada-URL
CHL-RL-J022,24,Ricardo Lagos,Chile,Completed,2004-11-19,2004-11-20,2,Costa Rica,Central America,San José,Multilateral,Regional Summit,NA,XIV Cumbre Iberoamericana,NA,Cumbre Iberoamericana de San Jose.,https://www.segib.org/?summit=xiv-cumbre-iberoamericana-san-jose-2004,High,"Verificar solapamiento con gira asiatica; fechas 19-20/11. QA-R2 2026-07-22: fecha CORREGIDA de 20-22/11 a 19-20/11/2004 (error de 2-3 dias). Fuente oficial SEGIB (segib.org/es/cumbre/xiv-cumbre-iberoamericana y xiv-cumbre-iberoamericana-educar-para-progresar-como-region) fecha la XIV Cumbre Iberoamericana de San Jose, Costa Rica, el 19 y 20 de noviembre de 2004; corroborado por es.wikipedia.org/wiki/XIV_Cumbre_Iberoamericana y por foto oficial SEGIB que confirma asistencia presencial de Ricardo Lagos. Se verifico ademas que Lagos debia estar de vuelta en Santiago para presidir la Cumbre de Lideres APEC (20-21/11/2004, Chile anfitrion); las fechas corregidas (19-20/11) son compatibles con ese regreso, mientras que las fechas previas (20-22/11) generaban un conflicto de agenda con APEC.",Cooperación Política General,Verificada-URL
CHL-RL-J023,25,Ricardo Lagos,Chile,Completed,2005-03-01,2005-03-01,1,Uruguay,South America,Montevideo,Multilateral,Inauguration/Funeral,TRUE,Asunción de Tabaré Vázquez,NA,Asuncion de Tabare Vazquez en Uruguay.,https://arle.udp.cl/index.php/giras-internacionales-de-su-excelencia-el-presidente-de-la-republica-don-ricardo-lagos-y-senora-luisa-duran-de-lagos-ano-2005,High,1/03/2005.,Cooperación Política General,Verificada-URL
CHL-RL-J024,26,Ricardo Lagos,Chile,Completed,2005-10-14,2005-10-15,2,Spain,Europe,Salamanca,Multilateral,Regional Summit,TRUE,XV Cumbre Iberoamericana,NA,Cumbre Iberoamericana de Salamanca.,https://www.segib.org/?summit=xv-cumbre-iberoamericana-salamanca-2005,High,14-15/10/2005.,Cooperación Política General,Verificada-URL
CHL-RL-J025,27,Ricardo Lagos,Chile,Completed,2005-11-04,2005-11-05,2,Argentina,South America,Mar del Plata,Multilateral,Regional Summit,TRUE,IV Cumbre de las Américas,NA,IV Cumbre de las Americas; el 'no al ALCA'.,https://arle.udp.cl/index.php/giras-internacionales-de-su-excelencia-el-presidente-de-la-republica-don-ricardo-lagos-y-senora-luisa-duran-de-lagos-ano-2005,High,4-5/11/2005.,Cooperación Política General,Verificada-URL
CHL-RL-J026,28,Ricardo Lagos,Chile,Completed,2005-11-18,2005-11-19,2,South Korea,Asia-Pacific,Busan,Multilateral,Regional Summit,TRUE,Cumbre de Líderes de APEC + firma TLC Chile-China,NA,Cumbre APEC de Busan; Chile firmo el TLC con China al margen (primer pais sudamericano).,https://arle.udp.cl/index.php/giras-internacionales-de-su-excelencia-el-presidente-de-la-republica-don-ricardo-lagos-y-senora-luisa-duran-de-lagos-ano-2005,High,18-19/11/2005.,Comercio/Integración Económica,Verificada-URL
CHL-RL-J027,29,Ricardo Lagos,Chile,Completed,2006-01-22,2006-01-22,1,Bolivia,South America,La Paz,Bilateral,Inauguration/Funeral,NA,Asunción de Evo Morales,Jefe de Estado/Gobierno,Asuncion de Evo Morales; ULTIMO viaje internacional del mandato.,https://latinfinance.com/daily-brief/2006/01/18/lagos-to-visit-bolivia/,Medium,22/01/2006. Ultimo viaje del mandato.,NA,Verificada-URL
CHL-MB1-J028,30,Michelle Bachelet,Chile,Completed,2006-03-21,2006-03-21,1,Argentina,South America,Buenos Aires,Bilateral,Working Visit,NA,Néstor Kirchner,Jefe de Estado/Gobierno,Primer viaje del mandato: relacion estrategica con Argentina; energia e integracion.,https://www.infobae.com/2006/03/21/244293-en-su-primer-viaje-oficial-bachelet-llega-al-pais-reunirse-kirchner/,Medium,"Primer viaje del mandato. Verificado via Infobae (21/03/2006), primer viaje oficial del mandato a Argentina.",NA,Verificada-URL
CHL-MB1-J029,31,Michelle Bachelet,Chile,Completed,2006-05-11,2006-05-13,3,Austria,Europe,Vienna,Multilateral,Regional Summit,TRUE,IV Cumbre UE-América Latina y el Caribe,NA,Cumbre UE-ALC de Viena.,https://ec.europa.eu/commission/presscorner/detail/es/pres_06_137,High,11-13/05/2006. Cumbre UE-ALC oficial 11-12/05/2006 segun Comision Europea; gira incluyo Espana antes de Viena.,Cooperación Política General,Verificada-URL
CHL-MB1-J030,32,Michelle Bachelet,Chile,Completed,2006-06-08,2006-06-09,2,United States,North America,Washington D.C.,Bilateral,Working Visit,NA,George W. Bush,Jefe de Estado/Gobierno,"Reunion con Bush en la Casa Blanca; TLC en vigor, agenda bilateral.",https://georgewbush-whitehouse.archives.gov/news/releases/2006/06/20060608-5.html,High,Fecha a confirmar. Confirmado por archivo oficial de la Casa Blanca (08/06/2006).,NA,Verificada-URL
CHL-MB1-J031,33,Michelle Bachelet,Chile,Completed,2006-07-28,2006-07-29,2,Peru,South America,Lima,Bilateral,Inauguration/Funeral,NA,Asunción de Alan García,Jefe de Estado/Gobierno,Asuncion de Alan Garcia en Peru.,https://www.emol.com/noticias/nacional/2006/07/29/226590/bachelet-encabezo-junto-a-alan-garcia-parada-militar-en-peru.html,Medium,"28/07/2006. CORREGIDO: End_Date de 28/07 a 29/07/2006 (asuncion 28/07 + Parada Militar 29/07, confirmadas por Emol).",NA,Verificada-URL
CHL-MB1-J032,34,Michelle Bachelet,Chile,Completed,2006-11-03,2006-11-05,3,Uruguay,South America,Montevideo,Multilateral,Regional Summit,TRUE,XVI Cumbre Iberoamericana,NA,Cumbre Iberoamericana de Montevideo; migraciones.,https://www.segib.org/?summit=xvi-cumbre-iberoamericana-montevideo-2006,High,3-5/11/2006.,Cooperación Política General,Verificada-URL
CHL-MB1-J033,35,Michelle Bachelet,Chile,Completed,2006-11-17,2006-11-19,3,Vietnam,Asia-Pacific,Hanoi,Multilateral,Regional Summit,TRUE,Cumbre de Líderes de APEC,NA,Cumbre APEC de Hanoi. Tramo 1 de gira asiatica.,https://en.mercopress.com/2006/11/17/bachelet-in-vietnam-for-apec-conference,Medium,"17-19/11/2006. Confirmado via MercoPress (17/11/2006) y Wikipedia (Primer gobierno de Bachelet, ref 44); tramo siguiente fue Nueva Zelanda el 20/11 (ver Trip_ID 36).",Comercio/Integración Económica,Verificada-URL
CHL-MB1-J033,36,Michelle Bachelet,Chile,Completed,2006-11-20,2006-11-21,2,New Zealand,Asia-Pacific,Wellington,Bilateral,Working Visit,NA,Helen Clark (socios del P4),Jefe de Estado/Gobierno,Relacion con socio del P4 (acuerdo transpacifico). Tramo 2 de gira asiatica.,https://es.wikipedia.org/wiki/Primer_gobierno_de_Michelle_Bachelet,Medium,Fechas estimadas; confirmar tramo.,NA,Verificada-URL
CHL-MB1-J034,37,Michelle Bachelet,Chile,Completed,2006-12-08,2006-12-09,2,Bolivia,South America,Cochabamba,Multilateral,Regional Summit,TRUE,II Cumbre de la Comunidad Sudamericana de Naciones,NA,Cumbre de la CSN en Cochabamba; camino a UNASUR.,https://www.sciencespo.fr/opalc/sites/sciencespo.fr.opalc/files/Declaracion_de_Cochabamba_2006.pdf,Medium,"8-9/12/2006. Confirmada presencia de Bachelet en II Cumbre CSN Cochabamba (Declaracion de Cochabamba, 08-09/12/2006).",Cooperación Política General,Verificada-URL
CHL-MB1-J035,38,Michelle Bachelet,Chile,Completed,2007-01-15,2007-01-15,1,Ecuador,South America,Quito,Bilateral,Inauguration/Funeral,NA,Asunción de Rafael Correa,Jefe de Estado/Gobierno,Asuncion de Rafael Correa en Ecuador.,https://www.cidob.org/lider-politico/rafael-correa-delgado,Medium,"VERIFICADO 2026-07-08: CIDOB confirma la asistencia presencial de Bachelet a la jura de Correa (Quito, 15-01-2007).",NA,Verificada-URL
CHL-MB1-J036,39,Michelle Bachelet,Chile,Completed,2007-04-16,2007-04-17,2,Venezuela,South America,Isla Margarita,Multilateral,Regional Summit,TRUE,I Cumbre Energética Sudamericana,NA,Cumbre Energetica Sudamericana; se acordo crear UNASUR.,https://es.wikipedia.org/wiki/Cumbre_Energ%C3%A9tica_Suramericana,Medium,16-17/04/2007. Confirmado 16-17/04/2007; nacimiento de UNASUR en Isla Margarita.,Energía,Verificada-URL
CHL-MB1-J029,40,Michelle Bachelet,Chile,Completed,2006-05-09,2006-05-10,2,Spain,Europe,Madrid,Bilateral,State Visit,NA,Rey Juan Carlos I / José Luis Rodríguez Zapatero,Jefe de Estado/Gobierno,"Visita de Estado a Espana. Viaje independiente (ver QA 2026-07-22: separado del tramo Paris 2009, que era un viaje distinto).",https://es.wikipedia.org/wiki/Primer_gobierno_de_Michelle_Bachelet,Medium,"QA-R2 2026-07-22 DISCREPANCIA GRAVE CORREGIDA: la fuente previamente citada (chile.gob.cl/.../visita-de-estado-a-espana-de-s-e-michelle-bachelet) describe en realidad la visita de Estado de Bachelet a Espana de OCTUBRE-NOVIEMBRE 2014 (con el Rey Felipe VI, la Reina Letizia y el PM Mariano Rajoy, publicada tambien por El Ideal Gallego 26/10/2014, articulo que la llama explicitamente 'la primera visita de Estado que recibe Espana en el actual reinado de Felipe VI'), NO la visita de 2007 con Juan Carlos I/Zapatero que indicaba la fila (mismo tipo de evento, año equivocado). Investigacion de reemplazo: la UNICA visita de Estado de Bachelet a España durante su primer mandato con Rey Juan Carlos I y PM Zapatero fue en MAYO DE 2006 (no 2007), como primer tramo de su primera gira europea, inmediatamente antes de la Cumbre UE-ALC de Viena (Trip_ID 31, 11-13/05/2006) -- exactamente lo que la nota metodologica de esa fila ya anticipaba ('gira incluyo Espana antes de Viena'). Fuente de reemplazo: es.wikipedia.org/wiki/Primer_gobierno_de_Michelle_Bachelet, que cita EFE/El Pais (9 de mayo de 2006) 'Michelle Bachelet inicia en España su primera visita oficial a Europa'. Fecha de termino (10/05) estimada por precender el arribo a Viena (11/05); Duration_Days sin cambio (2). Journey_ID reasignado de CHL-MB1-J037 a CHL-MB1-J029 para agrupar este tramo con el tramo Austria/Viena de la MISMA gira fisica (ya no queda journey J037 en la base para esta fila; Trip_ID 41 -Paris 2009- ya tenia su propio Journey_ID CHL-MB1-J062, separado en tanda anterior). Fuente original de chile.gob.cl reportada como candidata a revision en otras filas si se reutiliza en el futuro.",NA,Verificada-URL
CHL-MB1-J062,41,Michelle Bachelet,Chile,Completed,2009-05-29,2009-05-29,1,France,Europe,Paris,Bilateral,Working Visit,NA,Nicolas Sarkozy,Jefe de Estado/Gobierno,"Relaciones bilaterales. Viaje independiente (ver QA 2026-07-22: separado del tramo Madrid 2007, que era un viaje distinto).",https://www.publico.es/actualidad/sarkozy-bachelet-estudian-llevar-cabo-asociacion-dos-paises.html,Medium,"Fecha CORREGIDA el 2026-07-08 (era 2007-05-16, error de anio): almuerzo con Sarkozy en el Eliseo el 29-05-2009 (llego a Paris el 27). Fuente: Publico/El Informador mayo 2009. [QA 2026-07-22: Journey_ID separado de CHL-MB1-J037 -estaba compartido erroneamente con el tramo Madrid 2007, un viaje fisico distinto 2 anios antes-.]",NA,Verificada-URL
CHL-MB1-J038,42,Michelle Bachelet,Chile,Completed,2007-09-06,2007-09-09,4,Australia,Asia-Pacific,Sydney,Multilateral,Regional Summit,TRUE,Cumbre de Líderes de APEC,NA,Cumbre APEC de Sidney.,https://www.bcn.cl/observatorio/asiapacifico/noticias/bachelet-llega-a-australia-para-participar-en-foro-apec,High,"7-9/09/2007. Confirmado por BCN (Biblioteca del Congreso Nacional); cumbre de lideres APEC 08-09/09/2007. QA-R2 2026-07-22: Start_Date corregido de 07/09 a 06/09/2007 (Duration_Days de 3 a 4). La misma fuente citada (BCN, nota fechada 06 de septiembre de 2007) dice explicitamente 'La Presidenta Michelle Bachelet llego HOY a Sydney...tras un viaje de nueve horas desde...Hiroshima', y detalla que el regreso a Santiago fue el domingo 9/09 tras la ceremonia de clausura; la fila indicaba erroneamente el 07/09 como llegada.",Comercio/Integración Económica,Verificada-URL
CHL-MB1-J039,43,Michelle Bachelet,Chile,Completed,2007-09-24,2007-09-25,2,United States,North America,New York,Multilateral,Global Forum,NA,62ª AGNU,NA,Asamblea General de la ONU; cambio climatico.,https://ask.un.org/faq?gid=181&qid=73684,High,Fecha estimada.,Cooperación Política General,Verificada-URL
CHL-MB1-J040,44,Michelle Bachelet,Chile,Completed,2008-05-16,2008-05-17,2,Peru,South America,Lima,Multilateral,Regional Summit,TRUE,V Cumbre ALC-Unión Europea,NA,Cumbre ALC-UE de Lima.,https://eulacfoundation.org/en/v-eu-lac-summit-lima-declaration-lima-16-may-2008,High,"16-17/05/2008. Confirmado V Cumbre ALC-UE, Lima, 16/05/2008 (EU-LAC Foundation).",Cooperación Política General,Verificada-URL
CHL-MB1-J041,45,Michelle Bachelet,Chile,Completed,2008-05-23,2008-05-23,1,Brazil,South America,Brasília,Multilateral,Regional Summit,TRUE,Firma del Tratado Constitutivo de UNASUR,NA,Firma del tratado de UNASUR; Bachelet asumio como primera presidenta pro tempore.,https://obtienearchivo.bcn.cl/obtienearchivo?id=repositorio/10221/27199/1/UNASUR_Denuncia.pdf,High,23/05/2008. Confirmada firma del Tratado UNASUR el 23/05/2008 y asuncion de Bachelet como primera presidenta pro tempore (BCN).,Cooperación Política General,Verificada-URL
CHL-MB1-J042,46,Michelle Bachelet,Chile,Completed,2008-08-15,2008-08-15,1,Paraguay,South America,Asunción,Multilateral,Inauguration/Funeral,NA,Asunción de Fernando Lugo,NA,Asuncion de Fernando Lugo en Paraguay.,https://www.ambito.com/politica/cristina-participo-la-asuncion-fernando-lugo-paraguay-n3512711,Medium,15/08/2008. Confirmada asuncion de Lugo el 15/08/2008 con presencia de Bachelet entre jefes de Estado.,Cooperación Política General,Verificada-URL
CHL-MB1-J043,47,Michelle Bachelet,Chile,Completed,2008-10-29,2008-10-31,3,El Salvador,Central America,San Salvador,Multilateral,Regional Summit,NA,XVIII Cumbre Iberoamericana,NA,Cumbre Iberoamericana de San Salvador; juventud y desarrollo.,https://www.segib.org/es/cumbres-iberoamericanas/,Medium,29-31/10/2008.,Cooperación Política General,Verificada-URL
CHL-MB1-J044,48,Michelle Bachelet,Chile,Completed,2008-11-22,2008-11-23,2,Peru,South America,Lima,Multilateral,Regional Summit,TRUE,Cumbre de Líderes de APEC,NA,Cumbre APEC de Lima.,https://es.wikipedia.org/wiki/APEC_Per%C3%BA_2008,Medium,22-23/11/2008. Confirmada Cumbre de Lideres APEC Lima; Bachelet presente en la ceremonia de clausura.,Comercio/Integración Económica,Verificada-URL
CHL-MB1-J045,49,Michelle Bachelet,Chile,Completed,2008-12-16,2008-12-17,2,Brazil,South America,Costa do Sauípe,Multilateral,Regional Summit,TRUE,Cumbre ALC sobre Integración y Desarrollo (CALC),NA,Cumbre CALC (semilla de la CELAC); Grupo de Rio y Mercosur ampliado.,https://www.emol.com/noticias/internacional/2008/12/17/335590/agencia-capta-imagenes-de-michelle-bachelet-banandose-en-costa-do-sauipe.html,Medium,16-17/12/2008. Confirmada presencia de Bachelet en Costa do Sauipe 16-17/12/2008 (CALC + reunion UNASUR).,Cooperación Política General,Verificada-URL
CHL-MB1-J046,50,Michelle Bachelet,Chile,Completed,2009-02-11,2009-02-13,3,Cuba,Caribbean,Havana,Bilateral,Working Visit,NA,Raúl Castro / Fidel Castro,Jefe de Estado/Gobierno,Visita oficial a Cuba; primer jefe de Estado chileno alli desde Allende. Hito diplomatico.,https://www.publico.es/actualidad/aticulo-fidel-castro-marca-final-historica-visita-bachelet-cuba.html,Medium,"11-13/02/2009. Hito del mandato. Confirmada visita de 72 horas (11-13/02/2009), primera de un jefe de Estado chileno a Cuba desde 1972.",NA,Verificada-URL
CHL-MB1-J047,51,Michelle Bachelet,Chile,Completed,2009-04-17,2009-04-19,3,Trinidad and Tobago,Caribbean,Port of Spain,Multilateral,Regional Summit,TRUE,V Cumbre de las Américas,NA,V Cumbre de las Americas; debut de Obama en la region.,https://es.wikipedia.org/wiki/V_Cumbre_de_las_Am%C3%A9ricas,Medium,"17-19/04/2009. Confirmada asistencia de Bachelet a la V Cumbre de las Americas, Puerto Espana, 17-19/04/2009.",Cooperación Política General,Verificada-URL
CHL-MB1-J048,52,Michelle Bachelet,Chile,Completed,2009-06-23,2009-06-24,2,United States,North America,Washington D.C.,Bilateral,Working Visit,NA,Barack Obama (Casa Blanca),Jefe de Estado/Gobierno,Reunion con Obama en la Casa Blanca; agenda hemisferica y energia.,https://cl.usembassy.gov/es/president-barack-obama-welcomes-president-michelle-bachelet-at-the-white-house-es/,High,Fecha a confirmar. Confirmado por la Embajada de EE.UU. en Chile.,NA,Verificada-URL
CHL-MB1-J049,53,Michelle Bachelet,Chile,Completed,2009-09-23,2009-09-24,2,United States,North America,New York,Multilateral,Global Forum,NA,64ª AGNU,NA,Asamblea General de la ONU.,https://gadebate.un.org/en/64/chile,High,Fecha estimada.,Cooperación Política General,Verificada-URL
CHL-MB1-J050,54,Michelle Bachelet,Chile,Completed,2009-11-14,2009-11-15,2,Singapore,Asia-Pacific,Singapore,Multilateral,Regional Summit,TRUE,Cumbre de Líderes de APEC,NA,Cumbre APEC de Singapur.,https://en.wikipedia.org/wiki/APEC_Singapore_2009,Medium,14-15/11/2009. Confirmada Cumbre de Lideres APEC Singapur 14-15/11/2009; Bachelet sostuvo bilateral con PM Lee Hsien Loong.,Comercio/Integración Económica,Verificada-URL
CHL-MB1-J051,55,Michelle Bachelet,Chile,Completed,2009-11-30,2009-12-01,2,Portugal,Europe,Estoril,Multilateral,Regional Summit,TRUE,XIX Cumbre Iberoamericana,NA,Cumbre Iberoamericana de Estoril; innovacion y conocimiento.,https://www.segib.org/es/cumbres-iberoamericanas/,Medium,30/11-1/12/2009.,Cooperación Política General,Verificada-URL
CHL-MB1-J052,56,Michelle Bachelet,Chile,Completed,2010-02-22,2010-02-23,2,Mexico,North America,Playa del Carmen,Multilateral,Regional Summit,TRUE,Cumbre de la Unidad de América Latina y el Caribe,NA,Cumbre de la Unidad ALC (creacion de la CELAC); ULTIMO viaje completado (5 dias antes del terremoto 27F).,https://es.wikipedia.org/wiki/Cumbre_de_la_unidad_de_Am%C3%A9rica_Latina_y_el_Caribe,Medium,"22-23/02/2010. Ultimo viaje completado del mandato. Confirmada Cumbre de la Unidad, Riviera Maya/Cancun, 22-23/02/2010; germen de la CELAC. QA-R2 2026-07-22: ciudad corregida de 'Cancun' a 'Playa del Carmen' (sede oficial confirmada por es.wikipedia.org/wiki/Cumbre_de_la_unidad_de_America_Latina_y_el_Caribe: 'celebrada los dias 22 y 23 de febrero de 2010...sede la Ciudad de Playa del Carmen, Mexico'; ambas localidades estan en la Riviera Maya, Quintana Roo, y suelen confundirse en prensa). Fechas 22-23/02/2010 confirmadas, sin cambio.",Cooperación Política General,Verificada-URL
CHL-MB1-J053,57,Michelle Bachelet,Chile,Canceled,2010-03-01,NA,NA,Uruguay,South America,Montevideo,Bilateral,Inauguration/Funeral,NA,Asunción de José Mujica,Jefe de Estado/Gobierno,Asuncion de Jose Mujica. CANCELADA por el terremoto del 27 de febrero de 2010 en Chile; Bachelet permanecio gestionando la emergencia.,https://www.diariodecuyo.com.ar/noticias/no-viaja-a-uruguay-926813.html,High,Cancelado por el terremoto; sin duracion. Confirmada cancelacion por el terremoto del 27F; Chile representado por el embajador Eduardo Araya.,NA,Verificada-URL
CHL-SP1-J054,58,Sebastián Piñera,Chile,Completed,2010-04-08,2010-04-08,1,Argentina,South America,Buenos Aires,Bilateral,Working Visit,NA,Cristina Fernández de Kirchner,Jefe de Estado/Gobierno,Primera gira del mandato: bilateral con CFK; integracion y post-terremoto. Tramo 1.,https://www.minrel.gob.cl/minrel/site/docs/20250624/20250624125818/memoria_2010__rev_abril_2014_.pdf,High,"Fecha CORREGIDA de 2010-04-05 a 2010-04-08 segun Memoria MINREL 2010 (p.9): ""Primera gira oficial como Presidente de la Republica. 8 de abril"". NOTA para el usuario: el Trip_ID 59 (Brasilia, ya verificado en tanda previa) queda fechado 2010-04-06, ANTES de esta fecha oficial para Argentina -- posible inconsistencia en el orden de los tramos de la gira inaugural (?Brasil antes que Argentina?). Reportado, no corregido por no tocar filas ya verificadas.",NA,Verificada-URL
CHL-SP1-J054,59,Sebastián Piñera,Chile,Completed,2010-04-08,2010-04-08,1,Brazil,South America,Brasília,Bilateral,Working Visit,NA,Luiz Inácio Lula da Silva,Jefe de Estado/Gobierno,Bilateral con Lula. Tramo 2.,https://www.elcolombiano.com/historico/lula_y_pinera_se_reunen_en_brasilia-CWEC_84996,Medium,"QA-R3 2026-07-22: fecha CORREGIDA de 2010-04-06 a 2010-04-08 (discrepancia menor). El propio Trip_ID 58 (nota metodologica) ya senalaba que la fecha previa de esta fila era anterior a la gira inaugural en Argentina (08/04), lo cual era cronologicamente imposible para un Tramo 2. Fuente cruzada (Perfil.com, 'Sebastian Pinera inicia su primera gira internacional en Argentina'): Pinera llego a Argentina el 08/04 y esa misma tarde viajo a Brasil para reunirse con Lula. URL original (El Colombiano) sigue respaldando el hecho del encuentro Lula-Pinera por la reconstruccion post-terremoto.",NA,Verificada-URL
CHL-SP1-J054,60,Sebastián Piñera,Chile,Completed,2010-04-11,2010-04-13,3,United States,North America,Washington D.C.,Multilateral,Global Forum,TRUE,Cumbre de Seguridad Nuclear + Obama,NA,Cumbre de Seguridad Nuclear de Washington convocada por Obama. Tramo 3 (final).,https://www.cooperativa.cl/noticias/pais/presidente-pinera/viajes-al-exterior/pinera-le-mostro-a-obama-su-toywatch-al-llegar-a-la-cumbre-nuclear/2010-04-13/095043.html,Medium,12-13/04/2010.,Seguridad,Verificada-URL
CHL-SP1-J055,61,Sebastián Piñera,Chile,Completed,2010-05-18,2010-05-19,2,Spain,Europe,Madrid,Multilateral,Regional Summit,TRUE,VI Cumbre UE-América Latina y el Caribe,NA,Cumbre UE-ALC de Madrid.,https://prnoticias.com/2010/05/17/la-ue-y-chile-inauguran-la-vi-cumbre-ue-america-latina-y-caribe-2010/,Medium,18-19/05/2010.,Cooperación Política General,Verificada-URL
CHL-SP1-J056,62,Sebastián Piñera,Chile,Completed,2010-09-20,2010-09-23,4,United States,North America,New York,Multilateral,Global Forum,TRUE,Cumbre ODM + 65ª AGNU,NA,Cumbre de los Objetivos del Milenio y Asamblea General de la ONU.,https://news.un.org/en/story/2010/09/352702,High,Fecha de termino CORREGIDA de 2010-09-22 a 2010-09-23: discurso de Piñera ante el debate general de la 65a AGNU fue el 23/09/2010 segun UN News (fuente oficial ONU); reunion con el Secretario General Ban Ki-moon fue el 22/09/2010 segun readout oficial de un.org/sg.,Cooperación Política General,Verificada-URL
CHL-SP1-J057,63,Sebastián Piñera,Chile,Completed,2010-10-17,2010-10-18,2,United Kingdom,Europe,London,Bilateral,Working Visit,NA,David Cameron,Jefe de Estado/Gobierno,Gira europea post-rescate de los 33 mineros; con la camiseta y el gesto internacional. Tramo 1.,https://cooperativa.cl/noticias/pais/sebastian-pinera/viajes-al-exterior/cameron-anuncio-visita-a-chile-tras-reunirse-con-pinera-en-londres/2010-10-18/133954.html,Medium,Gira Reino Unido-Francia-Alemania oct 2010.,NA,Verificada-URL
CHL-SP1-J057,64,Sebastián Piñera,Chile,Completed,2010-10-19,2010-10-20,2,France,Europe,Paris,Bilateral,Working Visit,NA,Nicolas Sarkozy,Jefe de Estado/Gobierno,Relaciones bilaterales; inversiones. Tramo 2.,https://archivo.eluniversal.com.mx/notas/717938.html,Medium,Fechas estimadas.,NA,Verificada-URL
CHL-SP1-J057,65,Sebastián Piñera,Chile,Completed,2010-10-21,2010-10-22,2,Germany,Europe,Berlin,Bilateral,Working Visit,NA,Angela Merkel,Jefe de Estado/Gobierno,Relaciones bilaterales; ciencia y tecnologia. Tramo 3 (final).,https://archivo.eluniversal.com.mx/notas/717938.html,Medium,Fechas estimadas.,NA,Verificada-URL
CHL-SP1-J058,66,Sebastián Piñera,Chile,Completed,2010-11-13,2010-11-14,2,Japan,Asia-Pacific,Yokohama,Multilateral,Regional Summit,TRUE,Cumbre de Líderes de APEC,NA,Cumbre APEC de Yokohama.,https://www.bcn.cl/observatorio/asiapacifico/noticias/apec-japon-2010,High,13-14/11/2010.,Comercio/Integración Económica,Verificada-URL
CHL-SP1-J059,67,Sebastián Piñera,Chile,Completed,2010-12-03,2010-12-04,2,Argentina,South America,Mar del Plata,Multilateral,Regional Summit,TRUE,XX Cumbre Iberoamericana,NA,Cumbre Iberoamericana de Mar del Plata; homenaje a Nestor Kirchner (fallecido en oct).,https://segib.org/es/inaugurada-la-xx-cumbre-iberoamericana-de-mar-del-plata/,High,3-4/12/2010.,Cooperación Política General,Verificada-URL
CHL-SP1-J061,69,Sebastián Piñera,Chile,Completed,2011-04-28,2011-04-28,1,Peru,South America,Lima,Multilateral,Regional Summit,TRUE,Cumbre fundacional de la Alianza del Pacífico,NA,"Creacion de la Alianza del Pacifico (Chile, Peru, Colombia, Mexico). HITO de su politica exterior.",https://www.minrel.gob.cl/minrel/site/docs/20250624/20250624125818/memoria_minrel_2011_2.pdf,High,28/04/2011.,Comercio/Integración Económica,Verificada-URL
CHL-SP1-J062,70,Sebastián Piñera,Chile,Completed,2011-07-28,2011-07-28,1,Peru,South America,Lima,Bilateral,Inauguration/Funeral,NA,Asunción de Ollanta Humala,Jefe de Estado/Gobierno,Asuncion de Ollanta Humala en Peru.,https://www.minrel.gob.cl/minrel/site/docs/20250624/20250624125818/memoria_minrel_2011_2.pdf,High,28/07/2011.,NA,Verificada-URL
CHL-SP1-J063,71,Sebastián Piñera,Chile,Completed,2011-09-21,2011-09-22,2,United States,North America,New York,Multilateral,Global Forum,NA,66ª AGNU,NA,Asamblea General de la ONU.,https://www.chile.gob.cl/chile/blog/onu/nueva-york/presidente-pinera-interviene-en-asamblea-general-de-la-onu,High,"QA-R3 2026-07-22: URL reemplazada. La fuente previa (ask.un.org/faq, pagina generica 'Where can I find information about Chile and the UN?') no respaldaba el hecho especifico (discrepancia grave de sourcing, aunque la fecha resulto correcta). Fuente de reemplazo (chile.gob.cl, cronica oficial) confirma que Piñera discurso ante el debate general de la 66a AGNU el jueves 22-09-2011, coincidiendo con el End_Date ya cargado. Fecha deja de ser estimada.",Cooperación Política General,Verificada-URL
CHL-SP1-J064,72,Sebastián Piñera,Chile,Completed,2011-10-28,2011-10-29,2,Paraguay,South America,Asunción,Multilateral,Regional Summit,TRUE,XXI Cumbre Iberoamericana,NA,Cumbre Iberoamericana de Asuncion; transformacion del Estado.,https://www.chile.gob.cl/chile/blog/paraguay/asuncion/presidente-pinera-interviene-en-cumbre-iberoamericana-de-paraguay,High,28-29/10/2011.,Cooperación Política General,Verificada-URL
CHL-SP1-J065,73,Sebastián Piñera,Chile,Completed,2011-11-12,2011-11-13,2,United States,North America,Honolulu,Multilateral,Regional Summit,TRUE,Cumbre de Líderes de APEC,NA,Cumbre APEC de Honolulu.,https://obamawhitehouse.archives.gov/blog/2011/11/13/president-obama-asia-pacific-economic-cooperation-apec,High,12-13/11/2011.,Comercio/Integración Económica,Verificada-URL
CHL-SP1-J067,75,Sebastián Piñera,Chile,Completed,2012-04-14,2012-04-15,2,Colombia,South America,Cartagena,Multilateral,Regional Summit,TRUE,VI Cumbre de las Américas,NA,VI Cumbre de las Americas de Cartagena.,https://www.minrel.gob.cl/minrel/site/docs/20250624/20250624125818/memoria_2012.pdf,High,14-15/04/2012.,Cooperación Política General,Verificada-URL
CHL-SP1-J068,76,Sebastián Piñera,Chile,Completed,2012-06-20,2012-06-21,2,Brazil,South America,Rio de Janeiro,Multilateral,Global Forum,NA,Conferencia Río+20,NA,Conferencia de la ONU sobre Desarrollo Sostenible (Rio+20).,Search Query: Pinera Rio+20 junio 2012,Medium,"20-21/06/2012. NOTA 2026-07-21: segundo intento de verificacion, tambien sin exito en obtener URL consultable directa. La plataforma oficial de la ONU (Sustainable Development Knowledge Platform / sdgs.un.org, ex sustainabledevelopment.un.org/rio20/statements) lista a 'H.E. Sebastian Pinera Echenique, President of the Republic of Chile' entre los oradores de la sesion plenaria de Rio+20 (20-22 jun 2012) segun snippets de busqueda, pero la pagina de indice fue reestructurada (redirige a sdgs.un.org/) y no se pudo abrir el documento/discurso especifico de Chile para esa fecha (el unico PDF de Chile localizable y verificado, chile-14720, corresponde a una reunion preparatoria de dic-2011, no al discurso de Piñera en la cumbre). Wayback Machine no accesible desde este entorno. Se mantiene Solo-Query.",Medio Ambiente/Clima,Solo-Query
CHL-SP1-J069,77,Sebastián Piñera,Chile,Completed,2012-09-08,2012-09-09,2,Russia,Europe,Vladivostok,Multilateral,Regional Summit,TRUE,Cumbre de Líderes de APEC,NA,Cumbre APEC de Vladivostok.,https://www.emol.com/noticias/nacional/2012/09/08/559557/presidente-pinera-invita-a-vladimir-putin-a-visitar-chile.html,Medium,8-9/09/2012.,Comercio/Integración Económica,Verificada-URL
CHL-SP1-J070,78,Sebastián Piñera,Chile,Completed,2012-11-16,2012-11-17,2,Spain,Europe,Cádiz,Multilateral,Regional Summit,TRUE,XXII Cumbre Iberoamericana,NA,Cumbre Iberoamericana de Cadiz.,https://segib.org/es/xxii-cumbre-iberoamericana-una-relacion-renovada-en-el-bicentenario-de-la-constitucion-de-cadiz/,High,16-17/11/2012.,Cooperación Política General,Verificada-URL
CHL-SP1-J071,79,Sebastián Piñera,Chile,Completed,2013-03-08,2013-03-08,1,Venezuela,South America,Caracas,Bilateral,Inauguration/Funeral,NA,Funeral de Hugo Chávez,Jefe de Estado/Gobierno,Exequias del presidente venezolano Hugo Chavez.,https://www.chile.gob.cl/chile/blog/venezuela/venezuela/presidente-pinera-asiste-al-funeral-de-estado-de-hugo-chavez,High,"Fecha CORREGIDA de 2013-03-05/06 a 2013-03-08 (fila unica): fuente oficial MINREL confirma que Piñera asistio a los actos oficiales de exequias el 08/03/2013 en Fuerte Tiuna, Caracas.",NA,Verificada-URL
CHL-SP1-J072,80,Sebastián Piñera,Chile,Completed,2013-05-23,2013-05-23,1,Colombia,South America,Cali,Multilateral,Regional Summit,TRUE,VII Cumbre de la Alianza del Pacífico,NA,Cumbre de la Alianza del Pacifico en Cali; profundizacion de la integracion.,https://www.chile.gob.cl/chile/blog/colombia/santa-fe-de-bogota/presidente-pinera-entrega-presidencia-pro-tempore-de-alianza-del,High,23/05/2013.,Comercio/Integración Económica,Verificada-URL
CHL-SP1-J073,81,Sebastián Piñera,Chile,Completed,2013-06-04,2013-06-04,1,United States,North America,Washington D.C.,Bilateral,Working Visit,NA,Barack Obama (Casa Blanca / Oficina Oval),Jefe de Estado/Gobierno,"Visita oficial a la Casa Blanca; TPP, exencion de visas e inversiones. La anecdota del escritorio de la Oficina Oval.",https://www.chile.gob.cl/chile/blog/estados-unidos/washington/presidentes-pinera-y-obama-se-reunen-en-la-casa-blanca,High,CORREGIDO: originalmente mal fechado en mar-2011 (cuando en realidad Obama visito Chile el 21/3/2011). El viaje de Pinera a Washington fue el 4/6/2013.,NA,Verificada-URL
CHL-SP1-J074,82,Sebastián Piñera,Chile,Completed,2013-08-15,2013-08-15,1,Paraguay,South America,Asunción,Bilateral,Inauguration/Funeral,NA,Asunción de Horacio Cartes,Jefe de Estado/Gobierno,Asuncion de Horacio Cartes en Paraguay.,https://www.chile.gob.cl/chile/blog/paraguay/asuncion/presidente-pinera-en-paraguay-tenemos-la-firme-voluntad-e-intencion-de,High,15/08/2013. Confirmar asistencia.,NA,Verificada-URL
CHL-SP1-J075,83,Sebastián Piñera,Chile,Completed,2013-10-05,2013-10-08,4,Indonesia,Asia-Pacific,Bali,Multilateral,Regional Summit,TRUE,Cumbre de Líderes de APEC,NA,Cumbre APEC de Bali.,https://www.chile.gob.cl/chile/blog/indonesia/yakarta/presidente-pinera-llega-a-bali-indonesia-para-participar-de-apec,High,"Fecha de inicio CORREGIDA de 2013-10-07 a 2013-10-05: fuente oficial MINREL confirma llegada a Bali el sabado 05/10/2013, con actividad bilateral confirmada tambien el 07/10/2013 (saludo a Presidente de Indonesia, bilateral con PM de Nueva Zelandia); Cumbre de Lideres APEC formal 7-8/10.",Comercio/Integración Económica,Verificada-URL
CHL-SP1-J076,84,Sebastián Piñera,Chile,Completed,2014-02-10,2014-02-10,1,Colombia,South America,Cartagena,Multilateral,Regional Summit,TRUE,VIII Cumbre de la Alianza del Pacífico,NA,Cumbre de la Alianza del Pacifico en Cartagena; ULTIMO viaje del mandato.,https://www.cancilleria.gov.co/newsroom/news/presidente-chile-sebastian-pinera-primer-mandatario-llegar-cartagena-asistir-viii,High,10/02/2014. Ultimo viaje del mandato. Fuente (Cancilleria de Colombia) confirma que Piñera fue el primer mandatario en llegar a Cartagena para la VIII Cumbre.,Comercio/Integración Económica,Verificada-URL
CHL-MB2-J077,85,Michelle Bachelet,Chile,Completed,2014-06-12,2014-06-12,1,Brazil,South America,São Paulo,Other,Working Visit,NA,Inauguración del Mundial de Fútbol 2014,NA,Apertura de la Copa del Mundo (Chile clasificado); primer viaje del segundo mandato.,https://www.prensafutbol.cl/mundial-2014-en-brasil-como-fue-la-ultima-participacion-de-chile/,Medium,"CONFIRMADO 2026-07-22: busqueda dedicada (prensa chilena y brasilena sobre la apertura del Mundial 2014) no hallo evidencia de agenda bilateral ni encuentro con Dilma Rousseff durante la breve estancia de Bachelet en Sao Paulo (12-06-2014); se trato de asistencia protocolar al partido inaugural sin agenda intergubernamental. Se confirma la clasificacion Other/Working Visit (regla 5.6 del CODEBOOK: evento deportivo sin agenda intergubernamental) como correcta; caracter oficial del viaje QUEDA como visita presidencial de acompañamiento a la seleccion, sin componente diplomatico verificable.",NA,Verificada-URL
CHL-MB2-J078,86,Michelle Bachelet,Chile,Completed,2014-06-19,2014-06-20,2,Mexico,North America,Punta Mita,Multilateral,Regional Summit,TRUE,IX Cumbre de la Alianza del Pacífico,NA,Cumbre de la Alianza del Pacifico en Punta Mita.,https://www.gob.mx/se/prensa/se-realizara-la-ix-cumbre-de-la-alianza-del-pacifico-nayarit,Medium,"19-20/06/2014. Confirmada IX Cumbre de la Alianza del Pacifico, Punta Mita, 19-20/06/2014.",Comercio/Integración Económica,Verificada-URL
CHL-MB2-J079,87,Michelle Bachelet,Chile,Completed,2014-09-24,2014-09-25,2,United States,North America,New York,Multilateral,Global Forum,TRUE,69ª AGNU + Cumbre del Clima,NA,Asamblea General de la ONU y Cumbre del Clima; agenda de genero y desarrollo.,https://www.un.org/es/ga/69/meetings/gadebate/pdf/CL_es.pdf,High,"QA-R3 2026-07-22: URL reemplazada por fuente oficial primaria. El texto oficial del discurso de Bachelet (un.org, PDF 'Intervencion de S.E. Michelle Bachelet...Nueva York, 24 de septiembre de 2014') confirma el discurso ante el debate general de la 69a AGNU el 24-09-2014, consistente con el Start_Date ya cargado; menciona explicitamente el cambio climatico como tema de su intervencion, aunque no se hallo confirmacion independiente de asistencia presencial de Bachelet a la Cumbre del Clima del 23-09-2014 (evento separado, un dia antes del rango cargado). Source_Reliability sube de Medium a High.",Cooperación Política General,Verificada-URL
CHL-MB2-J080,88,Michelle Bachelet,Chile,Completed,2014-12-08,2014-12-09,2,Mexico,North America,Veracruz,Multilateral,Regional Summit,TRUE,XXIV Cumbre Iberoamericana,NA,Cumbre Iberoamericana de Veracruz.,https://es.wikipedia.org/wiki/XXIV_Cumbre_Iberoamericana,Medium,"8-9/12/2014. Confirmada XXIV Cumbre Iberoamericana, Veracruz, 08-09/12/2014, con presencia de Bachelet.",Cooperación Política General,Verificada-URL
CHL-MB2-J081,89,Michelle Bachelet,Chile,Completed,2015-03-01,2015-03-01,1,Uruguay,South America,Montevideo,Bilateral,Inauguration/Funeral,NA,Asunción de Tabaré Vázquez,Jefe de Estado/Gobierno,Asuncion de Tabare Vazquez en Uruguay.,https://www.lr21.com.uy/politica/1219289-tabare-vazquez-asuncion-presidente-uruguay-2015-2020,Medium,1/03/2015. Confirmada asuncion de Tabare Vazquez el 01/03/2015 con presencia de Bachelet.,NA,Verificada-URL
CHL-MB2-J082,90,Michelle Bachelet,Chile,Canceled,2015-04-10,2015-04-11,NA,Panama,Central America,Panama City,Multilateral,Regional Summit,TRUE,VII Cumbre de las Américas,NA,Objetivo original: asistir a la VII Cumbre de las Americas en Panama. CANCELADO por aluvion/temporal de Atacama (marzo 2015); delego en el canciller Heraldo Munoz.,https://cdn.com.do/nacionales/politica/michelle-bachelet-no-asistira-a-la-cumbre-de-las-americas-en-panama/,Medium,"CORREGIDO (2026-07-20): Trip_Status Completed->Canceled. Bachelet no asistio a la VII Cumbre de las Americas; delego en el canciller Heraldo Munoz por el aluvion/temporal de Atacama (marzo 2015). Fechas = las previstas del viaje (10-11/04/2015), Duration_Days=NA por regla de cancelados. Fuente verificada: CDN.com.do (01-abr-2015).",Cooperación Política General,Verificada-URL
CHL-MB2-J083,91,Michelle Bachelet,Chile,Completed,2015-06-08,2015-06-09,2,France,Europe,Paris,Bilateral,State Visit,NA,François Hollande,Jefe de Estado/Gobierno,Visita de Estado a Francia; clima (rumbo a COP21) e inversiones. Tramo 1.,https://www.chile.gob.cl/chile/blog/francia/paris/presidenta-bachelet-realizo-visita-oficial-a-francia-los-dias-8-y-9-de,High,"Gira europea may-jun 2015; fechas a confirmar. CORREGIDO: fechas de 27-28/05 a 08-09/06/2015 segun fuente oficial chile.gob.cl (gira europea: Roma/Vaticano ~4-5/06, Milan FAO 5-6/06, Francia 8-9/06, Bruselas 10-11/06). El rotulo 'Tramo 1' puede ser impreciso ya que Milan (Trip_ID 92) ocurrio cronologicamente antes; no se modifico ese campo.",NA,Verificada-URL
CHL-MB2-J083,92,Michelle Bachelet,Chile,Completed,2015-06-05,2015-06-06,2,Italy,Europe,Milan,Bilateral,Working Visit,NA,Expo Milán 2015,Otro actor no estatal,Dia de Chile en la Expo Milan. Tramo 2 (final).,https://www.gob.cl/2015/06/06/presidenta-bachelet-en-expo-milan-2015-estamos-aqui-mostrando-una-vez-mas-al-mundo-lo-mejor-de-nuestro-pais/,High,"CONFIRMADO 2026-07-22: fuente oficial ESO (European Southern Observatory, anuncio ann15039, 8-jun-2015) confirma que Bachelet visito el pabellon chileno el 6-jun-2015 (videoconferencia con Observatorio Paranal), consistente con el tramo Milan FAO 5-6/06 ya citado en Trip_ID 91 (fuente chile.gob.cl). End_Date corregido de 05 a 06/06/2015; Duration_Days de 1 a 2.",NA,Verificada-URL
CHL-MB2-J084,93,Michelle Bachelet,Chile,Completed,2015-06-10,2015-06-11,2,Belgium,Europe,Brussels,Multilateral,Regional Summit,TRUE,II Cumbre UE-CELAC,NA,Cumbre UE-CELAC de Bruselas.,https://www.consilium.europa.eu/en/meetings/international-summit/2015/06/10-11/,High,"10-11/06/2015. Confirmada II Cumbre UE-CELAC, Bruselas, 10-11/06/2015 (Consejo Europeo).",Cooperación Política General,Verificada-URL
CHL-MB2-J085,94,Michelle Bachelet,Chile,Completed,2015-07-02,2015-07-03,2,Peru,South America,Paracas,Multilateral,Regional Summit,TRUE,X Cumbre de la Alianza del Pacífico,NA,Cumbre de la Alianza del Pacifico en Paracas.,https://elcomercio.pe/politica/gobierno/presidentes-alianza-pacifico-llegan-hoy-paracas-171066-noticia/,Medium,"2-3/07/2015. Confirmada X Cumbre de la Alianza del Pacifico, Paracas, con presencia de Bachelet; declaracion firmada 03/07/2015.",Comercio/Integración Económica,Verificada-URL
CHL-MB2-J086,95,Michelle Bachelet,Chile,Completed,2015-09-26,2015-09-28,3,United States,North America,New York,Multilateral,Global Forum,TRUE,Cumbre de la Agenda 2030 + 70ª AGNU,NA,Cumbre de Desarrollo Sostenible (Agenda 2030/ODS) y Asamblea General de la ONU.,https://www.un.org/es/conferences/environment/newyork2015,Medium,"26-28/09/2015. Cumbre ONU Desarrollo Sostenible 25-27/09/2015 confirmada; no se hallo cita especifica de la agenda puntual de Bachelet, fechas de la fila (26-28/09) se mantienen sin cambio.",Cooperación Política General,Verificada-URL
CHL-MB2-J087,96,Michelle Bachelet,Chile,Completed,2015-11-18,2015-11-19,2,Philippines,Asia-Pacific,Manila,Multilateral,Regional Summit,TRUE,Cumbre de Líderes de APEC,NA,Cumbre APEC de Manila.,https://en.wikipedia.org/wiki/APEC_Philippines_2015,Medium,18-19/11/2015. Confirmada Cumbre de Lideres APEC Manila 18-19/11/2015; Bachelet tuvo visita de Estado previa a Filipinas el 16/11.,Comercio/Integración Económica,Verificada-URL
CHL-MB2-J088,97,Michelle Bachelet,Chile,Completed,2015-11-30,2015-12-01,2,France,Europe,Paris,Multilateral,Global Forum,TRUE,COP21 (Conferencia del Clima),NA,Segmento de lideres de la COP21 que adopto el Acuerdo de Paris.,https://cooperativa.cl/noticias/sociedad/medioambiente/clima/bachelet-entrego-su-solidaridad-a-francia-en-inicio-de-cumbre-del-clima/2015-11-30/105436.html,Medium,"30/11-1/12/2015. Confirmada participacion de Bachelet en segmento de lideres de la COP21, Paris, 30/11/2015.",Medio Ambiente/Clima,Verificada-URL
CHL-MB2-J089,98,Michelle Bachelet,Chile,Completed,2016-01-27,2016-01-27,1,Ecuador,South America,Quito,Multilateral,Regional Summit,NA,IV Cumbre CELAC,NA,Cumbre CELAC en Quito.,https://es.wikipedia.org/wiki/IV_Cumbre_de_la_CELAC_de_2016,Medium,"27/01/2016. Confirmar asistencia. Confirmada IV Cumbre CELAC, Quito, 26-27/01/2016, con presencia de Bachelet.",Cooperación Política General,Verificada-URL
CHL-MB2-J090,99,Michelle Bachelet,Chile,Completed,2016-05-13,2016-05-14,2,China,Asia-Pacific,Beijing,Bilateral,State Visit,NA,Xi Jinping,Jefe de Estado/Gobierno,"Visita de Estado a China; profundizacion del TLC y asociacion estrategica. Viaje independiente (ver QA 2026-07-22: separado del tramo Jakarta 2017, que era un viaje distinto).",https://www.chile.gob.cl/chile/blog/china/beijing/visita-de-estado-de-presidenta-bachelet-profundiza-la-relacion-con-china,High,Gira asiatica may 2016; fechas a confirmar. CORREGIDO: End_Date de 16/05 a 14/05/2016 segun fuente oficial chile.gob.cl (las actividades de la Visita de Estado concluyeron el 14/05).,NA,Verificada-URL
CHL-MB2-J102,100,Michelle Bachelet,Chile,Completed,2017-05-12,2017-05-12,1,Indonesia,Asia-Pacific,Jakarta,Bilateral,Working Visit,NA,Joko Widodo,Jefe de Estado/Gobierno,"Comercio Asia-Pacifico. Viaje independiente (ver QA 2026-07-22: separado del tramo Beijing 2016, que era un viaje distinto).",https://www.emol.com/noticias/Nacional/2017/05/12/858024/Chile-e-Indonesia-firman-acuerdo-para-cerrar-negociaciones-del-TLC-entre-ambos-paises-durante-este-ano.html,High,"Fecha CORREGIDA el 2026-07-08 (era 2016-05-17, error de anio): visita de Estado con Widodo el 12-05-2017 (llego a Yakarta el 11). Fuentes: Emol 12-05-2017, Archivo Nacional de Chile. [QA 2026-07-22: Journey_ID separado de CHL-MB2-J090 -estaba compartido erroneamente con el tramo Beijing 2016, un viaje fisico distinto 1 anio antes-.]",NA,Verificada-URL
CHL-MB2-J091,101,Michelle Bachelet,Chile,Completed,2016-09-20,2016-09-21,2,United States,North America,New York,Multilateral,Global Forum,NA,71ª AGNU,NA,Asamblea General de la ONU.,https://ask.un.org/faq?gid=181&qid=73684,High,"CONFIRMADO 2026-07-22: Archivo Nacional (archivospresidenciales.archivonacional.cl, ARNAD FAMBJ-S02-3-01-1232) data el discurso de Bachelet en el debate general del 71 Periodo Ordinario de la AGNU el 21-09-2016, consistente con el End_Date ya cargado. Fecha deja de ser estimada.",Cooperación Política General,Verificada-URL
CHL-MB2-J092,102,Michelle Bachelet,Chile,Completed,2016-10-28,2016-10-29,2,Colombia,South America,Cartagena,Multilateral,Regional Summit,TRUE,XXV Cumbre Iberoamericana,NA,Cumbre Iberoamericana de Cartagena; juventud y desarrollo sostenible.,https://es.wikipedia.org/wiki/XXV_Cumbre_Iberoamericana,Medium,"28-29/10/2016. Confirmada XXV Cumbre Iberoamericana, Cartagena, 28-29/10/2016, con presencia de Bachelet.",Cooperación Política General,Verificada-URL
CHL-MB2-J093,103,Michelle Bachelet,Chile,Completed,2016-11-19,2016-11-20,2,Peru,South America,Lima,Multilateral,Regional Summit,TRUE,Cumbre de Líderes de APEC,NA,Cumbre APEC de Lima.,https://www.emol.com/noticias/Nacional/2016/11/19/832003/La-despedida-de-Bachelet-a-Obama-durante-la-Cumbre-de-Lideres-de-la-APEC-en-Peru.html,Medium,"19-20/11/2016. Confirmada Cumbre de Lideres APEC Lima 19-20/11/2016, despedida de Bachelet a Obama.",Comercio/Integración Económica,Verificada-URL
CHL-MB2-J094,104,Michelle Bachelet,Chile,Canceled,2017-01-24,NA,NA,Dominican Republic,Caribbean,Punta Cana,Multilateral,Regional Summit,NA,V Cumbre CELAC,NA,Cumbre CELAC en Punta Cana. VIAJE NO REALIZADO: suspendido el 23-01-2017 por los incendios forestales en Chile; asistió el canciller Heraldo Muñoz.,https://www.latercera.com/noticia/presidenta-bachelet-suspende-viaje-a-cumbre-celac-por-incendios/,High,24-25/01/2017. Confirmar asistencia. Reclasificado a Canceled el 2026-07-07 (campaña de verificacion): el viaje no ocurrio.,Cooperación Política General,Verificada-URL
CHL-MB2-J095,105,Michelle Bachelet,Chile,Completed,2017-05-13,2017-05-15,3,China,Asia-Pacific,Beijing,Multilateral,Global Forum,TRUE,Foro de la Franja y la Ruta,NA,Foro de la Franja y la Ruta en Beijing; unica presidenta sudamericana invitada. Bilateral con Xi.,https://www.minrel.gob.cl/presidenta-bachelet-en-foro-una-franja-una-ruta-chile-esta-listo/minrel_old/2017-05-14/145554.html,High,"13-15/05/2017. Confirmado por MINREL; Foro de la Franja y la Ruta 14-15/05/2017, visita de Estado desde el 12-13/05.",Comercio/Integración Económica,Verificada-URL
CHL-MB2-J096,106,Michelle Bachelet,Chile,Completed,2017-06-29,2017-06-30,2,Colombia,South America,Cali,Multilateral,Regional Summit,TRUE,XII Cumbre de la Alianza del Pacífico,NA,Cumbre de la Alianza del Pacifico en Cali.,https://www.cancilleria.gov.co/newsroom/news/resumen-xii-cumbre-alianza-pacifico,Medium,"29-30/06/2017. Confirmada XII Cumbre de la Alianza del Pacifico, Cali, con presencia de Bachelet; entrego presidencia pro tempore a Colombia.",Comercio/Integración Económica,Verificada-URL
CHL-MB2-J097,107,Michelle Bachelet,Chile,Completed,2017-09-18,2017-09-20,3,United States,North America,New York,Multilateral,Global Forum,NA,72ª AGNU,NA,Asamblea General de la ONU; ultima de su mandato.,https://www.cnnchile.com/pais/bachelet-entrego-discurso-en-la-asamblea-general-de-la-onu/,High,"CORREGIDO 2026-07-22: CNN Chile (nota del miercoles 20-09-2017, fecha confirmada por dia de semana) registra que Bachelet entrego su discurso ante la 72 AGNU ese dia (no el 19 como estaba cargado). End_Date corregido de 19 a 20/09/2017; Duration_Days de 2 a 3. Ya no es fecha estimada.",Cooperación Política General,Verificada-URL
CHL-MB2-J098,108,Michelle Bachelet,Chile,Completed,2017-11-10,2017-11-11,2,Vietnam,Asia-Pacific,Da Nang,Multilateral,Regional Summit,TRUE,Cumbre de Líderes de APEC,NA,Cumbre APEC de Da Nang; ultima APEC de su mandato. Firma del CPTPP en agenda.,https://www.subrei.gob.cl/sala-de-prensa/noticias/detalle-noticias/2017/11/11/en-cumbre-de-lideres-apec-chile-y-china-firmaron-profundizacion-de-acuerdo-comercial,High,"10-11/11/2017. Confirmado por SUBREI; Cumbre de Lideres APEC Da Nang 10-11/11/2017, firma profundizacion TLC Chile-China.",Comercio/Integración Económica,Verificada-URL
CHL-MB2-J099,109,Michelle Bachelet,Chile,Completed,2017-07-06,2017-07-07,2,Peru,South America,Lima,Bilateral,Working Visit,NA,Pedro Pablo Kuczynski,Jefe de Estado/Gobierno,Bilateral con Peru; integracion y agenda de la Alianza del Pacifico.,https://www.gob.pe/institucion/rree/noticias/4701-declaracion-de-lima,High,"Fecha CORREGIDA el 2026-07-08 (era 2018-01-21, error): I Gabinete Binacional Peru-Chile con PPK el 07-07-2017 (llego el 6). Fuente oficial: Declaracion de Lima, gob.pe.",NA,Verificada-URL
CHL-MB2-J100,110,Michelle Bachelet,Chile,Completed,2018-01-07,2018-01-08,2,Cuba,Caribbean,Havana,Bilateral,Working Visit,NA,Raúl Castro,Jefe de Estado/Gobierno,"Visita oficial a Cuba; penultimo viaje internacional del mandato (el ultimo fue a Japon en marzo 2018, no incluido en este modulo).",https://www.theclinic.cl/2018/01/06/presidenta-bachelet-emprende-viaje-a-cuba-y-se-reunira-con-raul-castro/,Medium,"28-30/01/2018. Ultimo viaje del mandato. CORREGIDO: fechas de 28-30/01 a 07-08/01/2018 (TheClinic, LaRepublica.ec, LaTercera coinciden). CORREGIDO: NO fue el ultimo viaje del mandato sino el PENULTIMO; el ultimo fue a Japon (Tokio, PM Abe y Emperador Akihito) en marzo 2018, no capturado en este modulo -> posible BRECHA a evaluar. ACTUALIZACION (2026-07-20): el viaje a Japon fue agregado como CHL-MB2-J101 (Trip_ID 189), fechas verificadas 23-26/02/2018 (no marzo como se conjeturaba).",NA,Verificada-URL
CHL-SP2-J101,111,Sebastián Piñera,Chile,Completed,2018-04-13,2018-04-14,2,Peru,South America,Lima,Multilateral,Regional Summit,TRUE,VIII Cumbre de las Américas,NA,"Cumbre sobre gobernabilidad y corrupcion; bilaterales con Santos, Temer, Moise, Holness y Pence.",https://prensa.presidencia.cl/comunicado.aspx?id=73268,High,NA,Cooperación Política General,Verificada-URL
CHL-SP2-J102,112,Sebastián Piñera,Chile,Completed,2018-04-25,2018-04-26,2,Argentina,South America,Buenos Aires,Bilateral,Working Visit,NA,Mauricio Macri,Jefe de Estado/Gobierno,"Primera gira del mandato; agenda energetica, comercial e integracion Mercosur-Alianza del Pacifico.",https://minrel.gob.cl/minrel/noticias-anteriores/comunicado-conjunto-de-la-visita-oficial-a-la-republica-argentina-del,High,NA,NA,Verificada-URL
CHL-SP2-J102,113,Sebastián Piñera,Chile,Completed,2018-04-27,2018-04-27,1,Brazil,South America,Brasília,Bilateral,Working Visit,NA,Michel Temer,Jefe de Estado/Gobierno,Respaldo a Temer; situacion de Venezuela y acercamiento comercial.,https://www.perfil.com/noticias/politica/sebastian-pinera-inicia-su-primera-gira-internacional-en-argentina.phtml,Medium,NA,NA,Verificada-URL
CHL-SP2-J103,114,Sebastián Piñera,Chile,Completed,2018-09-25,2018-09-27,3,United States,North America,New York,Multilateral,Global Forum,TRUE,73ª Asamblea General de la ONU,NA,"Discurso ante AGNU; bilaterales con Trudeau, Ardern, Moon, Tusk y Guterres.",https://prensa.presidencia.cl/discurso.aspx?id=82911,High,"CONFIRMADO 2026-07-22: fuente oficial Prensa Presidencia (discurso.aspx?id=82911) mas prensa (Publimetro, Cooperativa, La Tercera, Infobae) confirman que el discurso de Piñera ante la 73 AGNU fue el jueves 27-09-2018 (retrasado por la comitiva de Trump), consistente con el End_Date ya cargado. Fechas dejan de ser estimadas.",Cooperación Política General,Verificada-URL
CHL-SP2-J103,115,Sebastián Piñera,Chile,Completed,2018-09-28,2018-09-28,1,United States,North America,Washington DC,Bilateral,Working Visit,NA,Donald Trump,Jefe de Estado/Gobierno,"Reunion en la Casa Blanca; Venezuela, comercio, energia y ciberseguridad.",https://www.latercera.com/politica/noticia/trump-recibe-pinera-la-casa-blanca/334525/,High,Mismo Journey que AGNU (una salida fisica).,NA,Verificada-URL
CHL-SP2-J104,116,Sebastián Piñera,Chile,Completed,2018-11-17,2018-11-18,2,Papua New Guinea,Asia-Pacific,Port Moresby,Multilateral,Global Forum,NA,Cumbre APEC 2018,NA,Foro APEC; libre comercio y guerra comercial EEUU-China.,https://en.wikipedia.org/wiki/APEC_Papua_New_Guinea_2018,Medium,Fechas de estancia estimadas.,Comercio/Integración Económica,Verificada-URL
CHL-SP2-J105,117,Sebastián Piñera,Chile,Completed,2018-11-30,2018-12-01,2,Argentina,South America,Buenos Aires,Multilateral,Global Forum,TRUE,Cumbre del G20 de Buenos Aires (invitado),NA,Chile pais invitado; defensa del libre comercio y del multilateralismo.,https://www.latercera.com/politica/noticia/pinera-asegura-se-creo-clima-mayor-dialogo-mejor-voluntad-cumbre-del-g20/426723/,High,Tema G20 -> Cooperacion Politica General por doctrina CODEBOOK 5.7 (corregido vs informe research).,Cooperación Política General,Verificada-URL
CHL-SP2-J106,118,Sebastián Piñera,Chile,Completed,2019-01-01,2019-01-01,1,Brazil,South America,Brasília,Multilateral,Inauguration/Funeral,TRUE,Asunción de Jair Bolsonaro,NA,Cambio de mando; bilaterales con Bolsonaro y Abdo Benitez; anuncio de TLC Chile-Brasil.,https://prensa.presidencia.cl/comunicado.aspx?id=89377,High,NA,Cooperación Política General,Verificada-URL
CHL-SP2-J107,119,Sebastián Piñera,Chile,Completed,2019-02-22,2019-02-23,2,Colombia,South America,Cúcuta,Multilateral,Working Visit,TRUE,Iván Duque / Venezuela Aid Live,NA,"Entrega de ayuda humanitaria para Venezuela junto a Duque, Abdo y Guaido; operativo fronterizo.",https://www.emol.com/noticias/Nacional/2019/02/24/938942/El-breve-pero-intenso-paso-de-Pinera-por-Cucuta-Del-accidentado-viaje-al-envio-de-ayuda-humanitaria.html,High,NA,Cooperación Política General,Verificada-URL
CHL-SP2-J120,120,Sebastián Piñera,Chile,Completed,2018-11-12,2018-11-15,4,Singapore,Asia-Pacific,Singapore,Bilateral,Working Visit,NA,33ª Cumbre de la ASEAN / Gobierno de Singapur,Jefe de Estado/Gobierno,Visita a Singapur en el marco de la 33a Cumbre de la ASEAN; agenda de comercio e innovacion.,https://www.chile.gob.cl/chile/blog/singapur/singapur/presidente-pinera-en-singapur-para-chile-integrarse-al-mundo-del-asia,High,"REUBICADO 2026-07-08: la escala en Singapur NO ocurrio en la gira de abril 2019 (esa gira fue China 24-28/4 + Corea 29/4). El viaje real a Singapur fue en nov-2018 (33a cumbre ASEAN, llegada la noche del 12/11 segun BCN). CONFIRMADO por fuente oficial MINREL: bilaterales el miercoles 14/11 (Singapur, Indonesia, Secretario General ASEAN), jueves 15/11 con Presidenta de Singapur, y viaje posterior a Papua Nueva Guinea (APEC Port Moresby, J104, 17-18/11/2018) confirmado explicitamente por la misma fuente.",NA,Verificada-URL
CHL-SP2-J108,121,Sebastián Piñera,Chile,Completed,2019-04-24,2019-04-28,5,China,Asia-Pacific,Beijing,Bilateral,State Visit,NA,Xi Jinping / II Foro de la Franja y la Ruta,Jefe de Estado/Gobierno,Visita de Estado; hoja de ruta estrategica 2019-2022; unico lider latinoamericano en Franja y la Ruta II.,https://www.emol.com/noticias/Nacional/2019/04/24/945654/Pinera-tras-bilateral-con-Xi-Jinping-China-es-nuestro-principal-socio-comercial-y-queremos-estrechar-los-lazos-en-otros-frentes.html,High,Incluye Beijing y Shenzhen. Categoria Bilateral (primario: visita de Estado); Foro FyR anotado como evento.,NA,Verificada-URL
CHL-SP2-J108,122,Sebastián Piñera,Chile,Completed,2019-04-28,2019-04-29,2,South Korea,Asia-Pacific,Seoul,Bilateral,Working Visit,NA,Gobierno de Corea del Sur,Jefe de Estado/Gobierno,Segunda escala de la gira asiatica; inversiones y tecnologia.,https://prensa.presidencia.cl/comunicado.aspx?id=94882,High,"CORREGIDO 2026-07-22: fuente oficial Prensa Presidencia (comunicado.aspx?id=94882) mas prensa cruzada (La Nacion, 24Horas, La Tercera, Emol) confirman que Piñera arribo a Seul el domingo 28-04-2019 y se reunio con el presidente Moon Jae-in el lunes 29-04-2019 (ultima escala de la gira asiatica China-Corea). Start_Date corregido de 29 a 28/04/2019; Duration_Days de 1 a 2. Ya no es fecha estimada; Source_Reliability sube de Medium a High.",NA,Verificada-URL
CHL-SP2-J109,123,Sebastián Piñera,Chile,Completed,2019-06-28,2019-06-29,2,Japan,Asia-Pacific,Osaka,Multilateral,Global Forum,NA,Cumbre del G20 de Osaka (invitado),NA,"Chile invitado; guerra comercial, cambio climatico y preparacion APEC/COP25.",https://www.latercera.com/politica/noticia/diseno-pinera-la-cumbre-del-g20/688711/,High,Tema G20 -> Cooperacion Politica General por doctrina CODEBOOK 5.7 (corregido vs informe research).,Cooperación Política General,Verificada-URL
CHL-SP2-J110,124,Sebastián Piñera,Chile,Completed,2019-08-24,2019-08-26,3,France,Europe,Biarritz,Multilateral,Global Forum,TRUE,45ª Cumbre del G7 (invitado),NA,Primer mandatario chileno invitado al G7; coordina con Macron la respuesta a los incendios amazonicos.,https://prensa.presidencia.cl/fotonoticia.aspx?id=96161,High,NA,Cooperación Política General,Verificada-URL
CHL-SP2-J110,194,Sebastián Piñera,Chile,Completed,2019-08-26,2019-08-26,1,Portugal,Europe,Lisboa,Bilateral,Working Visit,NA,Marcelo Rebelo de Sousa,Jefe de Estado/Gobierno,Escala oficial tras el G7 (Biarritz); reunion y cena de trabajo con el Presidente de Portugal en el Palacio de Belem.,https://marcelorebelodesousa.arquivo.presidencia.pt/atualidade/toda-a-atualidade/2019/08/presidente-sebastian-pinera-em-lisboa,High,"Fila agregada en fase de completitud (2026-07-21): corrige el error de la nota de Trip_ID 125 que calificaba esta escala como ""tecnica sin actividad diplomatica""; fuente oficial portuguesa documenta reunion y cena con el Jefe de Estado.",NA,Verificada-URL
CHL-SP2-J110,125,Sebastián Piñera,Chile,Completed,2019-08-28,2019-08-28,1,Brazil,South America,Brasília,Bilateral,Working Visit,NA,Jair Bolsonaro,Jefe de Estado/Gobierno,Escala tras el G7; coordinacion de ayuda amazonica y reunion de lideres.,https://www.t13.cl/noticia/politica/mundo/pinera-visita-bolsonaro-brasil-su-paso-cumbre-g7,High,"Escala en Portugal (Lisboa, 26/8/2019) tuvo actividad diplomatica real (reunion y cena con el Presidente portugues) - ver fila separada Trip_ID 194; nota anterior que la calificaba como tecnica era incorrecta.",NA,Verificada-URL
CHL-SP2-J111,126,Sebastián Piñera,Chile,Completed,2019-09-23,2019-09-25,3,United States,North America,New York,Multilateral,Global Forum,TRUE,74ª Asamblea General de la ONU + Cumbre de Acción Climática,NA,Discurso ante AGNU; agenda climatica pre-COP25 y crisis venezolana.,https://prensa.presidencia.cl/discurso.aspx?id=180101,High,"CONFIRMADO 2026-07-22: fuente oficial Prensa Presidencia (discurso.aspx?id=180101) mas Noticias ONU/Infobae confirman que el discurso de Piñera ante la 74 AGNU fue el 24-09-2019, consistente con el rango ya cargado (23-25/09). Fechas dejan de ser estimadas.",Cooperación Política General,Verificada-URL
CHL-SP2-J112,127,Sebastián Piñera,Chile,Completed,2020-03-01,2020-03-01,1,Uruguay,South America,Montevideo,Multilateral,Inauguration/Funeral,TRUE,Asunción de Luis Lacalle Pou,NA,Cambio de mando; bilaterales con el rey Felipe VI y Duque; ultimo viaje pre-pandemia.,https://www.chile.gob.cl/uruguay/noticias/presidente-pinera-participa-en-ceremonia-de-transmision-del-mando,High,Viaja y regresa el mismo dia. Primer viaje tras el 18-O.,Cooperación Política General,Verificada-URL
CHL-SP2-J113,128,Sebastián Piñera,Chile,Completed,2021-09-05,2021-09-06,2,France,Europe,Paris,Bilateral,Working Visit,NA,Emmanuel Macron,Jefe de Estado/Gobierno,"Retoma agenda internacional; ciberseguridad, energias limpias y agenda pre-COP26.",https://www.latercera.com/politica/noticia/gira-europea-pinera-se-reune-con-rey-felipe-vi-y-el-presidente-espanol-pedro-sanchez/W7VG5YG5AFEQVIC5PMAUZ6O6QA/,Medium,Fecha estimada (reunion con Macron ~6/9).,NA,Verificada-URL
CHL-SP2-J113,129,Sebastián Piñera,Chile,Completed,2021-09-07,2021-09-07,1,Spain,Europe,Madrid,Bilateral,Working Visit,NA,Rey Felipe VI / Pedro Sánchez,Jefe de Estado/Gobierno,"Visita oficial; relacion bilateral, acuerdo con la UE y proceso constituyente.",https://www.lamoncloa.gob.es/presidente/actividades/paginas/2021/070921-sanchez-pinera.aspx,High,NA,NA,Verificada-URL
CHL-SP2-J113,130,Sebastián Piñera,Chile,Completed,2021-09-08,2021-09-08,1,Italy,Europe,Rome,Bilateral,Working Visit,NA,Sergio Mattarella / Mario Draghi,Jefe de Estado/Gobierno,Reuniones bilaterales; cooperacion y agenda climatica.,https://prensa.presidencia.cl/fotonoticia.aspx?id=179522,Medium,NA,NA,Verificada-URL
CHL-SP2-J113,131,Sebastián Piñera,Chile,Completed,2021-09-09,2021-09-09,1,Vatican City,Europe,Vatican City,Bilateral,Working Visit,NA,Papa Francisco,Jefe de Estado/Gobierno,Coloquio privado de una hora con el papa Francisco; reunion con el cardenal Parolin.,https://www.vaticannews.va/es/papa/news/2021-09/papa-francisco-audiencia-presidente-chile-pinera-echenique.html,High,NA,NA,Verificada-URL
CHL-SP2-J113,132,Sebastián Piñera,Chile,Completed,2021-09-09,2021-09-10,2,United Kingdom,Europe,London,Bilateral,Working Visit,NA,Boris Johnson,Jefe de Estado/Gobierno,Cierre de gira; pandemia y transicion de la presidencia COP25 a COP26.,https://www.gov.uk/government/news/pm-meeting-with-chilean-president-sebastian-pinera-10-september-2021.es-419,High,NA,NA,Verificada-URL
CHL-SP2-J114,133,Sebastián Piñera,Chile,Completed,2021-09-24,2021-09-26,3,Colombia,South America,Cartagena de Indias,Bilateral,Working Visit,NA,Iván Duque,Jefe de Estado/Gobierno,"Visita oficial; Alianza del Pacifico, PROSUR, tratado de extradicion y proceso de paz.",https://www.minrel.gob.cl/noticias-anteriores/canciller-participa-en-gira-del-presidente-pinera-para-fortalecer-lazos,High,NA,NA,Verificada-URL
CHL-SP2-J114,134,Sebastián Piñera,Chile,Completed,2021-09-26,2021-09-27,2,Uruguay,South America,Montevideo,Bilateral,Working Visit,NA,Luis Lacalle Pou,Jefe de Estado/Gobierno,"Visita oficial; manejo de pandemia, vacunacion y MOU de salud.",https://prensa.presidencia.cl/fotonoticia.aspx?id=180591,High,NA,NA,Verificada-URL
CHL-SP2-J114,135,Sebastián Piñera,Chile,Completed,2021-09-28,2021-09-28,1,Paraguay,South America,Asunción,Bilateral,Working Visit,NA,Mario Abdo Benítez,Jefe de Estado/Gobierno,Cierre de gira; donacion de 100000 dosis AstraZeneca y acuerdo de complementacion economica.,https://www.minrel.gob.cl/noticias-anteriores/canciller-participa-en-gira-del-presidente-pinera-para-fortalecer-lazos,High,Fecha estimada.,NA,Verificada-URL
CHL-SP2-J115,136,Sebastián Piñera,Chile,Completed,2022-01-26,2022-01-27,2,Colombia,South America,Bahía Málaga / Cartagena,Multilateral,Regional Summit,TRUE,XVI Cumbre Alianza del Pacífico / III Cumbre PROSUR,NA,Ultimo viaje del mandato; ingreso de Singapur como Estado Asociado y cumbre de PROSUR.,https://www.chile.gob.cl/colombia/noticias/visita-oficial-del-presidente-de-la-republica-para-participar-en-la-xvi,High,Evento primario: Alianza del Pacifico (regla de evento combinado).,Comercio/Integración Económica,Verificada-URL
CHL-SP2-J116,137,Sebastián Piñera,Chile,Canceled,2019-12-02,NA,NA,Spain,Europe,Madrid,Multilateral,Global Forum,NA,COP25,NA,"Presidir la cumbre climatica (reubicada de Santiago a Madrid tras el 18-O); no asistio, priorizando la crisis domestica.",https://www.elmostrador.cl/dia/2019/11/27/sebastian-pinera-no-acudira-a-la-cop25-que-se-desarrollara-en-madrid/,High,Chile mantuvo la presidencia de la COP; asistio la ministra Schmidt.,Medio Ambiente/Clima,Verificada-URL
CHL-SP2-J117,138,Sebastián Piñera,Chile,Canceled,2019-12-10,NA,NA,Argentina,South America,Buenos Aires,Multilateral,Inauguration/Funeral,NA,Asunción de Alberto Fernández,NA,Asistir al cambio de mando; cancelado tras el accidente del Hercules C-130 de la FACh y el contexto del estallido social.,https://www.infobae.com/politica/2019/12/10/sebastian-pinera-no-vendra-a-la-asuncion-de-alberto-fernandez-debido-a-la-desaparicion-del-avion-militar/,High,"CORREGIDO 2026-07-22: la URL previa (emol, nota sobre elecciones de Lacalle Pou en Uruguay, mar-2020) era irrelevante/erronea para este hecho. Reemplazada por fuente directa: Infobae 10-12-2019 (cruzada con La Nacion, El Cronista, Los Tiempos) confirma que Piñera cancelo su asistencia a la asuncion de Alberto Fernandez el 10-12-2019 por la desaparicion del avion Hercules C-130 de la FACh (38 personas a bordo, rumbo a la Antartica); la vocera Karla Rubilar confirmo que Fernandez haria una visita de Estado posterior a Chile. Fecha y motivo de la cancelacion quedan verificados; Source_Reliability sube de Medium a High.",Cooperación Política General,Verificada-URL
CHL-SP2-J118,139,Sebastián Piñera,Chile,Canceled,2021-06-22,NA,NA,Italy,Europe,Rome,Bilateral,Working Visit,NA,Sergio Mattarella / Mario Draghi,Jefe de Estado/Gobierno,Gira europea para retomar agenda internacional; cancelada por alza de casos COVID-19 y cuarentena de la RM.,https://www.latercera.com/la-tercera-pm/noticia/como-se-gesto-y-cayo-la-gira-de-pinera-a-europa-y-su-frustrada-apuesta-por-retomar-la-agenda-internacional/RNKMRAIFHNBBBIITU4OAYRZR7E/,High,Fecha estimada (gira planificada ~22/6/2021). Reprogramada y concretada en sep-2021 (J113).,NA,Verificada-URL
CHL-SP2-J118,140,Sebastián Piñera,Chile,Canceled,2021-06-22,NA,NA,Vatican City,Europe,Vatican City,Bilateral,Working Visit,NA,Papa Francisco,Jefe de Estado/Gobierno,Gira europea para retomar agenda internacional; cancelada por alza de casos COVID-19 y cuarentena de la RM.,https://www.latercera.com/la-tercera-pm/noticia/como-se-gesto-y-cayo-la-gira-de-pinera-a-europa-y-su-frustrada-apuesta-por-retomar-la-agenda-internacional/RNKMRAIFHNBBBIITU4OAYRZR7E/,High,Fecha estimada (gira planificada ~22/6/2021). Reprogramada y concretada en sep-2021 (J113).,NA,Verificada-URL
CHL-SP2-J118,141,Sebastián Piñera,Chile,Canceled,2021-06-22,NA,NA,United Kingdom,Europe,London,Bilateral,Working Visit,NA,Boris Johnson,Jefe de Estado/Gobierno,Gira europea para retomar agenda internacional; cancelada por alza de casos COVID-19 y cuarentena de la RM.,https://www.latercera.com/la-tercera-pm/noticia/como-se-gesto-y-cayo-la-gira-de-pinera-a-europa-y-su-frustrada-apuesta-por-retomar-la-agenda-internacional/RNKMRAIFHNBBBIITU4OAYRZR7E/,High,Fecha estimada (gira planificada ~22/6/2021). Reprogramada y concretada en sep-2021 (J113).,NA,Verificada-URL
CHL-SP2-J118,142,Sebastián Piñera,Chile,Canceled,2021-06-22,NA,NA,Spain,Europe,Madrid,Bilateral,Working Visit,NA,Rey Felipe VI / Pedro Sánchez,Jefe de Estado/Gobierno,Gira europea para retomar agenda internacional; cancelada por alza de casos COVID-19 y cuarentena de la RM.,https://www.latercera.com/la-tercera-pm/noticia/como-se-gesto-y-cayo-la-gira-de-pinera-a-europa-y-su-frustrada-apuesta-por-retomar-la-agenda-internacional/RNKMRAIFHNBBBIITU4OAYRZR7E/,High,Fecha estimada (gira planificada ~22/6/2021). Reprogramada y concretada en sep-2021 (J113).,NA,Verificada-URL
CHL-SP2-J118,143,Sebastián Piñera,Chile,Canceled,2021-06-22,NA,NA,France,Europe,Paris,Bilateral,Working Visit,NA,Emmanuel Macron,Jefe de Estado/Gobierno,Gira europea para retomar agenda internacional; cancelada por alza de casos COVID-19 y cuarentena de la RM.,https://www.latercera.com/la-tercera-pm/noticia/como-se-gesto-y-cayo-la-gira-de-pinera-a-europa-y-su-frustrada-apuesta-por-retomar-la-agenda-internacional/RNKMRAIFHNBBBIITU4OAYRZR7E/,High,Fecha estimada (gira planificada ~22/6/2021). Reprogramada y concretada en sep-2021 (J113).,NA,Verificada-URL
CHL-SP2-J119,144,Sebastián Piñera,Chile,Canceled,2021-11-01,NA,NA,United Kingdom,Europe,Glasgow,Multilateral,Global Forum,NA,COP26,NA,Asistir a la cumbre climatica; no viajo y envio a la ministra Schmidt para la entrega de la presidencia de la COP.,https://www.gob.cl/noticias/chile-entrega-presidencia-de-la-cop-y-ministra-schmidt-destaca-impulso-la-accion-climatica-en-el-pais/,Medium,Sin comunicado oficial con justificacion textual de la inasistencia (BRECHA en pendientes).,Medio Ambiente/Clima,Verificada-URL
CHL-GB-J120,145,Gabriel Boric,Chile,Completed,2022-04-03,2022-04-05,3,Argentina,South America,Buenos Aires,Bilateral,State Visit,NA,Alberto Fernández,Jefe de Estado/Gobierno,"Primer viaje oficial (tradicion del primer destino); cooperacion energetica, DDHH, genero y comercio.",https://www.latercera.com/politica/noticia/boric-inicia-visita-de-estado-en-argentina-con-foco-en-cooperacion-economica-y-no-se-reuniria-con-cristina-fernandez/4RHD7F6WTVFPVJPXWI5MGKCOPU/,High,NA,NA,Verificada-URL
CHL-GB-J121,146,Gabriel Boric,Chile,Completed,2022-06-06,2022-06-06,1,Canada,North America,Ottawa,Bilateral,Working Visit,NA,Justin Trudeau,Jefe de Estado/Gobierno,Etapa canadiense de la gira norteamericana previa a la Cumbre de las Americas; reunion con Trudeau.,https://www.latercera.com/politica/noticia/boric-y-primer-ministro-de-canada-anuncian-que-defenderan-en-conjunto-la-proteccion-de-los-oceanos-en-la-cumbre-de-las-americas/KOA32R75LZDBDFPFF4UYGN7TVM/,High,"CORREGIDO 2026-07-08: ciudad confirmada (Ottawa, Parliament Hill) y fecha 06-06-2022 (declaracion conjunta oficial pm.gc.ca). Antes: 2022-06-05, ciudad NA.",NA,Verificada-URL
CHL-GB-J121,147,Gabriel Boric,Chile,Completed,2022-06-07,2022-06-10,4,United States,North America,Los Angeles,Multilateral,Regional Summit,TRUE,IX Cumbre de las Américas,NA,IX Cumbre de las Americas; bilateral con Biden y lanzamiento de coalicion oceanica.,https://www.cooperativa.cl/noticias/pais/presidente-boric/viajes-al-exterior/boric-ya-esta-en-los-angeles-para-asistir-a-la-cumbre-de-las-americas-y/2022-06-06/114143.html,High,NA,Cooperación Política General,Verificada-URL
CHL-GB-J122,148,Gabriel Boric,Chile,Completed,2022-08-06,2022-08-08,3,Colombia,South America,Bogotá,Multilateral,Inauguration/Funeral,TRUE,Asunción de Gustavo Petro,NA,Transmision de mando de Petro; bilaterales con Petro y Arce.,https://www.chile.gob.cl/colombia/noticias/el-presidente-de-chile-gabriel-boric-participo-en-la-transmision-del,High,NA,Cooperación Política General,Verificada-URL
CHL-GB-J123,149,Gabriel Boric,Chile,Completed,2022-09-19,2022-09-21,3,United States,North America,New York,Multilateral,Global Forum,TRUE,77ª Asamblea General de la ONU,NA,Discurso debut ante la AGNU; bilaterales con Sanchez y Macron.,https://www.emol.com/noticias/Nacional/2022/09/18/1073204/viaje-boric-asamblea-general-onu.html,Medium,Fechas de estancia estimadas; discurso el 20/9/2022.,Cooperación Política General,Verificada-URL
CHL-GB-J124,150,Gabriel Boric,Chile,Completed,2022-11-16,2022-11-19,4,Thailand,Asia-Pacific,Bangkok,Multilateral,Global Forum,TRUE,Cumbre APEC 2022,NA,"Debut en APEC; bilaterales con Xi Jinping, Kishida y Trudeau; agenda TPP11.",https://www.emol.com/noticias/Nacional/2022/11/16/1078523/presidente-apec-tailandia.html,High,NA,Comercio/Integración Económica,Verificada-URL
CHL-GB-J125,151,Gabriel Boric,Chile,Completed,2022-11-22,2022-11-24,3,Mexico,North America,Ciudad de México,Bilateral,Working Visit,NA,Andrés Manuel López Obrador,Jefe de Estado/Gobierno,"Visita oficial; reunion con AMLO, sesion solemne del Senado y promocion de inversiones.",https://www.chile.gob.cl/mexico/noticias/presidente-gabriel-boric-realiza-visita-oficial-a-mexico,High,NA,NA,Verificada-URL
CHL-GB-J126,152,Gabriel Boric,Chile,Completed,2023-01-01,2023-01-02,2,Brazil,South America,Brasília,Multilateral,Inauguration/Funeral,NA,Asunción de Luiz Inácio Lula da Silva,NA,Investidura de Lula.,https://www.biobiochile.cl/noticias/nacional/chile/2023/01/01/presidente-boric-ya-esta-en-brasil-para-investidura-de-lula-da-silva-viajo-junto-a-ricardo-lagos-e.shtml,Medium,"NOTA 2026-07-21: BioBioChile (01/01/2023) confirma llegada a Brasilia la manana del domingo 1/01/2023 (investidura, saludo a jefes de Estado, recepcion) y reunion bilateral Chile-Brasil prevista 'para manana' (2/01), con regreso a Chile 'durante la tarde del lunes [2/01] a eso de las 16:30'. Corregido End_Date/Duration de 1 a 2 dias (01-02/01/2023) en base a esta fuente.",Cooperación Política General,Verificada-URL
CHL-GB-J127,153,Gabriel Boric,Chile,Completed,2023-01-24,2023-01-24,1,Argentina,South America,Buenos Aires,Multilateral,Regional Summit,NA,VII Cumbre de la CELAC,NA,Participacion en la VII Cumbre de la CELAC.,https://www.infobae.com/america/agencias/2023/01/20/lula-petro-y-boric-entre-los-asistentes-a-la-cumbre-de-la-celac-que-promete-ser-tensa/,Medium,Estancia estimada.,Cooperación Política General,Verificada-URL
CHL-GB-J128,154,Gabriel Boric,Chile,Completed,2023-03-24,2023-03-25,2,Dominican Republic,Caribbean,Santo Domingo,Multilateral,Regional Summit,NA,XXVIII Cumbre Iberoamericana,NA,Cumbre Iberoamericana de Santo Domingo.,https://radio.uchile.cl/2023/03/24/presidente-boric-llego-a-santo-domingo-para-participar-de-cumbre-iberoamericana/,Medium,"NOTA 2026-07-21: Diario y Radio Universidad de Chile (24/03/2023) confirma llegada de Boric a Santo Domingo para la XXVIII Cumbre Iberoamericana, realizada 'este 24 y 25 de marzo'; fechas confirmadas (ya no estimadas).",Cooperación Política General,Verificada-URL
CHL-GB-J129,155,Gabriel Boric,Chile,Completed,2023-05-29,2023-05-30,2,Brazil,South America,Brasília,Multilateral,Regional Summit,NA,Cumbre de presidentes sudamericanos (retiro convocado por Lula),NA,Cumbre sudamericana convocada por Lula; retorno el 30/5 para preparar la Cuenta Publica.,https://www.elmostrador.cl/noticias/pais/2023/05/30/presidente-boric-aterriza-en-brasil-para-reunion-convocada-por-lula-con-mandatarios-de-sudamerica/,High,NA,Cooperación Política General,Verificada-URL
CHL-GB-J130,156,Gabriel Boric,Chile,Completed,2023-07-13,2023-07-15,3,Spain,Europe,Madrid,Bilateral,Working Visit,NA,Pedro Sánchez / Rey Felipe VI,Jefe de Estado/Gobierno,"Primera gira europea; agenda economica, litio e inversion; conmemoracion 50 anios del golpe.",https://www.df.cl/economia-y-politica/gobierno/boric-inicia-gira-en-madrid-donde-busca-consolidar-a-espana-como-tercer,High,Parte de gira europea multi-pais (J130).,NA,Verificada-URL
CHL-GB-J130,157,Gabriel Boric,Chile,Completed,2023-07-17,2023-07-18,2,Belgium,Europe,Bruselas,Multilateral,Global Forum,TRUE,III Cumbre UE-CELAC,NA,Cumbre UE-CELAC; agenda de bilaterales con lideres europeos y latinoamericanos.,https://www.elmostrador.cl/noticias/pais/2023/07/13/presidente-boric-viaja-a-espana-para-su-primera-gira-europea-que-incluye-belgica-suiza-y-francia/,High,"Cifra de ~15 bilaterales citada por el canciller, sin registro oficial verificable.",Cooperación Política General,Verificada-URL
CHL-GB-J130,158,Gabriel Boric,Chile,Completed,2023-07-19,2023-07-20,2,Switzerland,Europe,Ginebra,Multilateral,Working Visit,NA,CERN / OMS (Tedros Adhanom),NA,Visita al CERN (Chile miembro asociado) y encuentro con el director general de la OMS.,https://www.emol.com/noticias/Nacional/2023/07/07/1100363/gira-europa-presidente-gabriel-boric.html,High,"Fechas estimadas dentro de la gira. Visita a organismos, no bilateral pais-pais: Other. CERN/OMS: organismos internacionales -> Multilateral por definicion del CODEBOOK; tema ciencia/salud mixto, primario CERN -> Otro (doctrina 2026-07-07).",Otro,Verificada-URL
CHL-GB-J130,159,Gabriel Boric,Chile,Completed,2023-07-21,2023-07-21,1,France,Europe,París,Bilateral,Working Visit,NA,Emmanuel Macron,Jefe de Estado/Gobierno,Cierre de la gira europea; bilateral con Macron.,https://www.emol.com/noticias/Nacional/2023/07/07/1100363/gira-europa-presidente-gabriel-boric.html,High,NA,NA,Verificada-URL
CHL-GB-J131,160,Gabriel Boric,Chile,Completed,2023-08-14,2023-08-15,2,Paraguay,South America,Asunción,Multilateral,Inauguration/Funeral,NA,Asunción de Santiago Peña,NA,Cambio de mando de Penia; viajo junto al expresidente Pinera.,https://minrel.gob.cl/noticias-anteriores/canciller-alberto-van-klaveren-acompana-al-presidente-boric-en-cambio-de,High,NA,Cooperación Política General,Verificada-URL
CHL-GB-J132,161,Gabriel Boric,Chile,Completed,2023-09-19,2023-09-20,2,United States,North America,New York,Multilateral,Global Forum,TRUE,78ª Asamblea General de la ONU,NA,"Discurso ante la AGNU; bilaterales con Trudeau, Boluarte y Zelenski.",https://www.chile.gob.cl/onu/noticias/78-asamblea-general-presidente-de-la-republica-gabriel-boric-font,High,Discurso el 20/9/2023; posible escala en Washington 22-23/9 no confirmada (pendientes).,Cooperación Política General,Verificada-URL
CHL-GB-J133,162,Gabriel Boric,Chile,Completed,2023-10-14,2023-10-18,5,China,Asia-Pacific,Chengdú / Beijing,Bilateral,State Visit,NA,Xi Jinping / III Foro de la Franja y la Ruta,Jefe de Estado/Gobierno,Visita de Estado; III Foro Franja y la Ruta; reunion con Xi; Chile Week China.,https://prensa.presidencia.cl/comunicado.aspx?id=273070,High,Categoria Bilateral (primario: visita de Estado); foro FyR al margen. Precedente: Pinera 2019 (J108).,NA,Verificada-URL
CHL-GB-J134,163,Gabriel Boric,Chile,Completed,2023-11-02,2023-11-03,2,United States,North America,Washington DC,Multilateral,Regional Summit,TRUE,Cumbre APEP,NA,Cumbre de la Alianza para la Prosperidad Economica de las Americas; bilateral con Biden en la Casa Blanca.,https://www.larepublica.ec/blog/2023/11/01/boric-viaja-a-la-apep-el-foro-organizado-por-biden-en-seguimiento-a-la-cumbre-de-las-americas/,High,APEP: mandato fundacional economico-comercial (doctrina 5.7).,Comercio/Integración Económica,Verificada-URL
CHL-GB-J135,164,Gabriel Boric,Chile,Completed,2023-11-15,2023-11-16,2,United States,North America,San Francisco,Multilateral,Global Forum,TRUE,Cumbre APEC 2023,NA,Cumbre APEC; CEO Summit y plenario de lideres; agenda de inversion.,https://cooperativa.cl/noticias/pais/presidente-boric/viajes-al-exterior/presidente-boric-ya-esta-en-eeuu-para-participar-de-cumbre-apec/2023-11-15/141311.html,High,NA,Comercio/Integración Económica,Verificada-URL
CHL-GB-J136,165,Gabriel Boric,Chile,Completed,2023-12-09,2023-12-10,2,Argentina,South America,Buenos Aires,Multilateral,Inauguration/Funeral,NA,Asunción de Javier Milei,NA,Investidura de Milei pese a diferencias ideologicas; breve saludo protocolar.,https://www.cnnchile.com/pais/boric-llega-argentina-asuncion-milei_20231209/,High,Ultima visita a Argentina del mandato (relacion fria con Milei).,Cooperación Política General,Verificada-URL
CHL-GB-J137,166,Gabriel Boric,Chile,Canceled,2023-11-30,NA,NA,United Arab Emirates,Middle East,Dubái,Multilateral,Global Forum,NA,COP28,NA,Participar en la COP28; cancelado el 22/11/2023 por agenda de seguridad interna; asistieron el canciller van Klaveren y la ministra Rojas.,https://www.emol.com/noticias/Nacional/2023/11/22/1113662/boric-desiste-de-cop28.html,Medium,Fecha de inicio estimada segun planificacion original.,Medio Ambiente/Clima,Verificada-URL
CHL-GB-J138,167,Gabriel Boric,Chile,Completed,2024-01-14,2024-01-15,2,Guatemala,Central America,Ciudad de Guatemala,Multilateral,Inauguration/Funeral,TRUE,Asunción de Bernardo Arévalo,NA,Investidura de Arevalo; bilaterales con Arevalo y Josep Borrell (UE).,https://cooperativa.cl/noticias/pais/presidente-boric/viajes-al-exterior/boric-viaja-a-guatemala-para-asistir-a-la-toma-de-posesion-de-arevalo/2024-01-13/182729.html,High,NA,Cooperación Política General,Verificada-URL
CHL-GB-J139,168,Gabriel Boric,Chile,Completed,2024-06-10,2024-06-12,3,Germany,Europe,Berlín,Bilateral,Working Visit,NA,Olaf Scholz / Frank-Walter Steinmeier,Jefe de Estado/Gobierno,"Segunda gira europea; visita oficial, ESO en Munich, inversion y ciencia.",https://prensa.presidencia.cl/comunicado.aspx?id=285010,High,"Fechas estimadas dentro de la gira (J139). QA-R4 2026-07-26: Confirmado por fuentes cruzadas independientes (Cooperativa.cl 2024-06-10 ""Presidente Boric inicia en Alemania su gira por Europa""; BioBioChile 2024-06-10 ""Boric llega a Alemania para iniciar gira presidencial""; La Tercera sobre llegada a Berlín) - fechas 10-12 jun y contraparte (Scholz/Steinmeier) coinciden. Gira completa (Alemania-Suecia-Suiza-Francia) confirmada consistente con Trip_ID 170-171 del mismo Journey_ID.",NA,Verificada-URL
CHL-GB-J139,169,Gabriel Boric,Chile,Completed,2024-06-13,2024-06-14,2,Sweden,Europe,Estocolmo,Bilateral,Working Visit,NA,Ulf Kristersson / Rey Carlos XVI Gustavo,Jefe de Estado/Gobierno,Visita oficial a Suecia; agenda economica y de innovacion.,https://prensa.presidencia.cl/comunicado.aspx?id=285010,Medium,"Fechas estimadas. QA-R4 2026-07-26: Confirmado por fuentes cruzadas (Forbes Chile, Cooperativa.cl, Vivir Ediciones) sobre gira Alemania-Suecia-Suiza-Francia jun-2024; visita a Suecia con agenda Kristersson/Rey Carlos XVI Gustavo consistente con fechas 13-14 jun.",NA,Verificada-URL
CHL-GB-J139,170,Gabriel Boric,Chile,Completed,2024-06-15,2024-06-16,2,Switzerland,Europe,Bürgenstock,Multilateral,Global Forum,NA,Cumbre por la Paz en Ucrania,NA,Participacion en la Cumbre por la Paz en Ucrania.,https://prensa.presidencia.cl/comunicado.aspx?id=285010,High,"Tema Seguridad (guerra/paz), decision doctrinaria 2026-07-07 (vs Coop. Politica Gral. del informe research).",Seguridad,Verificada-URL
CHL-GB-J139,171,Gabriel Boric,Chile,Completed,2024-06-17,2024-06-18,2,France,Europe,París,Bilateral,Working Visit,NA,Emmanuel Macron,Jefe de Estado/Gobierno,Cierre de gira; evento de alto nivel sobre educacion (ODS4) y bilateral con Macron.,https://www.gob.cl/noticias/presidente-gabriel-boric-encuentro-emmanuel-macron-gira-por-europa/,High,"QA-R5 2026-07-26: fecha 17-18/6/2024 confirmada exacta por multiples fuentes (gob.cl, UNESCO, Cooperativa, Infobae, La Tercera: Plenario ODS4 en UNESCO y almuerzo con Macron en el Eliseo, ambos el 17/6/2024, cierre de gira el 17-18/6). Se reemplaza fuente generica pre-viaje (comunicado.aspx?id=285010, que solo anunciaba el itinerario antes de partir) por fuente oficial que documenta especificamente el tramo Francia; se retira nota ""Fechas estimadas"" (dato ya no es estimado) y se sube confiabilidad de Medium a High.",NA,Verificada-URL
CHL-GB-J140,172,Gabriel Boric,Chile,Completed,2024-07-16,2024-07-17,2,Paraguay,South America,Asunción,Bilateral,Working Visit,NA,Santiago Peña,Jefe de Estado/Gobierno,Visita oficial; agenda comercial y Corredor Bioceanico Vial; discurso ante el Congreso.,https://cooperativa.cl/noticias/pais/presidente-boric/viajes-al-exterior/pendiente-de-la-crisis-de-seguridad-boric-inicia-su-visita-en-paraguay/2024-07-16/225224.html,High,NA,NA,Verificada-URL
CHL-GB-J141,173,Gabriel Boric,Chile,Completed,2024-09-23,2024-09-25,3,United States,North America,New York,Multilateral,Global Forum,TRUE,79ª Asamblea General de la ONU + Cumbre del Futuro,NA,Cumbre del Futuro y AGNU; bilaterales con Arevalo y Mahmoud Abbas; foro en Columbia.,https://prensa.presidencia.cl/comunicado.aspx?id=290392,High,Discurso el 24/9/2024.,Cooperación Política General,Verificada-URL
CHL-GB-J142,174,Gabriel Boric,Chile,Completed,2024-11-14,2024-11-16,3,Peru,South America,Lima,Multilateral,Global Forum,TRUE,Cumbre APEC 2024,NA,"Cumbre APEC Lima; bilaterales con Xi Jinping, Trudeau y Boluarte.",https://prensa.presidencia.cl/comunicado.aspx?id=292253,High,Parte de gira Peru-Brasil (J142).,Comercio/Integración Económica,Verificada-URL
CHL-GB-J142,175,Gabriel Boric,Chile,Completed,2024-11-16,2024-11-19,4,Brazil,South America,Río de Janeiro,Multilateral,Global Forum,TRUE,Cumbre del G20 de Río de Janeiro (invitado),NA,Cumbre del G20; bilaterales con Modi y Starmer; Alianza Global contra el Hambre.,https://prensa.presidencia.cl/comunicado.aspx?id=292513,High,Tema G20 -> Cooperacion Politica General (doctrina 5.7).,Cooperación Política General,Verificada-URL
CHL-GB-J143,176,Gabriel Boric,Chile,Completed,2025-02-03,2025-02-04,2,Uruguay,South America,Montevideo,Bilateral,Working Visit,NA,Luis Lacalle Pou / Yamandú Orsi (electo) / José Mujica,Jefe de Estado/Gobierno,"Visita de trabajo; encuentros con Lacalle Pou, Orsi (electo) y Mujica.",https://www.cnnchile.com/pais/presidente-gabriel-boric-uruguay-reunion-lacalle-orsi-pepe-mujica_20250203/,High,"Counterpart_Type-QA 2026-07-27: contraparte mixta en la misma visita (Lacalle Pou, presidente en funciones al 2025-02-03; Orsi, electo pero aun no asumido; Mujica, ex-presidente). Se mantiene default Jefe de Estado/Gobierno porque Lacalle Pou -en funciones- es la contraparte oficial primaria; revisar si el encuentro con Mujica amerita ponderacion aparte.",NA,Verificada-URL
CHL-GB-J144,177,Gabriel Boric,Chile,Completed,2025-02-28,2025-03-01,2,Uruguay,South America,Montevideo,Multilateral,Inauguration/Funeral,TRUE,Asunción de Yamandú Orsi,NA,Investidura de Orsi; bilaterales con Arce y Penia; cena de lideres progresistas.,https://www.df.cl/economia-y-politica/gobierno/boric-viaja-a-uruguay-a-transmision-del-mando-en-que-asumira-el-presidente,High,Segundo viaje a Uruguay en un mes.,Cooperación Política General,Verificada-URL
CHL-GB-J145,178,Gabriel Boric,Chile,Completed,2025-04-01,2025-04-05,5,India,Asia-Pacific,Nueva Delhi / Mumbai / Bangalore,Bilateral,State Visit,NA,Narendra Modi / Draupadi Murmu,Jefe de Estado/Gobierno,"Visita de Estado; anuncio del inicio de negociaciones del CEPA; comercio, tecnologia e innovacion.",https://prensa.presidencia.cl/comunicado.aspx?id=297935,High,Primera visita de un mandatario chileno a India en 16 anios (anterior: Bachelet 2009).,NA,Verificada-URL
CHL-GB-J146,179,Gabriel Boric,Chile,Completed,2025-04-21,2025-04-24,4,Brazil,South America,Brasília,Bilateral,State Visit,NA,Luiz Inácio Lula da Silva,Jefe de Estado/Gobierno,Visita de Estado; firma de 13 acuerdos/MOU; foro empresarial; Corredor Bioceanico.,https://www.gob.cl/noticias/visita-de-estado-brasil-presidente-gabriel-boric-firma-acuerdos-presidente-lula-da-silva/,High,Planalto reporta 13 acuerdos; conteos chilenos citan hasta 19 (discrepancia menor documentada).,NA,Verificada-URL
CHL-GB-J147,180,Gabriel Boric,Chile,Completed,2025-05-11,2025-05-12,2,Japan,Asia-Pacific,Tokio / Osaka,Bilateral,Working Visit,NA,Shigeru Ishiba,Jefe de Estado/Gobierno,Gira asiatica; reunion con Ishiba y Dia Nacional de Chile en Expo Osaka 2025.,https://www.cooperativa.cl/noticias/pais/presidente-boric/viajes-al-exterior/presidente-boric-llego-a-japon-para-iniciar-su-gira-por-asia/2025-05-10/221114.html,High,Parte de gira Japon-China (J147).,NA,Verificada-URL
CHL-GB-J147,181,Gabriel Boric,Chile,Completed,2025-05-12,2025-05-14,3,China,Asia-Pacific,Beijing,Bilateral,Working Visit,NA,Xi Jinping / IV Foro China-CELAC,Jefe de Estado/Gobierno,Segunda visita a China; bilateral con Xi; Foro China-CELAC y Foro Empresarial Chile-China.,https://www.biobiochile.cl/noticias/economia/actualidad-economica/2025/05/09/gobierno-confirma-que-boric-se-reunira-con-xi-jinping-en-china-y-detalla-agenda-del-presidente-en-asia.shtml,High,"Incluyo la IV Reunion Ministerial del Foro China-CELAC (primario: bilateral con Xi). QA-R5 2026-07-26: End_Date corregido de 2025-05-13 a 2025-05-14. Fuentes cruzadas (Cooperativa, fmprc.gov.cn -comunicado oficial cancilleria china-, emol) confirman que Boric aterrizo en Beijing el 12/5, el Foro Ministerial China-CELAC fue el 13/5 y la reunion bilateral con Xi Jinping fue el 14/5/2025 (Gran Palacio del Pueblo); regreso a Chile el 15/5. Duration_Days recalculado de 2 a 3 dias (extremos incluidos).",NA,Verificada-URL
CHL-GB-J148,182,Gabriel Boric,Chile,Completed,2025-07-06,2025-07-07,2,Brazil,South America,Río de Janeiro,Multilateral,Global Forum,TRUE,XVII Cumbre del BRICS (invitado),NA,"Participacion como invitado en la cumbre BRICS; multilateralismo, medio ambiente y salud.",https://prensa.presidencia.cl/comunicado.aspx?id=300978,High,Xi Jinping y Putin no asistieron a esta cumbre.,Cooperación Política General,Verificada-URL
CHL-GB-J149,183,Gabriel Boric,Chile,Completed,2025-09-22,2025-09-25,4,United States,North America,New York,Multilateral,Global Forum,TRUE,80ª Asamblea General de la ONU,NA,Ultima AGNU como presidente; nomino a Bachelet como candidata a secretaria general de la ONU.,https://prensa.presidencia.cl/comunicado.aspx?id=303931,High,Discurso el 23/9/2025.,Cooperación Política General,Verificada-URL
CHL-GB-J150,184,Gabriel Boric,Chile,Completed,2025-11-06,2025-11-07,2,Brazil,South America,Belém,Multilateral,Global Forum,NA,COP30 (Cumbre de Líderes),NA,Cumbre de Lideres de la COP30; sesion de transicion energetica.,https://www.elperiodista.cl/2025/11/boric-cierra-participacion-en-cop30/,Medium,Luego viajo via Iquique a Bolivia (salida fisica distinta: journey separado).,Medio Ambiente/Clima,Verificada-URL
CHL-GB-J151,185,Gabriel Boric,Chile,Completed,2025-11-07,2025-11-08,2,Bolivia,South America,La Paz,Multilateral,Inauguration/Funeral,TRUE,Asunción de Rodrigo Paz,NA,Transmision de mando de Rodrigo Paz; saludo con Paz; tenso cruce con Milei.,https://prensa.presidencia.cl/comunicado.aspx?id=306209,High,Reingreso via Iquique entre COP30 y Bolivia (fuente El Periodista): J150 y J151 son salidas separadas.,Cooperación Política General,Verificada-URL
CHL-JAK-J152,186,José Antonio Kast,Chile,Completed,2026-04-05,2026-04-06,2,Argentina,South America,Buenos Aires,Bilateral,Working Visit,NA,Javier Milei,Jefe de Estado/Gobierno,"Primer viaje internacional; comercio, energia, seguridad, mineria e integracion fronteriza; apoyo a soberania argentina sobre Malvinas.",https://www.gob.cl/noticias/presidente-jose-antonio-kast-realiza-primer-viaje-internacional-reunion-trabajo-presidente-argentina-javier-milei/,High,Llego la noche del 5/4; actividades el 6/4. Duracion recalculada (extremos incluidos).,NA,Verificada-URL
CHL-JAK-J153,187,José Antonio Kast,Chile,Completed,2026-06-29,2026-06-30,2,Paraguay,South America,Asunción,Multilateral,Regional Summit,TRUE,LXVIII Cumbre del MERCOSUR,NA,"Debut en cumbre regional; lucha coordinada contra el crimen organizado y comercio seguro; bilaterales con Penia, Lula y el canciller aleman Wadephul.",https://prensa.presidencia.cl/fotonoticia.aspx?id=333191,High,Gira Paraguay-Uruguay (J153). Duracion recalculada (extremos incluidos).,Comercio/Integración Económica,Verificada-URL
CHL-JAK-J153,188,José Antonio Kast,Chile,Completed,2026-07-01,2026-07-01,1,Uruguay,South America,Montevideo,Bilateral,Working Visit,NA,Yamandú Orsi,Jefe de Estado/Gobierno,Visita oficial; firma de dos acuerdos (firma digital; MOU Instituto Artigas-Academia Andres Bello); invitacion al Compromiso de Santiago.,https://prensa.presidencia.cl/fotonoticia.aspx?id=333293,High,Segunda etapa de J153; confirmar pernocte entre Paraguay y Uruguay (pendientes).,NA,Verificada-URL
CHL-MB2-J101,189,Michelle Bachelet,Chile,Completed,2018-02-23,2018-02-26,4,Japan,Asia-Pacific,Tokyo,Bilateral,State Visit,NA,Shinzo Abe / Emperador Akihito,Jefe de Estado/Gobierno,"Visita oficial a Japon; reunion con el PM Shinzo Abe (firma JCPP 2030, Asociacion Estrategica) y audiencia con el emperador Akihito; ultima gira internacional de su mandato.",https://www.elmostrador.cl/noticias/pais/2018/02/26/emperador-de-japon-recibe-a-la-presidenta-bachelet/,Medium,"Ultimo viaje internacional real del 2do mandato (previamente no capturado en el modulo; ver nota en Trip_ID 110/Cuba). Gira de 4 dias: PM Abe (viernes 23-feb, Kantei), Nagasaki (sabado 24-feb), emperador Akihito (lunes 26-feb, Palacio Imperial, Tokio), antes de regresar a Santiago. Fechas verificadas via El Mostrador y El Heraldo de Mexico/Notimex; coinciden en 22-26/02/2018 (no marzo 2018 como se conjeturaba en el modulo previamente).",NA,Verificada-URL
CHL-RL-J008,190,Ricardo Lagos,Chile,Completed,2001-09-09,2001-09-11,3,Portugal,Europe,Lisbon,Bilateral,State Visit,NA,Jorge Sampaio,Jefe de Estado/Gobierno,Visita de Estado a Portugal; reunion con el Presidente Jorge Sampaio. Tramo inicial de gira europea alterada por el 11-S.,https://arquivo.presidencia.pt/details?completeunitid=PT%2FPR%2FAHPR%2FCC%2FCC0218%2F003163,High,"NOTA 2026-07-21: fila agregada en tanda de revision editorial de Lagos. Tramo 1 de gira europea Portugal(9-11/09, Visita de Estado, Lisboa)->Reino Unido(11-12/09, Trip_ID 10)->Belgica(12-13/09, Trip_ID 9), interrumpida por los atentados del 11-S. Confirmado por Arquivo Historico da Presidencia da Republica Portuguesa: 'Visita de Estado a Portugal do Presidente da Republica do Chile, Ricardo Lagos, a 10 de setembro de 2001' (registro archivistico oficial PT/PR/AHPR/CC/CC0218/003163). Fechas de la estadia (9-11/09) segun nota metodologica previa del tramo Belgica.",NA,Verificada-URL
CHL-GB-J152,191,Gabriel Boric,Chile,Completed,2024-07-24,2024-07-28,5,France,Europe,París,Multilateral,Global Forum,NA,Juegos Olímpicos París 2024 (ceremonia inaugural) / Cumbre por el Deporte y el Desarrollo Sostenible (convocada por Macron),NA,Ceremonia inaugural JJOO Paris 2024 (invitacion COCh); participacion en Cumbre por el Deporte y Desarrollo Sostenible de Macron con 60+ jefes de Estado; recepcion a deportistas chilenos.,https://www.latercera.com/politica/noticia/boric-visitara-francia-para-participar-de-ceremonia-inaugural-y-actividades-oficiales-de-los-juegos-olimpicos-2024/2JB5ZOILERBUZOBSYT56OK6ADU/,Medium,"NOTA 2026-07-21: gira Francia-EAU jul-2024 (pendiente en PENDIENTES_VERIFICACION) CONFIRMADA. Clasificada Multilateral/Global Forum por la Cumbre por el Deporte y el Desarrollo Sostenible (Carrousel du Louvre, 25/7/2024, convocada por Macron y el COI; +60 jefes de Estado/Gobierno adhirieron al Acuerdo de Paris para el Deporte); la ceremonia inaugural JJOO en si misma (invitacion del Comite Olimpico de Chile, sin caracter intergubernamental) habria sido 'Other' de no mediar esa cumbre -- clasificacion combinada, ver metodologia CODEBOOK 5.6/5.7 para eventos mixtos. Fechas de estancia (24-28/7) segun La Tercera 10/7/2024, cruzado con BioBioChile y EMOL.",Otro,Verificada-URL
CHL-GB-J152,192,Gabriel Boric,Chile,Completed,2024-07-29,2024-07-30,2,United Arab Emirates,Middle East,Abu Dabi / Dubái,Bilateral,Working Visit,NA,Mohamed bin Zayed Al Nahyan,Jefe de Estado/Gobierno,"Primera visita oficial de un mandatario chileno a EAU; reunion con el presidente Mohamed bin Zayed en Qasr Al Watan; firma del CEPA (comercio, inversion, ciencia, infraestructura).",https://prensa.presidencia.cl/comunicado.aspx?id=287839,High,"NOTA 2026-07-21: gira Francia-EAU jul-2024 (pendiente en PENDIENTES_VERIFICACION) CONFIRMADA. Primer viaje de un presidente chileno a EAU (fuente cruzada: chile.gob.cl, La Tercera, BioBioChile 25/7/2024). CEPA firmado 29/7/2024 en Abu Dabi (primer TLC de Chile con un pais de Medio Oriente). Mismo Journey fisico que Francia (J152): Paris 24-28/7 -> EAU 29-30/7, regreso a Chile 31/7.",NA,Verificada-URL
CHL-GB-J132,193,Gabriel Boric,Chile,Completed,2023-09-22,2023-09-23,2,United States,North America,Washington DC,Multilateral,Working Visit,NA,Sesión del Consejo Permanente de la OEA / homenaje a Salvador Allende y Orlando Letelier (50 años del golpe),NA,Discurso ante el Consejo Permanente de la OEA; develacion de placa/arpillera a Salvador Allende en la sede de la OEA; conmemoracion de Orlando Letelier; llamado a DD.HH. en Nicaragua.,https://www.biobiochile.cl/noticias/nacional/chile/2023/09/22/nos-duele-nicaragua-boric-inaugura-placa-en-homenaje-a-allende-durante-sesion-de-la-oea.shtml,Medium,"NOTA 2026-07-21: escala en Washington 22-23/9/2023 (pendiente en PENDIENTES_VERIFICACION, tras AGNU en Nueva York) CONFIRMADA como actividad diplomatica real, no transito tecnico: Boric hablo ante el Consejo Permanente de la OEA, develo placa/arpillera en homenaje a Allende (bautizo de la entrada principal de la sede, con apoyo de 32 paises) y participo en conmemoracion de Orlando Letelier, en el marco de los 50 anios del golpe de Estado. Tramo separado del mismo Journey que Nueva York (J132; NY 19-20/9 discurso AGNU, luego Washington 22-23/9). Cruzado con La Tercera, Cooperativa, Infobae, El Mostrador, The Clinic. Tema_Foro=Derechos Humanos por analogia con foros de memoria (doctrina CODEBOOK 5.7, precedente Estocolmo 2000/Yad Vashem 2020); Visit_Subtype=Working Visit por analogia con visitas a organismos internacionales (precedente CERN/OMS, J130). Clasificacion revisable si el usuario prefiere Cooperacion Politica General (conmemoracion de Estado, doctrina Dia-D).",Derechos Humanos,Verificada-URL
CHL-RL-J028,195,Ricardo Lagos,Chile,Completed,2000-05-17,2000-05-19,3,Argentina,South America,Buenos Aires,Bilateral,State Visit,NA,Fernando de la Rúa,Jefe de Estado/Gobierno,Visita de Estado a Argentina.,https://arle.udp.cl/index.php/giras-internacionales-de-su-excelencia-el-presidente-de-la-republica-don-ricardo-lagos-y-senora-luisa-duran-de-lagos-ano-2000,High,NA,NA,Verificada-URL
CHL-RL-J029,196,Ricardo Lagos,Chile,Completed,2000-06-02,2000-06-03,2,Germany,Europe,Berlin,Multilateral,Global Forum,NA,Cumbre de Líderes Progresistas,NA,Participación en la Cumbre de Líderes Progresistas en Berlín.,https://arle.udp.cl/index.php/giras-internacionales-de-su-excelencia-el-presidente-de-la-republica-don-ricardo-lagos-y-senora-luisa-duran-de-lagos-ano-2000,High,NA,Cooperación Política General,Verificada-URL
CHL-RL-J030,197,Ricardo Lagos,Chile,Canceled,2000-06-15,2000-06-16,NA,Colombia,South America,Cartagena de Indias,Multilateral,Regional Summit,NA,XIV Cumbre del Grupo de Río,NA,Viaje cancelado a la XIV Cumbre del Grupo de Río (15-16 de junio de 2000); el programa de viaje aparece marcado como Cancelado en el archivo oficial de giras presidenciales.,https://arle.udp.cl/index.php/giras-internacionales-de-su-excelencia-el-presidente-de-la-republica-don-ricardo-lagos-y-senora-luisa-duran-de-lagos-ano-2000,High,Fechas correspondientes al programa original (cancelado).,Cooperación Política General,Verificada-URL
CHL-RL-J031,198,Ricardo Lagos,Chile,Completed,2000-07-12,2000-07-14,3,Brazil,South America,Brasília,Bilateral,State Visit,NA,Fernando Henrique Cardoso,Jefe de Estado/Gobierno,Visita de Estado a Brasil.,https://arle.udp.cl/index.php/giras-internacionales-de-su-excelencia-el-presidente-de-la-republica-don-ricardo-lagos-y-senora-luisa-duran-de-lagos-ano-2000,High,NA,NA,Verificada-URL
CHL-RL-J032,199,Ricardo Lagos,Chile,Completed,2000-08-31,2000-09-01,2,Brazil,South America,Brasília,Multilateral,Regional Summit,NA,I Reunión de Presidentes de América del Sur,NA,"Participación en la I Reunión de Presidentes de América del Sur, precursora de la Comunidad Sudamericana de Naciones.",https://arle.udp.cl/index.php/giras-internacionales-de-su-excelencia-el-presidente-de-la-republica-don-ricardo-lagos-y-senora-luisa-duran-de-lagos-ano-2000,High,NA,Cooperación Política General,Verificada-URL
CHL-RL-J033,200,Ricardo Lagos,Chile,Completed,2000-11-01,2000-11-03,3,Uruguay,South America,Montevideo,Bilateral,State Visit,NA,Jorge Batlle,Jefe de Estado/Gobierno,Visita de Estado a Uruguay.,https://arle.udp.cl/index.php/giras-internacionales-de-su-excelencia-el-presidente-de-la-republica-don-ricardo-lagos-y-senora-luisa-duran-de-lagos-ano-2000,High,NA,NA,Verificada-URL
CHL-RL-J004,201,Ricardo Lagos,Chile,Completed,2000-11-12,2000-11-12,1,New Zealand,Asia-Pacific,Wellington,Bilateral,Working Visit,NA,Helen Clark,Jefe de Estado/Gobierno,"Visita oficial a Nueva Zelanda, tramo de gira Asia-Pacífico previa a la Cumbre de Líderes de APEC en Brunei.",https://arle.udp.cl/index.php/giras-internacionales-de-su-excelencia-el-presidente-de-la-republica-don-ricardo-lagos-y-senora-luisa-duran-de-lagos-ano-2000,High,Ciudad no especificada en el programa de viaje (fuente ARLE); se registra Wellington (capital/sede de gobierno) como aproximación razonable.,NA,Verificada-URL
CHL-RL-J004,202,Ricardo Lagos,Chile,Completed,2000-11-13,2000-11-13,1,Indonesia,Asia-Pacific,Jakarta,Bilateral,Working Visit,NA,Abdurrahman Wahid,Jefe de Estado/Gobierno,"Visita oficial a Indonesia, tramo de gira Asia-Pacífico previa a la Cumbre de Líderes de APEC en Brunei.",https://arle.udp.cl/index.php/giras-internacionales-de-su-excelencia-el-presidente-de-la-republica-don-ricardo-lagos-y-senora-luisa-duran-de-lagos-ano-2000,High,NA,NA,Verificada-URL
CHL-RL-J004,203,Ricardo Lagos,Chile,Completed,2000-11-14,2000-11-14,1,Timor-Leste,Asia-Pacific,Dili,Bilateral,Working Visit,NA,Administración de Transición de las Naciones Unidas en Timor Oriental (UNTAET),Jefe de Estado/Gobierno,"Visita de trabajo a Timor Oriental, tramo de gira Asia-Pacífico previa a la Cumbre de APEC en Brunei.",https://arle.udp.cl/index.php/giras-internacionales-de-su-excelencia-el-presidente-de-la-republica-don-ricardo-lagos-y-senora-luisa-duran-de-lagos-ano-2000,High,"En noviembre de 2000 Timor Oriental se encontraba bajo administración transitoria de la ONU (UNTAET), previo a su independencia en 2002; ciudad no especificada en la fuente, se registra Dili (capital) como aproximación. | Counterpart_Type-QA 2026-07-27: la contraparte es UNTAET (administracion transitoria de la ONU), que ejercia de facto como gobierno de Timor Oriental, aun no independiente en 2000. Se mantiene default Jefe de Estado/Gobierno por asimilacion funcional (UNTAET actuaba como autoridad ejecutiva del territorio), pero es un caso atipico -actor de un organismo internacional, no un Estado soberano- que amerita revision de criterio.",NA,Verificada-URL
CHL-RL-J035,204,Ricardo Lagos,Chile,Completed,2000-11-28,2000-11-29,2,United States,North America,Seattle,Bilateral,Working Visit,NA,Empresas tecnológicas de Seattle y Silicon Valley,Otro actor no estatal,Gira de trabajo empresarial-tecnológica por Seattle y Silicon Valley.,https://arle.udp.cl/index.php/giras-internacionales-de-su-excelencia-el-presidente-de-la-republica-don-ricardo-lagos-y-senora-luisa-duran-de-lagos-ano-2000,High,El programa de viaje incluye Seattle y Silicon Valley (California); se registra Seattle como ciudad principal del tramo.,NA,Verificada-URL
CHL-RL-J036,205,Ricardo Lagos,Chile,Completed,2000-11-30,2000-12-05,6,Mexico,North America,Mexico City,Bilateral,Inauguration/Funeral,NA,Transmisión del Mando de Vicente Fox,Jefe de Estado/Gobierno,Asistencia a la asunción de Vicente Fox y visita de Estado a México.,https://arle.udp.cl/index.php/giras-internacionales-de-su-excelencia-el-presidente-de-la-republica-don-ricardo-lagos-y-senora-luisa-duran-de-lagos-ano-2000,High,NA,NA,Verificada-URL
CHL-RL-J037,206,Ricardo Lagos,Chile,Completed,2000-12-14,2000-12-15,2,Brazil,South America,Florianópolis,Multilateral,Regional Summit,NA,"XIX Cumbre de Jefes de Estado del MERCOSUR, Bolivia y Chile",NA,Participación en la XIX Cumbre de Jefes de Estado del MERCOSUR.,https://arle.udp.cl/index.php/giras-internacionales-de-su-excelencia-el-presidente-de-la-republica-don-ricardo-lagos-y-senora-luisa-duran-de-lagos-ano-2000,High,NA,Comercio/Integración Económica,Verificada-URL
CHL-RL-J038,207,Ricardo Lagos,Chile,Completed,2001-04-15,2001-04-16,2,United States,North America,Washington D.C.,Bilateral,Working Visit,NA,George W. Bush,Jefe de Estado/Gobierno,Visita de trabajo a Washington D.C.,https://arle.udp.cl/index.php/giras-internacionales-de-su-excelencia-el-presidente-de-la-republica-don-ricardo-lagos-y-senora-luisa-duran-de-lagos-ano-2001,High,NA,NA,Verificada-URL
CHL-RL-J039,208,Ricardo Lagos,Chile,Completed,2001-04-17,2001-04-19,3,France,Europe,Paris,Bilateral,Working Visit,NA,Jacques Chirac / Lionel Jospin,Jefe de Estado/Gobierno,"Visita de trabajo a Francia, previa a la Cumbre de las Américas en Quebec.",https://arle.udp.cl/index.php/giras-internacionales-de-su-excelencia-el-presidente-de-la-republica-don-ricardo-lagos-y-senora-luisa-duran-de-lagos-ano-2001,High,"Distinta de la visita bilateral a Francia de junio de 2001 (Trip_ID 7), ya cargada.",NA,Verificada-URL
CHL-RL-J040,209,Ricardo Lagos,Chile,Completed,2001-04-22,2001-04-23,2,Dominican Republic,Caribbean,Santo Domingo,Bilateral,State Visit,NA,Hipólito Mejía,Jefe de Estado/Gobierno,"Visita oficial a República Dominicana, tras la Cumbre de las Américas en Quebec.",https://arle.udp.cl/index.php/giras-internacionales-de-su-excelencia-el-presidente-de-la-republica-don-ricardo-lagos-y-senora-luisa-duran-de-lagos-ano-2001,High,NA,NA,Verificada-URL
CHL-RL-J041,210,Ricardo Lagos,Chile,Completed,2001-05-31,2001-06-03,4,Germany,Europe,Berlin,Bilateral,State Visit,NA,Johannes Rau / Gerhard Schröder,Jefe de Estado/Gobierno,"Visita oficial a Alemania, previa a la visita de Estado a España.",https://arle.udp.cl/index.php/giras-internacionales-de-su-excelencia-el-presidente-de-la-republica-don-ricardo-lagos-y-senora-luisa-duran-de-lagos-ano-2001,High,NA,NA,Verificada-URL
CHL-RL-J042,211,Ricardo Lagos,Chile,Completed,2001-06-21,2001-06-22,2,Paraguay,South America,Asunción,Multilateral,Regional Summit,NA,"Cumbre de Jefes de Estado del MERCOSUR, Bolivia y Chile",NA,Participación en la Cumbre de Jefes de Estado del MERCOSUR en Asunción.,https://arle.udp.cl/index.php/giras-internacionales-de-su-excelencia-el-presidente-de-la-republica-don-ricardo-lagos-y-senora-luisa-duran-de-lagos-ano-2001,High,NA,Comercio/Integración Económica,Verificada-URL
CHL-RL-J043,212,Ricardo Lagos,Chile,Completed,2001-10-19,2001-10-21,3,China,Asia-Pacific,Shanghai,Multilateral,Regional Summit,NA,Cumbre de Líderes de APEC,NA,Participación en la Cumbre de Líderes de APEC en Shanghái.,https://arle.udp.cl/index.php/giras-internacionales-de-su-excelencia-el-presidente-de-la-republica-don-ricardo-lagos-y-senora-luisa-duran-de-lagos-ano-2001,High,NA,Comercio/Integración Económica,Verificada-URL
CHL-RL-J043,213,Ricardo Lagos,Chile,Completed,2001-10-22,2001-10-24,3,China,Asia-Pacific,Beijing,Bilateral,State Visit,NA,Jiang Zemin,Jefe de Estado/Gobierno,"Visita de Estado a China, tras la Cumbre de Líderes de APEC en Shanghái.",https://arle.udp.cl/index.php/giras-internacionales-de-su-excelencia-el-presidente-de-la-republica-don-ricardo-lagos-y-senora-luisa-duran-de-lagos-ano-2001,High,NA,NA,Verificada-URL
CHL-RL-J044,214,Ricardo Lagos,Chile,Completed,2001-11-08,2001-11-11,4,United States,North America,New York,Multilateral,Global Forum,NA,56ª AGNU,NA,Participación en el 56° período de sesiones de la Asamblea General de la ONU.,https://arle.udp.cl/index.php/giras-internacionales-de-su-excelencia-el-presidente-de-la-republica-don-ricardo-lagos-y-senora-luisa-duran-de-lagos-ano-2001,High,NA,Cooperación Política General,Verificada-URL
CHL-RL-J045,215,Ricardo Lagos,Chile,Completed,2001-12-20,2001-12-21,2,Uruguay,South America,Montevideo,Multilateral,Regional Summit,NA,"XX Cumbre de Jefes de Estado del MERCOSUR, Bolivia y Chile",NA,Participación en la XX Cumbre de Jefes de Estado del MERCOSUR en Montevideo.,https://arle.udp.cl/index.php/giras-internacionales-de-su-excelencia-el-presidente-de-la-republica-don-ricardo-lagos-y-senora-luisa-duran-de-lagos-ano-2001,High,NA,Comercio/Integración Económica,Verificada-URL
CHL-RL-J046,216,Ricardo Lagos,Chile,Completed,2002-02-18,2002-02-18,1,Argentina,South America,Buenos Aires,Multilateral,Regional Summit,NA,"XXI Cumbre de Jefes de Estado del MERCOSUR, Bolivia y Chile",NA,Participación en la XXI Cumbre de Jefes de Estado del MERCOSUR en Buenos Aires.,https://arle.udp.cl/index.php/giras-internacionales-de-su-excelencia-el-presidente-de-la-republica-don-ricardo-lagos-y-senora-luisa-duran-de-lagos-ano-2002,High,NA,Comercio/Integración Económica,Verificada-URL
CHL-RL-J047,217,Ricardo Lagos,Chile,Completed,2002-02-21,2002-02-23,3,Sweden,Europe,Stockholm,Multilateral,Global Forum,NA,Cumbre de Líderes Progresistas,NA,Visita de trabajo a Suecia y participación en la Cumbre de Líderes Progresistas en Estocolmo.,https://arle.udp.cl/index.php/giras-internacionales-de-su-excelencia-el-presidente-de-la-republica-don-ricardo-lagos-y-senora-luisa-duran-de-lagos-ano-2002,High,NA,Cooperación Política General,Verificada-URL
CHL-RL-J047,218,Ricardo Lagos,Chile,Completed,2002-02-24,2002-02-26,3,Finland,Europe,Helsinki,Bilateral,State Visit,NA,Tarja Halonen,Jefe de Estado/Gobierno,"Visita oficial a Finlandia, tramo de gira europea.",https://arle.udp.cl/index.php/giras-internacionales-de-su-excelencia-el-presidente-de-la-republica-don-ricardo-lagos-y-senora-luisa-duran-de-lagos-ano-2002,High,NA,NA,Verificada-URL
CHL-RL-J047,219,Ricardo Lagos,Chile,Completed,2002-02-26,2002-02-28,3,Italy,Europe,Rome,Bilateral,State Visit,NA,Gobierno de Italia,Jefe de Estado/Gobierno,"Visita oficial a Italia, tramo final de gira europea (Suecia-Finlandia-Italia).",https://arle.udp.cl/index.php/giras-internacionales-de-su-excelencia-el-presidente-de-la-republica-don-ricardo-lagos-y-senora-luisa-duran-de-lagos-ano-2002,High,NA,NA,Verificada-URL
CHL-RL-J048,220,Ricardo Lagos,Chile,Completed,2002-04-11,2002-04-12,2,Costa Rica,Central America,San José,Multilateral,Regional Summit,NA,Cumbre del Grupo de Río,NA,Participación en la Cumbre del Grupo de Río en San José.,https://arle.udp.cl/index.php/giras-internacionales-de-su-excelencia-el-presidente-de-la-republica-don-ricardo-lagos-y-senora-luisa-duran-de-lagos-ano-2002,High,NA,Cooperación Política General,Verificada-URL
CHL-RL-J049,221,Ricardo Lagos,Chile,Completed,2002-05-06,2002-05-06,1,Bolivia,South America,Santa Cruz de la Sierra,Bilateral,Inauguration/Funeral,NA,Funeral del ex Presidente Hugo Banzer,Ex-mandatario/Opositor,Asistencia al funeral del ex Presidente boliviano Hugo Banzer; único Jefe de Estado extranjero presente.,https://arle.udp.cl/index.php/funeral-del-ex-mandatario-boliviano-hugo-banzer-2,High,"El programa de esta gira no se conserva en el empastado de giras 2002 del archivo ARLE (nota archivística: 'No contiene el programa de viaje del Presidente a Bolivia el 6 de mayo'); fecha y lugar confirmados por registro audiovisual de Presidencia (Noticieros Centrales, 2002-05-06).",NA,Verificada-URL
CHL-RL-J050,222,Ricardo Lagos,Chile,Completed,2002-05-15,2002-05-16,2,Vatican City,Europe,Vatican City,Bilateral,State Visit,NA,Juan Pablo II,Jefe de Estado/Gobierno,"Visita oficial a la Santa Sede, previa a la II Cumbre ALC-UE en Madrid.",https://arle.udp.cl/index.php/giras-internacionales-de-su-excelencia-el-presidente-de-la-republica-don-ricardo-lagos-y-senora-luisa-duran-de-lagos-ano-2002,High,NA,NA,Verificada-URL
CHL-RL-J051,223,Ricardo Lagos,Chile,Completed,2002-07-04,2002-07-05,2,Argentina,South America,Buenos Aires,Multilateral,Regional Summit,NA,"XXII Cumbre de Jefes de Estado del MERCOSUR, Bolivia y Chile",NA,Participación en la XXII Cumbre de Jefes de Estado del MERCOSUR en Buenos Aires.,https://arle.udp.cl/index.php/giras-internacionales-de-su-excelencia-el-presidente-de-la-republica-don-ricardo-lagos-y-senora-luisa-duran-de-lagos-ano-2002,High,NA,Comercio/Integración Económica,Verificada-URL
CHL-RL-J052,224,Ricardo Lagos,Chile,Completed,2002-07-26,2002-07-27,2,Ecuador,South America,Guayaquil,Multilateral,Regional Summit,NA,II Reunión de Presidentes de América del Sur,NA,Participación en la II Reunión de Presidentes de América del Sur en Guayaquil.,https://arle.udp.cl/index.php/giras-internacionales-de-su-excelencia-el-presidente-de-la-republica-don-ricardo-lagos-y-senora-luisa-duran-de-lagos-ano-2002,High,NA,Cooperación Política General,Verificada-URL
CHL-RL-J052,225,Ricardo Lagos,Chile,Completed,2002-07-28,2002-07-30,3,Ecuador,South America,Quito,Bilateral,State Visit,NA,Gustavo Noboa,Jefe de Estado/Gobierno,"Visita de Estado a Ecuador, tras la II Reunión de Presidentes de América del Sur en Guayaquil.",https://arle.udp.cl/index.php/giras-internacionales-de-su-excelencia-el-presidente-de-la-republica-don-ricardo-lagos-y-senora-luisa-duran-de-lagos-ano-2002,High,NA,NA,Verificada-URL
CHL-RL-J053,226,Ricardo Lagos,Chile,Completed,2002-10-02,2002-10-06,5,Russia,Europe,Moscow,Bilateral,State Visit,NA,Vladimir Putin,Jefe de Estado/Gobierno,Visita oficial a la Federación Rusa.,https://arle.udp.cl/index.php/giras-internacionales-de-su-excelencia-el-presidente-de-la-republica-don-ricardo-lagos-y-senora-luisa-duran-de-lagos-ano-2002,High,NA,NA,Verificada-URL
CHL-RL-J053,227,Ricardo Lagos,Chile,Completed,2002-10-06,2002-10-07,2,Hungary,Europe,Budapest,Bilateral,State Visit,NA,Gobierno de Hungría,Jefe de Estado/Gobierno,"Visita oficial a Hungría, tramo de gira por Europa del Este.",https://arle.udp.cl/index.php/giras-internacionales-de-su-excelencia-el-presidente-de-la-republica-don-ricardo-lagos-y-senora-luisa-duran-de-lagos-ano-2002,High,NA,NA,Verificada-URL
CHL-RL-J053,228,Ricardo Lagos,Chile,Completed,2002-10-08,2002-10-09,2,Poland,Europe,Warsaw,Bilateral,State Visit,NA,Gobierno de Polonia,Jefe de Estado/Gobierno,"Visita de Estado a Polonia, tramo final de gira por Europa del Este (Rusia-Hungría-Polonia).",https://arle.udp.cl/index.php/giras-internacionales-de-su-excelencia-el-presidente-de-la-republica-don-ricardo-lagos-y-senora-luisa-duran-de-lagos-ano-2002,High,NA,NA,Verificada-URL
CHL-RL-J014,229,Ricardo Lagos,Chile,Completed,2002-11-14,2002-11-14,1,Honduras,Central America,Tegucigalpa,Bilateral,State Visit,NA,Ricardo Maduro,Jefe de Estado/Gobierno,"Visita oficial a Honduras, previa a la XII Cumbre Iberoamericana en República Dominicana.",https://arle.udp.cl/index.php/giras-internacionales-de-su-excelencia-el-presidente-de-la-republica-don-ricardo-lagos-y-senora-luisa-duran-de-lagos-ano-2002,High,"QA-R6 2026-07-26: Journey_ID corregido de CHL-RL-J054 a CHL-RL-J014. Este tramo (Honduras, 14/11/2002) es parte de la misma salida fisica que Trip_ID 16 (Republica Dominicana, XII Cumbre Iberoamericana, 15-16/11/2002): el propio Trip_Objective de esta fila indica 'previa a la XII Cumbre Iberoamericana en Republica Dominicana', y el listado oficial de giras 2002 (ARLE-UDP) confirma Honduras 14/11 seguido de Republica Dominicana 15-16/11 como una sola gira. Journey_ID unificado con Trip_ID 16.",NA,Verificada-URL
CHL-RL-J055,230,Ricardo Lagos,Chile,Completed,2002-12-05,2002-12-06,2,Brazil,South America,Brasília,Multilateral,Regional Summit,NA,"XXIII Cumbre de Jefes de Estado del MERCOSUR, Bolivia y Chile",NA,Participación en la XXIII Cumbre de Jefes de Estado del MERCOSUR en Brasilia.,https://arle.udp.cl/index.php/giras-internacionales-de-su-excelencia-el-presidente-de-la-republica-don-ricardo-lagos-y-senora-luisa-duran-de-lagos-ano-2002,High,NA,Comercio/Integración Económica,Verificada-URL
CHL-RL-J056,231,Ricardo Lagos,Chile,Completed,2003-01-01,2003-01-01,1,Brazil,South America,Brasília,Bilateral,Inauguration/Funeral,NA,Transmisión del Mando de Luiz Inácio Lula da Silva,Jefe de Estado/Gobierno,Asistencia a la asunción de Luiz Inácio Lula da Silva.,https://arle.udp.cl/index.php/giras-internacionales-de-su-excelencia-el-presidente-de-la-republica-don-ricardo-lagos-y-senora-luisa-duran-de-lagos-ano-2003,High,NA,NA,Verificada-URL
CHL-RL-J057,232,Ricardo Lagos,Chile,Completed,2003-01-15,2003-01-15,1,Ecuador,South America,Quito,Bilateral,Inauguration/Funeral,NA,Transmisión del Mando de Lucio Gutiérrez,Jefe de Estado/Gobierno,Asistencia a la asunción de Lucio Gutiérrez.,https://arle.udp.cl/index.php/giras-internacionales-de-su-excelencia-el-presidente-de-la-republica-don-ricardo-lagos-y-senora-luisa-duran-de-lagos-ano-2003,High,NA,NA,Verificada-URL
CHL-RL-J058,233,Ricardo Lagos,Chile,Completed,2003-02-12,2003-02-15,4,Japan,Asia-Pacific,Tokyo,Bilateral,Working Visit,NA,Junichiro Koizumi,Jefe de Estado/Gobierno,"Visita de trabajo a Japón, gira asiática.",https://arle.udp.cl/index.php/giras-internacionales-de-su-excelencia-el-presidente-de-la-republica-don-ricardo-lagos-y-senora-luisa-duran-de-lagos-ano-2003,High,NA,NA,Verificada-URL
CHL-RL-J058,234,Ricardo Lagos,Chile,Completed,2003-02-15,2003-02-15,1,South Korea,Asia-Pacific,Seoul,Bilateral,Working Visit,NA,Gobierno de Corea del Sur,Jefe de Estado/Gobierno,"Visita de trabajo a Corea del Sur, tramo final de gira asiática (Japón-Corea).",https://arle.udp.cl/index.php/giras-internacionales-de-su-excelencia-el-presidente-de-la-republica-don-ricardo-lagos-y-senora-luisa-duran-de-lagos-ano-2003,High,NA,NA,Verificada-URL
CHL-RL-J059,235,Ricardo Lagos,Chile,Completed,2003-05-23,2003-05-24,2,Peru,South America,Cusco,Multilateral,Regional Summit,NA,XXII Cumbre del Grupo de Río,NA,Participación en la XXII Cumbre del Grupo de Río en Cusco.,https://arle.udp.cl/index.php/giras-internacionales-de-su-excelencia-el-presidente-de-la-republica-don-ricardo-lagos-y-senora-luisa-duran-de-lagos-ano-2003,High,NA,Cooperación Política General,Verificada-URL
CHL-RL-J060,236,Ricardo Lagos,Chile,Completed,2003-05-25,2003-05-25,1,Argentina,South America,Buenos Aires,Bilateral,Inauguration/Funeral,NA,Transmisión del Mando de Néstor Kirchner,Jefe de Estado/Gobierno,Asistencia a la asunción de Néstor Kirchner.,https://arle.udp.cl/index.php/giras-internacionales-de-su-excelencia-el-presidente-de-la-republica-don-ricardo-lagos-y-senora-luisa-duran-de-lagos-ano-2003,High,NA,NA,Verificada-URL
CHL-RL-J061,237,Ricardo Lagos,Chile,Completed,2003-06-18,2003-06-18,1,Paraguay,South America,Asunción,Multilateral,Regional Summit,NA,"XXIV Cumbre de Jefes de Estado del MERCOSUR, Bolivia y Chile",NA,Participación en la XXIV Cumbre de Jefes de Estado del MERCOSUR en Asunción.,https://arle.udp.cl/index.php/giras-internacionales-de-su-excelencia-el-presidente-de-la-republica-don-ricardo-lagos-y-senora-luisa-duran-de-lagos-ano-2003,High,NA,Comercio/Integración Económica,Verificada-URL
CHL-RL-J062,238,Ricardo Lagos,Chile,Completed,2003-07-01,2003-07-03,3,Jamaica,Caribbean,Montego Bay,Multilateral,Regional Summit,NA,Cumbre del CARICOM,NA,Participación como invitado en la Cumbre del CARICOM en Montego Bay.,https://arle.udp.cl/index.php/giras-internacionales-de-su-excelencia-el-presidente-de-la-republica-don-ricardo-lagos-y-senora-luisa-duran-de-lagos-ano-2003,High,NA,Comercio/Integración Económica,Verificada-URL
CHL-RL-J063,239,Ricardo Lagos,Chile,Completed,2003-07-10,2003-07-11,2,Ireland,Europe,Dublin,Bilateral,State Visit,NA,Mary McAleese,Jefe de Estado/Gobierno,Visita de Estado a Irlanda.,https://arle.udp.cl/index.php/giras-internacionales-de-su-excelencia-el-presidente-de-la-republica-don-ricardo-lagos-y-senora-luisa-duran-de-lagos-ano-2003,High,NA,NA,Verificada-URL
CHL-RL-J063,240,Ricardo Lagos,Chile,Completed,2003-07-12,2003-07-14,3,United Kingdom,Europe,London,Multilateral,Global Forum,NA,Cumbre de Líderes Progresistas / Tony Blair,NA,Visita de trabajo a Londres y participación en la Cumbre de Líderes Progresistas.,https://arle.udp.cl/index.php/giras-internacionales-de-su-excelencia-el-presidente-de-la-republica-don-ricardo-lagos-y-senora-luisa-duran-de-lagos-ano-2003,High,NA,Cooperación Política General,Verificada-URL
CHL-RL-J064,241,Ricardo Lagos,Chile,Completed,2003-07-15,2003-07-16,2,Canada,North America,Shawinigan,Bilateral,Working Visit,NA,Jean Chrétien,Jefe de Estado/Gobierno,Visita de trabajo a Canadá.,https://arle.udp.cl/index.php/giras-internacionales-de-su-excelencia-el-presidente-de-la-republica-don-ricardo-lagos-y-senora-luisa-duran-de-lagos-ano-2003,High,NA,NA,Verificada-URL
CHL-RL-J065,242,Ricardo Lagos,Chile,Completed,2003-08-14,2003-08-15,2,Paraguay,South America,Asunción,Bilateral,Inauguration/Funeral,NA,Transmisión del Mando de Nicanor Duarte Frutos,Jefe de Estado/Gobierno,Asistencia a la asunción de Nicanor Duarte Frutos.,https://arle.udp.cl/index.php/giras-internacionales-de-su-excelencia-el-presidente-de-la-republica-don-ricardo-lagos-y-senora-luisa-duran-de-lagos-ano-2003,High,NA,NA,Verificada-URL
CHL-RL-J066,243,Ricardo Lagos,Chile,Completed,2003-08-19,2003-08-19,1,Brazil,South America,Brasília,Bilateral,Working Visit,NA,Luiz Inácio Lula da Silva,Jefe de Estado/Gobierno,Visita de trabajo a Brasil.,https://arle.udp.cl/index.php/giras-internacionales-de-su-excelencia-el-presidente-de-la-republica-don-ricardo-lagos-y-senora-luisa-duran-de-lagos-ano-2003,High,NA,NA,Verificada-URL
CHL-RL-J067,244,Ricardo Lagos,Chile,Completed,2003-08-27,2003-08-29,3,Argentina,South America,Buenos Aires,Bilateral,State Visit,NA,Néstor Kirchner,Jefe de Estado/Gobierno,Visita de Estado a Argentina.,https://arle.udp.cl/index.php/giras-internacionales-de-su-excelencia-el-presidente-de-la-republica-don-ricardo-lagos-y-senora-luisa-duran-de-lagos-ano-2003,High,NA,NA,Verificada-URL
CHL-RL-J068,245,Ricardo Lagos,Chile,Completed,2003-12-15,2003-12-16,2,Uruguay,South America,Montevideo,Multilateral,Regional Summit,NA,"XXV Cumbre de Jefes de Estado del MERCOSUR, Bolivia y Chile",NA,Participación en la XXV Cumbre de Jefes de Estado del MERCOSUR en Montevideo.,https://arle.udp.cl/index.php/giras-internacionales-de-su-excelencia-el-presidente-de-la-republica-don-ricardo-lagos-y-senora-luisa-duran-de-lagos-ano-2003,High,NA,Comercio/Integración Económica,Verificada-URL
CHL-RL-J069,246,Ricardo Lagos,Chile,Completed,2004-01-09,2004-01-09,1,United States,North America,San Diego,Bilateral,Working Visit,NA,George W. Bush,Jefe de Estado/Gobierno,"Visita de trabajo a San Diego, previa a la Cumbre Extraordinaria de las Américas en Monterrey.",https://arle.udp.cl/index.php/giras-internacionales-de-su-excelencia-el-presidente-de-la-republica-don-ricardo-lagos-y-senora-luisa-duran-de-lagos-ano-2004,High,NA,NA,Verificada-URL
CHL-RL-J070,247,Ricardo Lagos,Chile,Completed,2004-01-26,2004-01-27,2,Denmark,Europe,Copenhagen,Bilateral,State Visit,NA,Gobierno de Dinamarca,Jefe de Estado/Gobierno,"Visita oficial a Dinamarca, tramo de gira europea de enero de 2004.",https://arle.udp.cl/index.php/giras-internacionales-de-su-excelencia-el-presidente-de-la-republica-don-ricardo-lagos-y-senora-luisa-duran-de-lagos-ano-2004,High,NA,NA,Verificada-URL
CHL-RL-J070,248,Ricardo Lagos,Chile,Completed,2004-01-28,2004-01-28,1,France,Europe,Paris,Bilateral,State Visit,NA,Jacques Chirac,Jefe de Estado/Gobierno,"Visita oficial a Francia, tramo de gira europea de enero de 2004.",https://arle.udp.cl/index.php/giras-internacionales-de-su-excelencia-el-presidente-de-la-republica-don-ricardo-lagos-y-senora-luisa-duran-de-lagos-ano-2004,High,NA,NA,Verificada-URL
CHL-RL-J070,249,Ricardo Lagos,Chile,Completed,2004-01-28,2004-01-30,3,Croatia,Europe,Zagreb,Bilateral,State Visit,NA,Stjepan Mesić / Ivo Sanader,Jefe de Estado/Gobierno,"Visita oficial a Croacia, tramo de gira europea de enero de 2004.",https://arle.udp.cl/index.php/giras-internacionales-de-su-excelencia-el-presidente-de-la-republica-don-ricardo-lagos-y-senora-luisa-duran-de-lagos-ano-2004,High,Ciudad no especificada en el programa de viaje (fuente ARLE); se registra Zagreb (capital) como aproximación razonable.,NA,Verificada-URL
CHL-RL-J070,250,Ricardo Lagos,Chile,Completed,2004-01-30,2004-01-30,1,Switzerland,Europe,Geneva,Multilateral,Global Forum,NA,Reunión de la ONU en Ginebra,NA,"Participación en reunión de Naciones Unidas en Ginebra, cierre de gira europea de enero de 2004.",https://arle.udp.cl/index.php/giras-internacionales-de-su-excelencia-el-presidente-de-la-republica-don-ricardo-lagos-y-senora-luisa-duran-de-lagos-ano-2004,High,El programa de giras ARLE no detalla el foro específico de la ONU en Ginebra.,Cooperación Política General,Verificada-URL
CHL-RL-J021,251,Ricardo Lagos,Chile,Completed,2004-04-25,2004-04-27,3,South Africa,Africa,Pretoria,Bilateral,Inauguration/Funeral,NA,Transmisión del Mando de Thabo Mbeki (segundo mandato) / 10º aniversario de la democracia,Jefe de Estado/Gobierno,Asistencia a la investidura de Thabo Mbeki y conmemoración de los 10 años del fin del apartheid; primer tramo de gira Sudáfrica-Indonesia-Singapur-Nueva Zelanda.,https://www.emol.com/noticias/nacional/2004/04/25/145881/presidente-lagos-inicia-gira-internacional.html,Medium,"Ceremonia en Union Buildings, Pretoria (27/04/2004), cruzado con SAHistory Online.",NA,Verificada-URL
CHL-RL-J021,252,Ricardo Lagos,Chile,Completed,2004-04-29,2004-05-01,3,Singapore,Asia-Pacific,Singapore,Bilateral,Working Visit,NA,S.R. Nathan / Goh Chok Tong,Jefe de Estado/Gobierno,Visita oficial a Singapur; impulso al TLC trilateral P4 (Chile-Nueva Zelanda-Singapur); tercer tramo de gira Sudáfrica-Indonesia-Singapur-Nueva Zelanda.,https://arle.udp.cl/index.php/giras-internacionales-de-su-excelencia-el-presidente-de-la-republica-don-ricardo-lagos-y-senora-luisa-duran-de-lagos-ano-2004,High,Fecha de inicio según programa oficial ARLE (29/04); Emol registra 30/04-01/05.,NA,Verificada-URL
CHL-RL-J021,253,Ricardo Lagos,Chile,Completed,2004-05-02,2004-05-04,3,New Zealand,Asia-Pacific,Wellington,Bilateral,Working Visit,NA,Helen Clark,Jefe de Estado/Gobierno,Visita oficial a Nueva Zelanda; impulso al TLC trilateral P4; tramo final de gira Sudáfrica-Indonesia-Singapur-Nueva Zelanda.,https://www.emol.com/noticias/nacional/2004/04/25/145881/presidente-lagos-inicia-gira-internacional.html,Medium,"Llegada confirmada domingo 2 de mayo por Cooperativa.cl; visita oficial de dos días. | QA-R6 2026-07-26: Source_Reliability corregida de High a Medium. La fuente citada es prensa (Emol), no un archivo/boletin oficial; se ajusta a la misma clasificacion que Trip_ID 251 (misma URL de Emol) y a la regla 5.5 del CODEBOOK (prensa cruzada = Medium).",NA,Verificada-URL
CHL-RL-J071,254,Ricardo Lagos,Chile,Completed,2004-05-13,2004-05-14,2,Paraguay,South America,Asunción,Bilateral,State Visit,NA,Nicanor Duarte Frutos,Jefe de Estado/Gobierno,Visita oficial a Paraguay.,https://arle.udp.cl/index.php/giras-internacionales-de-su-excelencia-el-presidente-de-la-republica-don-ricardo-lagos-y-senora-luisa-duran-de-lagos-ano-2004,High,NA,NA,Verificada-URL
CHL-RL-J072,255,Ricardo Lagos,Chile,Completed,2004-05-25,2004-05-27,3,Spain,Europe,Madrid,Bilateral,Working Visit,NA,José Luis Rodríguez Zapatero,Jefe de Estado/Gobierno,"Visita de trabajo a España, previa a la III Cumbre ALC-UE en Guadalajara.",https://arle.udp.cl/index.php/giras-internacionales-de-su-excelencia-el-presidente-de-la-republica-don-ricardo-lagos-y-senora-luisa-duran-de-lagos-ano-2004,High,NA,NA,Verificada-URL
CHL-RL-J073,256,Ricardo Lagos,Chile,Completed,2004-05-30,2004-05-31,2,Guatemala,Central America,Guatemala City,Bilateral,State Visit,NA,Óscar Berger,Jefe de Estado/Gobierno,Visita oficial a Guatemala.,https://arle.udp.cl/index.php/giras-internacionales-de-su-excelencia-el-presidente-de-la-republica-don-ricardo-lagos-y-senora-luisa-duran-de-lagos-ano-2004,High,NA,NA,Verificada-URL
CHL-RL-J073,257,Ricardo Lagos,Chile,Completed,2004-06-01,2004-06-01,1,El Salvador,Central America,San Salvador,Bilateral,Inauguration/Funeral,NA,Transmisión del Mando de Antonio Saca,Jefe de Estado/Gobierno,"Asistencia a la asunción de Antonio Saca, tras visita oficial a Guatemala.",https://arle.udp.cl/index.php/giras-internacionales-de-su-excelencia-el-presidente-de-la-republica-don-ricardo-lagos-y-senora-luisa-duran-de-lagos-ano-2004,High,NA,NA,Verificada-URL
CHL-RL-J074,258,Ricardo Lagos,Chile,Completed,2004-07-07,2004-07-08,2,Argentina,South America,Puerto Iguazú,Multilateral,Regional Summit,NA,"XXVI Cumbre de Jefes de Estado del MERCOSUR, Bolivia y Chile",NA,Participación en la XXVI Cumbre de Jefes de Estado del MERCOSUR en Puerto Iguazú.,https://arle.udp.cl/index.php/giras-internacionales-de-su-excelencia-el-presidente-de-la-republica-don-ricardo-lagos-y-senora-luisa-duran-de-lagos-ano-2004,High,NA,Comercio/Integración Económica,Verificada-URL
CHL-RL-J075,259,Ricardo Lagos,Chile,Completed,2004-07-19,2004-07-20,2,United States,North America,New York,Bilateral,Working Visit,NA,Actividades en Nueva York,Jefe de Estado/Gobierno,"Visita de trabajo a Nueva York, previa a gira por el Caribe (Jamaica-Haití).",https://arle.udp.cl/index.php/giras-internacionales-de-su-excelencia-el-presidente-de-la-republica-don-ricardo-lagos-y-senora-luisa-duran-de-lagos-ano-2004,High,"Counterpart_Type-QA 2026-07-27: Counterpart_Event solo registra 'Actividades en Nueva York', sin contraparte de gobierno nombrada. No se pudo determinar con las fuentes disponibles si hubo reunion bilateral formal con autoridades de EE.UU. Se mantiene default Jefe de Estado/Gobierno a la espera de verificacion adicional.",NA,Verificada-URL
CHL-RL-J075,260,Ricardo Lagos,Chile,Completed,2004-07-20,2004-07-20,1,Jamaica,Caribbean,Kingston,Bilateral,Working Visit,NA,Percival Patterson,Jefe de Estado/Gobierno,Visita de trabajo a Jamaica.,https://arle.udp.cl/index.php/giras-internacionales-de-su-excelencia-el-presidente-de-la-republica-don-ricardo-lagos-y-senora-luisa-duran-de-lagos-ano-2004,High,NA,NA,Verificada-URL
CHL-RL-J075,261,Ricardo Lagos,Chile,Completed,2004-07-20,2004-07-21,2,Haiti,Caribbean,Port-au-Prince,Bilateral,Working Visit,NA,Gobierno de transición de Haití,Jefe de Estado/Gobierno,"Visita de trabajo a Haití (Puerto Príncipe y Cabo Haitiano), en el contexto de la participación de tropas chilenas en la misión de la ONU (MINUSTAH).",https://arle.udp.cl/index.php/giras-internacionales-de-su-excelencia-el-presidente-de-la-republica-don-ricardo-lagos-y-senora-luisa-duran-de-lagos-ano-2004,High,NA,NA,Verificada-URL
CHL-RL-J076,262,Ricardo Lagos,Chile,Completed,2004-08-31,2004-08-31,1,Argentina,South America,Buenos Aires,Bilateral,Working Visit,NA,Néstor Kirchner,Jefe de Estado/Gobierno,"Visita de trabajo a Argentina, previa a la asunción de Martín Torrijos en Panamá.",https://arle.udp.cl/index.php/giras-internacionales-de-su-excelencia-el-presidente-de-la-republica-don-ricardo-lagos-y-senora-luisa-duran-de-lagos-ano-2004,High,NA,NA,Verificada-URL
CHL-RL-J076,263,Ricardo Lagos,Chile,Completed,2004-09-01,2004-09-01,1,Panama,Central America,Panama City,Bilateral,Inauguration/Funeral,NA,Transmisión del Mando de Martín Torrijos,Jefe de Estado/Gobierno,Asistencia a la asunción de Martín Torrijos.,https://arle.udp.cl/index.php/giras-internacionales-de-su-excelencia-el-presidente-de-la-republica-don-ricardo-lagos-y-senora-luisa-duran-de-lagos-ano-2004,High,NA,NA,Verificada-URL
CHL-RL-J077,264,Ricardo Lagos,Chile,Completed,2004-09-20,2004-09-22,3,United States,North America,New York,Multilateral,Global Forum,NA,59ª AGNU,NA,Participación en el 59° período de sesiones de la Asamblea General de la ONU.,https://arle.udp.cl/index.php/giras-internacionales-de-su-excelencia-el-presidente-de-la-republica-don-ricardo-lagos-y-senora-luisa-duran-de-lagos-ano-2004,High,NA,Cooperación Política General,Verificada-URL
CHL-RL-J077,265,Ricardo Lagos,Chile,Completed,2004-09-22,2004-09-22,1,Mexico,North America,Mexico City,Bilateral,Working Visit,NA,Vicente Fox,Jefe de Estado/Gobierno,"Visita de trabajo a México, tras la Asamblea General de la ONU en Nueva York.",https://arle.udp.cl/index.php/giras-internacionales-de-su-excelencia-el-presidente-de-la-republica-don-ricardo-lagos-y-senora-luisa-duran-de-lagos-ano-2004,High,NA,NA,Verificada-URL
CHL-RL-J078,266,Ricardo Lagos,Chile,Completed,2004-10-11,2004-10-11,1,Romania,Europe,Bucharest,Bilateral,State Visit,NA,Gobierno de Rumania,Jefe de Estado/Gobierno,"Visita de Estado a Rumania, tramo de gira por Europa del Este.",https://arle.udp.cl/index.php/giras-internacionales-de-su-excelencia-el-presidente-de-la-republica-don-ricardo-lagos-y-senora-luisa-duran-de-lagos-ano-2004,High,NA,NA,Verificada-URL
CHL-RL-J078,267,Ricardo Lagos,Chile,Completed,2004-10-12,2004-10-13,2,Turkey,Middle East,Ankara,Bilateral,State Visit,NA,Recep Tayyip Erdoğan / Ahmet Necdet Sezer,Jefe de Estado/Gobierno,"Visita de Estado a Turquía (Ankara e Estambul), incluye conferencia en Universidad de Bilkent.",https://arle.udp.cl/index.php/giras-internacionales-de-su-excelencia-el-presidente-de-la-republica-don-ricardo-lagos-y-senora-luisa-duran-de-lagos-ano-2004,High,NA,NA,Verificada-URL
CHL-RL-J078,268,Ricardo Lagos,Chile,Completed,2004-10-14,2004-10-15,2,Hungary,Europe,Budapest,Multilateral,Global Forum,NA,Cumbre de Líderes Progresistas,NA,"Participación en la Cumbre de Líderes Progresistas en Budapest, cierre de gira por Europa del Este.",https://arle.udp.cl/index.php/giras-internacionales-de-su-excelencia-el-presidente-de-la-republica-don-ricardo-lagos-y-senora-luisa-duran-de-lagos-ano-2004,High,NA,Cooperación Política General,Verificada-URL
CHL-RL-J079,269,Ricardo Lagos,Chile,Completed,2004-11-04,2004-11-05,2,Brazil,South America,Rio de Janeiro,Multilateral,Regional Summit,NA,Cumbre del Grupo de Río,NA,Participación en la Cumbre del Grupo de Río en Río de Janeiro.,https://arle.udp.cl/index.php/giras-internacionales-de-su-excelencia-el-presidente-de-la-republica-don-ricardo-lagos-y-senora-luisa-duran-de-lagos-ano-2004,High,NA,Cooperación Política General,Verificada-URL
CHL-RL-J080,270,Ricardo Lagos,Chile,Completed,2004-12-09,2004-12-09,1,Peru,South America,Cusco,Multilateral,Regional Summit,NA,III Cumbre Sudamericana (constitución de la Comunidad Sudamericana de Naciones),NA,"Participación en la Cumbre Sudamericana en Cusco, constitución de la Comunidad Sudamericana de Naciones.",https://arle.udp.cl/index.php/giras-internacionales-de-su-excelencia-el-presidente-de-la-republica-don-ricardo-lagos-y-senora-luisa-duran-de-lagos-ano-2004,High,NA,Cooperación Política General,Verificada-URL
CHL-RL-J081,271,Ricardo Lagos,Chile,Completed,2004-12-16,2004-12-17,2,Brazil,South America,Ouro Preto,Multilateral,Regional Summit,NA,"XXVII Cumbre de Jefes de Estado del MERCOSUR, Bolivia y Chile",NA,Participación en la XXVII Cumbre de Jefes de Estado del MERCOSUR en Ouro Preto.,https://arle.udp.cl/index.php/giras-internacionales-de-su-excelencia-el-presidente-de-la-republica-don-ricardo-lagos-y-senora-luisa-duran-de-lagos-ano-2004,High,NA,Comercio/Integración Económica,Verificada-URL
CHL-RL-J082,272,Ricardo Lagos,Chile,Completed,2005-01-16,2005-01-18,3,Egypt,Africa,Cairo,Bilateral,State Visit,NA,Hosni Mubarak,Jefe de Estado/Gobierno,"Visita de Estado a Egipto, primer tramo de gira Egipto-India-Alemania.",https://arle.udp.cl/index.php/giras-internacionales-de-su-excelencia-el-presidente-de-la-republica-don-ricardo-lagos-y-senora-luisa-duran-de-lagos-ano-2005,High,NA,NA,Verificada-URL
CHL-RL-J082,273,Ricardo Lagos,Chile,Completed,2005-01-19,2005-01-22,4,India,Asia-Pacific,New Delhi,Bilateral,State Visit,NA,A.P.J. Abdul Kalam / Manmohan Singh,Jefe de Estado/Gobierno,"Visitas de Estado y de trabajo a India (Bangalore, Nueva Delhi, Mumbai); tramo de gira Egipto-India-Alemania.",https://arle.udp.cl/index.php/giras-internacionales-de-su-excelencia-el-presidente-de-la-republica-don-ricardo-lagos-y-senora-luisa-duran-de-lagos-ano-2005,High,"El programa incluye Bangalore, Nueva Delhi y Mumbai; se registra Nueva Delhi como ciudad principal (capital).",NA,Verificada-URL
CHL-RL-J082,274,Ricardo Lagos,Chile,Completed,2005-01-23,2005-01-25,3,Germany,Europe,Berlin,Bilateral,State Visit,NA,Gerhard Schröder,Jefe de Estado/Gobierno,"Visitas de Estado y de trabajo a Alemania (Berlín, Leipzig, Frankfurt), tramo final de gira Egipto-India-Alemania.",https://arle.udp.cl/index.php/giras-internacionales-de-su-excelencia-el-presidente-de-la-republica-don-ricardo-lagos-y-senora-luisa-duran-de-lagos-ano-2005,High,"El programa incluye Berlín, Leipzig y Frankfurt; se registra Berlín como ciudad principal (capital).",NA,Verificada-URL
CHL-RL-J084,275,Ricardo Lagos,Chile,Completed,2005-02-18,2005-02-19,2,Guyana,South America,Georgetown,Multilateral,Regional Summit,NA,Cumbre del CARICOM,NA,Participación como invitado en la Cumbre del CARICOM en Georgetown; visita de Estado a Guyana.,https://arle.udp.cl/index.php/giras-internacionales-de-su-excelencia-el-presidente-de-la-republica-don-ricardo-lagos-y-senora-luisa-duran-de-lagos-ano-2005,High,NA,Comercio/Integración Económica,Verificada-URL
CHL-RL-J084,276,Ricardo Lagos,Chile,Completed,2005-02-20,2005-02-20,1,Grenada,Caribbean,St. George's,Bilateral,Working Visit,NA,Keith Mitchell,Jefe de Estado/Gobierno,"Visita de trabajo a Grenada, tramo de gira por el Caribe.",https://arle.udp.cl/index.php/giras-internacionales-de-su-excelencia-el-presidente-de-la-republica-don-ricardo-lagos-y-senora-luisa-duran-de-lagos-ano-2005,High,Ciudad no especificada en el programa de viaje (fuente ARLE); se registra St. George's (capital) como aproximación.,NA,Verificada-URL
CHL-RL-J084,277,Ricardo Lagos,Chile,Completed,2005-02-20,2005-02-20,1,Barbados,Caribbean,Bridgetown,Bilateral,Working Visit,NA,Owen Arthur,Jefe de Estado/Gobierno,"Visita de trabajo a Barbados, tramo de gira por el Caribe.",https://arle.udp.cl/index.php/giras-internacionales-de-su-excelencia-el-presidente-de-la-republica-don-ricardo-lagos-y-senora-luisa-duran-de-lagos-ano-2005,High,Ciudad no especificada en el programa de viaje (fuente ARLE); se registra Bridgetown (capital) como aproximación.,NA,Verificada-URL
CHL-RL-J084,278,Ricardo Lagos,Chile,Completed,2005-02-22,2005-02-22,1,Trinidad and Tobago,Caribbean,Port of Spain,Bilateral,State Visit,NA,George Maxwell Richards / Patrick Manning,Jefe de Estado/Gobierno,"Visita de Estado a Trinidad y Tobago, tramo final de gira por el Caribe.",https://arle.udp.cl/index.php/giras-internacionales-de-su-excelencia-el-presidente-de-la-republica-don-ricardo-lagos-y-senora-luisa-duran-de-lagos-ano-2005,High,NA,NA,Verificada-URL
CHL-RL-J085,279,Ricardo Lagos,Chile,Completed,2005-04-18,2005-04-18,1,Brazil,South America,São Paulo,Bilateral,Working Visit,NA,Actividades en São Paulo,Jefe de Estado/Gobierno,Visita de trabajo a São Paulo.,https://arle.udp.cl/index.php/giras-internacionales-de-su-excelencia-el-presidente-de-la-republica-don-ricardo-lagos-y-senora-luisa-duran-de-lagos-ano-2005,High,"Counterpart_Type-QA 2026-07-27: Counterpart_Event solo registra 'Actividades en Sao Paulo', sin contraparte de gobierno nombrada. No se pudo determinar con las fuentes disponibles si hubo reunion bilateral formal con autoridades de Brasil. Se mantiene default Jefe de Estado/Gobierno a la espera de verificacion adicional.",NA,Verificada-URL
CHL-RL-J086,280,Ricardo Lagos,Chile,Completed,2005-04-20,2005-04-21,2,Venezuela,South America,Caracas,Bilateral,State Visit,NA,Hugo Chávez,Jefe de Estado/Gobierno,Visita oficial a Venezuela.,https://arle.udp.cl/index.php/giras-internacionales-de-su-excelencia-el-presidente-de-la-republica-don-ricardo-lagos-y-senora-luisa-duran-de-lagos-ano-2005,High,NA,NA,Verificada-URL
CHL-RL-J086,281,Ricardo Lagos,Chile,Completed,2005-04-21,2005-04-21,1,Colombia,South America,Bogotá,Bilateral,Working Visit,NA,Álvaro Uribe,Jefe de Estado/Gobierno,"Visita de trabajo a Colombia, tras la visita oficial a Venezuela.",https://arle.udp.cl/index.php/giras-internacionales-de-su-excelencia-el-presidente-de-la-republica-don-ricardo-lagos-y-senora-luisa-duran-de-lagos-ano-2005,High,NA,NA,Verificada-URL
CHL-RL-J087,282,Ricardo Lagos,Chile,Completed,2005-05-10,2005-05-11,2,Brazil,South America,Brasília,Multilateral,Regional Summit,NA,Cumbre de Países Árabes y Sudamericanos (ASPA),NA,Participación en la I Cumbre de Países Árabes y Sudamericanos (ASPA) en Brasilia.,https://arle.udp.cl/index.php/giras-internacionales-de-su-excelencia-el-presidente-de-la-republica-don-ricardo-lagos-y-senora-luisa-duran-de-lagos-ano-2005,High,NA,Comercio/Integración Económica,Verificada-URL
CHL-RL-J088,283,Ricardo Lagos,Chile,Completed,2005-05-14,2005-05-15,2,United States,North America,Durham,Bilateral,Working Visit,NA,Universidad de Duke,Premio/Distinción/Honor académico,"Visita a la Universidad de Duke, Carolina del Norte.",https://arle.udp.cl/index.php/giras-internacionales-de-su-excelencia-el-presidente-de-la-republica-don-ricardo-lagos-y-senora-luisa-duran-de-lagos-ano-2005,High,"Ciudad no especificada en el programa (fuente ARLE dice 'North Carolina'); se registra Durham, sede de Duke University.",NA,Verificada-URL
CHL-RL-J089,284,Ricardo Lagos,Chile,Completed,2005-06-12,2005-06-14,3,Sweden,Europe,Stockholm,Bilateral,State Visit,NA,Göran Persson,Jefe de Estado/Gobierno,Visita oficial a Suecia.,https://arle.udp.cl/index.php/giras-internacionales-de-su-excelencia-el-presidente-de-la-republica-don-ricardo-lagos-y-senora-luisa-duran-de-lagos-ano-2005,High,NA,NA,Verificada-URL
CHL-RL-J090,285,Ricardo Lagos,Chile,Completed,2005-06-20,2005-06-20,1,Paraguay,South America,Asunción,Multilateral,Regional Summit,NA,"XXVIII Cumbre de Jefes de Estado del MERCOSUR, Bolivia y Chile",NA,Participación en la XXVIII Cumbre de Jefes de Estado del MERCOSUR en Asunción.,https://arle.udp.cl/index.php/giras-internacionales-de-su-excelencia-el-presidente-de-la-republica-don-ricardo-lagos-y-senora-luisa-duran-de-lagos-ano-2005,High,NA,Comercio/Integración Económica,Verificada-URL
CHL-RL-J091,286,Ricardo Lagos,Chile,Completed,2005-06-28,2005-06-29,2,Panama,Central America,Panama City,Bilateral,State Visit,NA,Martín Torrijos,Jefe de Estado/Gobierno,Visita oficial a Panamá.,https://arle.udp.cl/index.php/giras-internacionales-de-su-excelencia-el-presidente-de-la-republica-don-ricardo-lagos-y-senora-luisa-duran-de-lagos-ano-2005,High,NA,NA,Verificada-URL
CHL-RL-J092,287,Ricardo Lagos,Chile,Completed,2005-07-13,2005-07-15,3,Australia,Asia-Pacific,Canberra,Bilateral,State Visit,NA,John Howard,Jefe de Estado/Gobierno,Visita oficial a Australia (Canberra y Sydney).,https://arle.udp.cl/index.php/giras-internacionales-de-su-excelencia-el-presidente-de-la-republica-don-ricardo-lagos-y-senora-luisa-duran-de-lagos-ano-2005,High,NA,NA,Verificada-URL
CHL-RL-J093,288,Ricardo Lagos,Chile,Completed,2005-09-01,2005-09-03,3,Colombia,South America,Bogotá,Bilateral,State Visit,NA,Álvaro Uribe,Jefe de Estado/Gobierno,Visita de Estado a Colombia (Bogotá y Cartagena de Indias).,https://arle.udp.cl/index.php/giras-internacionales-de-su-excelencia-el-presidente-de-la-republica-don-ricardo-lagos-y-senora-luisa-duran-de-lagos-ano-2005,High,NA,NA,Verificada-URL
CHL-RL-J094,289,Ricardo Lagos,Chile,Completed,2005-09-14,2005-09-17,4,United States,North America,New York,Multilateral,Global Forum,NA,60ª AGNU / Clinton Global Initiative,NA,Participación en el 60° período de sesiones de la Asamblea General de la ONU y en la Clinton Global Initiative.,https://arle.udp.cl/index.php/giras-internacionales-de-su-excelencia-el-presidente-de-la-republica-don-ricardo-lagos-y-senora-luisa-duran-de-lagos-ano-2005,High,NA,Cooperación Política General,Verificada-URL
CHL-RL-J095,290,Ricardo Lagos,Chile,Completed,2005-09-29,2005-09-30,2,Brazil,South America,Brasília,Multilateral,Regional Summit,NA,II Cumbre Sudamericana (Comunidad Sudamericana de Naciones),NA,Participación en la II Cumbre Sudamericana en Brasilia.,https://arle.udp.cl/index.php/giras-internacionales-de-su-excelencia-el-presidente-de-la-republica-don-ricardo-lagos-y-senora-luisa-duran-de-lagos-ano-2005,High,NA,Cooperación Política General,Verificada-URL
CHL-RL-J096,291,Ricardo Lagos,Chile,Completed,2005-10-06,2005-10-06,1,United States,North America,New York,Multilateral,Global Forum,NA,Council of the Americas,NA,Participación en foro del Council of the Americas en Nueva York.,https://arle.udp.cl/index.php/giras-internacionales-de-su-excelencia-el-presidente-de-la-republica-don-ricardo-lagos-y-senora-luisa-duran-de-lagos-ano-2005,High,NA,Comercio/Integración Económica,Verificada-URL
CHL-RL-J024,292,Ricardo Lagos,Chile,Completed,2005-10-11,2005-10-11,1,United Kingdom,Europe,London,Bilateral,Working Visit,NA,Tony Blair,Jefe de Estado/Gobierno,"Visita de trabajo a Londres, previa a la XV Cumbre Iberoamericana en Salamanca.",https://arle.udp.cl/index.php/giras-internacionales-de-su-excelencia-el-presidente-de-la-republica-don-ricardo-lagos-y-senora-luisa-duran-de-lagos-ano-2005,High,NA,NA,Verificada-URL
CHL-RL-J024,293,Ricardo Lagos,Chile,Completed,2005-10-12,2005-10-13,2,Spain,Europe,Madrid,Bilateral,Working Visit,NA,José Luis Rodríguez Zapatero,Jefe de Estado/Gobierno,"Visita de trabajo a Madrid, previa a la XV Cumbre Iberoamericana en Salamanca.",https://arle.udp.cl/index.php/giras-internacionales-de-su-excelencia-el-presidente-de-la-republica-don-ricardo-lagos-y-senora-luisa-duran-de-lagos-ano-2005,High,NA,NA,Verificada-URL
CHL-RL-J098,294,Ricardo Lagos,Chile,Completed,2005-10-21,2005-10-23,3,Vatican City,Europe,Vatican City,Bilateral,State Visit,NA,Canonización del Padre Alberto Hurtado (Benedicto XVI),Otro actor no estatal,Asistencia a la canonización de San Alberto Hurtado en el Vaticano.,https://arle.udp.cl/index.php/giras-internacionales-de-su-excelencia-el-presidente-de-la-republica-don-ricardo-lagos-y-senora-luisa-duran-de-lagos-ano-2005,High,NA,NA,Verificada-URL
CHL-RL-J098,295,Ricardo Lagos,Chile,Completed,2005-10-24,2005-10-25,2,France,Europe,Strasbourg,Bilateral,Working Visit,NA,Parlamento Europeo / actividades en Estrasburgo,Otro actor no estatal,"Visita de trabajo a Estrasburgo, tras la canonización del Padre Hurtado en el Vaticano.",https://arle.udp.cl/index.php/giras-internacionales-de-su-excelencia-el-presidente-de-la-republica-don-ricardo-lagos-y-senora-luisa-duran-de-lagos-ano-2005,High,NA,NA,Verificada-URL
CHL-RL-J098,296,Ricardo Lagos,Chile,Completed,2005-10-25,2005-10-25,1,Spain,Europe,Salamanca,Bilateral,Working Visit,NA,Universidad de Salamanca,Premio/Distinción/Honor académico,"Actividad académica en la Universidad de Salamanca, cierre de gira Vaticano-Estrasburgo-Salamanca.",https://arle.udp.cl/index.php/giras-internacionales-de-su-excelencia-el-presidente-de-la-republica-don-ricardo-lagos-y-senora-luisa-duran-de-lagos-ano-2005,High,Distinta de la visita a Salamanca del 14-15 de octubre por la XV Cumbre Iberoamericana (Trip_ID 26).,NA,Verificada-URL
CHL-RL-J099,297,Ricardo Lagos,Chile,Completed,2005-12-01,2005-12-01,1,Ecuador,South America,Quito,Bilateral,State Visit,NA,Alfredo Palacio,Jefe de Estado/Gobierno,Visita oficial a Ecuador.,https://arle.udp.cl/index.php/giras-internacionales-de-su-excelencia-el-presidente-de-la-republica-don-ricardo-lagos-y-senora-luisa-duran-de-lagos-ano-2005,High,NA,NA,Verificada-URL
CHL-RL-J099,298,Ricardo Lagos,Chile,Completed,2005-12-01,2005-12-02,2,Mexico,North America,Veracruz,Bilateral,Working Visit,NA,Vicente Fox,Jefe de Estado/Gobierno,"Visita de trabajo a Veracruz, tras la visita oficial a Ecuador.",https://arle.udp.cl/index.php/giras-internacionales-de-su-excelencia-el-presidente-de-la-republica-don-ricardo-lagos-y-senora-luisa-duran-de-lagos-ano-2005,High,NA,NA,Verificada-URL
CHL-RL-J100,299,Ricardo Lagos,Chile,Completed,2005-12-08,2005-12-09,2,Uruguay,South America,Montevideo,Multilateral,Regional Summit,NA,"XXIX Cumbre de Jefes de Estado del MERCOSUR, Bolivia y Chile",NA,Participación en la XXIX Cumbre de Jefes de Estado del MERCOSUR en Montevideo; último viaje multilateral del mandato.,https://arle.udp.cl/index.php/giras-internacionales-de-su-excelencia-el-presidente-de-la-republica-don-ricardo-lagos-y-senora-luisa-duran-de-lagos-ano-2005,High,NA,Comercio/Integración Económica,Verificada-URL
CHL-MB1-J054,300,Michelle Bachelet,Chile,Completed,2007-03-18,2007-03-19,2,Guatemala,Central America,Guatemala City,Multilateral,Regional Summit,TRUE,XLVIII Asamblea de Gobernadores del BID / Óscar Berger,NA,Inauguración de la Asamblea de Gobernadores del BID en Guatemala; suscripción de acuerdo de cooperación Chile-BID; reunión bilateral con Óscar Berger y doctorado honoris causa (Universidad de San Carlos).,https://www.cooperativa.cl/noticias/pais/michelle-bachelet/viajes-al-exterior/presidenta-bachelet-llego-a-guatemala-en-su-visita-oficial-de-dos-dias/2007-03-18/111907.html,Medium,Primer tramo de gira Guatemala-México-Panamá.,Comercio/Integración Económica,Verificada-URL
CHL-MB1-J054,301,Michelle Bachelet,Chile,Completed,2007-03-19,2007-03-21,3,Mexico,North America,Mexico City,Bilateral,State Visit,NA,Felipe Calderón,Jefe de Estado/Gobierno,Visita de Estado a México; instalación del Consejo de Asociación del Acuerdo de Asociación Estratégica Chile-México.,https://www.chile.gob.cl/mexico/relacion-bilateral/relaciones-bilaterales/visitas-reciprocas-y-reuniones-entre-los-presidentes-de-chile-y-mexico/visitas-reciprocas-y-reuniones-entre-los-presidentes-de-chile-y-mexico,High,Segundo tramo de gira Guatemala-México-Panamá.,NA,Verificada-URL
CHL-MB1-J054,302,Michelle Bachelet,Chile,Completed,2007-03-21,2007-03-22,2,Panama,Central America,Panama City,Bilateral,State Visit,NA,Martín Torrijos,Jefe de Estado/Gobierno,Visita oficial a Panamá; TLC bilateral y ampliación del Canal de Panamá; discurso ante la Asamblea Nacional. Tramo final de gira Guatemala-México-Panamá.,https://www.emol.com/noticias/nacional/2007/03/22/249978/presidenta-bachelet-inicia-visita-oficial-a-panama.html,Medium,NA,NA,Verificada-URL
CHL-MB1-J055,303,Michelle Bachelet,Chile,Completed,2006-09-19,2006-09-20,2,United States,North America,New York,Multilateral,Global Forum,NA,61ª AGNU,NA,Primer discurso de Bachelet ante la Asamblea General de la ONU; homenaje a Orlando Letelier a 30 años de su asesinato.,https://cooperativa.cl/noticias/pais/michelle-bachelet/viajes-al-exterior/homenaje-a-letelier-y-compromiso-con-dd-hh-marcaron-discurso-de/2006-09-20/112934.html,Medium,Fecha del discurso inferida de la crónica publicada el 20/09/2006 (miércoles) que reporta el discurso del día anterior.,Cooperación Política General,Verificada-URL
CHL-MB1-J056,304,Michelle Bachelet,Chile,Completed,2007-05-29,2007-05-30,2,Finland,Europe,Helsinki,Bilateral,State Visit,NA,Gobierno de Finlandia,Jefe de Estado/Gobierno,"Visita oficial a Finlandia, primer tramo de gira nórdica (Finlandia-Noruega-Suiza).",https://www.swissinfo.ch/spa/demografia/la-presidenta-de-chile-michelle-bachelet-en-suiza/5925400,Medium,Fecha de término estimada (no especificada en la fuente); inicio de gira confirmado martes 29/05/2007 en Helsinki.,NA,Verificada-URL
CHL-MB1-J056,305,Michelle Bachelet,Chile,Completed,2007-05-30,2007-05-31,2,Norway,Europe,Oslo,Bilateral,State Visit,NA,Gobierno de Noruega,Jefe de Estado/Gobierno,"Visita oficial a Noruega, tramo intermedio de gira nórdica (Finlandia-Noruega-Suiza).",https://www.swissinfo.ch/spa/demografia/la-presidenta-de-chile-michelle-bachelet-en-suiza/5925400,Medium,Fechas estimadas por continuidad itineraria (llegada a Zúrich confirmada el viernes 01/06 procedente de Oslo).,NA,Verificada-URL
CHL-MB1-J056,306,Michelle Bachelet,Chile,Completed,2007-06-01,2007-06-04,4,Switzerland,Europe,Bern,Bilateral,State Visit,NA,Micheline Calmy-Rey (Consejo Federal suizo),Jefe de Estado/Gobierno,"Visita de Estado a Suiza (única visita de Estado que recibe Suiza ese año); incluye Ginebra (EPFL, CICR), conferencia de la OIT y sesión extraordinaria del Consejo de Derechos Humanos de la ONU. Tramo final de gira nórdica.",https://www.swissinfo.ch/spa/demografia/la-presidenta-de-chile-michelle-bachelet-en-suiza/5925400,Medium,Llegada a Zúrich confirmada viernes 01/06/2007; participación en conferencia OIT y sesión extraordinaria del Consejo de DD.HH. el lunes 04/06.,NA,Verificada-URL
CHL-MB1-J057,307,Michelle Bachelet,Chile,Completed,2008-09-23,2008-09-24,2,United States,North America,New York,Multilateral,Global Forum,NA,63ª AGNU,NA,Participación en el 63° período de sesiones de la Asamblea General de la ONU.,https://www.un.org/es/ga/president/63/statements/statements.shtml,Medium,Fecha estimada según apertura del debate general de la 63ª AGNU (23/09/2008); no se confirmó fecha exacta de la intervención de Bachelet.,Cooperación Política General,Verificada-URL
CHL-MB1-J058,308,Michelle Bachelet,Chile,Completed,2009-06-01,2009-06-01,1,El Salvador,Central America,San Salvador,Bilateral,Inauguration/Funeral,NA,Transmisión del Mando de Mauricio Funes,Jefe de Estado/Gobierno,"Asistencia a la asunción de Mauricio Funes, primer presidente del FMLN en El Salvador.",https://es.wikipedia.org/wiki/Investidura_presidencial_de_Mauricio_Funes,Medium,NA,NA,Verificada-URL
CHL-MB1-J059,309,Michelle Bachelet,Chile,Completed,2009-06-24,2009-06-25,2,Mexico,North America,Mexico City,Bilateral,State Visit,NA,Felipe Calderón,Jefe de Estado/Gobierno,"Visita oficial a México con delegación de ministros de Relaciones Exteriores, Economía, Justicia y Agricultura.",https://www.chile.gob.cl/mexico/relacion-bilateral/relaciones-bilaterales/visitas-reciprocas-y-reuniones-entre-los-presidentes-de-chile-y-mexico/visitas-reciprocas-y-reuniones-entre-los-presidentes-de-chile-y-mexico,High,NA,NA,Verificada-URL
CHL-MB1-J060,310,Michelle Bachelet,Chile,Completed,2009-08-10,2009-08-10,1,Ecuador,South America,Quito,Multilateral,Regional Summit,NA,III Reunión Ordinaria de UNASUR (traspaso de presidencia pro tempore a Rafael Correa),NA,"Participación en la III Reunión Ordinaria de UNASUR en Quito, donde Bachelet traspasó la presidencia pro tempore a Rafael Correa; coincide con la segunda asunción de Correa bajo la nueva Constitución.",https://www.diariodecuyo.com.ar/argentina/Cristina-llego-a-Ecuador-para-la-asuncion-de-Rafael-Correa-20090809-0027.html,Medium,"QA-R7 2026-07-26: fuente original (archivonacional.cl) resultó ser un discurso de Bachelet en su SEGUNDO mandato, 04-12-2014, sobre el traspaso de secretaría general de UNASUR a Ernesto Samper -no correspondía al evento de agosto 2009-. Reemplazada por crónica de Diario de Cuyo (09/08/2009) que confirma fecha, sede (Quito, Convento de San Agustín) y el traspaso de presidencia pro tempore de Bachelet a Correa el 10/08/2009.",Cooperación Política General,Verificada-URL
CHL-MB1-J061,311,Michelle Bachelet,Chile,Completed,2009-12-17,2009-12-17,1,Denmark,Europe,Copenhagen,Multilateral,Global Forum,NA,COP15 - XV Conferencia de las Partes de la CMNUCC,NA,Discurso de Bachelet en el segmento de alto nivel de la COP15 sobre cambio climático y multilateralismo.,https://speechbank.un.org/sites/default/files/2023-03/sp_00015_chi_unfccc_cop15_2009.pdf,High,Fecha del discurso confirmada (17/12/2009); fechas exactas de llegada/salida de la comitiva no confirmadas con fuente adicional.,Medio Ambiente/Clima,Verificada-URL
CHL-SP1-J068,312,Sebastián Piñera,Chile,Completed,2012-06-18,2012-06-19,2,Mexico,North America,Los Cabos,Multilateral,Global Forum,NA,Cumbre del G20,NA,"Participación como país invitado en la Cumbre del G20 en Los Cabos; Chile fue uno de los seis países invitados junto a Colombia, España, Benín, Camboya y Etiopía. Primer tramo de gira que continuó a la Conferencia Río+20 en Brasil.",https://en.wikipedia.org/wiki/2012_G20_Los_Cabos_summit,Medium,Cruzado con La Tercera ('Piñera asegura que se creó un clima de mayor diálogo... cumbre del G20') y Cancillería de Colombia; no se halló comunicado directo de prensa.presidencia.cl con URL consultable.,Cooperación Política General,Verificada-URL
CHL-SP1-J077,313,Sebastián Piñera,Chile,Completed,2010-05-25,2010-05-25,1,Argentina,South America,Buenos Aires,Bilateral,Inauguration/Funeral,NA,Bicentenario de la Independencia de Argentina / Cristina Fernández de Kirchner,Jefe de Estado/Gobierno,Presidió la delegación chilena en los festejos del Bicentenario argentino; participó en la inauguración de la Galería Patriotas Latinoamericanos en la Casa Rosada junto a otros jefes de Estado.,https://www.minrel.gob.cl/minrel/site/docs/20250624/20250624125818/memoria_2010__rev_abril_2014_.pdf,High,"Fuente: Memoria MINREL 2010, capítulo Argentina, ítem b (viajó acompañado del Canciller Moreno y el Ministro de Defensa Ravinet).",NA,Verificada-URL
CHL-SP1-J078,314,Sebastián Piñera,Chile,Completed,2010-10-28,2010-10-28,1,Argentina,South America,Buenos Aires,Bilateral,Inauguration/Funeral,NA,Funeral de Néstor Kirchner,Ex-mandatario/Opositor,"Viajó junto a la Primera Dama Cecilia Morel, el Canciller Moreno y los presidentes del Senado y la Cámara de Diputados para participar en las exequias del ex Presidente Néstor Kirchner; Chile decretó tres días de duelo nacional.",https://www.minrel.gob.cl/minrel/site/docs/20250624/20250624125818/memoria_2010__rev_abril_2014_.pdf,High,"Fuente: Memoria MINREL 2010, capítulo Argentina, ítem c.",NA,Verificada-URL
CHL-SP1-J079,315,Sebastián Piñera,Chile,Completed,2011-01-01,2011-01-01,1,Brazil,South America,Brasília,Bilateral,Inauguration/Funeral,NA,Asunción de Dilma Rousseff,Jefe de Estado/Gobierno,Asistió a la ceremonia de transmisión del mando presidencial de Dilma Rousseff en Brasilia; en la misma jornada se reunió con el presidente de la ANP Mahmud Abbas y la Secretaria de Estado de EE.UU. Hillary Clinton.,https://www.emol.com/noticias/Internacional/2024/02/07/1120993/muerte-sebastian-pinera-hitos-internacionales.html,Medium,Corroborado por síntesis de Wikipedia 'Anexo:Chile en 2011' (vía búsqueda); no se halló mención explícita en el capítulo Brasil de la Memoria MINREL 2011 (posible omisión editorial de esa fuente).,NA,Verificada-URL
CHL-SP1-J060,316,Sebastián Piñera,Chile,Completed,2011-03-01,2011-03-02,2,Italy,Europe,Rome,Bilateral,Working Visit,NA,Silvio Berlusconi / Giorgio Napolitano,Jefe de Estado/Gobierno,"Visita oficial a Roma; reuniones con el Primer Ministro Berlusconi y el Presidente Napolitano; anuncio de agenda de negocios y acuerdos en materia universitaria, energética y de diseño industrial. Primer tramo de gira por Italia-Vaticano-Israel-Palestina-Jordania-España.",https://www.eldinamo.cl/pais/2011/02/28/la-entrevista-pinera-que-berlusconi-no-debiera-leer/,Medium,Fecha de inicio estimada: informador.mx (27-feb-2011) señala que la gira 'inicia este martes' (1-mar-2011); no se confirmó día exacto de salida hacia Ciudad del Vaticano.,NA,Verificada-URL
CHL-SP1-J060,317,Sebastián Piñera,Chile,Completed,2011-03-03,2011-03-03,1,Vatican City,Europe,Vatican City,Bilateral,Working Visit,NA,Papa Benedicto XVI,Jefe de Estado/Gobierno,Audiencia con el Papa Benedicto XVI en el marco de la gira europea/Medio Oriente; conversaron sobre una eventual visita papal a Chile.,https://www.informador.mx/Internacional/Conversara-Pinera-con-el-Papa-sobre-eventual-visita-a-Chile-20110227-0066.html,Medium,Fecha estimada: mismo día de la llegada a Israel según El Dínamo (3-mar-2011); la crónica previa de El Mercurio (27-feb-2011) anunciaba el encuentro papal para 'el próximo jueves' (3-mar-2011).,NA,Verificada-URL
CHL-SP1-J060,318,Sebastián Piñera,Chile,Completed,2011-03-03,2011-03-06,4,Israel,Middle East,Jerusalem,Bilateral,State Visit,NA,Benjamín Netanyahu / Simón Peres,Jefe de Estado/Gobierno,"Primera visita de un Jefe de Estado chileno a Israel; aterrizó en Ben Gurión, recorrió sitios religiosos de Jerusalén y se reunió con el Primer Ministro Netanyahu y el Presidente Peres; firmó acuerdos de cooperación y de intercambio cultural.",https://www.eldinamo.cl/pais/2011/03/03/pinera-inicia-la-primera-visita-de-un-presidente-chileno-israel/,High,"Itinerario diario (llegada 3-mar, Jerusalén 4-mar, Cisjordania 5-mar, Netanyahu/Peres 6-mar) según El Dínamo, 3-mar-2011; el 5-mar corresponde a la escala en Palestina (ver fila separada).",NA,Verificada-URL
CHL-SP1-J060,319,Sebastián Piñera,Chile,Completed,2011-03-05,2011-03-05,1,Palestine,Middle East,Ramallah,Bilateral,State Visit,NA,Mahmud Abás,Jefe de Estado/Gobierno,"Visita a Cisjordania (Ramallah) en el marco de la gira a Israel; se reunió con el Presidente de la Autoridad Nacional Palestina, Mahmud Abás, con quien firmó un acuerdo marco de cooperación.",https://www.eldinamo.cl/pais/2011/03/03/pinera-inicia-la-primera-visita-de-un-presidente-chileno-israel/,High,NA,NA,Verificada-URL
CHL-SP1-J060,320,Sebastián Piñera,Chile,Completed,2011-03-06,2011-03-07,2,Jordan,Middle East,Amman,Bilateral,Working Visit,NA,Gobierno de Jordania,Jefe de Estado/Gobierno,"Escala de trabajo en Jordania, penúltimo tramo de la gira a Medio Oriente, previo a continuar viaje hacia España.",https://www.eldinamo.cl/pais/2011/03/03/pinera-inicia-la-primera-visita-de-un-presidente-chileno-israel/,Medium,Fechas estimadas (partió hacia Jordania la tarde del 6-mar según El Dínamo); no se halló crónica de actividades específicas en Jordania ni fecha exacta de salida hacia España.,NA,Verificada-URL
CHL-SP1-J060,321,Sebastián Piñera,Chile,Completed,2011-03-07,2011-03-09,3,Spain,Europe,Madrid,Bilateral,State Visit,NA,Rey Juan Carlos I / José Luis Rodríguez Zapatero,Jefe de Estado/Gobierno,Visita de Estado a España; recibido por los Reyes con cena oficial; reunión con el Presidente del Gobierno Zapatero; visita al Congreso de los Diputados. Último tramo de la gira Italia-Vaticano-Israel-Palestina-Jordania-España.,https://www.exteriores.gob.es/es/Comunicacion/NotasPrensa/Paginas/Articulos/Comunicado238.aspx,High,"Fuente: comunicado 19-2011 del Ministerio de Asuntos Exteriores de España ('Visita de Estado del Presidente de Chile'), indexado por buscador; el render directo del documento no fue posible en este entorno de trabajo.",NA,Verificada-URL
CHL-SP1-J080,322,Sebastián Piñera,Chile,Completed,2011-07-07,2011-07-10,4,Mexico,North America,Mexico City,Bilateral,State Visit,NA,Felipe Calderón,Jefe de Estado/Gobierno,Visita de Estado a México; viajó junto al Canciller Alfredo Moreno.,https://www.minrel.gob.cl/minrel/site/docs/20250624/20250624125818/memoria_minrel_2011_2.pdf,High,"'Entre el 7 y el 10 de julio, se llevó a cabo una Visita de Estado del Presidente Sebastián Piñera a México' (Memoria MINREL 2011, cap. México). Otra fuente (chile.gob.cl, cronología bilateral) da fechas 8-9 de julio; se prioriza la Memoria oficial por ser fuente primaria. CORREGIDO (2026-07-22): se retiró la mención a un 'seminario tecnológico previo en EE.UU.' del Trip_Objective (candidato residual de Tanda 3, sin ciudad ni fuente). Investigación dedicada: la Memoria MINREL 2011 (fuente primaria, capítulo Estados Unidos) NO registra ninguna visita de Piñera a EE.UU. en julio de 2011 (solo la de sept-2011, AGNU + Massachusetts). El unico hallazgo de un 'foro de ciencia e innovacion' de Piñera con lideres digitales en EE.UU. corresponde a la Cumbre Sun Valley de julio DE 2018 (2do mandato, prensa.presidencia.cl id=78599, La Tercera), no a 2011. Candidato DESCARTADO definitivamente: sin evidencia de un seminario tecnologico en EE.UU. en jul-2011; probable confusion/conflacion con el evento homonimo de 2018.",NA,Verificada-URL
CHL-SP1-J081,323,Sebastián Piñera,Chile,Completed,2011-12-02,2011-12-03,2,Venezuela,South America,Caracas,Multilateral,Regional Summit,NA,I Cumbre de la CELAC,NA,Participó en la Cumbre fundacional de la Comunidad de Estados Latinoamericanos y Caribeños (CELAC) en Caracas; Hugo Chávez traspasó la presidencia pro tempore del organismo a Piñera para el período 2012.,https://www.minrel.gob.cl/minrel/site/docs/20250624/20250624125818/memoria_minrel_2011_2.pdf,High,"'El único encuentro entre presidentes se realizó el 2 y 3 de diciembre, en Caracas, en el marco de la Primera Cumbre de CELAC... Chávez entregó la Presidencia de CELAC al Jefe de Estado chileno' (Memoria MINREL 2011, cap. Venezuela). Primer tramo de gira que continuó a Mérida, México (4-5 dic).",Cooperación Política General,Verificada-URL
CHL-SP1-J081,324,Sebastián Piñera,Chile,Completed,2011-12-04,2011-12-05,2,Mexico,North America,Mérida,Multilateral,Regional Summit,NA,II Cumbre de la Alianza del Pacífico y XIII Cumbre del Mecanismo de Tuxtla,NA,"Participó como invitado especial en la II Cumbre de la Alianza del Pacífico y en la XIII Cumbre del Mecanismo de Diálogo y Concertación de Tuxtla, en Mérida, Yucatán.",https://www.minrel.gob.cl/minrel/site/docs/20250624/20250624125818/memoria_minrel_2011_2.pdf,High,"Memoria MINREL 2011 (cap. México) da 4-5 de diciembre; una fuente secundaria (chile.gob.cl, cronología bilateral Chile-México) da 1-2 de diciembre; se prioriza la Memoria oficial. Segundo tramo de la gira que incluyó la Cumbre CELAC en Caracas (2-3 dic).",Comercio/Integración Económica,Verificada-URL
CHL-SP1-J082,325,Sebastián Piñera,Chile,Completed,2012-03-21,2012-03-24,4,Vietnam,Asia-Pacific,Hanoi,Bilateral,Working Visit,NA,Truong Tan Sang,Jefe de Estado/Gobierno,Primer tramo de gira asiática; visita oficial con foro empresarial bilateral en el contexto de la entrada en vigor del TLC Chile-Vietnam; también recorrió Ciudad Ho Chi Minh.,https://www.bcn.cl/observatorio/asiapacifico/noticias/balance-gira-oficial-asia-pinera-2012,High,"Fecha de llegada (21-mar) según La Tercera; fecha de salida hacia Corea estimada por reconstrucción del itinerario (BCN: gira total de 12 días Vietnam-Corea-Japón, con Cumbre de Seguridad Nuclear en Seúl el 26-27/3).",NA,Verificada-URL
CHL-SP1-J082,326,Sebastián Piñera,Chile,Completed,2012-03-25,2012-03-27,3,South Korea,Asia-Pacific,Seoul,Multilateral,Global Forum,NA,II Cumbre de Seguridad Nuclear de Seúl,NA,"Participó en la II Cumbre de Seguridad Nuclear (26-27 marzo); se reunió con el Presidente Lee Myung-bak; firmó acuerdo de cooperación en infraestructura, recursos y energías renovables.",https://www.bcn.cl/observatorio/asiapacifico/noticias/balance-gira-oficial-asia-pinera-2012,High,Fecha de llegada a Corea estimada (25-mar) por reconstrucción del itinerario; fechas de la Cumbre de Seguridad Nuclear (26-27/3) confirmadas por múltiples fuentes de prensa.,Seguridad,Verificada-URL
CHL-SP1-J082,327,Sebastián Piñera,Chile,Completed,2012-03-28,2012-03-30,3,Japan,Asia-Pacific,Tokyo,Bilateral,Working Visit,NA,Yoshihiko Noda,Jefe de Estado/Gobierno,"Visita oficial de tres días, tramo final de la gira asiática; se reunió con el Primer Ministro Noda, a quien ofreció respaldo de Chile al eventual ingreso de Japón al TPP; visitó Minamisanriku (Miyagi), zona afectada por el terremoto/tsunami de 2011.",https://www.mofa.go.jp/region/latin/chile/data.html,High,"Confirmado como 'working visit' (acompañado por el Canciller Alfredo Moreno) en la tabla de visitas del Ministerio de Relaciones Exteriores de Japón (MOFA), año 2012; fechas exactas (28-30 marzo) según SinEmbargo (25-jun-2019, retrospectiva) y BCN (balance de la gira asiática, 1-abr-2012, gira total de 12 días).",NA,Verificada-URL
