colt_TripID,our_Trip_ID,tipo,veredicto_o_decision,campo,valor_correcto,fuente,justificacion
1514-URY-AGO-37911,16,discrepancia,No_verificable,Start_Date,,"Vatican press bulletin (busqueda sin resultado especifico), prensa uruguaya de octubre 2003 (sin resultado especifico)","Este viaje es la tercera etapa de la gira Vaticano-Italia-Angola (Journey_ID URU-JB-J013, oct-2003). Nuestra propia base marca las 3 fechas como 'estimadas'. Los sufijos numericos de los TripID de COLT codifican en serie Excel la propia TripStartDate de COLT (verificado: 37911=17-oct-2003), lo cual solo confirma consistencia interna de COLT, no exactitud externa. Se detecta un posible intercambio Vaticano/Italia en COLT (ver items VAT-37907 e ITA-37905). No se hallo fuente primaria que fije el orden real de las 3 escalas."
1514-URY-AGO-37911,16,discrepancia,No_verificable,Duration_Days,,Idem Start_Date de este mismo item,"Misma incertidumbre que Start_Date: la duracion depende del orden real de las 3 escalas de la gira, que no pudo confirmarse independientemente. Nuestra base marca la fecha como estimada."
1514-URY-CAN-37000,4,discrepancia,nuestro_correcto,Start_Date,2001-04-20,"https://summit-americas.org/sas/Cumbres_previas_IIICumbre.html ; III Cumbre de las Americas, Quebec City","La III Cumbre de las Americas se realizo en Quebec City del 20 al 22 de abril de 2001, hecho historico ampliamente documentado. Coincide exactamente con nuestra fecha de inicio y con la duracion de 3 dias. COLT (19-abr, 4 dias) agrega un dia antes de la apertura oficial."
1514-URY-CAN-37000,4,discrepancia,nuestro_correcto,Duration_Days,3,"https://summit-americas.org/sas/Cumbres_previas_IIICumbre.html ; III Cumbre de las Americas, Quebec City","La cumbre duro exactamente del 20 al 22 de abril de 2001 (3 dias), coincidiendo con nuestra base. COLT indica 4 dias sin respaldo encontrado."
1514-URY-COD-38106,20,discrepancia,nuestro_correcto,Start_Date,2004-04-27,"http://archivo.presidencia.gub.uy/noticias/archivo/2004/abril/2004042905.htm (ya citada en nuestra base, fuente oficial primaria)","Nuestra base ya tiene una correccion QA previa (2026-07-22) basada en fuente oficial primaria: comunicado conjunto fechado 'Kinshasa, 29 de abril de 2004' que confirma una visita de trabajo de 48hs, con partida de la delegacion hacia Johannesburgo el 29 y regreso a Uruguay el 30-abr. Esto implica llegada a Kinshasa el 27-abr. No se hallo respaldo documental para la fecha de COLT (29-abr)."
1514-URY-COD-38106,20,discrepancia,nuestro_correcto,Duration_Days,3,"http://archivo.presidencia.gub.uy/noticias/archivo/2004/abril/2004042905.htm (ya citada en nuestra base, fuente oficial primaria)",La misma fuente oficial primaria confirma una estadia de 27 a 29 de abril (3 dias) en Kinshasa antes de la partida hacia Johannesburgo. COLT indica 2 dias sin respaldo encontrado.
1514-URY-CRI-38309,22,discrepancia,nuestro_correcto,Duration_Days,3,https://segib.org/?summit=xiv-cumbre-iberoamericana-san-jose-2004 ; Declaracion de San Jose de 2004 (encabezado cita '18-20 de Noviembre de 2004'),"Aunque las sesiones plenarias de la XIV Cumbre Iberoamericana fueron el 19-20 de noviembre, el encabezado oficial de la Declaracion de San Jose data el evento '18-20 de noviembre de 2004', consistente con nuestra duracion de 3 dias (llegada 18 + cumbre 19-20). COLT (2 dias) solo contempla las sesiones plenarias, no el dia de llegada previo a la venia (venia desde 17-nov segun nuestra base)."
1514-URY-VAT-37907,14,discrepancia,No_verificable,Start_Date,,"Busqueda de boletines de prensa vaticanos y prensa uruguaya de octubre 2003, sin resultado especifico","Se detecta un patron llamativo: el TripID de COLT para VAT (37907=13-oct-2003 en serial Excel) coincide con NUESTRA fecha de la escala en Italia (13-oct), y el TripID de COLT para ITA (37905=11-oct-2003) coincide con NUESTRA fecha de la escala en el Vaticano (11-oct). Esto sugiere que COLT pudo haber invertido el orden Vaticano/Italia. Nuestra propia base marca estas fechas como 'estimadas' (Fecha de leg estimada). No se hallo fuente primaria (boletin Sala Stampa Vaticano, prensa) que confirme el orden real de las escalas."
1514-URY-VAT-37907,14,discrepancia,No_verificable,Duration_Days,,Idem Start_Date de este mismo item,"Misma incertidumbre que Start_Date; la duracion depende del orden real Vaticano/Italia, no confirmado independientemente."
1514-URY-ITA-37905,15,discrepancia,No_verificable,Start_Date,,"Busqueda de prensa italiana/uruguaya de octubre 2003, sin resultado especifico",Ver justificacion detallada en el item VAT-37907 (mismo Journey_ID URU-JB-J013): posible intercambio Vaticano/Italia en los datos de COLT. Nuestra base marca esta fecha como estimada. Sin fuente primaria que confirme el orden real.
1514-URY-ITA-37905,15,discrepancia,No_verificable,Duration_Days,,Idem Start_Date de este mismo item,Misma incertidumbre que Start_Date.
1514-URY-MEX-37998,18,discrepancia,nuestro_correcto,Duration_Days,2,"https://summit-americas.org/sas/Cumbres_previas_CumbreExtraordinaria.html ; Cumbre Extraordinaria de las Americas, Monterrey, 12-13 enero 2004","La Cumbre Extraordinaria de las Americas se realizo en Monterrey los dias 12 y 13 de enero de 2004, coincidiendo exactamente con nuestra duracion de 2 dias. COLT (3 dias) extiende un dia mas alla del cierre oficial de la cumbre."
1514-URY-ESP-38017,19,discrepancia,nuestro_correcto,Start_Date,2004-02-02,"https://www.congreso.es/es/cem/visituruguay2004 (fuente oficial primaria, ya citada en nuestra base)","La pagina oficial del Congreso de los Diputados de Espana titula el registro historico exactamente 'Visita del Presidente de la Republica Oriental de Uruguay Jorge Batlle Ibanez, 2 de febrero de 2004', confirmando la fecha de nuestra base de forma directa."
1514-URY-ESP-38017,19,discrepancia,nuestro_correcto,Duration_Days,1,https://www.congreso.es/es/cem/visituruguay2004,"La fuente oficial describe un acto puntual y fechado (2-feb-2004) sin mencion de una estadia extendida. COLT indica 9 dias, cifra implausible para lo que las propias notas de COLT describen como una visita al Congreso espanol sin otras actividades; no se hallo ninguna fuente que respalde una estadia de 9 dias."
1514-URY-USA-37204,5,discrepancia,nuestro_correcto,Start_Date,2001-11-08,"https://uy.vlex.com/vid/gobiernos-departamentales-organismos-prestacion-899401057 (venia parlamentaria art.170, ya citada en nuestra base)","La venia parlamentaria que autorizo el viaje esta fechada el 8 de noviembre de 2001; nuestra base ya documenta que el debate general de la AGNU se pospuso a noviembre por los atentados del 11-S, con intervencion presidencial el 10-nov. La fecha de COLT (9-nov) no cuenta con respaldo documental encontrado."
1514-URY-USA-38250,21,discrepancia,nuestro_correcto,Start_Date,2004-09-22,"http://undocs.org/en/A/59/PV.8 (acta oficial de Naciones Unidas, ya citada en nuestra base)","El acta oficial de la ONU (A/59/PV.8) confirma que la intervencion presidencial fue el 23 de septiembre de 2004, coincidiendo con nuestra fecha de regreso y duracion. COLT (20-sept, 4 dias) implicaria una estadia de casi una semana antes del discurso, sin fuente que lo respalde."
1514-URY-USA-38250,21,discrepancia,nuestro_correcto,Duration_Days,2,http://undocs.org/en/A/59/PV.8,Consistente con el acta oficial de la ONU que fija el discurso el 23-sep; una estadia de 2 dias (22-23 sep) es la interpretacion mas ajustada a esa fecha confirmada.
1514-URY-ARG-37252,,colt_unico,No_verificable,,,Busquedas sobre presidencia pro tempore del Mercosur 2001-2002 y crisis politica argentina de diciembre de 2001,"Se confirma que Uruguay (Batlle) ejercio la presidencia pro tempore del Mercosur de julio de 2001 a enero de 2002, lo que hace plausible una ceremonia de traspaso hacia fin de ano, pero no se hallo fuente que confirme especificamente un viaje a Argentina el 27/12/2001 ni una ceremonia con el presidente interino Rodriguez Saa (quien solo goberno del 23 al 30 de diciembre de 2001, en medio de una crisis institucional extrema). Sin evidencia en ningun sentido."
1514-URY-ARG-37440,,colt_unico,agregar,,,"Busqueda web sobre la XXII Cumbre del Mercosur, Buenos Aires, 5/7/2002, y firma de acuerdo automotor bilateral","Se confirma que la XXII Cumbre ordinaria del Mercosur se realizo en Buenos Aires el 5 de julio de 2002, con la firma de un acuerdo automotor bilateral, coincidiendo con lo que describen las notas de COLT. El TripStartDate de COLT (3-jul) es consistente con una llegada previa a la cumbre del dia 5."
1514-URY-ARG-37766,,colt_unico,agregar,,,"Cobertura de prensa de la asuncion de Nestor Kirchner, 25/5/2003 (Casa Rosada y medios argentinos)","Las fuentes confirman explicitamente que 'Jorge Batlle y el chileno Ricardo Lagos entraron juntos' a la ceremonia de asuncion de Kirchner el 25 de mayo de 2003, junto a otros 12 jefes de Estado latinoamericanos. Evento confirmado con alta certeza."
1514-URY-ARG-38175,,colt_unico,agregar,,,https://www.mercosur.int/argentina-realizara-el-3-y-4-de-julio-en-puerto-iguazu-la-lxii-reunion-del-consejo-del-mercado-comun-y-cumbre-de-jefes-y-jefas-de-estado-del-mercosur-y-estados-asociados/,"Se confirma una reunion de alto nivel del Mercosur (LXII CMC y Cumbre de Jefes de Estado) en Puerto Iguazu, Argentina, en la primera semana de julio de 2004, coincidiendo con el pais visitado y el periodo indicado por COLT (7-jul, con posible ventana de 3 a 7 de julio segun distintas fuentes)."
1514-URY-BRA-37347,,colt_unico,No_verificable,,,N/A - sin resultados relevantes en busqueda web,No se encontro cobertura de un viaje de Batlle a Brasil el 1/4/2002. COLT no incluye notas para este item. Sin evidencia en ningun sentido.
1514-URY-BRA-37622,,colt_unico,agregar,,,"Cobertura de la asuncion de Luiz Inacio Lula da Silva, 1/1/2003, Brasilia","Fuentes confirman que Jorge Batlle, presidente de Uruguay, estuvo entre los mandatarios presentes en la asuncion de Lula da Silva el 1 de enero de 2003."
1514-URY-BRA-37753,,colt_unico,No_verificable,,,N/A - sin resultados relevantes en busqueda web para esta fecha especifica,No se hallo fuente que confirme un viaje de Batlle a Brasil el 12/5/2003. El propio COLT senala 'date of return unclear based on public information available'. Sin evidencia en ningun sentido.
1514-URY-BRA-38232,,colt_unico,No_verificable,,,N/A - sin resultados relevantes en busqueda web (se busco especificamente Expointer/Esteio),No se encontro confirmacion de la asistencia de Batlle a una exposicion ganadera en Brasil en septiembre de 2004. Sin evidencia en ningun sentido.
1514-URY-BRA-38295,,colt_unico,No_verificable,,,N/A - sin resultados relevantes en busqueda web; COLT tampoco incluye notas para este item,Sin evidencia en ningun sentido sobre un viaje a Brasil el 4/11/2004.
1514-URY-CHL-36596,,colt_unico,No_verificable,,,"Busquedas sobre la asuncion de Ricardo Lagos (11/3/2000, Valparaiso)","El evento en si esta historicamente confirmado (Lagos asumio el 11-mar-2000), pero no se hallo una fuente que confirme especificamente la asistencia de Batlle (quien llevaba apenas 10 dias en el cargo). Sin evidencia en ningun sentido."
1514-URY-CHL-36815,,colt_unico,No_verificable,,,N/A - sin resultados relevantes en busqueda web,Sin evidencia en ningun sentido sobre la 56a Asamblea de la Sociedad Interamericana de Prensa y la participacion de Batlle en octubre de 2000.
1514-URY-CHL-37165,,colt_unico,No_verificable,,,N/A - sin resultados relevantes en busqueda web,Sin evidencia en ningun sentido sobre un viaje a Chile el 1/10/2001.
1514-URY-CHN-37542,,colt_unico,agregar,,,"Articulo academico 'A 35 anos del establecimiento de relaciones entre Uruguay y la Republica Popular China' (con apoyo de la Embajada de Uruguay en China), grupormultimedio.com","La fuente confirma explicitamente que, ademas de Sanguinetti, 'China conto con la presencia de los sucesivos presidentes de Uruguay: ... Jorge Batlle ...'. Las notas de COLT son muy especificas y detalladas (Xi'an, Shanghai, Beijing, reuniones con Li Peng y Zhu Rongji), lo cual sugiere buena fuente primaria de su lado."
1514-URY-COL-37956,,colt_unico,No_verificable,,,Busqueda sobre actividad de Batlle vinculada a Colombia en diciembre de 2003,"Se encontro referencia a que en diciembre de 2003 Batlle presidio una reunion del Consejo del Mercosur en Montevideo donde se firmo un acuerdo economico que involucraba a Colombia, lo que sugiere que el evento pudo haber ocurrido en Uruguay y no en Colombia. No se pudo confirmar un viaje fisico de Batlle a Colombia en esta fecha. Sin evidencia clara en ningun sentido."
1514-URY-CRI-37356,,colt_unico,agregar,,,"https://www.rree.go.cr/files/includes/files.php?id=34&tipo=relacion (Declaracion Conjunta, Cancilleria de Costa Rica, fuente oficial primaria)","La Cancilleria de Costa Rica publica la Declaracion Conjunta firmada por Batlle y Rodriguez Echeverria, fechada exactamente 'el dia 10 de abril del 2002' como Visita Oficial a Costa Rica, coincidiendo con el TripStartDate de COLT (10-abr-2002). Nota: fue una visita bilateral oficial, no estrictamente una 'cumbre' como sugiere la nota de COLT, pero el hecho y la fecha estan solidamente confirmados."
1514-URY-DOM-37577,,colt_unico,No_verificable,,,N/A - sin resultados relevantes en busqueda web,Sin evidencia en ningun sentido; el propio COLT marca fechas inciertas ('Date of departure and return unclear').
1514-URY-DOM-38215,,colt_unico,agregar,,,"Cobertura de la asuncion de Leonel Fernandez, 16/8/2004, Santo Domingo","Fuentes confirman que Jorge Batlle estuvo entre los lideres internacionales presentes en la investidura de Fernandez, junto a Lula, Pacheco de la Espriella y Ricardo Maduro."
1514-URY-HTI-38216,,colt_unico,agregar,,,Fuente periodistica sobre despliegue MINUSTAH y Uruguay en 2004,"Se confirma que 'el presidente Jorge Batlle arribo a Haiti el 17 de agosto' de 2004, coincidiendo exactamente con el TripStartDate de COLT, en el marco temprano de la mision MINUSTAH; consistente con ser continuacion del viaje a Republica Dominicana del dia anterior (16-ago, item DOM-38215)."
1514-URY-JPN-36996,,colt_unico,agregar,,,"https://www.mofa.go.jp/region/latin/uruguay/pv0104/outline.html (Ministerio de Relaciones Exteriores de Japon, fuente oficial primaria)","El MOFA confirma que el presidente Batlle realizo una visita de trabajo oficial a Japon del 15 al 19 de abril de 2001, coincidiendo exactamente con el TripStartDate y la duracion de 5 dias de COLT, incluyendo la visita a Hiroshima descrita en las notas de COLT."
1514-URY-MEX-37334,,colt_unico,agregar,,,"Wikipedia 'Presidency of Jorge Batlle' (cita declaraciones de Batlle en la Conferencia Internacional sobre Financiacion para el Desarrollo, Monterrey); https://www.rree.go.cr/files/includes/files.php?id=34 (confirma que dicha conferencia se realizo del 18 al 22 de marzo de 2002)","Dos fuentes independientes confirman que Batlle asistio y hablo en la Conferencia de Monterrey sobre Financiacion para el Desarrollo (18-22 marzo 2002), coincidiendo con el TripStartDate de COLT (19-mar) y el destino (Mexico)."
1514-URY-MEX-38135,,colt_unico,No_verificable,,,N/A - sin resultados relevantes en busqueda web; COLT tampoco incluye notas,Sin evidencia en ningun sentido sobre un viaje a Mexico el 28/5/2004.
1514-URY-MEX-38237,,colt_unico,No_verificable,,,N/A - sin resultados relevantes en busqueda web,Sin evidencia en ningun sentido sobre el seminario internacional del PNUD en Ciudad de Mexico en septiembre de 2004.
1514-URY-PAN-36846,,colt_unico,agregar,,,"Referencia a la X Cumbre Iberoamericana, Panama, noviembre de 2000, centrada en ninez y adolescencia","Se confirma que Batlle asistio a la X Cumbre Iberoamericana realizada en Panama en noviembre de 2000, coincidiendo con el periodo indicado por COLT (TripStartDate 16-nov, 4 dias)."
1514-URY-PRY-36792,,colt_unico,agregar,,,Dato historico verificable de forma independiente: Jose Gervasio Artigas fallecio el 23 de septiembre de 1850 en Paraguay (exilio en Ibiray),"La fecha exacta del fallecimiento de Artigas (23/9/1850) coincide matematicamente con el '150 aniversario' citado en la nota de COLT (2000-1850=150) y con el TripStartDate exacto (23-sep-2000), un dato muy especifico y verificable que da alta credibilidad a este registro de COLT, aunque no se hallo cobertura de prensa digital de la epoca que lo confirme directamente."
1514-URY-PRY-37064,,colt_unico,No_verificable,,,N/A - sin resultados relevantes en busqueda web,Sin evidencia en ningun sentido sobre un viaje a Paraguay el 22/6/2001.
1514-URY-PRY-37790,,colt_unico,agregar,,,"Busqueda sobre la XXIV Cumbre de Presidentes del Mercosur, Asuncion, 17-18/6/2003","Se confirma que la cumbre se realizo en Asuncion los dias 17 y 18 de junio de 2003, coincidiendo exactamente con el TripStartDate de COLT (18-jun)."
1514-URY-PRY-37848,,colt_unico,agregar,,,"Cobertura de la asuncion de Nicanor Duarte Frutos (15/8/2003, con presencia de nueve jefes de Estado) y referencias a una cena ofrecida por Batlle en honor a Duarte y encuentros en Asuncion en torno a la XVIII Cumbre","Multiples referencias confirman actividad diplomatica de Batlle en Asuncion en el marco de la asuncion de Duarte Frutos, incluyendo una cena ofrecida por el propio Batlle en honor al nuevo mandatario paraguayo."
1514-URY-ZAF-38104,,colt_unico,agregar,,,"Segunda investidura de Thabo Mbeki, 27/4/2004 (Dia de la Libertad, Sudafrica); nota de nuestra propia base (Trip_ID 20, RDC) que confirma transito de la delegacion uruguaya por Johannesburgo el 29-30 de abril de 2004","La investidura de Mbeki fue efectivamente el 27/4/2004. ADVERTENCIA: este viaje probablemente es parte de la MISMA gira africana que nuestro Trip_ID 20 (Kinshasa, RDC, 27-29 abr 2004, Journey_ID URU-JB-J017) -nuestra propia base ya documenta que la delegacion transito por Johannesburgo antes de volver a Uruguay-. Se recomienda agregarlo como una escala adicional (Sudafrica) de la misma gira ya cargada, no como viaje nuevo e independiente sin vinculo, para evitar fragmentar el mismo periplo en registros no relacionados."
1514-URY-USA-37004,,colt_unico,No_verificable,,,"Contexto general sobre el brote de fiebre aftosa en Uruguay en 2001 (segunda ola, mayo 2001)","La nota de COLT sobre 'visita acortada por brote de aftosa' es cronologicamente consistente con el segundo brote de aftosa en Uruguay, pero no se encontro una fuente especifica que confirme este viaje puntual a EE.UU. el 23/4/2001. Sin evidencia en ningun sentido."
1514-URY-USA-37137,,colt_unico,No_verificable,,,N/A - no se investigo en profundidad por limite de alcance de la busqueda,Sin evidencia en ningun sentido sobre la 'Declaracion de la Cumbre' mencionada por COLT para el 3/9/2001 en EE.UU.
1514-URY-USA-37626,,colt_unico,agregar,,,"https://www.lr21.com.uy/politica/103102-batlle-rinde-culto-a-los-bush-en-miami (LARED21, 7/1/2003)","Fuente periodistica uruguaya contemporanea confirma que Batlle fue uno de los 25.000 invitados a la re-investidura de Jeb Bush como gobernador de Florida el 7/1/2003, y que se reunio con Jeb y George H. Bush en Miami. El TripStartDate de COLT (5-ene) es consistente con un viaje que culmino en la ceremonia del 7-ene."
1514-URY-USA-37730,,colt_unico,No_verificable,,,N/A - sin resultados relevantes en busqueda web sobre la Conferencia de la OPS de abril de 2003,Sin evidencia en ningun sentido sobre la asistencia de Batlle a la Conferencia de la Organizacion Panamericana de la Salud en Washington DC en abril de 2003.
1514-URY-USA-37880,,colt_unico,No_verificable,,,"Busqueda sobre la VIII Reunion Ministerial del ALCA, Miami (que resulto ser 20-21 de noviembre de 2003, no septiembre)","La reunion ministerial oficial del ALCA en Miami fue en noviembre de 2003, no en septiembre, lo que genera dudas sobre la fecha exacta de COLT (16-sep-2003). Podria tratarse de un viaje de lobby/promocion previo y distinto (respaldo a la candidatura de Miami como sede del ALCA, visita a FIU) pero no se hallo confirmacion especifica de esa fecha de septiembre. Sin evidencia suficiente en ningun sentido."
1514-URY-VEN-36718,,colt_unico,No_verificable,,,Contexto general sobre la primera sesion de trabajo de la III Cumbre de las Americas entre Chavez y Batlle,"Se encontro referencia generica a que Chavez y Batlle participaron de la primera sesion de trabajo de la III Cumbre de las Americas, pero no se confirmo especificamente un viaje a Venezuela el 11/7/2000 con la presencia de de la Rua mencionada en la nota de COLT. Sin evidencia en ningun sentido."
191-URY-ARG-35239,,colt_unico,agregar,,,https://www.mercosur.int/declaracion-especial-de-los-presidentes-de-los-estados-partes-del-mercosur-y-estados-asociados-sobre-la-cuestion-de-las-islas-malvinas-2 ; https://www.cancilleria.gob.ar/es/actualidad/noticias/declaracion-especial-de-los-presidentes-de-los-estados-partes-del-mercosur-y-0,"La X Cumbre de Presidentes del Mercosur se realizo en San Luis (Potrero de los Funes) el 25/6/1996, donde se firmo la Declaracion sobre Malvinas por los presidentes del bloque, incluido Sanguinetti. Coincide con TripStartDate y Notes de COLT."
191-URY-ARG-35999,,colt_unico,agregar,,,"https://www.lanacion.com.ar/politica/ushuaia-sede-de-la-cumbre-del-mercosur-nid103304/ ; Protocolo de Ushuaia (Parlasur, Mercosur)","Nota de La Nacion (13/7/1998) confirma que Sanguinetti arribo a Ushuaia el 23/7/1998 junto a los demas mandatarios del Mercosur; el Protocolo de Ushuaia fue firmado el 24/7/1998 por los presidentes del bloque, incluido Sanguinetti. Nota: este viaje esta muy pegado en el tiempo al item USA-35998 (Washington, 22-23/7/1998); ambos son reales -Sanguinetti estuvo con Clinton el 23/7 en Washington y volo esa misma noche a Ushuaia-, no son duplicado del mismo evento."
191-URY-ARG-36117,,colt_unico,No_verificable,,,"Contexto general sobre el dragado de los canales de Martin Garcia (busqueda.com.uy, mundomaritimo.cl)","Se confirma el proyecto binacional de dragado del Canal Martin Garcia entre Argentina y Uruguay en esos anios, pero no se encontro una fuente que confirme especificamente un encuentro Sanguinetti-Menem el 18/11/1998 en la isla. Sin evidencia en ningun sentido."
191-URY-BRA-35554,,colt_unico,No_verificable,,,N/A - sin resultados relevantes en busqueda web,"No se encontro cobertura de prensa digital disponible sobre un viaje de Sanguinetti a Brasil el 4/5/1997. Los SourceLink de COLT para este TripID son de ProQuest, inaccesibles. Sin evidencia en ningun sentido, se mantiene como no verificable."
191-URY-BRA-36139,,colt_unico,agregar,,,https://es.wikisource.org/wiki/Declaraci%C3%B3n_Sociolaboral_del_Mercosur ; http://www.sunsonline.org/trade/process/followup/1998/12140298.htm (SourceLink de COLT),"La Declaracion Sociolaboral del Mercosur fue firmada por los presidentes de los Estados parte en Rio de Janeiro el 10/12/1998, en el marco de la XV Reunion del Consejo Mercado Comun; Uruguay es miembro fundador y su presidente participo habitualmente de estas cumbres. Coincide con TripStartDate 1998-12-10."
191-URY-BRA-36194,,colt_unico,No_verificable,,,N/A - sin resultados relevantes en busqueda web,No se encontro informacion sobre un viaje de Sanguinetti a Brasil el 3/2/1999 (dias despues de la devaluacion del real). El propio COLT no incluye notas para este item. Sin evidencia en ningun sentido.
191-URY-BRA-36212,,colt_unico,No_verificable,,,N/A - sin resultados relevantes en busqueda web,"No se encontro informacion sobre un viaje de Sanguinetti a Brasil el 21/2/1999. El propio COLT marca fechas de salida/regreso inciertas. Nota: esta muy cerca en el tiempo del item BRA-36194 (3/2/1999); podria tratarse de dos eventos reales distintos vinculados a la crisis del real, pero no hay forma de confirmarlo con las fuentes disponibles -se deja constancia por si se trata de un posible duplicado interno de COLT-."
191-URY-BRA-36339,,colt_unico,No_verificable,,,Contexto general sobre reunion extraordinaria del Grupo Mercado Comun en junio de 1999 por la crisis del real,"Se confirma que en junio de 1999 hubo una reunion extraordinaria vinculada a la coordinacion macroeconomica del Mercosur tras la devaluacion brasilena, pero no se encontro confirmacion de que fuera una cumbre presidencial con la participacion de Sanguinetti el 28/6/1999 en Brasil."
191-URY-CHN-35540,,colt_unico,agregar,,,https://www.elobservador.com.uy/nota/negociaciones-secretas-con-china-la-ruptura-con-taiwan-y-la-primera-visita-de-sanguinetti-202321517400,"Fuente confirma que en abril de 1997 Sanguinetti realizo su segunda visita oficial a China, visitando Beijing y Shanghai, reuniendose con Jiang Zemin y el premier Li Peng, coincidiendo con TripStartDate y Notes de COLT."
191-URY-COL-35842,,colt_unico,No_verificable,,,N/A - sin resultados relevantes en busqueda web,No se encontro cobertura sobre un viaje de Sanguinetti a Colombia el 16/2/1998. El propio COLT senala que no esta claro si hubo conversaciones bilaterales. Sin evidencia en ningun sentido.
191-URY-CRI-35845,,colt_unico,agregar,,,Archivo Nacional de Costa Rica (archivodigital.go.cr) - fotografias de la entrega de llaves de la ciudad de San Jose al presidente Sanguinetti junto al presidente Figueres Olsen,"El Archivo Nacional de Costa Rica documenta fotograficamente la entrega de llaves de San Jose a Sanguinetti con el presidente Figueres Olsen (1994-1998) y el alcalde Johnny Araya, consistente con una visita oficial en el periodo indicado por COLT (19/2/1998)."
191-URY-CUB-36479,,colt_unico,agregar,,,https://segib.org/es/ix-cumbre-iberoamericana-la-situacion-financiera-internacional-en-una-economia-globalizada/ ; https://es.wikipedia.org/wiki/IX_Cumbre_Iberoamericana,"La IX Cumbre Iberoamericana se realizo en La Habana el 15-16/11/1999 sobre la situacion financiera internacional; fuentes confirman la participacion de Sanguinetti, presidente de Uruguay, junto a los demas jefes de Estado y de Gobierno iberoamericanos."
191-URY-EGY-35886,,colt_unico,No_verificable,,,Contexto general sobre la Fuerza Multinacional de Paz y Observadores (MFO) en el Sinai con participacion uruguaya,"Se confirma que Uruguay integra historicamente la MFO en el Sinai y que presidentes uruguayos han visitado a las tropas alli destacadas, pero no se encontro una fuente que confirme especificamente la visita del 1/4/1998. Nota: este item esta muy cerca en el tiempo del item EGY-35897 (12/4/1998, 11 dias despues); podria tratarse de un desdoblamiento interno de COLT del mismo viaje, se deja constancia sin resolverlo."
191-URY-EGY-35897,,colt_unico,No_verificable,,,N/A - sin resultados relevantes en busqueda web,El propio COLT indica que el proposito de esta visita es incierto. No se encontro informacion adicional. Ver nota en el item EGY-35886 sobre posible duplicado interno de COLT (ambos TripID a Egipto con solo 11 dias de diferencia).
191-URY-FRA-36232,,colt_unico,agregar,,,https://www.iadb.org/en/news/news-releases/1999-03-15/annual-Meeting-of--idb-board-of-governors-inaugurated-in-paris%2C1706.html (SourceLink de COLT),"La Reunion Anual de Gobernadores del BID se inauguro en Paris el 15/3/1999 (fuente propia de COLT, comunicado oficial del BID), consistente con TripStartDate 13/3/1999 y con las notas detalladas de COLT sobre el discurso de Sanguinetti en dicha reunion."
191-URY-ISR-35882,,colt_unico,agregar,,,https://www.ynetespanol.com/global/america/article/SynW0H5ZS,"Fuente confirma que Sanguinetti visito Israel en marzo de 1998, siendo el primer presidente uruguayo en hacerlo, consistente con TripStartDate 28/3/1998 y las notas de COLT sobre la visita a Yad Vashem y acuerdos bilaterales."
191-URY-JPN-35974,,colt_unico,agregar,,,https://www.mofa.go.jp/announce/event/1998/6/624-1.html,"Comunicado oficial del Ministerio de Relaciones Exteriores de Japon confirma la visita de Sanguinetti a Japon del 29/6 al 1/7/1998, reunion con el Emperador y el primer ministro Hashimoto, coincidiendo con TripStartDate 28/6/1998 (viaje de ida) y duracion de COLT."
191-URY-MYS-35248,,colt_unico,agregar,,,"CV oficial de Julio Maria Sanguinetti (web.ua.es) - lista de doctorados honoris causa recibidos, incluyendo una universidad de Malasia (Kuala Lumpur)","El CV oficial de Sanguinetti confirma que recibio un doctorado honoris causa de una universidad de Malasia, lo cual coincide exactamente con la nota de COLT ('Received honorary doctorate of law from the University of Malaysia'). Es un dato muy especifico y verificable que corrobora el viaje, aunque no se encontro una fuente periodistica con la fecha exacta de julio de 1996."
191-URY-MEX-35368,,colt_unico,No_verificable,,,N/A - sin resultados relevantes con fecha especifica,"No se encontro confirmacion especifica de un viaje de Sanguinetti a Mexico el 30/10/1996. Se encontro evidencia de una relacion de trabajo posterior entre Sanguinetti y Zedillo en temas de democracia, pero no ligada a esta fecha. Sin evidencia en ningun sentido."
191-URY-MEX-36308,,colt_unico,agregar,,,"Busqueda web sobre la XIII Cumbre del Grupo de Rio, Veracruz/Mexico, 28/5/1999","La XIII Cumbre del Grupo de Rio se realizo el 28/5/1999 en Mexico, con la participacion explicita de Uruguay entre los paises asistentes, coincidiendo exactamente con TripStartDate de COLT y con la nota sobre la conferencia de prensa final en Ciudad de Mexico."
191-URY-PAN-35843,,colt_unico,No_verificable,,,Referencias indirectas a la relacion Sanguinetti-Perez Balladares (Circulo de Montevideo) sin fecha especifica,"Se confirma una relacion cercana entre Sanguinetti y el presidente panameno Perez Balladares (incluyendo acuerdos de cooperacion), pero no se encontro una fuente que fechara especificamente una visita a Panama el 17/2/1998."
191-URY-PRY-34916,,colt_unico,agregar,,,"Busqueda web sobre la VIII Cumbre de Presidentes del Mercosur, Asuncion, 5/8/1995 (bajo presidencia de Wasmosy)","La VIII Cumbre del Mercosur se realizo en Asuncion el 5/8/1995, coincidiendo exactamente con el TripStartDate de COLT; la nota sobre negociaciones con el Consejo Europeo es consistente con el proceso Mercosur-UE de esa epoca."
191-URY-PRY-35600,,colt_unico,agregar,,,"Busqueda web sobre la XII Cumbre de Presidentes del Mercosur, Asuncion, 19/6/1997 (bajo presidencia de Wasmosy)","La XII Cumbre del Mercosur se realizo en Asuncion el 19/6/1997, coincidiendo exactamente con el TripStartDate de COLT (19/6/1997)."
191-URY-PRY-35665,,colt_unico,No_verificable,,,N/A - sin resultados relevantes en busqueda web,"No se encontro informacion sobre un viaje de Sanguinetti a Paraguay el 23/8/1997 (dos meses despues de la XII Cumbre de Mercosur del 19/6/1997, que si esta confirmada). Sin evidencia en ningun sentido de que este segundo viaje haya o no ocurrido."
191-URY-PRY-36325,,colt_unico,No_verificable,,,N/A - sin resultados relevantes en busqueda web,Para junio de 1999 el presidente paraguayo ya no era Wasmosy (su mandato termino en agosto de 1998); no se encontro confirmacion de una cumbre en Asuncion el 14/6/1999. Sin evidencia en ningun sentido.
191-URY-PRT-35992,,colt_unico,agregar,,,https://arquivos.rtp.pt/conteudos/visita-oficial-de-julio-sanguinetti/,"El archivo de la television publica portuguesa (RTP) documenta la visita oficial de Sanguinetti a Portugal por invitacion del presidente Mario Soares, con ceremonias en el Monasterio de los Jeronimos y el Palacio de Belem, consistente con una visita de Estado en julio de 1998."
191-URY-PRT-36084,,colt_unico,agregar,,,https://rieoei.org/historico/oeivirt/rie18a10.htm ; https://segib.org/es/cumbre/viii-cumbre-iberoamericana/,"La VIII Cumbre Iberoamericana se realizo en Oporto (Portugal) el 17-18/10/1998; fuentes confirman explicitamente la participacion de 'Julio Maria Sanguinetti Coirolo, presidente de la Republica Oriental del Uruguay', coincidiendo con TripStartDate y la nota sobre la Declaracion de Porto."
191-URY-ESP-36081,,colt_unico,No_verificable,,,N/A - sin confirmacion directa de esta escala especifica en Madrid,"Es consistente en tiempo con el confirmado viaje a Portugal tres dias despues (Cumbre Iberoamericana de Oporto, 16-18/10/1998) y con la fundacion por Sanguinetti del Circulo de Montevideo, con sede vinculada a Madrid, pero no se encontro una fuente que confirme especificamente este acto del 13/10/1998 en Madrid."
191-URY-USA-35927,,colt_unico,No_verificable,,,N/A - sin resultados relevantes sobre la cena del AJC de mayo 1998,No se encontro cobertura del evento del American Jewish Committee ni de la visita a Florida International University y al Museo del Holocausto en Washington en mayo de 1998. Sin evidencia en ningun sentido.
191-URY-USA-35998,,colt_unico,agregar,,,https://clintonwhitehouse6.archives.gov/1998/07/1998-07-09-statement-on-working-visit-with-president-of-uruguay.html,"Comunicado oficial de la Casa Blanca (9/7/1998) confirma que Clinton invito a Sanguinetti a una 'Working Visit' el 23/7/1998, aceptada por Sanguinetti; coincide con TripStartDate de COLT (22/7/1998, viaje de ida). Ver nota en item ARG-35999 sobre la conexion con el viaje inmediatamente posterior a Ushuaia."
191-URY-USA-36292,,colt_unico,agregar,,,"https://www.iadb.org/en/news/news-releases/1999-05-07/high-level-group-to-discuss-governance-in-latin-america-and-impact-of-globalization,74.html","Comunicado del BID confirma que la 5ta reunion plenaria del Circulo de Montevideo se realizo en Washington DC el 13-14/5/1999, y que entre los oradores de apertura estuvo explicitamente 'Uruguay's President Julio Maria Sanguinetti', junto al presidente del BID Enrique Iglesias y Felipe Gonzalez. Coincide con TripStartDate de COLT (12/5/1999)."
191-URY-VEN-35569,,colt_unico,agregar,,,"Busqueda web sobre la XIII Conferencia Interparlamentaria Union Europea-America Latina, Caracas, 19/5/1997","Se confirma la recepcion del presidente Sanguinetti y su esposa en el aeropuerto de Maiquetia (Venezuela) en mayo de 1997, coincidiendo con la XIII Conferencia Interparlamentaria UE-America Latina realizada el 19/5/1997, que coincide con TripStartDate y la nota de COLT sobre esta conferencia."
191-URY-VEN-36191,,colt_unico,No_verificable,,,N/A - sin confirmacion directa,"La fecha (31/1/1999) es cercana a la asuncion de Hugo Chavez como presidente de Venezuela (2/2/1999), a la que asistieron numerosos jefes de Estado, pero no se encontro una lista de asistentes que confirme la presencia de Sanguinetti, ni informacion sobre el encuentro con el ministro frances Josselin mencionado por COLT."
2029-URY-ARG-43809,100,discrepancia,nuestro_correcto,Duration_Days,1,https://www.montevideo.com.uy/Noticias/Lacalle-Pou-y-Tabare-Vazquez-viajaron-juntos-a-la-asuncion-de-Alberto-Fernandez-uc738164,"Viaje de un solo dia a Buenos Aires (cruce del Rio de la Plata) para la asuncion de Alberto Fernandez, confirmado por prensa uruguaya que describe ida y vuelta el mismo dia junto al presidente electo Lacalle Pou. COLT tiene Confidence=1 (la mas baja) y sus fuentes no corroboran una segunda jornada."
2029-URY-AUT-38848,33,discrepancia,nuestro_correcto,Duration_Days,3,https://www.infobae.com/2006/05/04/253240-bush-y-tabare-acuerdan-intensificar-la-relacion-comercial-sus-paises/,"La IV Cumbre UE-ALC en Viena se realizo los dias 12 y 13 de mayo de 2006, confirmado por dos notas independientes de Infobae; con arribo el 11-may la estadia cubre al menos hasta el 13-may (3 dias). COLT (Confidence=1) marca explicitamente 'date of return unclear based on public information available', indicando subregistro."
2029-URY-AUT-42883,154,discrepancia,COLT_correcto,Start_Date,2017-05-28,https://www.gub.uy/presidencia/comunicacion/noticias/presidente-vazquez-comenzo-gira-oficial-austria-egipto-suiza,"Fuente oficial (Presidencia de Uruguay, 28-may-2017), verificada directamente en esta revision, confirma que Vazquez partio de Montevideo el domingo 28-may en un vuelo comercial hacia Viena como primera escala de la gira Austria-Egipto-Suiza. El Start_Date de nuestra base (29-may) fue marcado internamente como 'ESTIMADO' en la nota metodologica del Trip_ID 154."
2029-URY-AUT-42883,154,discrepancia,COLT_correcto,Duration_Days,4,https://www.gub.uy/presidencia/comunicacion/noticias/presidente-vazquez-comenzo-gira-oficial-austria-egipto-suiza,"La misma fuente oficial confirma que la delegacion arribo a El Cairo el miercoles 31-may (fecha que coincide con el Start_Date ya confirmado de nuestro Trip_ID 93-Egipto). Esto implica que el tramo de Viena se extendio del 28 al 31-may (4 dias), coincidiendo con el valor de COLT, y no los 2 dias (29-30) actualmente cargados."
2029-URY-BRA-38443,24,discrepancia,nuestro_correcto,Start_Date,2005-03-31,http://archivo.presidencia.gub.uy/_web/noticias/2005/03/2005032903.htm,"Fuente oficial del archivo de Presidencia (publicada 29-mar-2005, ya auditada en segunda opinion) detalla itinerario exacto: partida de Montevideo el jueves 31-mar a las 18hs, llegada a Brasilia esa noche, reunion con Lula el 1-abr y regreso esa misma noche. COLT (Confidence=1, fuentes ProQuest/Getty) solo registra el dia de la reunion (1-abr)."
2029-URY-BRA-38443,24,discrepancia,nuestro_correcto,Duration_Days,2,http://archivo.presidencia.gub.uy/_web/noticias/2005/03/2005032903.htm,"Mismo itinerario oficial: el viaje cubrio la noche del 31-mar (partida y llegada a Brasilia) y el 1-abr (reunion y regreso), es decir 2 dias, ya verificado en auditoria de segunda opinion con fuente primaria."
2029-URY-BRA-39798,44,discrepancia,nuestro_correcto,Start_Date,2008-12-15,https://legislativo.parlamento.gub.uy:443/temporales/20081209S0063_SSN5083377.html,"La venia parlamentaria (autorizacion oficial de salida del pais) registra la partida el 15-dic-2008 para la gira que incluyo la Cumbre MERCOSUR/UNASUR en Salvador de Bahia. COLT (Confidence=1, fuente unica de licencia de imagen Getty) solo fecha el dia de apertura de la cumbre (16-dic)."
2029-URY-BRA-39882,46,discrepancia,nuestro_correcto,Duration_Days,1,http://archivo.presidencia.gub.uy/_web/MEM_2009/MRREE.pdf,La Memoria Anual del Ministerio de Relaciones Exteriores (fuente oficial primaria) registra esta visita a Brasilia (firma de acuerdos con Lula) como un viaje de un solo dia. COLT (Confidence=1) se basa unicamente en una licencia de imagen Getty sin notas adicionales que corroboren una segunda jornada.
2029-URY-BRA-42143,86,discrepancia,COLT_correcto,Start_Date,2015-05-19,https://www.gettyimages.com/license/474237646,"COLT documenta esta visita de Estado con 5 fuentes independientes (incluyendo 2 articulos de prensa contemporaneos via ProQuest) que describen actividad diplomatica ya desde el 19-may, consistente con el formato protocolar de una 'primera visita bilateral del mandato'. Nuestra fuente unica (comunicado conjunto de itamaraty/gov.br) esta title-dated al 21-may, que es plausible el dia de cierre/firma del comunicado y no necesariamente el unico dia de la visita."
2029-URY-BRA-42143,86,discrepancia,COLT_correcto,Duration_Days,3,https://www.gettyimages.com/license/474237646,"Ver justificacion de Start_Date: multiples fuentes contemporaneas de COLT sugieren una visita de Estado de varios dias (19-21 may), mientras que nuestra unica fuente (comunicado conjunto) solo fija el dia de cierre sin describir si hubo actividad previa."
2029-URY-BRA-42202,87,discrepancia,nuestro_correcto,Start_Date,2015-07-16,https://www.celag.org/cumbre-del-mercosur-en-brasilia-informe/,El informe de CELAG sobre la 48a Cumbre del MERCOSUR en Brasilia describe una cumbre de varios dias con reunion bilateral con Maduro incluida en la agenda; COLT (Confidence=1) se basa en una unica licencia de imagen Getty fechada el ultimo dia (17-jul) sin notas adicionales.
2029-URY-BRA-42202,87,discrepancia,nuestro_correcto,Duration_Days,2,https://www.celag.org/cumbre-del-mercosur-en-brasilia-informe/,Misma razon que Start_Date: una cumbre semestral MERCOSUR con bilaterales de agenda (Maduro) tipicamente involucra mas de un dia; la fuente unica de COLT (foto Getty) no permite descartar un primer dia de actividad el 16-jul.
2029-URY-CHL-39393,38,discrepancia,nuestro_correcto,Start_Date,2007-11-08,https://segib.org/?document=discurso-del-presidente-de-uruguay-tabare-vazquez,"La XVII Cumbre Iberoamericana de Santiago se realizo oficialmente los dias 8, 9 y 10 de noviembre de 2007 (fecha historica documentada por SEGIB). El End_Date de COLT (9-nov) es inconsistente con el cierre real de la cumbre (10-nov); el propio COLT marca 'date of return unclear'. El discurso presidencial upon arrival que cita COLT no tiene fecha especifica adjunta que contradiga el 8-nov como inicio de la estadia vinculada a la cumbre."
2029-URY-CHN-39893,47,discrepancia,COLT_correcto,Start_Date,2009-03-21,http://archivo.presidencia.gub.uy/_web/MEM_2009/MRREE.pdf,"Nuestra propia nota metodologica para este Trip_ID señala una discrepancia interna en la fuente oficial (Memoria del MRREE), que ademas de las fechas 19-23 de marzo tambien lista '21 al 26 de marzo' para la gira comercial a China. La fecha de inicio de COLT (21-mar) coincide con el inicio de ese segundo rango citado en nuestra propia fuente primaria."
2029-URY-CRI-39925,48,discrepancia,nuestro_correcto,Start_Date,2009-04-23,http://archivo.presidencia.gub.uy/_web/MEM_2009/MRREE.pdf,Fuente oficial (Memoria Anual MRREE/DIPCI) registra la visita presidencial a Costa Rica; COLT (Confidence=1) se basa en una unica fuente ProQuest con nota explicita de 'date of departure and return unclear based on public information available'.
2029-URY-CUB-39616,40,discrepancia,nuestro_correcto,Start_Date,2008-06-18,http://archivo.presidencia.gub.uy/_web/noticias/2008/06/2008061607.htm,Esta visita es el segundo tramo de la gira Panama-Cuba-Mexico de junio 2008. El tramo panameno (Trip_ID 39) esta solidamente confirmado por prensa panamena primaria como 15 al 17-jun-2008 (visita oficial de 3 dias); el inicio de Cuba el 18-jun encaja como continuacion logica al dia siguiente. La fecha de COLT (17-jun) se superpondria con el ultimo dia de la visita a Panama.
2029-URY-CUB-39616,40,discrepancia,nuestro_correcto,Duration_Days,3,http://archivo.presidencia.gub.uy/_web/noticias/2008/06/2008061607.htm,"La secuencia completa de la gira (Panama 15-17, Cuba 18-20, Mexico 21-22, este ultimo tramo con Start_Date 21-jun coincidente en ambas bases) es internamente consistente con una duracion de 3 dias en Cuba. La duracion de 5 dias de COLT (17-21) generaria una superposicion con el cierre de la visita a Panama."
2029-URY-EGY-42885,93,discrepancia,nuestro_correcto,Start_Date,2017-05-31,https://www.gub.uy/presidencia/comunicacion/noticias/presidente-vazquez-comenzo-gira-oficial-austria-egipto-suiza,"Fuente oficial de Presidencia (verificada directamente en esta revision) confirma textualmente: 'El miercoles 31 [de mayo], el mandatario uruguayo... arribaran a El Cairo'. La fecha de COLT (30-may) coincide en cambio con el ultimo dia documentado del tramo previo en Viena, sugiriendo una confusion de fechas entre los dos tramos de la misma gira."
2029-URY-EGY-42885,93,discrepancia,No_verificable,Duration_Days,,https://www.gub.uy/presidencia/comunicacion/noticias/presidente-vazquez-comenzo-gira-oficial-austria-egipto-suiza,"La fuente oficial confirma actividades concretas en El Cairo el miercoles 31-may y el jueves 1-jun, pero no especifica el dia exacto de partida hacia Ginebra (la actividad alli recien se retoma el lunes 5-jun, dejando un vacio de varios dias sin itinerario detallado). No se encontro evidencia que permita determinar con certeza si la duracion en Egipto fue de 2 o mas dias."
2029-URY-DEU-38639,27,discrepancia,nuestro_correcto,Start_Date,2005-10-16,https://legislativo.parlamento.gub.uy:443/temporales/20051005S0049_SSN4156794.html,"La venia parlamentaria de esta gira europea (Trip_ID 26, Espania) registra salida el 12-oct-2005, consistente con la Cumbre Iberoamericana de Salamanca (14-15-oct, fecha historica documentada). Bajo esa secuencia, el tramo aleman comenzando el 16-oct (dia siguiente al cierre de la cumbre) es la continuacion logica, y enlaza sin superposicion con el inicio confirmado de Italia (18-oct, fecha en la que coinciden ambas bases)."
2029-URY-DEU-38639,27,discrepancia,nuestro_correcto,Duration_Days,2,https://legislativo.parlamento.gub.uy:443/temporales/20051005S0049_SSN4156794.html,"Con Start_Date 16-oct y el tramo de Italia iniciando el 18-oct (fecha no cuestionada, coincidente en ambas bases), la duracion de 2 dias en Alemania (16-17) es la que permite un empalme limpio sin superposiciones en la gira Espania-Alemania-Italia-Francia. La duracion de 5 dias de COLT generaria fechas incoherentes con el resto de la gira ya documentada."
2029-URY-ITA-38643,28,discrepancia,nuestro_correcto,Duration_Days,2,https://legislativo.parlamento.gub.uy:443/temporales/20051005S0049_SSN4156794.html,"Ambas bases coinciden en el Start_Date (18-oct). Con el tramo de Francia iniciando el 20-oct (Trip_ID 29, no cuestionado), una duracion de 2 dias en Italia (18-19) permite un empalme coherente sin superposiciones; los 7 dias de COLT (hasta el 24-oct) chocarian con el inicio ya documentado de Francia."
2029-URY-MEX-38832,31,discrepancia,COLT_correcto,Start_Date,2006-04-25,https://search-proquest-com.du.idm.oclc.org/central/docview/452544667/fulltext/D8835A8156BB43DEPQ/50,"COLT documenta esta visita con 5 fuentes independientes (ProQuest + 4 licencias Getty) con detalle especifico (conferencia de prensa con Fox, ofrenda floral en el Altar de la Patria, reunion con el alcalde Encinas). Nuestra unica fuente (Infobae, nota posterior del 4-may sobre otro tema) marca explicitamente 'Fechas estimadas (fines de abril 2006)'."
2029-URY-MEX-38832,31,discrepancia,COLT_correcto,Duration_Days,4,https://search-proquest-com.du.idm.oclc.org/central/docview/452544667/fulltext/D8835A8156BB43DEPQ/50,"Misma razon que Start_Date: la fecha de fin (28-abr) coincide en ambas bases; la diferencia de duracion es enteramente consecuencia del Start_Date, para el cual COLT tiene mejor sustento documental."
2029-URY-MEX-39620,41,discrepancia,COLT_correcto,Duration_Days,5,https://www.gettyimages.com/license/81675223,"Ambas bases coinciden en el Start_Date (21-jun-2008). COLT documenta con 5 fuentes (todas licencias Getty, sugiriendo fotos de distintos dias) una agenda extensa: monumento a los Ninos Heroes, Bellas Artes, conferencia de prensa con Calderon, llave de la ciudad del alcalde Ebrard, y reunion con el presidente de COMCE — actividades consistentes con una visita de varios dias, mas acorde con 5 dias que con 2."
2029-URY-MEX-43052,96,discrepancia,nuestro_correcto,Start_Date,2017-11-14,https://www.gob.mx/epn/articulos/visita-oficial-del-presidente-de-la-republica-oriental-del-uruguay-tabare-vazquez,"Fuente oficial de la Presidencia de Mexico (gob.mx), ya auditada (QA-R5 2026-07-26) confirmando explicitamente que la visita oficial fue del 14 al 15 de noviembre de 2017. Es la fuente mas autorizada posible sobre las fechas exactas de una visita de Estado a Mexico (el propio gobierno anfitrion)."
2029-URY-MEX-43052,96,discrepancia,nuestro_correcto,Duration_Days,2,https://www.gob.mx/epn/articulos/visita-oficial-del-presidente-de-la-republica-oriental-del-uruguay-tabare-vazquez,"Misma fuente oficial mexicana confirma explicitamente 2 dias de visita oficial (14-15 nov). COLT extiende el rango a 5 dias (13-17), posiblemente incluyendo actividades no gubernamentales (conferencias, exposiciones) antes/despues de la visita oficial propiamente dicha."
2029-URY-PRY-39262,36,discrepancia,COLT_correcto,Start_Date,2007-06-29,https://www.gettyimages.com/license/74950183,"COLT vincula la visita especificamente a la ceremonia de traspaso de la Presidencia Pro Tempore del MERCOSUR (evento datable con precision, documentado por 2 licencias fotograficas Getty). Nuestra fuente (audio de Presidencia sin fecha especifica citada en la nota) marca 'Fechas estimadas'."
2029-URY-PRY-39262,36,discrepancia,COLT_correcto,Duration_Days,1,https://www.gettyimages.com/license/74950183,"La ceremonia de traspaso de PPT es un evento de un solo dia; COLT documenta el discurso presidencial durante esa ceremonia especifica, consistente con una duracion de 1 dia."
2029-URY-PER-43203,97,discrepancia,COLT_correcto,Duration_Days,3,https://advance-lexis-com.du.idm.oclc.org/api/permalink/f5347285-215f-4ff8-afcc-4bd3165f2ae0/?context=1516831,Ambas bases coinciden en el Start_Date (13-abr-2018). COLT tiene aqui Confidence=2 (superior al resto del dataset) con 4 fuentes independientes incluyendo 2 registros de Lexis. La VIII Cumbre de las Americas se desarrollo el 13-14-abr con actividades adicionales; una permanencia hasta el 15-abr (3 dias) es plausible y mejor sustentada que la fuente unica de prensa uruguaya que solo confirma el arribo nocturno del 13-abr.
2029-URY-QAT-39204,35,discrepancia,nuestro_correcto,Start_Date,2007-05-01,https://www.lr21.com.uy/politica/256412-vazquez-condecorado-por-principe-heredero-de-qatar,"Nuestra entrada fue auditada (QA-R3 2026-07-26) con cita textual de LR21 en tiempo real (publicada el 3-may-2007): 'Hoy culmina la gira...' y 'el mandatario... partiran manana [04-may]', confirmando de forma directa y contemporanea la fecha de regreso, lo que da alta confiabilidad al rango completo de la visita (01 al 04-may)."
2029-URY-QAT-39204,35,discrepancia,nuestro_correcto,Duration_Days,4,https://www.lr21.com.uy/politica/256412-vazquez-condecorado-por-principe-heredero-de-qatar,"La misma cobertura periodistica en tiempo real confirma el regreso el 4-may, dando una duracion de 4 dias (01 al 04-may) ya corregida y auditada con fuente primaria contemporanea."
2029-URY-KOR-39690,42,discrepancia,COLT_correcto,Start_Date,2008-08-30,https://search-proquest-com.du.idm.oclc.org/central/docview/460819409/fulltext/20990B8CB8E04268PQ/45,"COLT documenta esta visita de Estado con 4 fuentes de prensa contemporanea (ProQuest) describiendo la firma de un acuerdo bilateral de pesca. Nuestra propia nota metodologica reconoce explicitamente que 'dias exactos estimados', con solo el mes confirmado por la Embajada de Corea."
2029-URY-KOR-39690,42,discrepancia,COLT_correcto,Duration_Days,5,https://search-proquest-com.du.idm.oclc.org/central/docview/460819409/fulltext/20990B8CB8E04268PQ/45,"Misma razon: 4 fuentes de prensa contemporanea documentan la agenda bilateral, sustento mas solido que la estimacion propia (dias exactos no confirmados, solo el mes)."
2029-URY-ESP-38637,26,discrepancia,COLT_correcto,Start_Date,2005-10-12,https://legislativo.parlamento.gub.uy:443/temporales/20051005S0049_SSN4156794.html,"Nuestra propia nota metodologica para este Trip_ID cita la venia parlamentaria con salida el 12-oct-2005 ('Venia art.170 (salida 12-oct-2005) cubre la gira europea'), lo cual coincide exactamente con la fecha de COLT y contradice el valor cargado en la celda (13-oct); aparenta ser un error de carga en nuestra propia base, no un desacuerdo real de fuentes."
2029-URY-CHE-42890,94,discrepancia,No_verificable,Start_Date,,https://www.gub.uy/presidencia/comunicacion/noticias/presidente-vazquez-comenzo-gira-oficial-austria-egipto-suiza,La fuente oficial de la gira confirma que 'la actividad oficial se retomara el lunes 5 de junio en Ginebra' pero no especifica el dia exacto de arribo a esa ciudad (podria ser el 3 o el 4-jun). No se encontro evidencia adicional que permita determinar con certeza cual de las dos fechas es correcta.
2029-URY-CHE-42890,94,discrepancia,No_verificable,Duration_Days,,https://www.gub.uy/presidencia/comunicacion/noticias/presidente-vazquez-comenzo-gira-oficial-austria-egipto-suiza,"Misma razon que Start_Date: ambas bases coinciden en el End_Date (6-jun), por lo que la diferencia de duracion depende enteramente del dia de arribo a Ginebra, que no pudo confirmarse con la fuente disponible."
2029-URY-USA-40067,52,discrepancia,nuestro_correcto,Start_Date,2009-09-12,http://archivo.presidencia.gub.uy/_web/MEM_2009/MRREE.pdf,"La Memoria Anual del MRREE (fuente oficial primaria) cita textualmente el rango 'Estados Unidos (12 al 18 de setiembre)' para la 64a Asamblea General de la ONU. Es una fuente gubernamental explicita con fechas literales, superior a las fuentes de COLT (Confidence=1, con nota propia de 'date of return unclear')."
2029-URY-USA-40067,52,discrepancia,nuestro_correcto,Duration_Days,7,http://archivo.presidencia.gub.uy/_web/MEM_2009/MRREE.pdf,"Misma fuente oficial (MEM/MRREE 2009) confirma explicitamente el rango completo de 7 dias (12 al 18 de setiembre). Nota: existe ademas un TripID separado de COLT (2029-URY-USA-40077, tratado como colt_unico en este mismo workpack) que parece ser un registro interno duplicado de esta misma participacion en la 64a AGNU."
2029-URY-USA-42275,89,discrepancia,nuestro_correcto,Start_Date,2015-09-25,https://www.gub.uy/presidencia/comunicacion/noticias/vazquez-partio-hacia-nueva-york-para-participar-70a-asamblea-general-onu,"Fuente oficial de Presidencia especificamente sobre este viaje confirma la partida hacia Nueva York para la 70a AGNU, y la reunion bilateral con Obama el 28-sep (ultimo dia de la visita, consistente con reservar el encuentro bilateral con el presidente estadounidense para el cierre de la agenda). COLT ubica el inicio del viaje el mismo dia de esa reunion bilateral (28-sep), lo cual es inconsistente con que dicha reunion haya sido parte de una agenda mas extensa en la ONU."
2029-URY-USA-42275,89,discrepancia,nuestro_correcto,Duration_Days,4,https://www.gub.uy/presidencia/comunicacion/noticias/vazquez-partio-hacia-nueva-york-para-participar-70a-asamblea-general-onu,"Misma razon: la fuente oficial confirma una agenda de varios dias en la ONU que culmina con la reunion bilateral con Obama el 28-sep, consistente con una duracion de 4 dias (25-28) y no de 3 dias iniciando el mismo dia de esa reunion."
2029-URY-USA-42631,91,discrepancia,No_verificable,Start_Date,,https://www.gub.uy/presidencia/comunicacion/videos/discurso-del-presidente-tabare-vazquez-ante-asamblea-general-naciones-unidas,"La unica fecha confirmada con certeza por fuente oficial es la del discurso presidencial (20-sep-2016), que cae dentro de ambos rangos propuestos (19-21 nuestro, 18-22 COLT). No se encontro evidencia que fije con precision los dias de llegada o partida."
2029-URY-USA-42631,91,discrepancia,No_verificable,Duration_Days,,https://www.gub.uy/presidencia/comunicacion/videos/discurso-del-presidente-tabare-vazquez-ante-asamblea-general-naciones-unidas,"Misma razon: la fecha confirmada del discurso (20-sep) no permite discriminar entre una duracion de 3 dias (nuestra base) o 5 dias (COLT, que incluye ademas un evento lateral en Johns Hopkins Bloomberg School of Public Health)."
2029-URY-VEN-40080,53,discrepancia,No_verificable,Start_Date,,http://archivo.presidencia.gub.uy/_web/MEM_2009/MRREE.pdf,"Nuestra fuente (Memoria MRREE) confirma la participacion presidencial en la Cumbre ASA de forma generica, sin citar fechas literales especificas para este evento. COLT tambien marca 'date of return unclear based on public information available'. No se encontro evidencia adicional que permita resolver la diferencia entre 24-sep (COLT) y 27-sep (nuestra base)."
2029-URY-VEN-40080,53,discrepancia,No_verificable,Duration_Days,,http://archivo.presidencia.gub.uy/_web/MEM_2009/MRREE.pdf,Misma razon que Start_Date: ninguna de las dos fuentes fija con precision los limites exactos de esta visita a Isla Margarita.
2029-URY-CHN-42655,92,discrepancia,No_verificable,Start_Date,,https://www.uruguayxxi.gub.uy/en/news/article/uruguay-xxi-acompana-mision-oficial-a-china-encabezada-por-el-sr-presidente-de-la-republica/,"Ambas fuentes son razonablemente solidas (la nuestra es Uruguay XXI, agencia oficial de promocion comercial; COLT aporta 5 licencias Getty) pero ninguna fija explicitamente el dia exacto de llegada a Beijing dentro de esta gira multiciudad (Beijing-Tangshan-Guangzhou). La unica fecha puntual confirmada por nuestra propia fuente es la reunion con Xi Jinping el 18-oct, que cae dentro de ambos rangos propuestos (10 al 20, o 12 al 21)."
2029-URY-CHN-42655,92,discrepancia,No_verificable,Duration_Days,,https://www.uruguayxxi.gub.uy/en/news/article/uruguay-xxi-acompana-mision-oficial-a-china-encabezada-por-el-sr-presidente-de-la-republica/,Misma razon que Start_Date: la unica fecha puntual verificable (reunion con Xi el 18-oct) no permite discriminar entre una duracion de 11 dias (nuestra base) o 10 dias (COLT) para esta gira multiciudad.
2029-URY-ARG-38477,,colt_unico,agregar,,,"ProQuest (docview, mayo 2005)","Reunion con empresarios en Buenos Aires, 5-may-2005. Encaja con una gira regional de mayo 2005 (Argentina 5-may -> Brasil 9-may, Trip_ID 24 es un viaje distinto de marzo -> Paraguay 11-may, todos colt_unico de este mismo workpack). Fuente unica pero con contenido especifico."
2029-URY-ARG-38777,,colt_unico,No_verificable,,,"Getty Images (licencia unica, sin fecha adicional)",COLT marca explicitamente 'date of departure and return unclear based on public information available' y la nota no describe ningun evento especifico verificable; unica fuente es una licencia fotografica generica. Sin evidencia adicional para confirmar o descartar.
2029-URY-ARG-38799,,colt_unico,agregar,,,"Getty Images (licencia unica, Confidence=3 en COLT)","COLT le asigna Confidence=3, notablemente mas alta que la mayoria de items de este dataset (usualmente 1), lo que sugiere una fuente fotografica con metadatos claros aunque las notas de texto quedaron vacias. Encaja cronologicamente al final de una serie de visitas regionales de marzo de 2006 (Chile 10-13, Brasil 16-17, Paraguay 17-18, Argentina 23-24), todas alrededor de la asuncion de Bachelet."
2029-URY-ARG-39426,,colt_unico,agregar,,,Getty Images,"Corresponde a la asuncion presidencial de Cristina Fernandez de Kirchner el 10-dic-2007, evento historico bien documentado y ampliamente cubierto por prensa internacional; la asistencia de mandatarios vecinos como Vazquez es consistente con el protocolo regional habitual."
2029-URY-ARG-39629,,colt_unico,agregar,,,Getty Images (2 licencias),Notas especificas sobre condena a normas de inmigracion de la UE y crisis alimentaria global coinciden con la agenda de una Cumbre del MERCOSUR realizada en Tucuman a fines de junio/inicios de julio de 2008. Dos fuentes fotograficas independientes.
2029-URY-ARG-42667,,colt_unico,agregar,,,ProQuest (2 articulos) + Getty Images,"Conferencia de prensa conjunta con el presidente Macri, 24-oct-2016, con 3 fuentes independientes (1 Getty + 2 ProQuest). Sin conflicto con otros viajes registrados en ese periodo."
2029-URY-ARG-43012,,colt_unico,agregar,,,Getty Images,"Corresponde al anuncio conjunto de la candidatura de Argentina, Uruguay, Paraguay y Chile para organizar el Mundial de Futbol 2030, evento publico bien documentado en la prensa regional de octubre de 2017, coincidente con la fecha de COLT."
2029-URY-ARG-43079,,colt_unico,No_verificable,,,Getty Images (licencia unica),COLT marca 'date of departure and return unclear based on public information available' sin describir ningun evento especifico; unica fuente es una licencia fotografica generica sin corroboracion adicional encontrada.
2029-URY-ARG-43270,,colt_unico,agregar,,,LexisNexis (2 articulos),"Inauguracion de la nueva sede de la embajada de Uruguay en Buenos Aires, 19-jun-2018, respaldada por 2 articulos de prensa independientes via LexisNexis."
2029-URY-ARG-43543,,colt_unico,agregar,,,https://www.presidencia.gub.uy/comunicacion/comunicacionnoticias/vazquez-ii-conferencia-cooperacion-sur-sur-argentina,"Corresponde a la Segunda Conferencia de Alto Nivel de la ONU sobre Cooperacion Sur-Sur (BAPA+40), realizada en Buenos Aires del 20 al 22 de marzo de 2019 -evento real y bien documentado-, con la presidenta de la Asamblea General de la ONU Maria Fernanda Espinosa como parte del protocolo. Confirmado por 2 fuentes oficiales de Presidencia de Uruguay (gub.uy) entre las 5 fuentes de COLT."
2029-URY-ARG-43662,,colt_unico,agregar,,,https://www.presidencia.gub.uy/comunicacion/comunicacionnoticias/vazquez-arribo-santa-fe-cumbre-54-mercosur-acuerdo-union-europea-roaming-gratis-otros-acuerdos,"Corresponde a la 54a Cumbre del MERCOSUR en Santa Fe, Argentina (jul-2019), con el acuerdo UE-MERCOSUR como tema central. Confirmado por 2 fuentes oficiales de Presidencia de Uruguay y una nota de MercoPress, entre 6 fuentes totales de COLT."
2029-URY-BEL-39340,,colt_unico,agregar,,,Getty Images (5 licencias),"Visita al Castillo de Cortewalle cerca de Amberes y participacion en conferencia de prensa junto al presidente de la Comision Europea Barroso, 15-sep-2007. Encaja como primer tramo de una gira europea de septiembre 2007 que continua con Espania (Trip_ID 37, Madrid, 18-20-sep, ya en nuestra base) y Portugal (colt_unico PRT-39345, 20-sep). 5 fuentes fotograficas independientes."
2029-URY-BOL-38788,,colt_unico,agregar,,,Getty Images (2 licencias),"Firma de declaracion conjunta con el presidente Evo Morales, 12-mar-2006, poco despues de la asuncion de Morales (22-ene-2006). Encaja en la serie de visitas regionales de marzo 2006 documentadas en este mismo workpack (Chile, Brasil, Venezuela, Paraguay, Argentina)."
2029-URY-BOL-39060,,colt_unico,agregar,,,Getty Images,"La descripcion (cumbre sobre plan de integracion energetica regional, primer paso hacia una 'gran comunidad sudamericana') coincide con la Cumbre de Cochabamba de diciembre de 2006, que dio origen a la Comunidad Sudamericana de Naciones -evento historico verificable-."
2029-URY-BRA-38481,,colt_unico,agregar,,,ProQuest + Getty Images (3 fuentes),"Visita a Brasilia, 9-may-2005, encaja en una gira regional de mayo 2005 (ver ARG-38477 y PRY-38483 de este mismo workpack). Respaldada por 3 fuentes independientes."
2029-URY-BRA-38792,,colt_unico,agregar,,,Getty Images (3 licencias),"Ceremonia de firma de acuerdos bilaterales, 16-mar-2006, parte de la serie de visitas regionales de marzo 2006 (Chile-Bolivia-Brasil-Paraguay-Venezuela-Argentina) documentada en este workpack. Respaldada por 3 fuentes fotograficas independientes."
2029-URY-BRA-38968,,colt_unico,agregar,,,Getty Images (2 licencias),"Visita a una refineria, 8-sep-2006, con contenido especifico y 2 fuentes fotograficas independientes; no hay conflicto con otros viajes documentados en ese periodo."
2029-URY-BRA-39100,,colt_unico,No_verificable,,,Getty Images (licencia unica),COLT marca 'date of departure and return unclear based on public information available' sin describir ningun evento especifico; unica fuente fotografica sin corroboracion adicional.
2029-URY-BRA-42695,,colt_unico,agregar,,,Getty Images (2 licencias),"Discurso en un almuerzo-debate del grupo empresarial LIDE, 21-nov-2016, evento especifico y nombrado, con 2 fuentes fotograficas independientes."
2029-URY-BRA-43090,,colt_unico,No_verificable,,,ProQuest (fuente unica),COLT marca 'date of departure and return unclear based on public information available' sin describir ningun evento especifico; fuente unica sin corroboracion adicional encontrada.
2029-URY-CHL-38665,,colt_unico,No_verificable,,,ProQuest (fuente unica),"Notas vacias (sin descripcion de ningun evento) y fuente unica; aunque la fecha (9-nov-2005) es cercana a la Cumbre de las Americas de Mar del Plata (4-5-nov, ya en nuestra base), no hay evidencia especifica que confirme una visita separada a Chile."
2029-URY-CHL-38786,,colt_unico,agregar,,,ProQuest (2 articulos) + Getty Images,Corresponde a la asuncion de Michelle Bachelet (11-mar-2006) y al encuentro trilateral Vazquez-Kirchner mediado por la secretaria de Estado Condoleezza Rice sobre el conflicto de las papeleras -episodio historico ampliamente documentado y coincidente con hechos ya conocidos de este periodo-. 3 fuentes independientes.
2029-URY-CHL-39181,,colt_unico,agregar,,,Getty Images (3 licencias),"Reunion con el presidente del Senado chileno durante visita al Congreso, 9-abr-2007, con detalle especifico y 3 fuentes fotograficas independientes."
2029-URY-CHL-39706,,colt_unico,agregar,,,Getty Images (2 licencias),"Visita a Chile, 15-sep-2008, con 2 fuentes fotograficas independientes (sugiriendo cobertura de mas de un momento/dia); no hay conflicto con otros viajes documentados en ese periodo."
2029-URY-CHL-39899,,colt_unico,agregar,,,ProQuest (3 articulos) + Getty Images (2 licencias),Encuentro con el vicepresidente estadounidense Joe Biden en el marco de su gira por America Latina de marzo de 2009 (hecho historico verificable: Biden visito Chile y Costa Rica en esas fechas). 5 fuentes independientes.
2029-URY-CHL-42342,,colt_unico,agregar,,,Getty Images (2 licencias),"Firma de acuerdos bilaterales con la presidenta Bachelet (segundo mandato), 4-dic-2015, con 2 fuentes fotograficas independientes."
2029-URY-ECU-39310,,colt_unico,agregar,,,Getty Images (4 licencias),"Firma de acuerdos bilaterales con el presidente Correa, condolencias por el terremoto en Peru del dia anterior, visita al hospital oncologico SOLCA -detalle especifico y verificable dado el perfil de oncologo de Vazquez-. 4 fuentes fotograficas independientes."
2029-URY-FIN-42779,,colt_unico,agregar,,,ProQuest (3 articulos) + Getty Images,"Foro de negocios, conferencia de prensa con el presidente Niinisto, firma de MOU en bioeconomia, 13-feb-2017. Este viaje enlaza sin superposicion con el tramo a Rusia (colt_unico RUS-42781, inicio 15-feb) y con Alemania (colt_unico DEU-42770, termina ~13-feb), formando una gira europea de Alemania-Finlandia-Rusia en febrero de 2017 enteramente ausente de nuestra base. 4 fuentes independientes."
2029-URY-FRA-38649,,colt_unico,descartar,,,ProQuest (3 articulos) + Getty Images (2 licencias),"Esta entrada de COLT (Paris, 24-oct-2005, conferencia oncologica, UNESCO, conferencia sobre globalizacion) parece corresponder al MISMO viaje a Francia que ya tenemos cargado como Trip_ID 29 (Paris, 20-22-oct-2005, ultimo tramo de la misma gira europea autorizada por venia parlamentaria), no a un viaje adicional. Se recomienda NO agregarlo como viaje nuevo para evitar duplicar el mismo evento; se sugiere revisar en el futuro si las fechas de COLT (mejor sustentadas, con 5 fuentes) son mas precisas que las fechas estimadas del Trip_ID 29 actual."
2029-URY-FRA-42303,,colt_unico,agregar,,,ProQuest (2 articulos) + Getty Images (2 licencias),"Conferencia de prensa conjunta con el presidente Hollande y firma de acuerdos bilaterales, 26-oct-2015, con 4 fuentes independientes; no hay conflicto con otros viajes documentados en ese periodo."
2029-URY-FRA-42711,,colt_unico,agregar,,,https://agenda.ge/en/news/2016/3027,"Discurso en la Cumbre de la Alianza para el Gobierno Abierto (OGP) en Paris, diciembre de 2016 -evento real y verificable, la Cumbre Global OGP de Paris se realizo el 7-9-dic-2016- y encuentro con el presidente georgiano Margvelashvili, corroborado por una fuente de prensa georgiana independiente (agenda.ge) entre las 3 fuentes de COLT."
2029-URY-DEU-42770,,colt_unico,agregar,,,ProQuest + Getty Images (2 licencias),"Reunion con el presidente Joachim Gauck, conferencia sobre Uruguay en Hamburgo, conferencia de prensa conjunta con la canciller Merkel, 4-feb-2017. Primer tramo de una gira europea Alemania-Finlandia-Rusia de febrero 2017 (ver FIN-42779 y RUS-42781 de este mismo workpack) enteramente ausente de nuestra base. 3 fuentes independientes."
2029-URY-VAT-42705,,colt_unico,agregar,,,Getty Images (5 licencias),"Reunion con el Secretario de Estado vaticano cardenal Pietro Parolin y el prefecto de la Casa Pontificia Georg Ganswein, 1-dic-2016, con nombres y cargos especificos y verificables para ese periodo. 5 fuentes fotograficas independientes."
2029-URY-ISR-39681,,colt_unico,agregar,,,ProQuest (4 articulos) + Getty Images,"Celebracion del Dia de la Independencia de Uruguay (25 de agosto, fecha correcta) en Jerusalen, reuniones con el presidente Shimon Peres y la canciller Tzipi Livni, visita al Instituto Weizmann y al museo Yad Vashem. Detalle especifico y verificable con 5 fuentes independientes."
2029-URY-JPN-42310,,colt_unico,agregar,,,ProQuest (4 articulos) + Getty Images,"Conferencia de prensa conjunta con el primer ministro Abe, encuentro con el emperador Akihito, seminario de negocios 'Building Bridges Japan-Uruguay', noviembre 2015. Detalle especifico con 5 fuentes independientes."
2029-URY-MYS-39400,,colt_unico,agregar,,,ProQuest (5 articulos),"Visita a Malasia, 14-nov-2007, con agenda especifica (Petronas Twin Towers, Butterfly Park, reunion con el primer ministro Abdullah Ahmad). Encaja inmediatamente despues de la Cumbre Iberoamericana de Santiago de Chile (Trip_ID 38, cierre 10-nov) y del tramo de Nueva Zelanda (colt_unico NZL-39397, ver nota alli), formando una extensa gira Chile-Nueva Zelanda-Malasia-Vietnam por Asia-Pacifico en noviembre 2007. 5 fuentes independientes de prensa."
2029-URY-MEX-40231,,colt_unico,agregar,,,http://www.cnn.com/2010/WORLD/americas/02/22/unity.Summit/index.html,"Corresponde a la Cumbre de la Unidad de America Latina y el Caribe (Playa del Carmen/Cancun, 22-23-feb-2010), evento fundacional que dio origen a la CELAC -hecho historico bien documentado, confirmado independientemente por CNN entre las fuentes de COLT-. Este viaje se ubica en los ultimos dias del mandato de Vazquez (que finalizo el 1-mar-2010)."
2029-URY-MEX-42526,,colt_unico,agregar,,,ProQuest + LexisNexis,"Recepcion del premio Global Health de la Federacion Mundial del Corazon (World Heart Federation), 5-jun-2016, evento especifico y verificable dado el perfil de oncologo/salud publica de Vazquez. 2 fuentes independientes."
2029-URY-MEX-43304,,colt_unico,agregar,,,https://wwwcepalorg/en/pressreleases/eclac-reiterates-commitment-supporting-pacific-alliance-and-praises-efforts-aimed,"Visita a Mexico, 23-jul-2018, vinculada a asuntos de la Alianza del Pacifico segun fuente de CEPAL/ECLAC (organismo oficial de Naciones Unidas), entre 5 fuentes de COLT con Confidence=2 (superior al promedio del dataset)."
2029-URY-NZL-39397,,colt_unico,No_verificable,,,ProQuest (5 articulos),"POSIBLE DUPLICADO/CONFLICTO DE FECHA con nuestro propio Trip_ID 43 (Nueva Zelanda, actualmente cargado con Start_Date 2008-09-01 pero marcado 'No-verificable' en nuestra base, con una fuente muy debil -solo una consulta de busqueda generica-). COLT fecha la visita a Nueva Zelanda el 11-nov-2007 con 5 fuentes de prensa independientes (ProQuest), y esa fecha encaja de forma coherente inmediatamente despues de la Cumbre Iberoamericana de Santiago (cierre 10-nov, Trip_ID 38) y antes de Malasia (colt_unico MYS-39400, inicio 14-nov). Es probable que se trate del MISMO viaje que ya tenemos cargado bajo una fecha incorrecta (2008 en vez de 2007). Se recomienda NO agregarlo como viaje nuevo sin antes revisar y eventualmente corregir la fecha del Trip_ID 43 existente, para evitar tanto una duplicacion como una perdida de informacion."
2029-URY-PRY-38483,,colt_unico,agregar,,,ProQuest + Getty Images,"Visita a Paraguay, 11-may-2005 (reunion con el vicepresidente Castiglioni), ultimo tramo de una gira regional de mayo 2005 (ver ARG-38477 y BRA-38481 de este mismo workpack, con fecha de cierre de Brasil coincidente). 2 fuentes independientes."
2029-URY-PRY-38522,,colt_unico,agregar,,,ProQuest + Getty Images,"Visita a Paraguay, 19-jun-2005, con 2 fuentes independientes de distinto tipo (Getty y ProQuest), aunque sin detalle descriptivo especifico mas alla de la fecha."
2029-URY-PRY-38793,,colt_unico,agregar,,,Getty Images (4 licencias),"Conferencia de prensa conjunta con el presidente Duarte, 17-mar-2006, parte de la serie de visitas regionales de marzo 2006 (Chile-Bolivia-Brasil-Paraguay-Venezuela-Argentina, todas en este mismo workpack) que enlaza sin superposicion con el tramo de Brasil (colt_unico BRA-38792, 16-17-mar). 4 fuentes fotograficas independientes."
2029-URY-PRY-38825,,colt_unico,agregar,,,Getty Images (2 licencias) + LexisNexis,"Visita a Paraguay, 18-abr-2006, con 3 fuentes independientes de distinto tipo (2 Getty + 1 Lexis), poco antes del viaje a Mexico (Trip_ID 31, 26-abr-2006, ya en nuestra base)."
2029-URY-PRY-39675,,colt_unico,agregar,,,Getty Images,"Asuncion del presidente Fernando Lugo, 15-ago-2008, evento historico de primer orden (fin de 61 anios de gobierno del Partido Colorado en Paraguay), ampliamente documentado por prensa regional e internacional."
2029-URY-PRY-39946,,colt_unico,agregar,,,Getty Images (5 licencias),"Celebraciones del 198 aniversario de la independencia paraguaya (14-15 de mayo, fecha correcta: 2009-1811=198), desfile militar en Asuncion, conferencia de prensa con el presidente Lugo, firma de acuerdos bilaterales. Detalle especifico y verificable con 5 fuentes fotograficas independientes."
2029-URY-PRY-42359,,colt_unico,No_verificable,,,Getty Images (licencia unica),Notas vacias (sin descripcion de ningun evento) y fuente unica; no se encontro evidencia adicional que confirme o descarte esta visita del 21-dic-2015.
2029-URY-PRY-43269,,colt_unico,agregar,,,https://en.mercopress.com/2018/06/18/uruguay-chair-of-mercosur-targets-accord-with-china-exhausted-of-negotiations-with-the-eu,"Visita a Paraguay, 18-jun-2018, coincidente con la presidencia pro-tempore de Uruguay en el MERCOSUR, confirmada por nota de MercoPress entre las 4 fuentes de COLT (Confidence=2, superior al promedio del dataset)."
2029-URY-PRY-43328,,colt_unico,agregar,,,https://english.president.gov.tw/News/5479,"Asuncion del presidente Mario Abdo Benitez, evento historico bien documentado (tradicionalmente 15-ago en Paraguay); corroborado independientemente por el sitio oficial de la Presidencia de Taiwan (dado que Paraguay mantiene relaciones diplomaticas con Taiwan), entre las 2 fuentes de COLT (Confidence=2)."
2029-URY-PRT-39345,,colt_unico,agregar,,,Getty Images (2 licencias),"Visita a Portugal, 20-sep-2007, tramo final de una gira europea de septiembre 2007 que incluye Belgica (colt_unico BEL-39340, 15-sep) y Espania (Trip_ID 37, Madrid, 18-20-sep, ya en nuestra base, con fecha de cierre coincidente con el inicio de este tramo). 2 fuentes fotograficas independientes."
2029-URY-RUS-42781,,colt_unico,agregar,,,ProQuest (5 articulos),"Reunion con la presidenta del Consejo de la Federacion Valentina Matvienko, ofrenda floral en la Tumba del Soldado Desconocido junto al Kremlin, firma de acuerdo bilateral de cooperacion en defensa, discurso tras reunion bilateral con Putin, 15-feb-2017. Enlaza sin superposicion con el tramo de Finlandia (colt_unico FIN-42779, cierre ~14-feb), formando la gira europea Alemania-Finlandia-Rusia de febrero 2017 (ver DEU-42770 y FIN-42779). 5 fuentes independientes de prensa."
2029-URY-ESP-42698,,colt_unico,agregar,,,Getty Images (4 licencias),"Reunion con el presidente del gobierno espaniol Mariano Rajoy, 24-nov-2016 (8 dias de duracion). Encaja como posible primer tramo de una extensa gira europea de fines de 2016 que continua con el Vaticano (colt_unico VAT-42705, 1-dic) y Paris/OGP (colt_unico FRA-42711, 7-dic), periodo completo (24-nov al 9-dic) enteramente ausente de nuestra base. 4 fuentes fotograficas independientes."
2029-URY-CHE-43248,,colt_unico,agregar,,,https://www.gainesville.com/news/20180601/us-blocks-un-health-panel-from-backing-taxes-on-sugar-drinks,"Visita a Suiza vinculada a temas de salud publica (impuestos a bebidas azucaradas en paneles de la ONU/OMS), coherente con el perfil de politica de salud de Vazquez (ex-oncologo) documentado en otros viajes a Ginebra (Trip_ID 94, jun-2017). Confidence=3 en COLT (superior al promedio). El propio COLT reconoce fechas de inicio/fin inciertas por relatos contradictorios en los articulos consultados; se recomienda agregar el hecho del viaje pero verificar las fechas exactas en una revision futura."
2029-URY-TTO-39920,,colt_unico,agregar,,,Getty Images (2 licencias),"Corresponde a la V Cumbre de las Americas, realizada en Puerto Espania, Trinidad y Tobago, del 17 al 19 de abril de 2009 -evento historico de primer orden, primera cumbre hemisferica con la participacion del presidente Obama-. 2 fuentes fotograficas independientes."
2029-URY-ARE-39200,,colt_unico,agregar,,,ProQuest (4 articulos),"Discurso ante la Camara de Comercio e Industria de Dubai, 28-abr-2007, tramo previo del mismo viaje al Golfo que continua con Qatar (Trip_ID 35, inicio 1-may-2007, ya en nuestra base, con fecha de cierre coincidente con el inicio de ese tramo). 4 fuentes independientes de prensa."
2029-URY-USA-38608,,colt_unico,agregar,,,http://www.un.org/en/development/desa/population/migration/generalassembly/docs/globalcompact/A_RES_60_1.pdf,Corresponde a la Cumbre Mundial de la ONU por el 60 aniversario (14-16-sep-2005) y al debate general de la 60a AGNU -evento historico documentado incluso con el propio documento oficial de la ONU (resolucion A/RES/60/1) entre las fuentes de COLT-.
2029-URY-USA-38836,,colt_unico,descartar,,,https://history.state.gov/departmenthistory/visits/uruguay,"Esta entrada de COLT (Washington, 29-abr al 4-may-2006, firma de acuerdo comercial bilateral con Bush) corresponde al MISMO viaje ya cargado en nuestra base como Trip_ID 32 (Washington, 3-4-may-2006, reunion con Bush en la Casa Blanca confirmada el 4-may). Confirmado ademas por la base de datos oficial del Departamento de Estado de EEUU (history.state.gov) sobre visitas de jefes de Estado, que es una de las fuentes de COLT. Se recomienda NO agregarlo como viaje nuevo para evitar duplicar a Trip_ID 32; se sugiere revisar si la duracion de Trip_ID 32 deberia extenderse (COLT sugiere 6 dias en vez de 2)."
2029-URY-USA-40077,,colt_unico,descartar,,,Getty Images (licencia unica),"Esta entrada (Nueva York, 21-sep-2009, discurso ante la Asamblea General de la ONU) muy probablemente sea un DUPLICADO INTERNO de COLT del mismo TripID 2029-URY-USA-40067 (tambien Nueva York, tambien por la 64a AGNU, ya tratado como discrepancia en este mismo workpack y resuelto contra Trip_ID 52 de nuestra base, con fechas oficiales confirmadas del 12 al 18-set-2009 por la Memoria del MRREE). No hay evidencia de que Vazquez haya realizado dos viajes separados a Nueva York por la 64a AGNU en el mismo mes. Se recomienda NO agregarlo como viaje nuevo."
2029-URY-USA-42995,,colt_unico,agregar,,,https://www.gub.uy/presidencia/comunicacion/noticias/vazquez-arribo-miercoles-uruguay-retomo-presidencia-ejercida-su-ausencia,"Discurso en un panel en Nueva York en la semana de la 72a AGNU, 17-sep-2017, confirmado por 3 fuentes oficiales de Presidencia de Uruguay (gub.uy) entre las fuentes de COLT, incluyendo una nota sobre su encuentro con el presidente ecuatoriano Lenin Moreno."
2029-URY-USA-43369,,colt_unico,agregar,,,https://gadebate.un.org/en/73/uruguay,"Corresponde a la participacion de Vazquez en el debate general de la 73a Asamblea General de la ONU, 26-sep-2018, confirmado directamente por la base de datos oficial de discursos de la ONU (gadebate.un.org) entre las fuentes de COLT (Confidence=2)."
2029-URY-VEN-38789,,colt_unico,agregar,,,ProQuest (3 articulos) + Getty Images,"Firma de acuerdos comerciales bilaterales, homenaje a Bolivar en el Panteon Nacional, condecoracion por el presidente Chavez, 13-mar-2006. Parte de la serie de visitas regionales de marzo 2006 (Chile-Bolivia-Brasil-Paraguay-Venezuela-Argentina, todas en este mismo workpack), con inicio coincidente con el cierre de la visita a Chile (asuncion de Bachelet). 5 fuentes independientes."
2029-URY-VEN-38902,,colt_unico,agregar,,,Getty Images (3 licencias),"Firma del protocolo de incorporacion de Venezuela al MERCOSUR, 4-jul-2006 en Caracas -evento historico de primer orden, ampliamente documentado, con la presencia de Chavez, Kirchner, Lula y Vazquez-, pocas semanas antes de la ratificacion formal en la Cumbre de Cordoba (Trip_ID 34, 20-21-jul-2006, ya en nuestra base)."
2029-URY-VNM-39404,,colt_unico,agregar,,,ProQuest (5 articulos),"Reuniones con el presidente Nguyen Minh Triet y otras autoridades vietnamitas, foro de negocios en Hanoi, 18-nov-2007. Tramo final de la extensa gira por Asia-Pacifico de noviembre 2007 (Chile Ibero-Americana -> Nueva Zelanda -> Malasia -> Vietnam, ver MYS-39400 y NZL-39397 de este mismo workpack). 5 fuentes independientes de prensa."
2552-URY-ARG-41088,66,discrepancia,COLT_correcto,Start_Date,2012-06-28,https://www.sitioandino.com.ar/politica/cuando-mujica-visito-mendoza-cumbre-presidentes-distincion-academica-y-un-cuadro-al-vino-n5699269,"La fuente confirma que Mujica visitó Mendoza entre el 28 y 29 de junio de 2012 para la 43ª Cumbre del Mercosur (sesión de jefes de Estado el 29); esto respalda una llegada el 28, un día antes de la sesión formal, coincidiendo con COLT."
2552-URY-ARG-41088,66,discrepancia,COLT_correcto,Duration_Days,2,https://www.sitioandino.com.ar/politica/cuando-mujica-visito-mendoza-cumbre-presidentes-distincion-academica-y-un-cuadro-al-vino-n5699269,"Consistente con la llegada el 28-jun y la sesión/partida el 29-jun (2 días), según la misma fuente."
2552-URY-ARG-41990,81,discrepancia,nuestro_correcto,Start_Date,2014-12-16,https://parlamentomercosur.org/innovaportal/v/9321/1/parlasur/finalizo-la-47%C2%AA-cumbre-del-mercosur-con-importantes-avances.html,"Fuentes confirman que la XLVII Reunión del CMC se realizó el 16 de diciembre de 2014 en Paraná, coincidiendo con nuestra fecha de inicio."
2552-URY-ARG-41990,81,discrepancia,nuestro_correcto,Duration_Days,2,https://parlamentomercosur.org/innovaportal/v/9321/1/parlasur/finalizo-la-47%C2%AA-cumbre-del-mercosur-con-importantes-avances.html,"Consistente con la reunión del 16-dic y actividades adicionales el 17-dic (discurso de despedida de Mujica), lo que da 2 días de estadía."
2552-URY-BEL-40835,62,discrepancia,No_verificable,Duration_Days,,"El Observador, 14-oct-2011 (ya citada en nuestra base)","La fuente confirma la fecha de inicio (19-oct, última etapa de la gira europea) pero no precisa cuántos días duró la estadía en Bruselas antes del regreso a Uruguay; no se halló fuente adicional que dirima 2 vs 3 días."
2552-URY-BRA-40544,56,discrepancia,COLT_correcto,Duration_Days,2,Nuestra propia base (Trip_Objective del Trip_ID 56: 'reunión bilateral el 2-ene'),"El propio campo Trip_Objective de nuestra fila indica una reunión bilateral el 2 de enero, un día después de la asunción (1-ene), lo que implica una estadía de 2 días y respalda la duración de COLT en vez de la nuestra (1 día)."
2552-URY-BRA-41081,67,discrepancia,nuestro_correcto,Start_Date,2012-06-20,"Fechas oficiales de la Conferencia ONU sobre Desarrollo Sostenible Río+20 (20-22 junio 2012); gub.uy (discurso de Mujica, 20-jun)","Río+20 se realizó oficialmente del 20 al 22 de junio de 2012; el discurso célebre de Mujica está fechado el 20-jun, consistente con nuestra fecha de inicio."
2552-URY-BRA-41081,67,discrepancia,nuestro_correcto,Duration_Days,3,Fechas oficiales de la Conferencia ONU sobre Desarrollo Sostenible Río+20 (20-22 junio 2012),La duración de 3 días (20 al 22 de junio) coincide con las fechas oficiales de la cumbre Río+20.
2552-URY-BRA-41121,68,discrepancia,COLT_correcto,Start_Date,2012-07-31,https://www.diariodecuyo.com.ar/politica/Cumbre-en-Brasilia-de-los-presidentes-del-Mercosur-20120731-0025.html ; cancilleria.gob.ar,Múltiples fuentes de prensa fechadas el 31-jul-2012 documentan la cumbre extraordinaria en el Palacio de Planalto (Brasilia) con Mujica presente para el ingreso de Venezuela; no se halló evidencia de una llegada el 30-jul.
2552-URY-BRA-41121,68,discrepancia,COLT_correcto,Duration_Days,1,https://www.diariodecuyo.com.ar/politica/Cumbre-en-Brasilia-de-los-presidentes-del-Mercosur-20120731-0025.html,Las fuentes describen la cumbre y la ceremonia de ingreso de Venezuela como un evento de un solo día (31-jul); no hay evidencia de una segunda jornada (30-jul).
2552-URY-BRA-41835,166,discrepancia,nuestro_correcto,Start_Date,2014-07-16,https://www.gub.uy/presidencia/comunicacion/videos/entrevista-mujica-tras-reunion-del-brics-brasilia,"Fuente oficial de Presidencia (gub.uy) fecha la reunión ampliada BRICS-UNASUR en Brasilia y la intervención de Mujica el 16-jul-2014, día en que UNASUR se trasladó a Brasilia tras la Cumbre BRICS de Fortaleza."
2552-URY-BRA-41835,166,discrepancia,nuestro_correcto,Duration_Days,1,https://www.gub.uy/presidencia/comunicacion/videos/entrevista-mujica-tras-reunion-del-brics-brasilia,Consistente con una visita de un solo día (16-jul) a Brasilia para la sesión ampliada; no hay evidencia de pernocte adicional.
2552-URY-BRA-41950,178,discrepancia,nuestro_correcto,Start_Date,2014-11-06,"Mensaje oficial de Presidencia a la Comisión Permanente del Parlamento uruguayo, gub.uy/presidencia/politicas-y-gestion/presidencia-06112014",Fuente primaria oficial (mensaje comunicando la ausencia del país) confirma explícitamente la fecha 6 de noviembre de 2014 para la audiencia con Rousseff en Brasilia.
2552-URY-CHL-41299,70,discrepancia,nuestro_correcto,Start_Date,2013-01-26,https://www.elobservador.com.uy/nota/mujica-viaja-a-chile-para-participar-de-dos-cumbres--201312316240 ; fechas oficiales I Cumbre CELAC-UE (26-27 ene 2013),"La I Cumbre CELAC-UE comenzó el 26 de enero de 2013 en Santiago, coincidiendo con nuestra fecha de inicio."
2552-URY-CHL-41708,77,discrepancia,nuestro_correcto,Start_Date,2014-03-11,Fecha oficial de la segunda asunción de Michelle Bachelet (11-mar-2014),La ceremonia de asunción de Bachelet fue el 11 de marzo de 2014 (hecho histórico bien documentado); nuestra fecha de inicio coincide con el día de la ceremonia.
2552-URY-CHL-41708,77,discrepancia,nuestro_correcto,Duration_Days,2,https://www.gub.uy/presidencia/comunicacion/noticias/presidente-mujica-cerro-su-visita-chile-seminario-junto-michelle-bachelet,"Consistente con la ceremonia el 11-mar y el seminario CEPAL junto a Bachelet al día siguiente (12-mar), según nuestra propia nota ya sourced."
2552-URY-CHN-41419,72,discrepancia,nuestro_correcto,Start_Date,2013-05-24,https://spanish.news.cn/20250514/c4da987d2ced4e9e868eb3021694e847/c.html (Xinhua); gub.uy,"Fuente confirma explícitamente que la visita de Estado a China 'comenzó el 24 de mayo y se extendió por 5 días', coincidiendo exactamente con nuestra fecha de inicio."
2552-URY-CHN-41419,72,discrepancia,nuestro_correcto,Duration_Days,5,https://spanish.news.cn/20250514/c4da987d2ced4e9e868eb3021694e847/c.html (Xinhua),La misma fuente confirma una duración de 5 días para la visita de Estado.
2552-URY-COL-41013,65,discrepancia,nuestro_correcto,Start_Date,2012-04-13,https://www.lr21.com.uy/comunidad/1218997-mujica-cumbres-internacionales-presidencia-uruguay (ya citada en nuestra base),"Fuente confirma que Mujica coincidió con Obama en Cartagena el 13 de abril de 2012, respaldando nuestra fecha de inicio. NOTA: existe una tensión interna en nuestra propia base con el Trip_ID 156 (Caracas, 13-abr, 'antes de seguir a Colombia'), que sugeriría una llegada a Cartagena recién el 14; no se resuelve aquí, se deja constancia para revisión futura."
2552-URY-COL-41013,65,discrepancia,nuestro_correcto,Duration_Days,3,Fechas oficiales de la VI Cumbre de las Américas (cierre formal 15-abr-2012),"Con presencia confirmada desde el 13-abr y cierre formal de la cumbre el 15-abr-2012, una duración de 3 días es consistente."
2552-URY-CUB-41478,175,discrepancia,nuestro_correcto,Start_Date,2013-07-24,"https://www.gub.uy/presidencia/comunicacion/noticias/agenda-visita-del-presidente-jose-mujica-republica-cuba (ya citada, con horario exacto de llegada)","Fuente oficial primaria con horario exacto de llegada (24-jul, 11:23hs) confirma el 24 de julio de 2013 como fecha de inicio."
2552-URY-CUB-41667,76,discrepancia,nuestro_correcto,Duration_Days,2,"Fechas oficiales de la II Cumbre CELAC, La Habana, 28-29 enero 2014","La II Cumbre de la CELAC se realizó los días 28 y 29 de enero de 2014, consistente con nuestra duración de 2 días."
2552-URY-ECU-41977,174,discrepancia,nuestro_correcto,Duration_Days,2,"gub.uy (llegada Guayaquil 4-dic) y presidencia.gob.ec (inauguración sede UNASUR Quito, 5-dic-2014), ya citadas en nuestra base","Fuentes oficiales uruguaya y ecuatoriana confirman actividades en dos días distintos (4-dic en Guayaquil, 5-dic en Quito), respaldando la duración de 2 días."
2552-URY-FIN-41898,177,discrepancia,nuestro_correcto,Start_Date,2014-09-15,"gub.uy (17-set-2014) + prensa (SELA, Infobae), ya citadas en nuestra base","Nuestra propia nota cita fuentes de prensa que describen explícitamente una 'visita oficial de tres días' a Finlandia, consistente con inicio 15-sep."
2552-URY-FIN-41898,177,discrepancia,nuestro_correcto,Duration_Days,3,"gub.uy (17-set-2014) + prensa (SELA, Infobae), ya citadas en nuestra base",Las mismas fuentes de prensa describen explícitamente una visita de tres días a Finlandia.
2552-URY-MEX-40862,64,discrepancia,No_verificable,Duration_Days,,Sin fuente adicional hallada,La nota existente en nuestra base (fiabilidad Medium) no especifica fechas exactas de llegada/salida más allá de mencionar la recepción por Calderón; no se halló fuente que confirme 5 vs 3 días.
2552-URY-MEX-41979,82,discrepancia,nuestro_correcto,Start_Date,2014-12-08,"politica.expansion.mx (ya citada); fechas oficiales XXIV Cumbre Iberoamericana, Veracruz, 8-9 dic 2014",La XXIV Cumbre Iberoamericana se realizó el 8 y 9 de diciembre de 2014 en Veracruz; fuente independiente confirma la participación de Mujica esos días.
2552-URY-MEX-41979,82,discrepancia,nuestro_correcto,Duration_Days,2,"Fechas oficiales XXIV Cumbre Iberoamericana, Veracruz, 8-9 dic 2014",Consistente con las fechas oficiales de la cumbre (8-9 dic).
2552-URY-NOR-40829,60,discrepancia,nuestro_correcto,Duration_Days,2,"El Observador, 14-oct-2011 (ya citada en nuestra base)","Fuente cita textualmente que la gira 'prosiguió ayer [13-oct] y este viernes [14-oct] en Noruega', confirmando una estadía de 2 días."
2552-URY-PRY-40722,57,discrepancia,No_verificable,Start_Date,,"Comunicado Conjunto XLI Cumbre Mercosur (Cancillería Argentina, ya citado en nuestra base)","La fuente confirma que la cumbre y los actos del bicentenario se desarrollaron entre el 28 y 29 de junio de 2011 con Mujica presente, pero no permite determinar con certeza si su llegada personal fue el 28 o el 29; no se halló fuente adicional que lo precise."
2552-URY-PRY-41838,79,discrepancia,No_verificable,Duration_Days,,Sin fuente adicional hallada,La nota existente no especifica fechas exactas de llegada/salida de la visita de Estado a Cartes; no se halló fuente que confirme 1 vs 2 días.
2552-URY-PER-40752,58,discrepancia,No_verificable,Start_Date,,Sin fuente adicional hallada; asunción de Humala confirmada 28-jul-2011,"La asunción de Ollanta Humala fue el 28 de julio de 2011; es plausible tanto una llegada el día previo (27-jul, patrón habitual) como el mismo día (28-jul, versión COLT), y no se halló fuente que confirme la fecha exacta de arribo de Mujica."
2552-URY-PER-40752,58,discrepancia,No_verificable,Duration_Days,,Sin fuente adicional hallada,Consecuencia directa de la incertidumbre sobre la fecha de llegada; no se puede determinar con certeza si la estadía fue de 1 o 2 días.
2552-URY-ESP-41423,73,discrepancia,nuestro_correcto,Start_Date,2013-05-28,"subrayado.com.uy (ya citada, QA-R4 en nuestra base); encadenamiento con gira a China (24-28 may, ver CHN-41419)","El tramo español comenzó inmediatamente después de la visita de Estado a China (que terminó el 28-may); la fuente ya citada confirma explícitamente el regreso a Montevideo el 6-jun, consistente con un inicio el 28-may para una gira de 10 días."
2552-URY-ESP-41423,73,discrepancia,nuestro_correcto,Duration_Days,10,"subrayado.com.uy (ya citada, QA-R4 en nuestra base)","La fuente (5-jun-2013) indica explícitamente que Mujica regresaría a Montevideo 'este jueves' (6-jun-2013), lo que ya motivó una corrección QA previa de 6 a 10 días; esto es incompatible con la duración de 3 días de COLT."
2552-URY-SWE-40827,59,discrepancia,nuestro_correcto,Start_Date,2011-10-12,"El Observador, 14-oct-2011 (ya citada en nuestra base)","Fuente cita textualmente que la gira europea comenzó 'el pasado miércoles [12-oct] en Suecia', confirmando la fecha de inicio."
2552-URY-SWE-40827,59,discrepancia,nuestro_correcto,Duration_Days,1,"El Observador, 14-oct-2011 (ya citada en nuestra base)","La misma fuente indica que la gira 'prosiguió ayer [13-oct] ... en Noruega', lo que implica que la estadía en Suecia se limitó al miércoles 12-oct (1 día) antes de continuar a Noruega el 13-oct."
2552-URY-USA-41541,75,discrepancia,No_verificable,Duration_Days,,swissinfo.ch (ya citada en nuestra base),La fuente confirma la fecha del discurso ante la AGNU (24-sep-2013) pero no aclara si la estadía en Nueva York se extendió varios días más (patrón común en otras giras a la ONU dentro de esta misma base); no se halló fuente que confirme 1 vs 6 días.
2552-URY-USA-41770,78,discrepancia,nuestro_correcto,Duration_Days,5,"Parlamento uruguayo, venia sesión 6-may-2014 (ya citada en nuestra base)","La agenda documentada (reunión con Obama 12-may, discursos en American University, BID y OEA) es consistente con una estadía de 5 días (11 al 15 de mayo)."
2552-URY-VEN-40569,165,discrepancia,nuestro_correcto,Duration_Days,2,"El Colombiano, 27-ene-2011 (ya citada en nuestra base)","Fuente confirma llegada a Caracas la noche del 26-ene y recepción por Chávez el 27-ene, lo que abarca 2 días."
2552-URY-VEN-40879,168,discrepancia,nuestro_correcto,Duration_Days,2,"Fechas oficiales de la Cumbre Fundacional de la CELAC, Caracas, 2-3 diciembre 2011","La cumbre fundacional de la CELAC se realizó los días 2 y 3 de diciembre de 2011, consistente con nuestra duración de 2 días."
2552-URY-VEN-41339,71,discrepancia,nuestro_correcto,Duration_Days,3,"Cronología pública del funeral de Estado de Hugo Chávez (fallecido 5-mar, funeral de Estado 8-mar-2013); CNN en Español (ya citada)","Los actos fúnebres de Chávez se extendieron entre el 6 y el 8 de marzo de 2013 (velorio público y funeral de Estado); nuestra fuente ya confirma la llegada de Mujica el 6-mar, consistente con una estadía de 3 días."
2552-URY-VEN-41848,80,discrepancia,No_verificable,Start_Date,,albaciudad.org (ya citada en nuestra base),No se halló fuente independiente que precise si la XLVI Cumbre del Mercosur en Caracas (jul-2014) comenzó el 28 o el 29 de julio; la fuente ya citada no especifica fecha exacta más allá de 'julio 2014'.
2552-URY-VEN-41848,80,discrepancia,No_verificable,Duration_Days,,albaciudad.org (ya citada en nuestra base),Consecuencia de la misma incertidumbre sobre la fecha de inicio; no se pudo determinar con certeza 1 vs 2 días.
2552-URY-ARG-40296,,colt_unico,No_verificable,,,Búsqueda web sin resultado concluyente,No se halló cobertura de prensa específica de una conferencia de prensa conjunta Mujica-Fernández el 28-abr-2010; se requiere revisión en archivos de prensa de la época para confirmar o descartar.
2552-URY-ARG-40302,,colt_unico,agregar,,,https://cancilleria.gob.ar/es/actualidad/comunicados/unasur-declaracion-final-de-los-presidentes-luego-de-la-reunion-en-los,"Confirmado: reunión extraordinaria de UNASUR en Los Cardales (Buenos Aires) el 4-may-2010, con los 12 mandatarios de UNASUR incluyendo a Mujica, donde se juramentó a Néstor Kirchner como primer Secretario General. Viaje real no cargado en nuestra base."
2552-URY-ARG-40323,,colt_unico,agregar,,,https://www.pagina12.com.ar/diario/elpais/1-146308-2010-05-25.html,"Confirmado: Mujica asistió a los festejos del Bicentenario argentino en Buenos Aires el 25-may-2010, incluyendo la inauguración de la Galería de los Patriotas Latinoamericanos en la Casa Rosada, coincidiendo con la nota de COLT."
2552-URY-ARG-40387,,colt_unico,No_verificable,,,Búsqueda web sin resultado concluyente,No se halló fuente de prensa que confirme específicamente una firma de comunicado conjunto Mujica-Fernández el 28-jul-2010; se requiere más investigación en archivos de prensa de la época.
2552-URY-ARG-40392,,colt_unico,No_verificable,,,Búsqueda web sin resultado concluyente,"No se halló confirmación de un viaje de 2 días a Argentina el 2-ago-2010 (nótese que existe un viaje similar ya cargado en nuestra base para el 2-ago-2011, Trip_ID 158, un año distinto); podría tratarse de un evento real de 2010 no verificado o de una posible confusión de año en COLT."
2552-URY-ARG-40452,,colt_unico,No_verificable,,,Búsqueda web sin resultado concluyente,No se halló fuente que confirme un viaje a Argentina el 1-oct-2010; el propio COLT admite fecha incierta ('date of departure and return unclear').
2552-URY-ARG-40515,,colt_unico,agregar,,,https://segib.org/es/cumbre/xx-cumbre-iberoamericana/ ; https://www.lacapitalmdp.com/el-paso-de-pepe-mujica-por-la-cumbre-iberoamericana-en-mar-del-plata/,"Confirmado: XX Cumbre Iberoamericana en Mar del Plata, 3-4 diciembre 2010, con el lema exacto citado por COLT ('educación para la inclusión social'); Mujica participó y este viaje no está cargado en nuestra base."
2552-URY-ARG-40599,,colt_unico,agregar,,,https://www.casarosada.gob.ar/informacion/archivo/23092-blank-40824974,"Confirmado con fecha exacta: inauguración de la Casa Patria Grande 'Presidente Néstor Kirchner' el 25-feb-2011 en Buenos Aires, con presencia de Mujica junto a Cristina Fernández y Fernando Lugo."
2552-URY-ARG-41200,,colt_unico,agregar,,,https://unlp.edu.ar/institucional/unlp/historia/honoris_causa/doctor_honoris_causa_jose_mujica_18_oct_2012-6533-11533/,Confirmado con fecha exacta por fuente institucional oficial: ceremonia de Doctor Honoris Causa a Mujica en la Universidad Nacional de La Plata el 18-oct-2012.
2552-URY-ARG-41546,,colt_unico,No_verificable,,,Búsqueda web sin resultado concluyente,No se halló cobertura de prensa sobre la inauguración de un ferry Argentina-Uruguay con presencia de Mujica en sep-2013; podría tratarse de otro tipo de cruce fluvial o evento no identificado en la búsqueda.
2552-URY-BOL-41459,,colt_unico,agregar,,,http://www.cubadebate.cu/noticias/2013/07/04/presidentes-latinoamericanos-condenan-afrenta-europea-contra-evo-morales/,"Confirmado: reunión de UNASUR en Cochabamba el 4-jul-2013 en respaldo a Evo Morales tras el incidente con su avión presidencial (caso Snowden), con la presencia explícita de José Mujica entre los 6 presidentes citados."
2552-URY-BOL-41805,,colt_unico,No_verificable,,,Búsqueda web sin resultado concluyente,No se halló fuente que confirme un viaje a Bolivia el 15-jun-2014; se requiere más investigación.
2552-URY-BRA-40266,,colt_unico,No_verificable,,,Búsqueda web inconclusa,"No se halló cobertura de prensa de la época (mar-2010) que confirme un viaje de Mujica a Brasil el 29-mar-2010 con los acuerdos específicos descritos por COLT (avicultura, lácteos, etc.); es plausible como uno de los primeros viajes de su mandato pero no se pudo verificar de forma independiente."
2552-URY-BRA-40389,,colt_unico,No_verificable,,,Búsqueda web inconclusa,No se halló fuente que confirme un viaje a Brasil el 30-jul-2010; se requiere más investigación en archivos de prensa.
2552-URY-BRA-40518,,colt_unico,agregar,,,https://fundar.org.br/memorial/ ; https://www.180.com.uy/articulo/15589_Lula-y-Mujica-inauguraron-el-besodromo,Confirmado con fecha exacta: Lula y Mujica inauguraron el Memorial Darcy Ribeiro en la Universidad de Brasilia el 6-dic-2010.
2552-URY-BRA-40526,,colt_unico,agregar,,,"Prensa regional sobre la XL Cumbre del Mercosur, Foz de Iguaçu, dic-2010 (Presidencia de Uruguay, discurso de Mujica)","Confirmado: la XL Cumbre del Mercosur se realizó en Foz de Iguaçu a mediados de diciembre de 2010, con discurso de Mujica documentado; viaje real no cargado en nuestra base, aunque la fecha exacta del discurso dentro del rango 14-17 dic requiere ajuste fino al cargarlo."
2552-URY-BRA-42041,,colt_unico,No_verificable,,,Búsqueda web inconclusa,No se halló cobertura específica de un acto por el 35º aniversario del PT en Belo Horizonte el 6-feb-2015 con presencia de Mujica; la coherencia interna del dato (PT fundado en 1980 + 35 años = 2015) es sugestiva pero no constituye evidencia positiva directa.
2552-URY-CHL-40921,,colt_unico,agregar,,,https://www.pagina12.com.ar/diario/elmundo/4-184766-2012-01-05.html ; https://www.latercera.com/noticia/pinera-llega-a-la-antartica-en-compania-del-presidente-de-uruguay/,"Confirmado con fechas exactas: Piñera y Mujica visitaron juntos las bases antárticas (Frei Montalva chilena y Artigas uruguaya) entre el 13 y el 15 de enero de 2012, coincidiendo con la fecha de inicio y duración de COLT."
2552-URY-COL-40396,,colt_unico,agregar,,,https://www.infobae.com/2010/08/08/530252-juan-manuel-santos-juro-como-presidente-colombia-y-pidio-un-dialogo-directo-chavez/,"Confirmado: la asunción de Juan Manuel Santos fue el 7-ago-2010 con actos protocolares desde el 6-ago; Mujica, como presidente vecino recién asumido, asistió a la ceremonia."
2552-URY-CRI-42032,,colt_unico,agregar,,,https://en.wikipedia.org/wiki/2015_CELAC_summit,"Confirmado con fecha exacta: III Cumbre CELAC en San José, Costa Rica, con la intervención de Mujica el 28-ene-2015, una de sus últimas participaciones internacionales como presidente."
2552-URY-ECU-40498,,colt_unico,agregar,,,http://archivo.presidencia.gub.uy/sci/noticias/2010/11/2010111609.htm,"Confirmado con fuente oficial uruguaya: Mujica visitó Guayaquil junto a Correa, incluyendo la visita al barrio Nueva Prosperina descrita textualmente por COLT, en nov-2010."
2552-URY-VAT-41426,,colt_unico,agregar,,,https://www.lanacion.com.ar/el-mundo/el-papa-recibio-a-mujica-y-lo-califico-como-un-hombre-sabio-nid1587605/ ; https://diariodecuyo.com.ar/mundo/El-Papa-recibio-a-Jose-Mujica-20130601-0023.html,"Confirmado y muy bien documentado: el Papa Francisco recibió a Mujica en audiencia privada en el Vaticano el 1-jun-2013 (audiencia de 45 minutos). Esto resuelve una incertidumbre que nuestra propia base ya había señalado en la nota del Trip_ID 73 ('tramo Vaticano... si ocurrió'): sí ocurrió, como escala de un día dentro de la gira a España (Trip_ID 73, 28-may al 6-jun-2013), no como viaje aparte. Se recomienda cargarlo como tramo de esa misma gira, no como Journey nuevo."
2552-URY-PRY-40405,,colt_unico,agregar,,,https://upsidedownworld.org/archives/paraguay/paraguay-americas-social-forum-continues-struggle-to-dismantle-neoliberalism/ ; https://www.ultimahora.com/mujica-realizara-una-visita-oficial-paraguay-los-dias-15-y-16-agosto-n347507,"Confirmado: IV Foro Social de las Américas en Asunción, 11-15 ago 2010, con Mujica presente en el cierre junto a Lugo y Evo Morales; fuente adicional (Última Hora) confirma explícitamente una 'visita oficial' de Mujica a Paraguay los días 15 y 16 de agosto, coincidiendo con la fecha de inicio de COLT."
2552-URY-PRY-40529,,colt_unico,No_verificable,,,Sin confirmación directa hallada,"Es plausible como continuación regional del viaje a Foz de Iguaçu (colt_unico BRA-40526, días antes) hacia Alto Paraná (departamento paraguayo limítrofe con Foz de Iguaçu), pero no se halló fuente que confirme específicamente la firma del acuerdo URUPABOL el 17-dic-2010."
2552-URY-ESP-40508,,colt_unico,No_verificable,,,Búsqueda web inconclusa sobre el partido Atlético Madrid-Espanyol,No se pudo confirmar la fecha exacta de un partido Atlético Madrid vs Espanyol en el estadio Vicente Calderón el 26-nov-2010 con presencia de Mujica; el propio COLT admite fecha incierta.
2552-URY-ESP-41229,,colt_unico,descartar,,,https://diariocorreo.pe/mundo/mujica-reposara-varios-dias-tras-anular-viaj-212851/ ; https://www.gub.uy/presidencia/comunicacion/noticias/mujica-detallo-afeccion-le-impide-viajar-saludo-creacion-universidad,"Contradicho por evidencia positiva: en noviembre de 2012 Mujica ANULÓ su viaje a España (incluida su participación en la XXII Cumbre Iberoamericana de Cádiz, 16-17 nov) por un coágulo de sangre en la pierna, según fuentes de la época y la propia Presidencia uruguaya. Esto es coherente con nuestro Trip_ID 83 (viaje cancelado a España, ~nov-2012, ya cargado como Canceled). El registro de COLT como viaje completado parece ser un error."
2552-URY-ESP-41427,,colt_unico,descartar,,,"Nuestra propia base (Trip_ID 73, Journey URU-JM-J014)","Corresponde al mismo tramo español de la gira ya cargada como Trip_ID 73 (Madrid, 28-may al 6-jun-2013, evaluada como discrepancia bajo colt_TripID ESP-41423); COLT parece haber partido esta misma gira europea en dos TripID distintos para España (41423 y 41427), con fechas superpuestas (29-may/1-jun vs 2-jun/5-jun). Posible duplicado interno de COLT, señalado pero no resuelto de nuestro lado."
2552-URY-VEN-40275,,colt_unico,agregar,,,http://www.psuv.org.ve/temas/noticias/Chavez-recibe-a-Mujica-en-Miraflores-para-reimpulsar-relaciones-bilaterales/,"Confirmado: primera visita oficial de Mujica a Venezuela, con llegada el 6-abr-2010 y actos protocolares (ofrenda floral al Panteón Nacional, condecoración Orden del Libertador) el 7-abr-2010 en Miraflores junto a Chávez, coincidiendo con la nota de COLT (nótese leve matiz: la fuente ubica la llegada el 6-abr, un día antes de la fecha TripStartDate de COLT)."
3698-URY-ARG-45269,126,discrepancia,nuestro_correcto,Duration_Days,2,https://www.montevideo.com.uy/Noticias/Lacalle-Pou-partio-hacia-Argentina-para-asistir-a-la-asuncion-de-Milei-este-domingo-uc873535 ; https://www.infobae.com/america/america-latina/2023/12/11/zelenski-invito-a-lacalle-pou-a-visitar-ucrania-y-agradecio-el-apoyo-de-uruguay-en-una-reunion-en-buenos-aires/,"Fuente primaria (Montevideo Portal, publicada 9-dic-2023) confirma partida sábado 9-dic y regreso domingo 10-dic tras la asunción de Milei. La reunión con Zelenskyy que cita COLT como motivo del tercer día ocurrió el domingo por la mañana (10-dic), antes de la asunción, es decir dentro de la ventana ya registrada, no un día adicional. COLT tiene Confidence=1 (la más baja) en este TripID."
3698-URY-ARG-45490,130,discrepancia,COLT_correcto,Duration_Days,1,https://www.elobservador.com.uy/nacional/lacalle-pou-encabezo-acto-la-plaza-matriz-la-jura-la-constitucion-su-ultimo-18-julio-como-presidente-n5951925 ; https://www.a24.com/politica/lacalle-pou-y-tres-candidatos-presidente-uruguay-presentes-el-acto-la-amia-n1335615,"El Observador confirma que Lacalle Pou encabezó el acto oficial en Plaza Matriz por la Jura de la Constitución en Montevideo el 18-jul-2024, por lo que no pudo seguir en Buenos Aires ese día. Otras fuentes confirman que organizó su regreso a Uruguay el mismo 17-jul tras la bilateral con Milei y el acto por los 30 años de la AMIA. Corrige nuestra base (que tenía 17-18/jul, 2 días)."
3698-URY-BEL-45123,120,discrepancia,COLT_correcto,Start_Date,2023-07-16,https://www.ambito.com/uruguay/el-presidente-luis-lacalle-pou-se-reunio-su-par-chileno... ; https://diariodecuyo.com.ar/argentina/El-Presidente-llego-a-Bruselas-para-la-cumbre-entre-la-Union-Europea-y-la-Celac-20230717-0010.html ; https://www.subrayado.com.uy/lacalle-pou-viajo-cumbre-celac-y-union-europea-hay-expectativa-acuerdo-mercosur-n920640,"Múltiples fuentes (Subrayado, La Diaria, Montevideo Portal, Diario de Cuyo) confirman que Lacalle Pou viajó el domingo 16-jul-2023 junto al canciller Bustillo y la ministra Arbeleche, para participar el 17 y 18 de julio en la Cumbre CELAC-UE en Bruselas."
3698-URY-BEL-45123,120,discrepancia,COLT_correcto,Duration_Days,3,https://www.subrayado.com.uy/lacalle-pou-viajo-cumbre-celac-y-union-europea-hay-expectativa-acuerdo-mercosur-n920640,"Consistente con Start_Date corregido a 16-jul: viaje de 16 a 18-jul-2023 (3 días), confirmado por varias fuentes uruguayas."
3698-URY-CHL-44630,109,discrepancia,COLT_correcto,Start_Date,2022-03-10,https://www.subrayado.com.uy/lacalle-pou-esta-chile-la-asuncion-gabriel-boric-como-presidente-n847416 ; https://en.mercopress.com/2022/03/10/uruguayan-president-will-fly-to-chile-to-thank-pinera-and-assist-boric-s-presidential-inauguration,"Fuentes confirman que Lacalle Pou ya estaba en Chile el 10-mar-2022 (jueves), un día antes de la asunción de Boric (viernes 11-mar), participando también del almuerzo de despedida ofrecido por Piñera a los mandatarios invitados."
3698-URY-CHL-44630,109,discrepancia,COLT_correcto,Duration_Days,2,https://www.subrayado.com.uy/lacalle-pou-esta-chile-la-asuncion-gabriel-boric-como-presidente-n847416,Consistente con Start_Date corregido a 10-mar: viaje de 10 a 11-mar-2022 (2 días).
3698-URY-CHL-45179,121,discrepancia,COLT_correcto,Start_Date,2023-09-10,https://ladiaria.com.uy/politica/articulo/2023/9/lacalle-pou-partio-a-chile-para-participar-en-la-conmemoracion-de-los-50-anos-del-golpe-de-estado-en-ese-pais/ ; https://970universal.com/2023/09/10/lacalle-pou-viaja-a-chile-este-domingo-para-participar-del-acto-por-los-50-anos-del-golpe-de-estado/,"Fuentes confirman que Lacalle Pou partió hacia Chile el domingo 10-sep-2023 alrededor de las 18:30, para participar el lunes 11-sep en el acto por los 50 años del golpe de Estado."
3698-URY-CHL-45179,121,discrepancia,COLT_correcto,Duration_Days,2,https://ladiaria.com.uy/politica/articulo/2023/9/lacalle-pou-partio-a-chile-para-participar-en-la-conmemoracion-de-los-50-anos-del-golpe-de-estado-en-ese-pais/,"Consistente con Start_Date corregido a 10-sep: viaje de 10 a 11-sep-2023 (2 días), antes de continuar a Francia."
3698-URY-CHN-45251,125,discrepancia,nuestro_correcto,Start_Date,2023-11-20,https://www.infobae.com/america/agencias/2023/11/20/lacalle-pou-llega-a-pekin-para-visita-oficial-y-reunion-con-xi-jinping/,"Infobae confirma explícitamente que Lacalle Pou llegó a Pekín el lunes 20-nov-2023 para la visita oficial, contradiciendo el 21-nov de COLT."
3698-URY-CHN-45251,125,discrepancia,nuestro_correcto,Duration_Days,5,https://www.infobae.com/america/agencias/2023/11/20/lacalle-pou-llega-a-pekin-para-visita-oficial-y-reunion-con-xi-jinping/,"Múltiples fuentes describen la visita de Estado como 'del 20 al 24 de noviembre', consistente con Duration_Days=5 de nuestra base."
3698-URY-COL-44742,112,discrepancia,COLT_correcto,Duration_Days,5,https://www.subrayado.com.uy/regreso-lacalle-pou-su-visita-colombia-y-la-reunion-ivan-duque-n873027,"Fuente primaria (Subrayado, publicada 4-jul-2022 08:41hs) confirma que Lacalle Pou 'había viajado a Bogotá el jueves de mañana' (30-jun) y 'regresó este lunes de mañana' (4-jul) minutos antes de las 6am. Esto contradice nuestra propia corrección QA-R5 anterior (que había fijado el regreso en 3-jul); esa corrección previa era en realidad errónea. Duration correcta: 30-jun a 4-jul = 5 días, igual que COLT."
3698-URY-DOM-45008,116,discrepancia,COLT_correcto,Start_Date,2023-03-23,https://970universal.com/2023/03/23/lacalle-viajo-a-republica-dominicana-para-participar-en-cumbre-iberoamericana/ ; https://www.abc.com.py/internacionales/2023/03/23/boric-y-lacalle-llegan-a-repùblica-dominicana-para-la-cumbre-iberoamericana/,"Varias fuentes confirman que Lacalle Pou llegó a Santo Domingo el jueves 23-mar-2023 (no el 24-mar), ya que la XXVIII Cumbre Iberoamericana se extendió del jueves 23 al sábado 25-mar. NOTA: esto deja una inconsistencia interna no resuelta aquí -nuestro End_Date (29-mar) está bien sourced con cita directa, por lo que al corregir el Start_Date a 23-mar la Duration_Days real pasaría a ser 7 (no 6 como figura actualmente); esto no estaba señalado como diferencia en el workpack y se deja constancia para revisión futura, sin modificarlo en este veredicto."
3698-URY-PRY-45479,129,discrepancia,No_verificable,Start_Date,,https://www.mercosur.int/asuncion-se-prepara-para-la-cumbre-de-jefes-de-estado-del-mercosur-y-reuniones-previas/ ; búsquedas adicionales sobre la LXIV Cumbre MERCOSUR (8-jul-2024),"Todas las fuentes consultadas confirman que la cumbre presidencial y la cena de jefes de Estado ocurrieron el 7-8/jul/2024, pero ninguna precisa si Lacalle Pou arribó a Asunción el sábado 6 (COLT) o el domingo 7 (nuestra base). No se halló nota de prensa uruguaya con el día exacto de partida."
3698-URY-PRY-45479,129,discrepancia,No_verificable,Duration_Days,,https://www.mercosur.int/asuncion-se-prepara-para-la-cumbre-de-jefes-de-estado-del-mercosur-y-reuniones-previas/,Depende directamente de la fecha de partida no verificada (ver campo Start_Date del mismo Trip_ID); no se encontró fuente que precise si la estadía fue de 2 o 3 días.
3698-URY-QAT-44540,105,discrepancia,nuestro_correcto,Start_Date,2021-12-12,https://www.gub.uy/presidencia/comunicacion/noticias/lacalle-pou-tras-viaje-catar-nos-volvemos-tranquilidad-haber-cumplido ; https://en.mercopress.com/2021/12/11/argimon-takes-over-in-uruguay-as-lacalle-travels-to-qatar,"La fuente oficial (Presidencia, 14-dic-2021) describe la visita como 'oficial de 48 horas'; la reunión con el Emir fue el domingo 12-dic. No hay evidencia de que el viaje haya comenzado el 10-dic como indica COLT."
3698-URY-QAT-44540,105,discrepancia,nuestro_correcto,Duration_Days,3,https://www.gub.uy/presidencia/comunicacion/noticias/lacalle-pou-tras-viaje-catar-nos-volvemos-tranquilidad-haber-cumplido,"Fuente oficial (Presidencia) confirma que Lacalle Pou 'arribó a las 18:45 de este martes 14' (no el 13 como figura en nuestra base) tras una visita de 48 horas iniciada el domingo 12. El valor exacto correcto es 3 días (12-14 dic), no 2 (nuestro) ni 5 (COLT); nuestra base subestima por un día porque el End_Date registrado (13-dic) es incorrecto y debería corregirse a 14-dic en una revisión posterior. Se marca 'nuestro_correcto' por ser sustancialmente más cercano a la realidad que el valor de COLT, dejando expresa la corrección fina."
3698-URY-ARE-44611,108,discrepancia,nuestro_correcto,Start_Date,2022-02-18,https://www.subrayado.com.uy/lacalle-pou-viajo-dubai-junto-ministros-y-empresarios-n840128,"Nuestra propia corrección QA-R5 ya cita directamente la fuente: partida viernes 18-feb-2022, Día de Uruguay en Expo Dubái el lunes 21-feb, regreso de la delegación el 23-feb. Consistente con la cobertura de thenationalnews.com sobre el encuentro con Sheikh Mohamed bin Zayed en torno al 20-feb."
3698-URY-ARE-44611,108,discrepancia,nuestro_correcto,Duration_Days,6,https://www.subrayado.com.uy/lacalle-pou-viajo-dubai-junto-ministros-y-empresarios-n840128,Consistente con Start 18-feb y End 23-feb ya verificados con cita directa de fuente primaria (18 al 23-feb = 6 días).
3698-URY-GBR-44703,111,discrepancia,nuestro_correcto,Start_Date,2022-05-21,https://en.mercopress.com/2022/05/22/president-of-uruguay-left-for-the-uk-on-his-first-visit-to-europe-will-meet-with-prince-charles-boris-johnson,"El propio artículo de MercoPress citado por COLT como fuente dice explícitamente: 'traveled this Saturday to London... will last until May 24' (publicado domingo 22-may), es decir que viajó el sábado 21-may, no el 22-may como registró COLT."
3698-URY-GBR-44703,111,discrepancia,nuestro_correcto,Duration_Days,4,https://en.mercopress.com/2022/05/22/president-of-uruguay-left-for-the-uk-on-his-first-visit-to-europe-will-meet-with-prince-charles-boris-johnson,Consistente con Start 21-may y End 24-may (ya corregido en QA-R5 con cita directa de la misma fuente): 21 al 24-may = 4 días.
3698-URY-USA-44460,104,discrepancia,No_verificable,Start_Date,,https://www.gub.uy/presidencia/comunicacion/noticias/presidente-lacalle-pou-regreso-uruguay-tras-gira-oficial-mexico-estados ; https://en.mercopress.com/2021/09/23/uruguayan-president-lacalle-focuses-on-human-rights-and-covid-19-vaccination-before-the-un,"La fuente oficial solo confirma el regreso conjunto de la gira México-EEUU el viernes 24-sep (coincide con ambas bases). MercoPress confirma el discurso ante la ONU el miércoles 22-sep, compatible con cualquiera de las dos fechas de inicio propuestas (20 o 21-sep). No se halló fuente que precise el día exacto de llegada a Nueva York tras la Cumbre CELAC en México (que terminó el 18-sep)."
3698-URY-USA-44460,104,discrepancia,No_verificable,Duration_Days,,https://www.gub.uy/presidencia/comunicacion/noticias/presidente-lacalle-pou-regreso-uruguay-tras-gira-oficial-mexico-estados,Depende directamente de la fecha de inicio no verificada (ver campo Start_Date del mismo Trip_ID); el End_Date (24-sep) está confirmado por fuente oficial en ambas versiones.
3698-URY-USA-45090,118,discrepancia,nuestro_correcto,Start_Date,2023-06-12,https://www.teledoce.com/telemundo/nacionales/biden-aplaudio-defensa-de-lacalle-de-libertades-en-venezuela-presidentes-exploraron-formas-de-expandir-la-relacion-economica-bilateral/,"Nuestra corrección QA-R5 ya cita directamente la fuente: viajó el domingo 11-jun de noche (llegada 12-jun), reunión con Biden el martes 13-jun (coincide con las fuentes de COLT: Bloomberg y la Casa Blanca fechan el encuentro el 13-jun), regreso el jueves 15-jun."
3698-URY-USA-45090,118,discrepancia,nuestro_correcto,Duration_Days,4,https://www.teledoce.com/telemundo/nacionales/biden-aplaudio-defensa-de-lacalle-de-libertades-en-venezuela-presidentes-exploraron-formas-de-expandir-la-relacion-economica-bilateral/,"Consistente con Start 12-jun y End 15-jun ya verificados con cita directa: 12 al 15-jun = 4 días. El TripID de COLT (fechado 13-jun) corresponde al día de la reunión con Biden, que fue ampliamente cubierto, pero no al día de llegada real."
3698-URY-USA-45186,123,discrepancia,nuestro_correcto,Duration_Days,5,https://www.gub.uy/presidencia/comunicacion/noticias/lacalle-pou-retorno-uruguay-tras-participar-asamblea-general-naciones-unidas,"Fuente oficial (Presidencia, 21/09/2023): 'La vicepresidenta Beatriz Argimón traspasó el mando al presidente... este jueves 21' tras el viaje a la 78ª AGNU. Confirma el regreso el 21-sep, no el 22-sep como registra COLT. Duration correcta: 17 al 21-sep = 5 días."
3698-URY-USA-45231,124,discrepancia,COLT_correcto,Start_Date,2023-11-01,https://www.nodal.am/2023/11/nueve-presidentes-de-america-latina-llegan-a-eeuu-para-participar-manana-de-la-primera-cumbre-de-la-apep/ ; https://reporte24.com.ar/2023/10/29/lacalle-pou-prepara-su-participacion-en-la-cumbre-de-la-apep-en-estados-unidos/,"Fuentes confirman que Lacalle Pou solicitó venia parlamentaria para viajar a EEUU entre el 1 y el 4-nov-2023, y que los presidentes latinoamericanos llegaron 'un día antes' de la cumbre del 3-nov. Nuestra base (1 solo día, 3-nov) subestima la duración real del viaje."
3698-URY-USA-45231,124,discrepancia,COLT_correcto,Duration_Days,4,https://www.nodal.am/2023/11/nueve-presidentes-de-america-latina-llegan-a-eeuu-para-participar-manana-de-la-primera-cumbre-de-la-apep/,Consistente con el Start_Date corregido a 1-nov y venia parlamentaria 1 al 4-nov-2023 (4 días).
3698-URY-BRA-45265,,colt_unico,agregar,,,https://www.infobae.com/america/america-latina/2023/12/08/un-pedido-de-explicaciones-de-luis-lacalle-pou-tenso-la-discusion-de-la-ultima-cumbre-del-mercosur-de-alberto-fernandez/ ; https://ladiaria.com.uy/politica/articulo/2023/12/cumbre-del-mercosur-lacalle-pou-afirmo-que-en-el-bloque-no-hay-voluntad-de-avanzar-en-un-acuerdo-de-libre-comercio-con-china/,"Confirmado: Lacalle Pou asistió personalmente a la Cumbre del Mercosur en Río de Janeiro el 7-dic-2023 (Infobae y La Diaria documentan sus declaraciones en el propio encuentro, incluyendo un cruce con Argentina y Brasil por China). Viaje real, no cargado en nuestra base; hueco cronológico entre Trip_ID 125 (China, hasta 24-nov) y Trip_ID 126 (Argentina, 9-dic) es compatible. Fechas exactas de llegada (5-dic) no verificadas con la misma certeza que la fecha del evento (7-dic)."
3698-URY-CHL-45460,,colt_unico,agregar,,,https://www.elobservador.com.uy/nacional/lacalle-pou-viaja-chile-participara-homenaje-pinera-y-se-reunira-gabriel-boric-n5946438 ; https://www.swissinfo.ch/spa/boric-y-lacalle-pou-se-re%C3%BAnen-en-santiago-de-chile-para-mejorar-v%C3%ADnculos-econ%C3%B3micos/81070086,"Confirmado: Lacalle Pou viajó a Chile a mediados de junio de 2024 para participar de un homenaje a Piñera (fallecido en feb-2024) y reunirse con Boric en el Palacio de La Moneda el 18-jun-2024. Viaje real, no cargado en nuestra base; cae en el hueco cronológico entre Trip_ID 128 (24-abr-2024) y Trip_ID 129 (7-jul-2024)."
3698-URY-DOM-45520,,colt_unico,agregar,,,https://www.montevideo.com.uy/Noticias/De-traje-blanco-Lacalle-Pou-participo-de-asuncion-del-presidente-de-Republica-Dominicana-uc897363 ; https://www.elobservador.com.uy/nacional/luis-lacalle-pou-viaja-republica-dominicana-asuncion-del-presidente-luis-abinader-la-situacion-venezuela-la-mira-n5956231,"Confirmado: Lacalle Pou participó personalmente de la investidura de Luis Abinader en Santo Domingo el 16-ago-2024 (cobertura directa de Montevideo Portal, con foto del presidente en el acto). Viaje real, no cargado en nuestra base; cae en el hueco cronológico entre Trip_ID 130 (17-jul-2024) y Trip_ID 131 (25-sep-2024)."
3698-URY-SLV-45443,,colt_unico,descartar,,,https://www.elobservador.com.uy/nacional/nicolas-albertoni-viaja-el-salvador-representar-al-gobierno-el-acto-que-reasumira-nayib-bukele-n5942405 ; https://www.prensa-latina.cu/2024/05/28/vicecanciller-representara-a-uruguay-en-toma-de-posesion-de-bukele/,"Verificado que Lacalle Pou NO viajó personalmente a la segunda asunción de Bukele (1-jun-2024): el gobierno uruguayo estuvo representado por el vicecanciller Nicolás Albertoni, quien viajó el viernes previo. COLT atribuye erróneamente al presidente un viaje realizado en realidad por un funcionario de menor rango; se recomienda descartar este TripID de COLT (o registrarlo, si corresponde, como viaje de Albertoni, fuera del alcance de esta base de viajes presidenciales)."
3698-URY-PRY-44763,,colt_unico,agregar,,,https://www.infobae.com/politica/2022/07/15/lacalle-pou-pone-en-crisis-al-mercosur-por-su-decision-geopolitica-de-avanzar-en-un-acuerdo-bilateral-con-china-que-resisten-argentina-brasil-y-paraguay/ ; https://www.lr21.com.uy/politica/1476415-lacalle-pou-cumbre-mercosur-apertura-comercial,"Confirmado: Lacalle Pou asistió personalmente a la LX Cumbre del Mercosur en Asunción el 21-jul-2022, donde recibió la presidencia pro tempore del bloque de manos de Abdo Benítez (múltiples fuentes, incluida cobertura en video). Es un viaje distinto y posterior al Trip_ID 110 de nuestra base (13-15-may-2022, visita bilateral por el 211º aniversario de la independencia paraguaya); no es un duplicado. Cae en el hueco cronológico entre Trip_ID 112 (3-jul-2022) y Trip_ID 113 (27-oct-2022)."
3698-URY-PRY-45392,,colt_unico,agregar,,,https://www.subrayado.com.uy/lacalle-pou-viaja-paraguay-reuniones-el-presidente-santiago-pena-y-el-mundial-2030-n943370 ; https://www.subrayado.com.uy/luis-lacalle-pou-se-reunio-su-par-paraguayo-santiago-pena-este-miercoles-asuncion-n943473,"Confirmado con fuente primaria propia (Subrayado): Lacalle Pou llegó a Asunción el miércoles 10-abr-2024 y se reunió con Santiago Peña y con el presidente de FIFA Gianni Infantino por la organización del Mundial 2030. Las fechas de COLT (10-11 abr) coinciden exactamente con lo confirmado. Viaje real, no cargado en nuestra base; cae en el hueco cronológico entre Trip_ID 126 (9-dic-2023) y Trip_ID 127 (17-abr-2024)."
392-URY-BRA-34685,,colt_unico,agregar,,,https://www.mercosur.int/ouro-preto-30-anos-del-hito-historico-que-consolido-al-mercosur ; https://es.wikipedia.org/wiki/Protocolo_de_Ouro_Preto,"Confirmado: el 17-dic-1994 en Ouro Preto (Brasil), Lacalle Herrera firmo junto a Menem, Itamar Franco y Wasmosy el Protocolo de Ouro Preto que cerro el periodo de transicion del MERCOSUR (VII Cumbre de presidentes del bloque). El TripDuration de COLT (17 dias) es implausible para una cumbre de un dia y probablemente es un error de ese campo, pero el viaje/evento en si esta confirmado por fuentes independientes, por lo que corresponde agregarlo."
392-URY-BRA-34701,,colt_unico,agregar,,,"https://www.eltiempo.com/archivo/documento/MAM-308163 (El Tiempo, Colombia, publicado 02-ene-1995, fuente de epoca)","La cronica contemporanea de la investidura de Fernando Henrique Cardoso (1-ene-1995, Brasilia) lista explicitamente a los nueve presidentes asistentes, incluyendo a 'Luis Lacalle de Uruguay'. Evento confirmado por fuente primaria de la epoca. Nota: la ceremonia fue el 1-ene y el TripStartDate de COLT es 2-ene; posible desfase de un dia en el dato de COLT, pero la asistencia al evento esta confirmada."
392-URY-USA-34604,,colt_unico,No_verificable,,,"Busquedas en prensa uruguaya/regional actual y en el repositorio de documentos de Naciones Unidas (digitallibrary.un.org, actas A/49/PV de la 49a Asamblea General, sep-1994) sin resultado directo.","No se encontro confirmacion positiva ni negativa de un discurso de Lacalle Herrera en la Asamblea General de la ONU el 27-sep-1994. Es plausible dado el activo perfil multilateral de Lacalle en 1994 (Mercosur, Cumbre de las Americas), pero la ausencia de resultados es consistente con la escasa cobertura digital de la prensa uruguaya de los anos 90 (ver advertencia del proyecto), no evidencia de que el viaje no ocurrio. Se recomienda revision futura contra actas primarias de la ONU (A/49/PV.x)."
392-URY-USA-34676,,colt_unico,agregar,,,http://www.iin.oas.org/DECLARACIONES/primera_cumbre.htm ; https://summit-americas.org/sas/Cumbres_previas_ICumbre.html,"Confirmado que Uruguay fue representado por el presidente Luis Alberto Lacalle en la Primera Cumbre de las Americas (Miami, 9 al 11-dic-1994), donde se firmo la Declaracion de Principios y el Plan de Accion germen del ALCA (coincide con la nota de COLT sobre 'agreement creating a free trade zone in the Americas'). El TripStartDate de COLT (8-dic) es razonable como dia de viaje previo al inicio formal de la cumbre (9-dic)."
4217-URY-ARG-45841,137,discrepancia,nuestro_correcto,Start_Date,2025-07-02,https://www.montevideo.com.uy/Noticias/Sevilla-Buenos-Aires-y-Rio-de-Janeiro-los-detalles-del-viaje-de-Orsi-a-inicios-de-julio-uc927271,La nota de venia parlamentaria (citada textualmente por Montevideo Portal) indica explicitamente 'Orsi viajara el 2 y 3 de julio a Buenos Aires'. Confirma el Start_Date de nuestra base; COLT (03-jul) esta equivocado.
4217-URY-ARG-45841,137,discrepancia,nuestro_correcto,Duration_Days,2,https://www.montevideo.com.uy/Noticias/Sevilla-Buenos-Aires-y-Rio-de-Janeiro-los-detalles-del-viaje-de-Orsi-a-inicios-de-julio-uc927271,"El viaje a Buenos Aires abarco el 2 y 3 de julio (2 dias) segun la venia parlamentaria oficial. COLT registra Duration=1, subestimando el viaje en un dia."
4217-URY-BRA-45844,138,discrepancia,nuestro_correcto,Start_Date,2025-07-04,https://www.teledoce.com/telemundo/nacionales/orsi-partio-este-viernes-a-rio-de-janeiro-para-participar-de-cumbre-de-los-brics/ ; https://www.gub.uy/presidencia/comunicacion/noticias/presidente-republica-viaja-brasil-para-asistir-17a-cumbre-brics,"Verificacion independiente muestra que ni nuestro valor original (05-jul) ni el de COLT (06-jul) son exactos: Orsi partio el viernes 4-jul y arribo a Rio esa misma tarde (no de noche, contrario a la nota interna previa), iniciando actividades bilaterales el sabado 5. El valor correcto es 2025-07-04; nuestro dato original estaba mas cerca de la realidad que el de COLT (1 dia de diferencia vs 2)."
4217-URY-BRA-45844,138,discrepancia,nuestro_correcto,Duration_Days,4,https://www.teledoce.com/telemundo/nacionales/orsi-partio-este-viernes-a-rio-de-janeiro-para-participar-de-cumbre-de-los-brics/ ; https://www.montevideo.com.uy/Noticias/Sevilla-Buenos-Aires-y-Rio-de-Janeiro-los-detalles-del-viaje-de-Orsi-a-inicios-de-julio-uc927271,"Con arribo confirmado el 4-jul y regreso/fin de la gira el 7-jul (segun venia parlamentaria: 'estara entre el 4 y el 7 de julio'), la duracion correcta es 4 dias. Nuestro valor original (3) estaba mas cerca que el de COLT (2)."
4217-URY-CHL-45859,139,discrepancia,nuestro_correcto,Start_Date,2025-07-20,https://www.elobservador.com.uy/nacional/tras-reunion-chile-orsi-sanchez-lula-boric-y-petro-manifestaron-su-compromiso-la-defensa-la-democracia-n6009407,Fuente ya documentada en nuestra base confirma que Orsi llego a Santiago el domingo 20-jul y la reunion 'Democracia Siempre' fue el 21-jul en La Moneda; COLT (Start=21-jul) omite el dia de llegada.
4217-URY-CHL-45859,139,discrepancia,nuestro_correcto,Duration_Days,2,https://www.elobservador.com.uy/nacional/tras-reunion-chile-orsi-sanchez-lula-boric-y-petro-manifestaron-su-compromiso-la-defensa-la-democracia-n6009407,"Llegada 20-jul y actividad 21-jul totalizan 2 dias de viaje; COLT registra Duration=1, contando solo el dia del evento."
4217-URY-ITA-45945,142,discrepancia,nuestro_correcto,Start_Date,2025-10-16,https://www.infobae.com/america/america-latina/2025/10/15/el-papa-leon-xiv-recibira-este-viernes-a-yamandu-orsi-en-el-vaticano/,"La gira europea de Orsi tuvo tramos separados por pais: Belgica el 15-oct (Trip_ID 141), Italia/Roma (FAO) el 16-oct (este item, Trip_ID 142) y Vaticano el 17-oct (Trip_ID 143). COLT parece haber agrupado varios tramos de la gira bajo un unico registro de 'Italy' con Start=15-oct y Duration=4, lo cual no corresponde a un viaje real de 4 dias solo a Italia sino a una probable conflacion de la gira completa (posible error/duplicado interno de COLT, se deja constancia)."
4217-URY-ITA-45945,142,discrepancia,nuestro_correcto,Duration_Days,1,https://www.infobae.com/america/america-latina/2025/10/15/el-papa-leon-xiv-recibira-este-viernes-a-yamandu-orsi-en-el-vaticano/,"El tramo en Italia (Roma, 80 aniversario FAO) fue de un solo dia (16-oct), previo al tramo separado del Vaticano el 17-oct. El Duration=4 de COLT es incompatible con el itinerario dia-por-dia confirmado por prensa y parece resultar de agrupar erroneamente varios paises/tramos bajo 'Italy'."
4217-URY-PAN-45753,134,discrepancia,nuestro_correcto,Start_Date,2025-04-07,https://www.subrayado.com.uy/yamandu-orsi-se-reunio-el-presidente-panama-su-primer-viaje-oficial-queremos-ser-el-camino-la-certeza-n973872 ; https://www.infobae.com/america/america-latina/2025/04/08/yamandu-orsi-realizo-su-primer-viaje-oficial-a-panama-en-busca-de-nuevos-mercados/,"Multiples fuentes confirman que Orsi arribo a Panama el lunes 7-abr-2025 (su primer viaje oficial como presidente), se reunio con Mulino y continuo viaje a Honduras el 8-abr (cumbre CELAC). COLT (Start=6-abr) adelanta la fecha en un dia."
4217-URY-PAN-45753,134,discrepancia,nuestro_correcto,Duration_Days,1,https://www.subrayado.com.uy/yamandu-orsi-se-reunio-el-presidente-panama-su-primer-viaje-oficial-queremos-ser-el-camino-la-certeza-n973872,"La visita a Panama fue de un solo dia (7-abr), encadenada directamente con el viaje a Honduras que comenzo al dia siguiente (8-abr). COLT registra Duration=2, lo que no es consistente con el itinerario encadenado confirmado por prensa."
4217-URY-ESP-45837,136,discrepancia,ambos_correctos,Destination_City,Seville,https://www.gub.uy/presidencia/comunicacion/noticias/presidente-orsi-llego-sevilla-para-participar-conferencia-sobre-financiacion,'Seville' (nuestra base) y 'Sevilla' (COLT) son el mismo lugar en ingles y espanol respectivamente; no es un error factico sino una diferencia de idioma/convencion de nomenclatura. Se mantiene 'Seville' por ser la convencion en ingles usada consistentemente en el resto de nuestra base.
4217-URY-USA-45922,140,discrepancia,nuestro_correcto,Start_Date,2025-09-21,https://www.gub.uy/presidencia/comunicacion/noticias/orsi-nueva-york-mujica-onu (fechado 21/09/2025),"Fuente oficial de Presidencia, fechada el mismo 21-sep-2025, titulada 'Presidente Orsi inicio viaje a Nueva York...', documenta la ceremonia de traspaso de mando y la partida ese domingo. Multiples medios confirman 'Orsi viaja el domingo [21] a Nueva York'. COLT (22-sep) corresponde probablemente al dia de arribo (vuelo nocturno), pero el dato de inicio de viaje mejor respaldado es el 21-sep."
4217-URY-USA-45922,140,discrepancia,COLT_correcto,Duration_Days,7,"https://www.ambito.com/uruguay/yamandu-orsi-destaco-que-hay-mucho-interes-empresarial-su-regreso-estados-unidos-n6195694 (publicado 27-sep-2025, 'Orsi arribo al pais este sabado') ; https://www.gub.uy/presidencia/comunicacion/noticias/orsi-nueva-york-mujica-onu ('El retorno de las autoridades esta previsto para el sabado 27')","Confirmado por prensa fechada el 27-sep-2025 que Orsi regreso a Uruguay ese sabado, tras reuniones adicionales (incluyendo con el titular de FIFA) posteriores al homenaje a Mujica del 24-sep. Nuestro Duration=4 (hasta el 24-sep) subestima el viaje real en 3 dias; el valor de COLT (6, asumiendo Start=22-sep) esta mucho mas cerca del regreso real del 27-sep. Con Start_Date correcto en 21-sep, la duracion real correcta es de 7 dias (21 al 27-sep inclusive); ninguno de los dos valores originales es exacto, pero el de COLT es sustancialmente mas cercano a la realidad verificada."
4217-URY-XXX-46018,,colt_unico,agregar,,,https://www.subrayado.com.uy/yamandu-orsi-se-tomara-vacaciones-este-sabado-pidio-autorizacion-salir-del-pais-siete-dias-n995834 ; https://www.elobservador.com.uy/nacional/las-vacaciones-yamandu-orsi-el-presidente-pidio-autorizacion-salir-del-pais-el-27-diciembre-y-el-3-enero-n6029318,"Confirmado un viaje privado/vacaciones familiares de Orsi entre el 27-dic-2025 y el 3-ene-2026 (8 dias, coincide exactamente con el TripDuration=8 de COLT), con destino Brasil segun prensa uruguaya (no 'Unknown' como registra COLT). Corresponde agregarlo a la base, señalando que el pais de destino real identificado es Brasil."
