colt_TripID,our_Trip_ID,President,Destination_Country,Start_Date,discrepancias
1473-ARG-CHE-36553,84,Fernando de la Rúa,Switzerland,2000-01-27,TripStartDate: nuestra fecha=2000-01-27 vs COLT=2000-01-28 (dif. 1d) | TripEndDate: nuestra fecha=2000-01-30 vs COLT=2000-02-02 (dif. 3d)
1473-ARG-DEU-36681,85,Fernando de la Rúa,Germany,2000-06-02,TripStartDate: nuestra fecha=2000-06-02 vs COLT=2000-06-04 (dif. 2d) | TripEndDate: nuestra fecha=2000-06-03 vs COLT=2000-06-05 (dif. 2d)
1473-ARG-BRA-36770,88,Fernando de la Rúa,Brazil,2000-08-31,TripStartDate: nuestra fecha=2000-08-31 vs COLT=2000-09-01 (dif. 1d) | TripEndDate: nuestra fecha=2000-09-01 vs COLT=2000-09-02 (dif. 1d)
1473-ARG-USA-36775,89,Fernando de la Rúa,United States,2000-09-06,TripEndDate: nuestra fecha=2000-09-08 vs COLT=2000-09-07 (dif. 1d)
1473-ARG-PAN-36847,93,Fernando de la Rúa,Panama,2000-11-17,MetNonhostHOGS: nuestra investigacion=Yes vs COLT=No
1473-ARG-CAN-37001,100,Fernando de la Rúa,Canada,2001-04-20,TripEndDate: nuestra fecha=2001-04-22 vs COLT=2001-04-21 (dif. 1d)
1473-ARG-PRY-37064,101,Fernando de la Rúa,Paraguay,2001-06-21,TripStartDate: nuestra fecha=2001-06-21 vs COLT=2001-06-22 (dif. 1d)
1473-ARG-BRA-37103,102,Fernando de la Rúa,Brazil,2001-07-31,MetHostHoGS: nuestra investigacion=Yes vs COLT=No | TripEndDate: nuestra fecha=2001-08-01 vs COLT=2001-07-31 (dif. 1d)
1473-ARG-USA-37205,105,Fernando de la Rúa,United States,2001-11-09,TripStartDate: nuestra fecha=2001-11-09 vs COLT=2001-11-10 (dif. 1d) | TripEndDate: nuestra fecha=2001-11-11 vs COLT=2001-11-13 (dif. 2d)
1473-ARG-PER-37217,106,Fernando de la Rúa,Peru,2001-11-23,TripStartDate: nuestra fecha=2001-11-23 vs COLT=2001-11-22 (dif. 1d) | TripEndDate: nuestra fecha=2001-11-24 vs COLT=2001-11-23 (dif. 1d)
1689-ARG-MEX-37335,107,Eduardo Duhalde,Mexico,2002-03-21,TripStartDate: nuestra fecha=2002-03-21 vs COLT=2002-03-20 (dif. 1d)
1689-ARG-CRI-37358,108,Eduardo Duhalde,Costa Rica,2002-04-11,TripStartDate: nuestra fecha=2002-04-11 vs COLT=2002-04-12 (dif. 1d) | TripEndDate: nuestra fecha=2002-04-12 vs COLT=2002-04-13 (dif. 1d)
1689-ARG-BRA-37524,113,Eduardo Duhalde,Brazil,2002-09-26,TripStartDate: nuestra fecha=2002-09-26 vs COLT=2002-09-25 (dif. 1d)
1689-ARG-CHL-37558,114,Eduardo Duhalde,Chile,2002-10-29,TripEndDate: nuestra fecha=2002-10-29 vs COLT=2002-10-30 (dif. 1d)
1689-ARG-BRA-37596,116,Eduardo Duhalde,Brazil,2002-12-05,TripStartDate: nuestra fecha=2002-12-05 vs COLT=2002-12-06 (dif. 1d) | TripEndDate: nuestra fecha=2002-12-06 vs COLT=2002-12-07 (dif. 1d)
1689-ARG-BRA-37635,118,Eduardo Duhalde,Brazil,2003-01-14,TripEndDate: nuestra fecha=2003-01-14 vs COLT=2003-01-15 (dif. 1d)
1689-ARG-CHL-37734,123,Eduardo Duhalde,Chile,2003-04-23,TripEndDate: nuestra fecha=2003-04-23 vs COLT=2003-04-25 (dif. 2d)
1826-ARG-BRA-37786,124,Néstor Kirchner,Brazil,2003-06-11,TripStartDate: nuestra fecha=2003-06-11 vs COLT=2003-06-14 (dif. 3d) | TripEndDate: nuestra fecha=2003-06-11 vs COLT=2003-06-15 (dif. 4d)
1826-ARG-PRY-37790,125,Néstor Kirchner,Paraguay,2003-06-17,TripStartDate: nuestra fecha=2003-06-17 vs COLT=2003-06-18 (dif. 1d) | TripEndDate: nuestra fecha=2003-06-18 vs COLT=2003-06-19 (dif. 1d)
1826-ARG-GBR-37812,127,Néstor Kirchner,United Kingdom,2003-07-13,TripStartDate: nuestra fecha=2003-07-13 vs COLT=2003-07-10 (dif. 3d)
1826-ARG-USA-37824,128,Néstor Kirchner,United States,2003-07-23,TripStartDate: nuestra fecha=2003-07-23 vs COLT=2003-07-22 (dif. 1d)
1826-ARG-USA-37886,129,Néstor Kirchner,United States,2003-09-25,TripStartDate: nuestra fecha=2003-09-25 vs COLT=2003-09-22 (dif. 3d)
1826-ARG-MEX-37998,131,Néstor Kirchner,Mexico,2004-01-12,TripEndDate: nuestra fecha=2004-01-13 vs COLT=2004-01-14 (dif. 1d)
1826-ARG-ESP-38013,132,Néstor Kirchner,Spain,2004-01-26,TripStartDate: nuestra fecha=2004-01-26 vs COLT=2004-01-27 (dif. 1d) | TripEndDate: nuestra fecha=2004-01-30 vs COLT=2004-01-28 (dif. 2d)
1826-ARG-BRA-38062,134,Néstor Kirchner,Brazil,2004-03-15,TripStartDate: nuestra fecha=2004-03-15 vs COLT=2004-03-16 (dif. 1d)
1826-ARG-USA-38111,135,Néstor Kirchner,United States,2004-05-04,TripEndDate: nuestra fecha=2004-05-06 vs COLT=2004-05-05 (dif. 1d)
1826-ARG-CHN-38166,136,Néstor Kirchner,China,2004-06-28,TripEndDate: nuestra fecha=2004-07-03 vs COLT=2004-07-02 (dif. 1d)
1826-ARG-BOL-38274,140,Néstor Kirchner,Bolivia,2004-10-14,TripEndDate: nuestra fecha=2004-10-14 vs COLT=2004-10-15 (dif. 1d)
1826-ARG-BRA-38338,142,Néstor Kirchner,Brazil,2004-12-16,TripStartDate: nuestra fecha=2004-12-16 vs COLT=2004-12-17 (dif. 1d) | TripEndDate: nuestra fecha=2004-12-17 vs COLT=2004-12-18 (dif. 1d)
1826-ARG-URY-38412,144,Néstor Kirchner,Uruguay,2005-03-01,TripEndDate: nuestra fecha=2005-03-01 vs COLT=2005-03-02 (dif. 1d)
1826-ARG-BRA-38481,148,Néstor Kirchner,Brazil,2005-05-10,TripStartDate: nuestra fecha=2005-05-10 vs COLT=2005-05-09 (dif. 1d) | TripEndDate: nuestra fecha=2005-05-11 vs COLT=2005-05-10 (dif. 1d)
1826-ARG-USA-38608,150,Néstor Kirchner,United States,2005-09-14,TripStartDate: nuestra fecha=2005-09-14 vs COLT=2005-09-13 (dif. 1d) | TripEndDate: nuestra fecha=2005-09-15 vs COLT=2005-09-16 (dif. 1d)
1826-ARG-ESP-38638,151,Néstor Kirchner,Spain,2005-10-14,TripStartDate: nuestra fecha=2005-10-14 vs COLT=2005-10-13 (dif. 1d)
1826-ARG-VEN-38677,152,Néstor Kirchner,Venezuela,2005-11-21,TripEndDate: nuestra fecha=2005-11-21 vs COLT=2005-11-22 (dif. 1d)
1826-ARG-BRA-39101,165,Néstor Kirchner,Brazil,2007-01-18,TripStartDate: nuestra fecha=2007-01-18 vs COLT=2007-01-19 (dif. 1d) | TripEndDate: nuestra fecha=2007-01-19 vs COLT=2007-01-20 (dif. 1d)
1826-ARG-PRY-39260,168,Néstor Kirchner,Paraguay,2007-06-28,TripStartDate: nuestra fecha=2007-06-28 vs COLT=2007-06-27 (dif. 1d) | TripEndDate: nuestra fecha=2007-06-29 vs COLT=2007-06-28 (dif. 1d)
1826-ARG-BOL-39302,170,Néstor Kirchner,Bolivia,2007-08-10,TripStartDate: nuestra fecha=2007-08-10 vs COLT=2007-08-08 (dif. 2d)
1826-ARG-USA-39349,171,Néstor Kirchner,United States,2007-09-25,TripStartDate: nuestra fecha=2007-09-25 vs COLT=2007-09-24 (dif. 1d) | TripEndDate: nuestra fecha=2007-09-25 vs COLT=2007-09-26 (dif. 1d)
2320-ARG-URY-39433,173,Cristina Fernández de Kirchner,Uruguay,2007-12-18,TripStartDate: nuestra fecha=2007-12-18 vs COLT=2007-12-17 (dif. 1d)
2320-ARG-VEN-39513,176,Cristina Fernández de Kirchner,Venezuela,2008-03-06,MetNonhostHOGS: nuestra investigacion=No vs COLT=Yes
2320-ARG-DOM-39514,177,Cristina Fernández de Kirchner,Dominican Republic,2008-03-07,TripEndDate: nuestra fecha=2008-03-07 vs COLT=2008-03-09 (dif. 2d)
2320-ARG-PER-39584,179,Cristina Fernández de Kirchner,Peru,2008-05-16,TripEndDate: nuestra fecha=2008-05-17 vs COLT=2008-05-18 (dif. 1d)
2320-ARG-ITA-39601,182,Cristina Fernández de Kirchner,Italy,2008-06-03,TripStartDate: nuestra fecha=2008-06-03 vs COLT=2008-06-02 (dif. 1d)
2320-ARG-PRY-39674,183,Cristina Fernández de Kirchner,Paraguay,2008-08-15,TripStartDate: nuestra fecha=2008-08-15 vs COLT=2008-08-14 (dif. 1d)
2320-ARG-BRA-39697,184,Cristina Fernández de Kirchner,Brazil,2008-09-07,TripStartDate: nuestra fecha=2008-09-07 vs COLT=2008-09-06 (dif. 1d)
2320-ARG-USA-39714,186,Cristina Fernández de Kirchner,United States,2008-09-23,TripEndDate: nuestra fecha=2008-09-23 vs COLT=2008-09-25 (dif. 2d)
2320-ARG-TUN-39769,190,Cristina Fernández de Kirchner,Tunisia,2008-11-18,TripStartDate: nuestra fecha=2008-11-18 vs COLT=2008-11-17 (dif. 1d)
2320-ARG-EGY-39771,191,Cristina Fernández de Kirchner,Egypt,2008-11-20,TripStartDate: nuestra fecha=2008-11-20 vs COLT=2008-11-19 (dif. 1d) | TripEndDate: nuestra fecha=2008-11-21 vs COLT=2008-11-20 (dif. 1d)
2320-ARG-LBY-39772,192,Cristina Fernández de Kirchner,Libya,2008-11-21,TripStartDate: nuestra fecha=2008-11-21 vs COLT=2008-11-20 (dif. 1d)
2320-ARG-ESP-39853,198,Cristina Fernández de Kirchner,Spain,2009-02-07,TripStartDate: nuestra fecha=2009-02-07 vs COLT=2009-02-09 (dif. 2d) | TripEndDate: nuestra fecha=2009-02-10 vs COLT=2009-02-11 (dif. 1d)
2320-ARG-BRA-39892,199,Cristina Fernández de Kirchner,Brazil,2009-03-19,TripStartDate: nuestra fecha=2009-03-19 vs COLT=2009-03-20 (dif. 1d)
2320-ARG-GBR-39904,202,Cristina Fernández de Kirchner,United Kingdom,2009-04-01,TripEndDate: nuestra fecha=2009-04-02 vs COLT=2009-04-03 (dif. 1d)
2320-ARG-CHE-39979,204,Cristina Fernández de Kirchner,Switzerland,2009-06-14,TripStartDate: nuestra fecha=2009-06-14 vs COLT=2009-06-15 (dif. 1d) | TripEndDate: nuestra fecha=2009-06-14 vs COLT=2009-06-16 (dif. 2d)
2320-ARG-SLV-39999,205,Cristina Fernández de Kirchner,El Salvador,2009-07-05,MetNonhostHOGS: nuestra investigacion=No vs COLT=Yes | TripEndDate: nuestra fecha=2009-07-06 vs COLT=2009-07-05 (dif. 1d)
2320-ARG-PRY-40017,206,Cristina Fernández de Kirchner,Paraguay,2009-07-23,TripEndDate: nuestra fecha=2009-07-24 vs COLT=2009-07-25 (dif. 1d)
2320-ARG-VEN-40036,208,Cristina Fernández de Kirchner,Venezuela,2009-08-11,TripEndDate: nuestra fecha=2009-08-11 vs COLT=2009-08-12 (dif. 1d)
2320-ARG-USA-40077,209,Cristina Fernández de Kirchner,United States,2009-09-23,TripStartDate: nuestra fecha=2009-09-23 vs COLT=2009-09-21 (dif. 2d) | TripEndDate: nuestra fecha=2009-09-23 vs COLT=2009-09-25 (dif. 2d)
2320-ARG-USA-40077,210,Cristina Fernández de Kirchner,United States,2009-09-24,TripStartDate: nuestra fecha=2009-09-24 vs COLT=2009-09-21 (dif. 3d)
2320-ARG-IND-40099,212,Cristina Fernández de Kirchner,India,2009-10-13,TripEndDate: nuestra fecha=2009-10-14 vs COLT=2009-10-15 (dif. 1d)
2320-ARG-PRT-40147,215,Cristina Fernández de Kirchner,Portugal,2009-11-29,TripStartDate: nuestra fecha=2009-11-29 vs COLT=2009-11-30 (dif. 1d)
2320-ARG-URY-40156,216,Cristina Fernández de Kirchner,Uruguay,2009-12-08,TripStartDate: nuestra fecha=2009-12-08 vs COLT=2009-12-09 (dif. 1d) | TripEndDate: nuestra fecha=2009-12-08 vs COLT=2009-12-10 (dif. 2d)
2320-ARG-URY-40238,219,Cristina Fernández de Kirchner,Uruguay,2010-03-01,TripEndDate: nuestra fecha=2010-03-01 vs COLT=2010-03-02 (dif. 1d)
2320-ARG-PER-40259,221,Cristina Fernández de Kirchner,Peru,2010-03-21,TripStartDate: nuestra fecha=2010-03-21 vs COLT=2010-03-22 (dif. 1d)
2320-ARG-BOL-40263,222,Cristina Fernández de Kirchner,Bolivia,2010-03-26,TripEndDate: nuestra fecha=2010-03-26 vs COLT=2010-03-27 (dif. 1d)
2320-ARG-USA-40278,223,Cristina Fernández de Kirchner,United States,2010-04-12,TripStartDate: nuestra fecha=2010-04-12 vs COLT=2010-04-10 (dif. 2d)
2320-ARG-VEN-40287,224,Cristina Fernández de Kirchner,Venezuela,2010-04-18,TripStartDate: nuestra fecha=2010-04-18 vs COLT=2010-04-19 (dif. 1d)
2320-ARG-ESP-40315,225,Cristina Fernández de Kirchner,Spain,2010-05-17,TripEndDate: nuestra fecha=2010-05-18 vs COLT=2010-05-19 (dif. 1d)
2320-ARG-BRA-40325,226,Cristina Fernández de Kirchner,Brazil,2010-05-27,TripEndDate: nuestra fecha=2010-05-29 vs COLT=2010-05-28 (dif. 1d)
2320-ARG-CAN-40354,228,Cristina Fernández de Kirchner,Canada,2010-06-26,TripStartDate: nuestra fecha=2010-06-26 vs COLT=2010-06-25 (dif. 1d) | TripEndDate: nuestra fecha=2010-06-27 vs COLT=2010-06-28 (dif. 1d)
2320-ARG-CHN-40370,229,Cristina Fernández de Kirchner,China,2010-07-12,TripStartDate: nuestra fecha=2010-07-12 vs COLT=2010-07-11 (dif. 1d)
2320-ARG-USA-40443,230,Cristina Fernández de Kirchner,United States,2010-09-24,TripStartDate: nuestra fecha=2010-09-24 vs COLT=2010-09-22 (dif. 2d)
2320-ARG-BRA-40529,234,Cristina Fernández de Kirchner,Brazil,2010-12-17,TripEndDate: nuestra fecha=2010-12-17 vs COLT=2010-12-18 (dif. 1d)
2320-ARG-QAT-40562,236,Cristina Fernández de Kirchner,Qatar,2011-01-18,TripStartDate: nuestra fecha=2011-01-18 vs COLT=2011-01-19 (dif. 1d) | TripEndDate: nuestra fecha=2011-01-19 vs COLT=2011-01-20 (dif. 1d)
2320-ARG-ITA-40695,241,Cristina Fernández de Kirchner,Italy,2011-05-31,TripStartDate: nuestra fecha=2011-05-31 vs COLT=2011-06-01 (dif. 1d) | TripEndDate: nuestra fecha=2011-06-02 vs COLT=2011-06-03 (dif. 1d)
2320-ARG-PER-40752,242,Cristina Fernández de Kirchner,Peru,2011-07-28,MetHostHoGS: nuestra investigacion=Yes vs COLT=No | MetNonhostHOGS: nuestra investigacion=No vs COLT=Yes
2320-ARG-FRA-40799,245,Cristina Fernández de Kirchner,France,2011-09-12,TripStartDate: nuestra fecha=2011-09-12 vs COLT=2011-09-13 (dif. 1d)
2320-ARG-USA-40807,246,Cristina Fernández de Kirchner,United States,2011-09-21,TripEndDate: nuestra fecha=2011-09-21 vs COLT=2011-09-22 (dif. 1d)
2320-ARG-VEN-40878,248,Cristina Fernández de Kirchner,Venezuela,2011-12-02,TripStartDate: nuestra fecha=2011-12-02 vs COLT=2011-12-01 (dif. 1d) | TripEndDate: nuestra fecha=2011-12-03 vs COLT=2011-12-02 (dif. 1d)
2320-ARG-AGO-41047,251,Cristina Fernández de Kirchner,Angola,2012-05-16,TripStartDate: nuestra fecha=2012-05-16 vs COLT=2012-05-18 (dif. 2d) | TripEndDate: nuestra fecha=2012-05-18 vs COLT=2012-05-19 (dif. 1d)
2320-ARG-USA-41176,256,Cristina Fernández de Kirchner,United States,2012-09-24,TripEndDate: nuestra fecha=2012-09-25 vs COLT=2012-09-26 (dif. 1d)
2320-ARG-PER-41183,257,Cristina Fernández de Kirchner,Peru,2012-10-01,MetNonhostHOGS: nuestra investigacion=No vs COLT=Yes | TripEndDate: nuestra fecha=2012-10-02 vs COLT=2012-10-03 (dif. 1d)
2320-ARG-BRA-41250,258,Cristina Fernández de Kirchner,Brazil,2012-12-06,TripStartDate: nuestra fecha=2012-12-06 vs COLT=2012-12-07 (dif. 1d) | TripEndDate: nuestra fecha=2012-12-07 vs COLT=2012-12-08 (dif. 1d)
2320-ARG-ARE-41288,260,Cristina Fernández de Kirchner,United Arab Emirates,2013-01-13,TripStartDate: nuestra fecha=2013-01-13 vs COLT=2013-01-14 (dif. 1d)
2320-ARG-CHL-41301,263,Cristina Fernández de Kirchner,Chile,2013-01-26,TripStartDate: nuestra fecha=2013-01-26 vs COLT=2013-01-27 (dif. 1d) | TripEndDate: nuestra fecha=2013-01-27 vs COLT=2013-01-28 (dif. 1d)
2320-ARG-VEN-41339,264,Cristina Fernández de Kirchner,Venezuela,2013-03-06,TripEndDate: nuestra fecha=2013-03-07 vs COLT=2013-03-06 (dif. 1d)
2320-ARG-PER-41382,266,Cristina Fernández de Kirchner,Peru,2013-04-18,TripEndDate: nuestra fecha=2013-04-18 vs COLT=2013-04-19 (dif. 1d)
2320-ARG-BOL-41459,268,Cristina Fernández de Kirchner,Bolivia,2013-07-04,TripEndDate: nuestra fecha=2013-07-04 vs COLT=2013-07-05 (dif. 1d)
2320-ARG-URY-41466,269,Cristina Fernández de Kirchner,Uruguay,2013-07-12,TripStartDate: nuestra fecha=2013-07-12 vs COLT=2013-07-11 (dif. 1d)
2320-ARG-BRA-41483,271,Cristina Fernández de Kirchner,Brazil,2013-07-27,TripStartDate: nuestra fecha=2013-07-27 vs COLT=2013-07-28 (dif. 1d)
2320-ARG-USA-41492,272,Cristina Fernández de Kirchner,United States,2013-08-05,TripStartDate: nuestra fecha=2013-08-05 vs COLT=2013-08-06 (dif. 1d) | TripEndDate: nuestra fecha=2013-08-06 vs COLT=2013-08-07 (dif. 1d)
2320-ARG-PRY-41500,273,Cristina Fernández de Kirchner,Paraguay,2013-08-15,MetHostHoGS: nuestra investigacion=Yes vs COLT=No | TripStartDate: nuestra fecha=2013-08-15 vs COLT=2013-08-14 (dif. 1d)
2320-ARG-RUS-41521,275,Cristina Fernández de Kirchner,Russia,2013-09-05,TripStartDate: nuestra fecha=2013-09-05 vs COLT=2013-09-04 (dif. 1d)
2320-ARG-USA-41541,276,Cristina Fernández de Kirchner,United States,2013-09-24,TripEndDate: nuestra fecha=2013-09-24 vs COLT=2013-09-25 (dif. 1d)
2320-ARG-CHL-41708,278,Cristina Fernández de Kirchner,Chile,2014-03-10,TripEndDate: nuestra fecha=2014-03-10 vs COLT=2014-03-11 (dif. 1d)
2320-ARG-FRA-41717,280,Cristina Fernández de Kirchner,France,2014-03-18,TripStartDate: nuestra fecha=2014-03-18 vs COLT=2014-03-19 (dif. 1d) | TripEndDate: nuestra fecha=2014-03-20 vs COLT=2014-03-21 (dif. 1d)
2320-ARG-BRA-41836,282,Cristina Fernández de Kirchner,Brazil,2014-07-15,TripStartDate: nuestra fecha=2014-07-15 vs COLT=2014-07-16 (dif. 1d) | TripEndDate: nuestra fecha=2014-07-16 vs COLT=2014-07-17 (dif. 1d)
2320-ARG-VEN-41849,283,Cristina Fernández de Kirchner,Venezuela,2014-07-29,TripEndDate: nuestra fecha=2014-07-29 vs COLT=2014-07-30 (dif. 1d)
2320-ARG-PRY-41864,284,Cristina Fernández de Kirchner,Paraguay,2014-08-13,TripEndDate: nuestra fecha=2014-08-13 vs COLT=2014-08-14 (dif. 1d)
2320-ARG-USA-41905,286,Cristina Fernández de Kirchner,United States,2014-09-24,TripStartDate: nuestra fecha=2014-09-24 vs COLT=2014-09-23 (dif. 1d)
2320-ARG-ECU-41977,287,Cristina Fernández de Kirchner,Ecuador,2014-12-04,MetNonhostHOGS: nuestra investigacion=Yes vs COLT=No
2320-ARG-CHN-42038,288,Cristina Fernández de Kirchner,China,2015-02-02,TripStartDate: nuestra fecha=2015-02-02 vs COLT=2015-02-03 (dif. 1d) | TripEndDate: nuestra fecha=2015-02-05 vs COLT=2015-02-06 (dif. 1d)
2320-ARG-RUS-42114,290,Cristina Fernández de Kirchner,Russia,2015-04-22,TripStartDate: nuestra fecha=2015-04-22 vs COLT=2015-04-20 (dif. 2d) | TripEndDate: nuestra fecha=2015-04-23 vs COLT=2015-04-24 (dif. 1d)
2320-ARG-ITA-42162,292,Cristina Fernández de Kirchner,Italy,2015-06-08,TripStartDate: nuestra fecha=2015-06-08 vs COLT=2015-06-07 (dif. 1d) | TripEndDate: nuestra fecha=2015-06-09 vs COLT=2015-06-08 (dif. 1d)
2320-ARG-PRY-42197,293,Cristina Fernández de Kirchner,Paraguay,2015-07-12,TripEndDate: nuestra fecha=2015-07-12 vs COLT=2015-07-13 (dif. 1d)
2320-ARG-BRA-42202,294,Cristina Fernández de Kirchner,Brazil,2015-07-16,TripStartDate: nuestra fecha=2015-07-16 vs COLT=2015-07-17 (dif. 1d)
2320-ARG-CUB-42267,295,Cristina Fernández de Kirchner,Cuba,2015-09-19,TripStartDate: nuestra fecha=2015-09-19 vs COLT=2015-09-20 (dif. 1d) | TripEndDate: nuestra fecha=2015-09-20 vs COLT=2015-09-21 (dif. 1d)
2320-ARG-USA-42275,296,Cristina Fernández de Kirchner,United States,2015-09-27,TripStartDate: nuestra fecha=2015-09-27 vs COLT=2015-09-28 (dif. 1d) | TripEndDate: nuestra fecha=2015-09-28 vs COLT=2015-09-29 (dif. 1d)
3169-ARG-ITA-42427,301,Mauricio Macri,Italy,2016-02-27,TripEndDate: nuestra fecha=2016-02-27 vs COLT=2016-02-28 (dif. 1d)
3169-ARG-COL-42535,303,Mauricio Macri,Colombia,2016-06-15,TripStartDate: nuestra fecha=2016-06-15 vs COLT=2016-06-14 (dif. 1d)
3169-ARG-COL-42535,304,Mauricio Macri,Colombia,2016-06-17,TripStartDate: nuestra fecha=2016-06-17 vs COLT=2016-06-14 (dif. 3d) | TripEndDate: nuestra fecha=2016-06-17 vs COLT=2016-06-16 (dif. 1d)
3169-ARG-BRA-42586,311,Mauricio Macri,Brazil,2016-08-05,TripStartDate: nuestra fecha=2016-08-05 vs COLT=2016-08-04 (dif. 1d) | TripEndDate: nuestra fecha=2016-08-05 vs COLT=2016-08-06 (dif. 1d)
3169-ARG-QAT-42616,312,Mauricio Macri,Qatar,2016-09-01,TripStartDate: nuestra fecha=2016-09-01 vs COLT=2016-09-03 (dif. 2d) | TripEndDate: nuestra fecha=2016-09-01 vs COLT=2016-09-03 (dif. 2d)
3169-ARG-COL-42640,315,Mauricio Macri,Colombia,2016-09-26,TripStartDate: nuestra fecha=2016-09-26 vs COLT=2016-09-27 (dif. 1d) | TripEndDate: nuestra fecha=2016-09-26 vs COLT=2016-09-27 (dif. 1d)
3169-ARG-BRA-42773,317,Mauricio Macri,Brazil,2017-02-07,TripEndDate: nuestra fecha=2017-02-07 vs COLT=2017-02-08 (dif. 1d)
3169-ARG-ESP-42790,318,Mauricio Macri,Spain,2017-02-20,TripStartDate: nuestra fecha=2017-02-20 vs COLT=2017-02-24 (dif. 4d)
3169-ARG-PRY-42810,319,Mauricio Macri,Paraguay,2017-03-16,TripEndDate: nuestra fecha=2017-03-16 vs COLT=2017-03-17 (dif. 1d)
3169-ARG-NLD-42822,320,Mauricio Macri,Netherlands,2017-03-27,TripStartDate: nuestra fecha=2017-03-27 vs COLT=2017-03-28 (dif. 1d) | TripEndDate: nuestra fecha=2017-03-28 vs COLT=2017-03-29 (dif. 1d)
3169-ARG-JPN-42874,324,Mauricio Macri,Japan,2017-05-18,TripStartDate: nuestra fecha=2017-05-18 vs COLT=2017-05-19 (dif. 1d) | TripEndDate: nuestra fecha=2017-05-19 vs COLT=2017-05-21 (dif. 2d)
3169-ARG-CHE-43125,330,Mauricio Macri,Switzerland,2018-01-24,TripStartDate: nuestra fecha=2018-01-24 vs COLT=2018-01-25 (dif. 1d) | TripEndDate: nuestra fecha=2018-01-25 vs COLT=2018-01-26 (dif. 1d)
3169-ARG-CAN-43259,334,Mauricio Macri,Canada,2018-06-08,TripEndDate: nuestra fecha=2018-06-10 vs COLT=2018-06-09 (dif. 1d)
3169-ARG-USA-43367,338,Mauricio Macri,United States,2018-09-24,TripEndDate: nuestra fecha=2018-09-25 vs COLT=2018-09-26 (dif. 1d)
3169-ARG-IDN-43641,348,Mauricio Macri,Indonesia,2019-06-26,TripStartDate: nuestra fecha=2019-06-26 vs COLT=2019-06-25 (dif. 1d)
3169-ARG-JPN-43642,349,Mauricio Macri,Japan,2019-06-27,TripStartDate: nuestra fecha=2019-06-27 vs COLT=2019-06-26 (dif. 1d)
3169-ARG-CHE-43645,350,Mauricio Macri,Switzerland,2019-06-30,TripStartDate: nuestra fecha=2019-06-30 vs COLT=2019-06-29 (dif. 1d)
3169-ARG-CHE-43802,354,Mauricio Macri,Switzerland,2019-12-03,TripEndDate: nuestra fecha=2019-12-03 vs COLT=2019-12-04 (dif. 1d)
3169-ARG-BRA-43803,355,Mauricio Macri,Brazil,2019-12-05,TripStartDate: nuestra fecha=2019-12-05 vs COLT=2019-12-04 (dif. 1d)
3670-ARG-ISR-43852,356,Alberto Fernández,Israel,2020-01-22,TripEndDate: nuestra fecha=2020-01-23 vs COLT=2020-01-25 (dif. 2d)
3670-ARG-ITA-43861,358,Alberto Fernández,Italy,2020-01-31,TripEndDate: nuestra fecha=2020-01-31 vs COLT=2020-02-01 (dif. 1d)
3670-ARG-DEU-43863,359,Alberto Fernández,Germany,2020-02-03,TripStartDate: nuestra fecha=2020-02-03 vs COLT=2020-02-02 (dif. 1d)
3670-ARG-ESP-43864,360,Alberto Fernández,Spain,2020-02-04,TripStartDate: nuestra fecha=2020-02-04 vs COLT=2020-02-03 (dif. 1d)
3670-ARG-CHL-44222,364,Alberto Fernández,Chile,2021-01-26,TripEndDate: nuestra fecha=2021-01-27 vs COLT=2021-01-28 (dif. 1d)
3670-ARG-PRT-44325,366,Alberto Fernández,Portugal,2021-05-09,TripEndDate: nuestra fecha=2021-05-10 vs COLT=2021-05-09 (dif. 1d)
3670-ARG-ESP-44325,367,Alberto Fernández,Spain,2021-05-10,TripStartDate: nuestra fecha=2021-05-10 vs COLT=2021-05-09 (dif. 1d)
3670-ARG-FRA-44327,368,Alberto Fernández,France,2021-05-11,TripEndDate: nuestra fecha=2021-05-12 vs COLT=2021-05-13 (dif. 1d)
3670-ARG-ITA-44329,369,Alberto Fernández,Italy,2021-05-13,TripEndDate: nuestra fecha=2021-05-14 vs COLT=2021-05-15 (dif. 1d)
3670-ARG-GBR-44501,372,Alberto Fernández,United Kingdom,2021-10-31,TripStartDate: nuestra fecha=2021-10-31 vs COLT=2021-11-01 (dif. 1d) | TripEndDate: nuestra fecha=2021-11-02 vs COLT=2021-11-04 (dif. 2d)
3670-ARG-RUS-44595,373,Alberto Fernández,Russia,2022-02-03,TripEndDate: nuestra fecha=2022-02-03 vs COLT=2022-02-04 (dif. 1d)
3670-ARG-CHN-44596,374,Alberto Fernández,China,2022-02-04,TripEndDate: nuestra fecha=2022-02-06 vs COLT=2022-02-07 (dif. 1d)
3670-ARG-BRB-44599,375,Alberto Fernández,Barbados,2022-02-08,TripStartDate: nuestra fecha=2022-02-08 vs COLT=2022-02-07 (dif. 1d) | TripEndDate: nuestra fecha=2022-02-08 vs COLT=2022-02-09 (dif. 1d)
3670-ARG-ESP-44690,379,Alberto Fernández,Spain,2022-05-10,TripStartDate: nuestra fecha=2022-05-10 vs COLT=2022-05-09 (dif. 1d) | TripEndDate: nuestra fecha=2022-05-10 vs COLT=2022-05-11 (dif. 1d)
3670-ARG-DEU-44692,380,Alberto Fernández,Germany,2022-05-11,TripEndDate: nuestra fecha=2022-05-11 vs COLT=2022-05-13 (dif. 2d)
3670-ARG-FRA-44694,381,Alberto Fernández,France,2022-05-12,TripStartDate: nuestra fecha=2022-05-12 vs COLT=2022-05-13 (dif. 1d) | TripEndDate: nuestra fecha=2022-05-13 vs COLT=2022-05-14 (dif. 1d)
3670-ARG-DEU-44738,384,Alberto Fernández,Germany,2022-06-26,TripEndDate: nuestra fecha=2022-06-28 vs COLT=2022-06-29 (dif. 1d)
3670-ARG-COL-44779,386,Alberto Fernández,Colombia,2022-08-07,TripStartDate: nuestra fecha=2022-08-07 vs COLT=2022-08-06 (dif. 1d) | TripEndDate: nuestra fecha=2022-08-07 vs COLT=2022-08-08 (dif. 1d)
3670-ARG-USA-44821,387,Alberto Fernández,United States,2022-09-19,TripStartDate: nuestra fecha=2022-09-19 vs COLT=2022-09-17 (dif. 2d) | TripEndDate: nuestra fecha=2022-09-21 vs COLT=2022-09-25 (dif. 4d)
3670-ARG-IDN-44878,390,Alberto Fernández,Indonesia,2022-11-15,TripStartDate: nuestra fecha=2022-11-15 vs COLT=2022-11-13 (dif. 2d)
3670-ARG-DOM-45009,394,Alberto Fernández,Dominican Republic,2023-03-24,TripEndDate: nuestra fecha=2023-03-25 vs COLT=2023-03-26 (dif. 1d)
3670-ARG-USA-45185,405,Alberto Fernández,United States,2023-09-18,TripStartDate: nuestra fecha=2023-09-18 vs COLT=2023-09-16 (dif. 2d)
4053-ARG-CHE-45307,409,Javier Milei,Switzerland,2024-01-16,TripEndDate: nuestra fecha=2024-01-17 vs COLT=2024-01-16 (dif. 1d)
4053-ARG-ISR-45328,410,Javier Milei,Israel,2024-02-06,TripEndDate: nuestra fecha=2024-02-08 vs COLT=2024-02-09 (dif. 1d)
4053-ARG-ITA-45334,412,Javier Milei,Italy,2024-02-12,TripEndDate: nuestra fecha=2024-02-12 vs COLT=2024-02-13 (dif. 1d)
4053-ARG-USA-45391,414,Javier Milei,United States,2024-04-12,TripStartDate: nuestra fecha=2024-04-12 vs COLT=2024-04-09 (dif. 3d)
4053-ARG-ESP-45428,416,Javier Milei,Spain,2024-05-17,TripStartDate: nuestra fecha=2024-05-17 vs COLT=2024-05-16 (dif. 1d) | TripEndDate: nuestra fecha=2024-05-19 vs COLT=2024-05-20 (dif. 1d)
4053-ARG-USA-45439,417,Javier Milei,United States,2024-05-28,TripStartDate: nuestra fecha=2024-05-28 vs COLT=2024-05-27 (dif. 1d) | TripEndDate: nuestra fecha=2024-05-30 vs COLT=2024-05-31 (dif. 1d)
4053-ARG-SLV-45443,418,Javier Milei,El Salvador,2024-05-31,MetHostHoGS: nuestra investigacion=Yes vs COLT=No
4053-ARG-ITA-45455,419,Javier Milei,Italy,2024-06-13,TripStartDate: nuestra fecha=2024-06-13 vs COLT=2024-06-12 (dif. 1d) | TripEndDate: nuestra fecha=2024-06-15 vs COLT=2024-06-14 (dif. 1d)
4053-ARG-CHE-45458,420,Javier Milei,Switzerland,2024-06-15,TripEndDate: nuestra fecha=2024-06-15 vs COLT=2024-06-16 (dif. 1d)
4053-ARG-CZE-45467,421,Javier Milei,Czechia,2024-06-21,TripStartDate: nuestra fecha=2024-06-21 vs COLT=2024-06-24 (dif. 3d) | TripEndDate: nuestra fecha=2024-06-22 vs COLT=2024-06-25 (dif. 3d)
4053-ARG-ESP-45463,422,Javier Milei,Spain,2024-06-21,TripStartDate: nuestra fecha=2024-06-21 vs COLT=2024-06-20 (dif. 1d)
4053-ARG-DEU-45465,423,Javier Milei,Germany,2024-06-22,TripEndDate: nuestra fecha=2024-06-23 vs COLT=2024-06-24 (dif. 1d)
4053-ARG-USA-45484,425,Javier Milei,United States,2024-07-12,TripStartDate: nuestra fecha=2024-07-12 vs COLT=2024-07-11 (dif. 1d)
4053-ARG-FRA-45497,426,Javier Milei,France,2024-07-25,TripStartDate: nuestra fecha=2024-07-25 vs COLT=2024-07-24 (dif. 1d)
4053-ARG-USA-45556,428,Javier Milei,United States,2024-09-21,TripEndDate: nuestra fecha=2024-09-24 vs COLT=2024-09-25 (dif. 1d)
4053-ARG-USA-45610,429,Javier Milei,United States,2024-11-14,TripEndDate: nuestra fecha=2024-11-15 vs COLT=2024-11-16 (dif. 1d)
4053-ARG-ITA-45638,432,Javier Milei,Italy,2024-12-12,TripEndDate: nuestra fecha=2024-12-14 vs COLT=2024-12-16 (dif. 2d)
4053-ARG-USA-45674,433,Javier Milei,United States,2025-01-20,TripStartDate: nuestra fecha=2025-01-20 vs COLT=2025-01-17 (dif. 3d)
4053-ARG-CHE-45678,434,Javier Milei,Switzerland,2025-01-22,TripStartDate: nuestra fecha=2025-01-22 vs COLT=2025-01-21 (dif. 1d) | TripEndDate: nuestra fecha=2025-01-23 vs COLT=2025-01-24 (dif. 1d)
4053-ARG-USA-45749,436,Javier Milei,United States,2025-04-03,TripStartDate: nuestra fecha=2025-04-03 vs COLT=2025-04-02 (dif. 1d)
4053-ARG-ITA-45772,439,Javier Milei,Italy,2025-04-26,TripStartDate: nuestra fecha=2025-04-26 vs COLT=2025-04-25 (dif. 1d) | TripEndDate: nuestra fecha=2025-04-26 vs COLT=2025-04-27 (dif. 1d)
4053-ARG-ESP-45816,442,Javier Milei,Spain,2025-06-07,TripStartDate: nuestra fecha=2025-06-07 vs COLT=2025-06-08 (dif. 1d)
4053-ARG-ISR-45817,443,Javier Milei,Israel,2025-06-09,TripEndDate: nuestra fecha=2025-06-12 vs COLT=2025-06-11 (dif. 1d)
4053-ARG-USA-45903,446,Javier Milei,United States,2025-09-03,TripEndDate: nuestra fecha=2025-09-05 vs COLT=2025-09-06 (dif. 1d)
4053-ARG-USA-45922,448,Javier Milei,United States,2025-09-23,TripStartDate: nuestra fecha=2025-09-23 vs COLT=2025-09-22 (dif. 1d) | TripEndDate: nuestra fecha=2025-09-24 vs COLT=2025-09-26 (dif. 2d)
4053-ARG-USA-45943,449,Javier Milei,United States,2025-10-14,TripStartDate: nuestra fecha=2025-10-14 vs COLT=2025-10-13 (dif. 1d)
4053-ARG-USA-45967,450,Javier Milei,United States,2025-11-05,TripStartDate: nuestra fecha=2025-11-05 vs COLT=2025-11-06 (dif. 1d)
4053-ARG-NOR-46000,452,Javier Milei,Norway,2025-12-09,TripEndDate: nuestra fecha=2025-12-11 vs COLT=2025-12-10 (dif. 1d)
994-BRA-PRT-36593,466,Fernando Henrique Cardoso,Portugal,2000-03-07,TripStartDate: nuestra fecha=2000-03-07 vs COLT=2000-03-08 (dif. 1d) | TripEndDate: nuestra fecha=2000-03-08 vs COLT=2000-03-09 (dif. 1d)
994-BRA-CHL-36594,467,Fernando Henrique Cardoso,Chile,2000-03-11,TripStartDate: nuestra fecha=2000-03-11 vs COLT=2000-03-09 (dif. 2d) | TripEndDate: nuestra fecha=2000-03-11 vs COLT=2000-03-12 (dif. 1d)
994-BRA-COL-36692,469,Fernando Henrique Cardoso,Colombia,2000-06-15,TripEndDate: nuestra fecha=2000-06-17 vs COLT=2000-06-15 (dif. 2d)
994-BRA-DEU-36676,470,Fernando Henrique Cardoso,Germany,2000-05-31,TripStartDate: nuestra fecha=2000-05-31 vs COLT=2000-05-30 (dif. 1d) | TripEndDate: nuestra fecha=2000-06-02 vs COLT=2000-06-03 (dif. 1d)
994-BRA-MEX-36859,473,Fernando Henrique Cardoso,Mexico,2000-11-30,TripStartDate: nuestra fecha=2000-11-30 vs COLT=2000-11-29 (dif. 1d) | TripEndDate: nuestra fecha=2000-12-01 vs COLT=2000-12-02 (dif. 1d)
994-BRA-KOR-36906,474,Fernando Henrique Cardoso,South Korea,2001-01-19,TripStartDate: nuestra fecha=2001-01-19 vs COLT=2001-01-15 (dif. 4d) | TripEndDate: nuestra fecha=2001-01-21 vs COLT=2001-01-20 (dif. 1d)
994-BRA-CAN-37000,476,Fernando Henrique Cardoso,Canada,2001-04-20,TripStartDate: nuestra fecha=2001-04-20 vs COLT=2001-04-19 (dif. 1d)
994-BRA-PER-37099,477,Fernando Henrique Cardoso,Peru,2001-07-28,TripStartDate: nuestra fecha=2001-07-28 vs COLT=2001-07-27 (dif. 1d)
994-BRA-VEN-37116,478,Fernando Henrique Cardoso,Venezuela,2001-08-12,TripStartDate: nuestra fecha=2001-08-12 vs COLT=2001-08-13 (dif. 1d)
994-BRA-ECU-37164,479,Fernando Henrique Cardoso,Ecuador,2001-09-27,TripStartDate: nuestra fecha=2001-09-27 vs COLT=2001-09-30 (dif. 3d) | TripEndDate: nuestra fecha=2001-09-28 vs COLT=2001-10-02 (dif. 4d)
994-BRA-ESP-37189,480,Fernando Henrique Cardoso,Spain,2001-10-25,TripEndDate: nuestra fecha=2001-10-27 vs COLT=2001-11-01 (dif. 5d)
994-BRA-FRA-37193,481,Fernando Henrique Cardoso,France,2001-10-27,TripStartDate: nuestra fecha=2001-10-27 vs COLT=2001-10-29 (dif. 2d)
994-BRA-USA-37202,482,Fernando Henrique Cardoso,United States,2001-11-08,TripStartDate: nuestra fecha=2001-11-08 vs COLT=2001-11-07 (dif. 1d) | TripEndDate: nuestra fecha=2001-11-09 vs COLT=2001-11-11 (dif. 2d)
994-BRA-RUS-37268,483,Fernando Henrique Cardoso,Russia,2002-01-13,TripStartDate: nuestra fecha=2002-01-13 vs COLT=2002-01-12 (dif. 1d) | TripEndDate: nuestra fecha=2002-01-15 vs COLT=2002-01-16 (dif. 1d)
994-BRA-SWE-37309,484,Fernando Henrique Cardoso,Sweden,2002-02-20,TripStartDate: nuestra fecha=2002-02-20 vs COLT=2002-02-22 (dif. 2d) | TripEndDate: nuestra fecha=2002-02-21 vs COLT=2002-02-24 (dif. 3d)
994-BRA-POL-37312,485,Fernando Henrique Cardoso,Poland,2002-02-25,TripEndDate: nuestra fecha=2002-02-25 vs COLT=2002-02-26 (dif. 1d)
994-BRA-ZAF-37500,489,Fernando Henrique Cardoso,South Africa,2002-08-31,TripStartDate: nuestra fecha=2002-08-31 vs COLT=2002-09-01 (dif. 1d) | TripEndDate: nuestra fecha=2002-09-02 vs COLT=2002-09-05 (dif. 3d)
994-BRA-PRT-37569,490,Fernando Henrique Cardoso,Portugal,2002-11-11,TripStartDate: nuestra fecha=2002-11-11 vs COLT=2002-11-09 (dif. 2d) | TripEndDate: nuestra fecha=2002-11-12 vs COLT=2002-11-13 (dif. 1d)
994-BRA-USA-37597,491,Fernando Henrique Cardoso,United States,2002-12-08,TripStartDate: nuestra fecha=2002-12-08 vs COLT=2002-12-07 (dif. 1d) | TripEndDate: nuestra fecha=2002-12-10 vs COLT=2002-12-12 (dif. 2d)
1780-BRA-CHE-37645,493,Luiz Inácio Lula da Silva,Switzerland,2003-01-25,TripStartDate: nuestra fecha=2003-01-25 vs COLT=2003-01-24 (dif. 1d) | TripEndDate: nuestra fecha=2003-01-26 vs COLT=2003-01-27 (dif. 1d)
1780-BRA-DEU-37649,494,Luiz Inácio Lula da Silva,Germany,2003-01-27,TripStartDate: nuestra fecha=2003-01-27 vs COLT=2003-01-28 (dif. 1d) | TripEndDate: nuestra fecha=2003-01-27 vs COLT=2003-01-28 (dif. 1d)
1780-BRA-FRA-37650,495,Luiz Inácio Lula da Silva,France,2003-01-28,TripStartDate: nuestra fecha=2003-01-28 vs COLT=2003-01-29 (dif. 1d) | TripEndDate: nuestra fecha=2003-01-28 vs COLT=2003-01-29 (dif. 1d)
1780-BRA-PER-37763,496,Luiz Inácio Lula da Silva,Peru,2003-05-22,TripEndDate: nuestra fecha=2003-05-24 vs COLT=2003-05-25 (dif. 1d)
1780-BRA-FRA-37772,497,Luiz Inácio Lula da Silva,France,2003-06-01,TripStartDate: nuestra fecha=2003-06-01 vs COLT=2003-05-31 (dif. 1d) | TripEndDate: nuestra fecha=2003-06-03 vs COLT=2003-06-02 (dif. 1d)
1780-BRA-USA-37791,498,Luiz Inácio Lula da Silva,United States,2003-06-20,TripStartDate: nuestra fecha=2003-06-20 vs COLT=2003-06-19 (dif. 1d)
1780-BRA-USA-37888,499,Luiz Inácio Lula da Silva,United States,2003-09-23,TripStartDate: nuestra fecha=2003-09-23 vs COLT=2003-09-24 (dif. 1d) | TripEndDate: nuestra fecha=2003-09-23 vs COLT=2003-09-25 (dif. 2d)
1780-BRA-NAM-37931,504,Luiz Inácio Lula da Silva,Namibia,2003-11-06,TripEndDate: nuestra fecha=2003-11-06 vs COLT=2003-11-07 (dif. 1d)
1780-BRA-BOL-37939,506,Luiz Inácio Lula da Silva,Bolivia,2003-11-14,TripEndDate: nuestra fecha=2003-11-15 vs COLT=2003-11-14 (dif. 1d)
1780-BRA-LBN-37959,508,Luiz Inácio Lula da Silva,Lebanon,2003-12-05,TripStartDate: nuestra fecha=2003-12-05 vs COLT=2003-12-04 (dif. 1d)
1780-BRA-ARE-37961,509,Luiz Inácio Lula da Silva,United Arab Emirates,2003-12-07,TripStartDate: nuestra fecha=2003-12-07 vs COLT=2003-12-06 (dif. 1d)
1780-BRA-LBY-37964,511,Luiz Inácio Lula da Silva,Libya,2003-12-10,TripStartDate: nuestra fecha=2003-12-10 vs COLT=2003-12-09 (dif. 1d) | TripEndDate: nuestra fecha=2003-12-11 vs COLT=2003-12-10 (dif. 1d)
1780-BRA-MEX-37998,513,Luiz Inácio Lula da Silva,Mexico,2004-01-11,TripStartDate: nuestra fecha=2004-01-11 vs COLT=2004-01-12 (dif. 1d) | TripEndDate: nuestra fecha=2004-01-14 vs COLT=2004-01-13 (dif. 1d)
1780-BRA-IND-38011,514,Luiz Inácio Lula da Silva,India,2004-01-24,TripStartDate: nuestra fecha=2004-01-24 vs COLT=2004-01-25 (dif. 1d)
1780-BRA-CHE-38014,515,Luiz Inácio Lula da Silva,Switzerland,2004-01-29,TripStartDate: nuestra fecha=2004-01-29 vs COLT=2004-01-28 (dif. 1d)
1780-BRA-VEN-38043,516,Luiz Inácio Lula da Silva,Venezuela,2004-02-26,TripEndDate: nuestra fecha=2004-02-28 vs COLT=2004-02-27 (dif. 1d)
1780-BRA-CHN-38129,517,Luiz Inácio Lula da Silva,China,2004-05-21,TripStartDate: nuestra fecha=2004-05-21 vs COLT=2004-05-22 (dif. 1d) | TripEndDate: nuestra fecha=2004-05-27 vs COLT=2004-05-25 (dif. 2d)
1780-BRA-MEX-38134,518,Luiz Inácio Lula da Silva,Mexico,2004-05-28,TripStartDate: nuestra fecha=2004-05-28 vs COLT=2004-05-27 (dif. 1d) | TripEndDate: nuestra fecha=2004-05-29 vs COLT=2004-05-28 (dif. 1d)
1780-BRA-GAB-38195,521,Luiz Inácio Lula da Silva,Gabon,2004-07-27,TripEndDate: nuestra fecha=2004-07-27 vs COLT=2004-07-28 (dif. 1d)
1780-BRA-PER-38329,525,Luiz Inácio Lula da Silva,Peru,2004-12-07,TripStartDate: nuestra fecha=2004-12-07 vs COLT=2004-12-08 (dif. 1d) | TripEndDate: nuestra fecha=2004-12-09 vs COLT=2004-12-08 (dif. 1d)
1780-BRA-URY-38412,526,Luiz Inácio Lula da Silva,Uruguay,2005-03-01,TripEndDate: nuestra fecha=2005-03-01 vs COLT=2005-03-02 (dif. 1d)
1780-BRA-KOR-38495,527,Luiz Inácio Lula da Silva,South Korea,2005-05-24,TripStartDate: nuestra fecha=2005-05-24 vs COLT=2005-05-23 (dif. 1d) | TripEndDate: nuestra fecha=2005-05-26 vs COLT=2005-05-25 (dif. 1d)
1780-BRA-PRT-38637,528,Luiz Inácio Lula da Silva,Portugal,2005-10-13,TripStartDate: nuestra fecha=2005-10-13 vs COLT=2005-10-12 (dif. 1d)
1780-BRA-ESP-38638,529,Luiz Inácio Lula da Silva,Spain,2005-10-14,TripStartDate: nuestra fecha=2005-10-14 vs COLT=2005-10-13 (dif. 1d)
1780-BRA-ITA-38640,530,Luiz Inácio Lula da Silva,Italy,2005-10-16,TripStartDate: nuestra fecha=2005-10-16 vs COLT=2005-10-15 (dif. 1d)
1780-BRA-COL-38699,535,Luiz Inácio Lula da Silva,Colombia,2005-12-13,TripEndDate: nuestra fecha=2005-12-15 vs COLT=2005-12-14 (dif. 1d)
1780-BRA-RUS-38913,538,Luiz Inácio Lula da Silva,Russia,2006-07-17,TripStartDate: nuestra fecha=2006-07-17 vs COLT=2006-07-15 (dif. 2d)
1780-BRA-NGA-39049,541,Luiz Inácio Lula da Silva,Nigeria,2006-11-30,TripStartDate: nuestra fecha=2006-11-30 vs COLT=2006-11-28 (dif. 2d)
1780-BRA-USA-39171,544,Luiz Inácio Lula da Silva,United States,2007-03-31,TripStartDate: nuestra fecha=2007-03-31 vs COLT=2007-03-30 (dif. 1d)
1780-BRA-DEU-39238,546,Luiz Inácio Lula da Silva,Germany,2007-06-07,TripStartDate: nuestra fecha=2007-06-07 vs COLT=2007-06-05 (dif. 2d)
1780-BRA-PRT-39267,547,Luiz Inácio Lula da Silva,Portugal,2007-07-04,TripEndDate: nuestra fecha=2007-07-04 vs COLT=2007-07-05 (dif. 1d)
1780-BRA-SWE-39336,548,Luiz Inácio Lula da Silva,Sweden,2007-09-11,TripEndDate: nuestra fecha=2007-09-11 vs COLT=2007-09-12 (dif. 1d)
1780-BRA-DNK-39337,549,Luiz Inácio Lula da Silva,Denmark,2007-09-12,TripEndDate: nuestra fecha=2007-09-12 vs COLT=2007-09-13 (dif. 1d)
1780-BRA-NOR-39338,550,Luiz Inácio Lula da Silva,Norway,2007-09-13,TripEndDate: nuestra fecha=2007-09-13 vs COLT=2007-09-14 (dif. 1d)
1780-BRA-USA-39349,551,Luiz Inácio Lula da Silva,United States,2007-09-25,TripStartDate: nuestra fecha=2007-09-25 vs COLT=2007-09-24 (dif. 1d)
1780-BRA-AGO-39372,555,Luiz Inácio Lula da Silva,Angola,2007-10-18,TripStartDate: nuestra fecha=2007-10-18 vs COLT=2007-10-17 (dif. 1d)
1780-BRA-JPN-39636,557,Luiz Inácio Lula da Silva,Japan,2008-07-08,TripStartDate: nuestra fecha=2008-07-08 vs COLT=2008-07-07 (dif. 1d)
1780-BRA-VNM-39639,558,Luiz Inácio Lula da Silva,Vietnam,2008-07-09,TripStartDate: nuestra fecha=2008-07-09 vs COLT=2008-07-10 (dif. 1d)
1780-BRA-IDN-39641,560,Luiz Inácio Lula da Silva,Indonesia,2008-07-11,TripStartDate: nuestra fecha=2008-07-11 vs COLT=2008-07-12 (dif. 1d)
1780-BRA-BOL-39647,561,Luiz Inácio Lula da Silva,Bolivia,2008-07-18,TripEndDate: nuestra fecha=2008-07-18 vs COLT=2008-07-19 (dif. 1d)
1780-BRA-PRT-39653,563,Luiz Inácio Lula da Silva,Portugal,2008-07-24,TripEndDate: nuestra fecha=2008-07-25 vs COLT=2008-07-26 (dif. 1d)
1780-BRA-CHN-39666,565,Luiz Inácio Lula da Silva,China,2008-08-05,TripStartDate: nuestra fecha=2008-08-05 vs COLT=2008-08-06 (dif. 1d) | TripEndDate: nuestra fecha=2008-08-08 vs COLT=2008-08-09 (dif. 1d)
1780-BRA-USA-39712,568,Luiz Inácio Lula da Silva,United States,2008-09-21,TripEndDate: nuestra fecha=2008-09-25 vs COLT=2008-09-24 (dif. 1d)
1780-BRA-ESP-39733,569,Luiz Inácio Lula da Silva,Spain,2008-10-12,TripEndDate: nuestra fecha=2008-10-14 vs COLT=2008-10-13 (dif. 1d)
1780-BRA-SLV-39750,572,Luiz Inácio Lula da Silva,El Salvador,2008-10-29,TripEndDate: nuestra fecha=2008-10-31 vs COLT=2008-10-30 (dif. 1d)
1780-BRA-USA-39765,573,Luiz Inácio Lula da Silva,United States,2008-11-14,TripStartDate: nuestra fecha=2008-11-14 vs COLT=2008-11-13 (dif. 1d) | TripEndDate: nuestra fecha=2008-11-15 vs COLT=2008-11-14 (dif. 1d)
1780-BRA-USA-39885,574,Luiz Inácio Lula da Silva,United States,2009-03-14,TripStartDate: nuestra fecha=2009-03-14 vs COLT=2009-03-13 (dif. 1d) | TripEndDate: nuestra fecha=2009-03-14 vs COLT=2009-03-16 (dif. 2d)
1780-BRA-QAT-39901,575,Luiz Inácio Lula da Silva,Qatar,2009-03-30,TripStartDate: nuestra fecha=2009-03-30 vs COLT=2009-03-29 (dif. 1d)
1780-BRA-GBR-39904,576,Luiz Inácio Lula da Silva,United Kingdom,2009-04-01,TripEndDate: nuestra fecha=2009-04-02 vs COLT=2009-04-03 (dif. 1d)
1780-BRA-CHE-39977,581,Luiz Inácio Lula da Silva,Switzerland,2009-06-15,TripStartDate: nuestra fecha=2009-06-15 vs COLT=2009-06-13 (dif. 2d)
1780-BRA-ITA-40001,583,Luiz Inácio Lula da Silva,Italy,2009-07-08,TripStartDate: nuestra fecha=2009-07-08 vs COLT=2009-07-07 (dif. 1d)
1780-BRA-USA-40077,584,Luiz Inácio Lula da Silva,United States,2009-09-23,TripStartDate: nuestra fecha=2009-09-23 vs COLT=2009-09-21 (dif. 2d) | TripEndDate: nuestra fecha=2009-09-23 vs COLT=2009-09-25 (dif. 2d)
1780-BRA-VEN-40081,585,Luiz Inácio Lula da Silva,Venezuela,2009-09-26,TripStartDate: nuestra fecha=2009-09-26 vs COLT=2009-09-25 (dif. 1d)
1780-BRA-DNK-40085,586,Luiz Inácio Lula da Silva,Denmark,2009-10-01,TripStartDate: nuestra fecha=2009-10-01 vs COLT=2009-09-29 (dif. 2d) | TripEndDate: nuestra fecha=2009-10-02 vs COLT=2009-10-03 (dif. 1d)
1780-BRA-DNK-40162,587,Luiz Inácio Lula da Silva,Denmark,2009-12-17,TripStartDate: nuestra fecha=2009-12-17 vs COLT=2009-12-15 (dif. 2d)
1780-BRA-MEX-40230,589,Luiz Inácio Lula da Silva,Mexico,2010-02-22,TripStartDate: nuestra fecha=2010-02-22 vs COLT=2010-02-21 (dif. 1d)
1780-BRA-ISR-40251,591,Luiz Inácio Lula da Silva,Israel,2010-03-15,TripStartDate: nuestra fecha=2010-03-15 vs COLT=2010-03-14 (dif. 1d)
1780-BRA-PSE-40253,592,Luiz Inácio Lula da Silva,Palestine,2010-03-17,TripStartDate: nuestra fecha=2010-03-17 vs COLT=2010-03-16 (dif. 1d)
1780-BRA-USA-40279,594,Luiz Inácio Lula da Silva,United States,2010-04-12,TripStartDate: nuestra fecha=2010-04-12 vs COLT=2010-04-11 (dif. 1d)
1780-BRA-IRN-40313,596,Luiz Inácio Lula da Silva,Iran,2010-05-16,TripStartDate: nuestra fecha=2010-05-16 vs COLT=2010-05-15 (dif. 1d)
1780-BRA-ESP-40315,597,Luiz Inácio Lula da Silva,Spain,2010-05-18,TripStartDate: nuestra fecha=2010-05-18 vs COLT=2010-05-17 (dif. 1d) | TripEndDate: nuestra fecha=2010-05-18 vs COLT=2010-05-19 (dif. 1d)
1780-BRA-KEN-40364,602,Luiz Inácio Lula da Silva,Kenya,2010-07-06,TripStartDate: nuestra fecha=2010-07-06 vs COLT=2010-07-05 (dif. 1d)
1780-BRA-ZAF-40367,605,Luiz Inácio Lula da Silva,South Africa,2010-07-09,TripStartDate: nuestra fecha=2010-07-09 vs COLT=2010-07-08 (dif. 1d) | TripEndDate: nuestra fecha=2010-07-10 vs COLT=2010-07-09 (dif. 1d)
1780-BRA-MOZ-40490,606,Luiz Inácio Lula da Silva,Mozambique,2010-11-09,TripStartDate: nuestra fecha=2010-11-09 vs COLT=2010-11-08 (dif. 1d)
2652-BRA-CHN-40643,611,Dilma Rousseff,China,2011-04-11,TripStartDate: nuestra fecha=2011-04-11 vs COLT=2011-04-10 (dif. 1d)
2652-BRA-USA-40807,612,Dilma Rousseff,United States,2011-09-19,TripStartDate: nuestra fecha=2011-09-19 vs COLT=2011-09-21 (dif. 2d) | TripEndDate: nuestra fecha=2011-09-21 vs COLT=2011-09-22 (dif. 1d)
2652-BRA-BEL-40818,613,Dilma Rousseff,Belgium,2011-10-03,TripStartDate: nuestra fecha=2011-10-03 vs COLT=2011-10-02 (dif. 1d)
2652-BRA-ZAF-40833,615,Dilma Rousseff,South Africa,2011-10-18,TripStartDate: nuestra fecha=2011-10-18 vs COLT=2011-10-17 (dif. 1d)
2652-BRA-FRA-40848,616,Dilma Rousseff,France,2011-11-03,TripStartDate: nuestra fecha=2011-11-03 vs COLT=2011-11-01 (dif. 2d) | TripEndDate: nuestra fecha=2011-11-04 vs COLT=2011-11-05 (dif. 1d)
2652-BRA-VEN-40878,617,Dilma Rousseff,Venezuela,2011-12-02,TripStartDate: nuestra fecha=2011-12-02 vs COLT=2011-12-01 (dif. 1d) | TripEndDate: nuestra fecha=2011-12-03 vs COLT=2011-12-02 (dif. 1d)
2652-BRA-IND-40995,620,Dilma Rousseff,India,2012-03-28,TripStartDate: nuestra fecha=2012-03-28 vs COLT=2012-03-27 (dif. 1d) | TripEndDate: nuestra fecha=2012-03-29 vs COLT=2012-03-31 (dif. 2d)
2652-BRA-USA-41007,621,Dilma Rousseff,United States,2012-04-09,TripStartDate: nuestra fecha=2012-04-09 vs COLT=2012-04-08 (dif. 1d) | TripEndDate: nuestra fecha=2012-04-10 vs COLT=2012-04-09 (dif. 1d)
2652-BRA-PER-41184,626,Dilma Rousseff,Peru,2012-10-01,TripStartDate: nuestra fecha=2012-10-01 vs COLT=2012-10-02 (dif. 1d)
2652-BRA-CHL-41300,627,Dilma Rousseff,Chile,2013-01-26,TripEndDate: nuestra fecha=2013-01-28 vs COLT=2013-01-26 (dif. 2d)
2652-BRA-ETH-41418,630,Dilma Rousseff,Ethiopia,2013-05-25,TripStartDate: nuestra fecha=2013-05-25 vs COLT=2013-05-24 (dif. 1d)
2652-BRA-RUS-41520,631,Dilma Rousseff,Russia,2013-09-05,TripStartDate: nuestra fecha=2013-09-05 vs COLT=2013-09-03 (dif. 2d)
2652-BRA-USA-41540,632,Dilma Rousseff,United States,2013-09-24,TripStartDate: nuestra fecha=2013-09-24 vs COLT=2013-09-23 (dif. 1d) | TripEndDate: nuestra fecha=2013-09-24 vs COLT=2013-09-25 (dif. 1d)
2652-BRA-CUB-41666,634,Dilma Rousseff,Cuba,2014-01-27,TripEndDate: nuestra fecha=2014-01-29 vs COLT=2014-01-28 (dif. 1d)
2652-BRA-USA-41905,636,Dilma Rousseff,United States,2014-09-24,TripStartDate: nuestra fecha=2014-09-24 vs COLT=2014-09-23 (dif. 1d)
2652-BRA-AUS-41956,637,Dilma Rousseff,Australia,2014-11-15,TripStartDate: nuestra fecha=2014-11-15 vs COLT=2014-11-13 (dif. 2d)
2652-BRA-PAN-42104,640,Dilma Rousseff,Panama,2015-04-10,TripEndDate: nuestra fecha=2015-04-11 vs COLT=2015-04-10 (dif. 1d)
2652-BRA-RUS-42192,643,Dilma Rousseff,Russia,2015-07-08,TripStartDate: nuestra fecha=2015-07-08 vs COLT=2015-07-07 (dif. 1d)
2652-BRA-SWE-42295,645,Dilma Rousseff,Sweden,2015-10-19,TripStartDate: nuestra fecha=2015-10-19 vs COLT=2015-10-18 (dif. 1d)
2652-BRA-FIN-42297,646,Dilma Rousseff,Finland,2015-10-20,TripEndDate: nuestra fecha=2015-10-21 vs COLT=2015-10-20 (dif. 1d)
2652-BRA-FRA-42336,648,Dilma Rousseff,France,2015-11-30,TripStartDate: nuestra fecha=2015-11-30 vs COLT=2015-11-28 (dif. 2d)
2652-BRA-ECU-42395,650,Dilma Rousseff,Ecuador,2016-01-27,TripStartDate: nuestra fecha=2016-01-27 vs COLT=2016-01-26 (dif. 1d)
3224-BRA-USA-42633,653,Michel Temer,United States,2016-09-20,TripEndDate: nuestra fecha=2016-09-20 vs COLT=2016-09-21 (dif. 1d)
3224-BRA-JPN-42660,656,Michel Temer,Japan,2016-10-18,TripStartDate: nuestra fecha=2016-10-18 vs COLT=2016-10-17 (dif. 1d) | TripEndDate: nuestra fecha=2016-10-19 vs COLT=2016-10-18 (dif. 1d)
3224-BRA-RUS-42906,658,Michel Temer,Russia,2017-06-20,TripEndDate: nuestra fecha=2017-06-21 vs COLT=2017-06-22 (dif. 1d)
3224-BRA-NOR-42908,659,Michel Temer,Norway,2017-06-22,TripEndDate: nuestra fecha=2017-06-23 vs COLT=2017-06-24 (dif. 1d)
3224-BRA-CHE-43123,663,Michel Temer,Switzerland,2018-01-24,TripStartDate: nuestra fecha=2018-01-24 vs COLT=2018-01-23 (dif. 1d)
3224-BRA-ZAF-43306,665,Michel Temer,South Africa,2018-07-26,TripStartDate: nuestra fecha=2018-07-26 vs COLT=2018-07-25 (dif. 1d) | TripEndDate: nuestra fecha=2018-07-27 vs COLT=2018-07-26 (dif. 1d)
3224-BRA-USA-43367,667,Michel Temer,United States,2018-09-25,TripStartDate: nuestra fecha=2018-09-25 vs COLT=2018-09-24 (dif. 1d) | TripEndDate: nuestra fecha=2018-09-25 vs COLT=2018-09-28 (dif. 3d)
3224-BRA-ARG-43434,668,Michel Temer,Argentina,2018-11-30,TripEndDate: nuestra fecha=2018-12-01 vs COLT=2018-12-02 (dif. 1d)
3224-BRA-URY-43452,669,Michel Temer,Uruguay,2018-12-18,TripEndDate: nuestra fecha=2018-12-18 vs COLT=2018-12-20 (dif. 2d)
3531-BRA-CHE-43487,670,Jair Bolsonaro,Switzerland,2019-01-22,TripEndDate: nuestra fecha=2019-01-23 vs COLT=2019-01-25 (dif. 2d)
3531-BRA-USA-43542,671,Jair Bolsonaro,United States,2019-03-18,TripEndDate: nuestra fecha=2019-03-19 vs COLT=2019-03-20 (dif. 1d)
3531-BRA-CHL-43546,672,Jair Bolsonaro,Chile,2019-03-22,TripEndDate: nuestra fecha=2019-03-23 vs COLT=2019-03-24 (dif. 1d)
3531-BRA-ISR-43554,673,Jair Bolsonaro,Israel,2019-03-31,TripStartDate: nuestra fecha=2019-03-31 vs COLT=2019-03-30 (dif. 1d) | TripEndDate: nuestra fecha=2019-04-02 vs COLT=2019-03-31 (dif. 2d)
3531-BRA-ARG-43622,674,Jair Bolsonaro,Argentina,2019-06-06,TripEndDate: nuestra fecha=2019-06-06 vs COLT=2019-06-07 (dif. 1d)
3531-BRA-JPN-43643,675,Jair Bolsonaro,Japan,2019-06-28,TripStartDate: nuestra fecha=2019-06-28 vs COLT=2019-06-27 (dif. 1d) | TripEndDate: nuestra fecha=2019-06-29 vs COLT=2019-06-30 (dif. 1d)
3531-BRA-USA-43731,677,Jair Bolsonaro,United States,2019-09-24,TripStartDate: nuestra fecha=2019-09-24 vs COLT=2019-09-23 (dif. 1d) | TripEndDate: nuestra fecha=2019-09-24 vs COLT=2019-09-25 (dif. 1d)
3531-BRA-JPN-43759,678,Jair Bolsonaro,Japan,2019-10-22,TripStartDate: nuestra fecha=2019-10-22 vs COLT=2019-10-21 (dif. 1d)
3531-BRA-QAT-43766,681,Jair Bolsonaro,Qatar,2019-10-28,TripEndDate: nuestra fecha=2019-10-28 vs COLT=2019-10-29 (dif. 1d)
3531-BRA-SAU-43767,682,Jair Bolsonaro,Saudi Arabia,2019-10-29,TripEndDate: nuestra fecha=2019-10-30 vs COLT=2019-10-29 (dif. 1d)
3531-BRA-IND-43855,683,Jair Bolsonaro,India,2020-01-24,TripStartDate: nuestra fecha=2020-01-24 vs COLT=2020-01-25 (dif. 1d)
3531-BRA-URY-43891,684,Jair Bolsonaro,Uruguay,2020-03-01,TripEndDate: nuestra fecha=2020-03-01 vs COLT=2020-03-02 (dif. 1d)
3531-BRA-ECU-44339,686,Jair Bolsonaro,Ecuador,2021-05-24,TripStartDate: nuestra fecha=2021-05-24 vs COLT=2021-05-23 (dif. 1d)
3531-BRA-USA-44458,687,Jair Bolsonaro,United States,2021-09-19,TripEndDate: nuestra fecha=2021-09-21 vs COLT=2021-09-22 (dif. 1d)
3531-BRA-ITA-44498,688,Jair Bolsonaro,Italy,2021-10-29,TripEndDate: nuestra fecha=2021-11-01 vs COLT=2021-11-02 (dif. 1d)
3531-BRA-QAT-44517,691,Jair Bolsonaro,Qatar,2021-11-17,TripEndDate: nuestra fecha=2021-11-17 vs COLT=2021-11-18 (dif. 1d)
3531-BRA-RUS-44607,692,Jair Bolsonaro,Russia,2022-02-15,TripEndDate: nuestra fecha=2022-02-16 vs COLT=2022-02-17 (dif. 1d)
3531-BRA-USA-44719,694,Jair Bolsonaro,United States,2022-06-08,TripStartDate: nuestra fecha=2022-06-08 vs COLT=2022-06-07 (dif. 1d) | TripEndDate: nuestra fecha=2022-06-10 vs COLT=2022-06-11 (dif. 1d)
3531-BRA-GBR-44823,695,Jair Bolsonaro,United Kingdom,2022-09-18,TripStartDate: nuestra fecha=2022-09-18 vs COLT=2022-09-19 (dif. 1d)
3531-BRA-USA-44823,696,Jair Bolsonaro,United States,2022-09-20,TripStartDate: nuestra fecha=2022-09-20 vs COLT=2022-09-19 (dif. 1d) | TripEndDate: nuestra fecha=2022-09-20 vs COLT=2022-09-21 (dif. 1d)
3531-BRA-USA-44925,697,Jair Bolsonaro,United States,2022-12-30,TripEndDate: nuestra fecha=2023-01-01 vs COLT=2023-03-30 (dif. 88d)
1780-BRA-ARG-44948,699,Luiz Inácio Lula da Silva,Argentina,2023-01-23,TripStartDate: nuestra fecha=2023-01-23 vs COLT=2023-01-22 (dif. 1d) | TripEndDate: nuestra fecha=2023-01-24 vs COLT=2023-01-25 (dif. 1d)
3531-BRA-USA-44925,701,Luiz Inácio Lula da Silva,United States,2023-02-10,TripStartDate: nuestra fecha=2023-02-10 vs COLT=2022-12-30 (dif. 42d) | TripEndDate: nuestra fecha=2023-02-10 vs COLT=2023-03-30 (dif. 48d)
1780-BRA-CHN-45028,702,Luiz Inácio Lula da Silva,China,2023-04-12,TripEndDate: nuestra fecha=2023-04-15 vs COLT=2023-04-14 (dif. 1d)
1780-BRA-ARE-45031,703,Luiz Inácio Lula da Silva,United Arab Emirates,2023-04-15,TripEndDate: nuestra fecha=2023-04-16 vs COLT=2023-04-15 (dif. 1d)
1780-BRA-GBR-45051,706,Luiz Inácio Lula da Silva,United Kingdom,2023-05-05,TripEndDate: nuestra fecha=2023-05-07 vs COLT=2023-05-06 (dif. 1d)
1780-BRA-JPN-45064,707,Luiz Inácio Lula da Silva,Japan,2023-05-19,TripStartDate: nuestra fecha=2023-05-19 vs COLT=2023-05-18 (dif. 1d) | TripEndDate: nuestra fecha=2023-05-21 vs COLT=2023-05-22 (dif. 1d)
1780-BRA-FRA-45098,709,Luiz Inácio Lula da Silva,France,2023-06-22,TripStartDate: nuestra fecha=2023-06-22 vs COLT=2023-06-21 (dif. 1d) | TripEndDate: nuestra fecha=2023-06-23 vs COLT=2023-06-24 (dif. 1d)
1780-BRA-BEL-45123,710,Luiz Inácio Lula da Silva,Belgium,2023-07-17,TripStartDate: nuestra fecha=2023-07-17 vs COLT=2023-07-16 (dif. 1d) | TripEndDate: nuestra fecha=2023-07-18 vs COLT=2023-07-19 (dif. 1d)
1780-BRA-ZAF-45159,711,Luiz Inácio Lula da Silva,South Africa,2023-08-22,TripStartDate: nuestra fecha=2023-08-22 vs COLT=2023-08-21 (dif. 1d)
1780-BRA-IND-45176,712,Luiz Inácio Lula da Silva,India,2023-09-08,TripStartDate: nuestra fecha=2023-09-08 vs COLT=2023-09-07 (dif. 1d)
1780-BRA-USA-45186,714,Luiz Inácio Lula da Silva,United States,2023-09-18,TripStartDate: nuestra fecha=2023-09-18 vs COLT=2023-09-17 (dif. 1d) | TripEndDate: nuestra fecha=2023-09-21 vs COLT=2023-09-23 (dif. 2d)
1780-BRA-DEU-45263,717,Luiz Inácio Lula da Silva,Germany,2023-12-03,TripEndDate: nuestra fecha=2023-12-04 vs COLT=2023-12-05 (dif. 1d)
1780-BRA-ETH-45337,719,Luiz Inácio Lula da Silva,Ethiopia,2024-02-17,TripStartDate: nuestra fecha=2024-02-17 vs COLT=2024-02-15 (dif. 2d)
1780-BRA-GUY-45350,720,Luiz Inácio Lula da Silva,Guyana,2024-02-28,TripEndDate: nuestra fecha=2024-02-29 vs COLT=2024-02-28 (dif. 1d)
1780-BRA-VCT-45351,721,Luiz Inácio Lula da Silva,Saint Vincent and the Grenadines,2024-03-01,TripStartDate: nuestra fecha=2024-03-01 vs COLT=2024-02-29 (dif. 1d)
1780-BRA-CHL-45508,723,Luiz Inácio Lula da Silva,Chile,2024-08-05,TripStartDate: nuestra fecha=2024-08-05 vs COLT=2024-08-04 (dif. 1d)
1780-BRA-USA-45556,724,Luiz Inácio Lula da Silva,United States,2024-09-22,TripStartDate: nuestra fecha=2024-09-22 vs COLT=2024-09-21 (dif. 1d) | TripEndDate: nuestra fecha=2024-09-24 vs COLT=2024-09-29 (dif. 5d)
1780-BRA-URY-45716,726,Luiz Inácio Lula da Silva,Uruguay,2025-03-01,TripStartDate: nuestra fecha=2025-03-01 vs COLT=2025-02-28 (dif. 1d)
1780-BRA-HND-45755,729,Luiz Inácio Lula da Silva,Honduras,2025-04-09,TripStartDate: nuestra fecha=2025-04-09 vs COLT=2025-04-08 (dif. 1d)
1780-BRA-RUS-45783,730,Luiz Inácio Lula da Silva,Russia,2025-05-08,TripStartDate: nuestra fecha=2025-05-08 vs COLT=2025-05-06 (dif. 2d)
1780-BRA-CHN-45787,731,Luiz Inácio Lula da Silva,China,2025-05-12,TripStartDate: nuestra fecha=2025-05-12 vs COLT=2025-05-10 (dif. 2d)
1780-BRA-FRA-45811,732,Luiz Inácio Lula da Silva,France,2025-06-05,TripStartDate: nuestra fecha=2025-06-05 vs COLT=2025-06-03 (dif. 2d) | TripEndDate: nuestra fecha=2025-06-06 vs COLT=2025-06-09 (dif. 3d)
1780-BRA-USA-45922,733,Luiz Inácio Lula da Silva,United States,2025-09-23,TripStartDate: nuestra fecha=2025-09-23 vs COLT=2025-09-22 (dif. 1d) | TripEndDate: nuestra fecha=2025-09-24 vs COLT=2025-09-26 (dif. 2d)
1780-BRA-ZAF-45982,743,Luiz Inácio Lula da Silva,South Africa,2025-11-21,TripEndDate: nuestra fecha=2025-11-23 vs COLT=2025-11-24 (dif. 1d)
1780-BRA-USA-40077,750,Luiz Inácio Lula da Silva,United States,2009-09-24,TripStartDate: nuestra fecha=2009-09-24 vs COLT=2009-09-21 (dif. 3d)
1780-BRA-BOL-45481,751,Luiz Inácio Lula da Silva,Bolivia,2024-07-09,TripStartDate: nuestra fecha=2024-07-09 vs COLT=2024-07-08 (dif. 1d)
1780-BRA-PRY-39261,754,Luiz Inácio Lula da Silva,Paraguay,2007-06-27,TripStartDate: nuestra fecha=2007-06-27 vs COLT=2007-06-28 (dif. 1d) | TripEndDate: nuestra fecha=2007-06-27 vs COLT=2007-06-29 (dif. 2d)
1780-BRA-MEX-39299,755,Luiz Inácio Lula da Silva,Mexico,2007-08-06,TripStartDate: nuestra fecha=2007-08-06 vs COLT=2007-08-05 (dif. 1d) | TripEndDate: nuestra fecha=2007-08-06 vs COLT=2007-08-07 (dif. 1d)
1780-BRA-NIC-39301,757,Luiz Inácio Lula da Silva,Nicaragua,2007-08-08,TripStartDate: nuestra fecha=2007-08-08 vs COLT=2007-08-07 (dif. 1d)
1780-BRA-PAN-39303,759,Luiz Inácio Lula da Silva,Panama,2007-08-10,TripStartDate: nuestra fecha=2007-08-10 vs COLT=2007-08-09 (dif. 1d)
1780-BRA-BOL-39432,760,Luiz Inácio Lula da Silva,Bolivia,2007-12-17,TripStartDate: nuestra fecha=2007-12-17 vs COLT=2007-12-16 (dif. 1d)
1780-BRA-URY-39433,761,Luiz Inácio Lula da Silva,Uruguay,2007-12-18,TripStartDate: nuestra fecha=2007-12-18 vs COLT=2007-12-17 (dif. 1d)
1780-BRA-PRY-40018,762,Luiz Inácio Lula da Silva,Paraguay,2009-07-24,TripEndDate: nuestra fecha=2009-07-24 vs COLT=2009-07-25 (dif. 1d)
1780-BRA-ECU-40034,763,Luiz Inácio Lula da Silva,Ecuador,2009-08-10,TripStartDate: nuestra fecha=2009-08-10 vs COLT=2009-08-09 (dif. 1d)
1780-BRA-ARG-40052,765,Luiz Inácio Lula da Silva,Argentina,2009-08-28,TripStartDate: nuestra fecha=2009-08-28 vs COLT=2009-08-27 (dif. 1d)
1780-BRA-CUB-39461,768,Luiz Inácio Lula da Silva,Cuba,2008-01-15,TripStartDate: nuestra fecha=2008-01-15 vs COLT=2008-01-14 (dif. 1d)
1780-BRA-COL-40396,773,Luiz Inácio Lula da Silva,Colombia,2010-08-07,TripStartDate: nuestra fecha=2010-08-07 vs COLT=2010-08-06 (dif. 1d)
1780-BRA-NLD-39547,774,Luiz Inácio Lula da Silva,Netherlands,2008-04-10,TripStartDate: nuestra fecha=2008-04-10 vs COLT=2008-04-09 (dif. 1d)
1780-BRA-GHA-39557,776,Luiz Inácio Lula da Silva,Ghana,2008-04-20,TripStartDate: nuestra fecha=2008-04-20 vs COLT=2008-04-19 (dif. 1d)
1780-BRA-ITA-39761,777,Luiz Inácio Lula da Silva,Italy,2008-11-10,TripStartDate: nuestra fecha=2008-11-10 vs COLT=2008-11-09 (dif. 1d)
1780-BRA-KAZ-39980,778,Luiz Inácio Lula da Silva,Kazakhstan,2009-06-17,TripStartDate: nuestra fecha=2009-06-17 vs COLT=2009-06-16 (dif. 1d)
1780-BRA-SLV-39964,779,Luiz Inácio Lula da Silva,El Salvador,2009-06-01,TripStartDate: nuestra fecha=2009-06-01 vs COLT=2009-05-31 (dif. 1d)
1780-BRA-PRT-40146,780,Luiz Inácio Lula da Silva,Portugal,2009-11-29,TripEndDate: nuestra fecha=2009-12-01 vs COLT=2009-11-30 (dif. 1d)
2652-BRA-VEN-41340,781,Dilma Rousseff,Venezuela,2013-03-08,TripStartDate: nuestra fecha=2013-03-08 vs COLT=2013-03-07 (dif. 1d) | TripEndDate: nuestra fecha=2013-03-08 vs COLT=2013-03-07 (dif. 1d)
2652-BRA-CHL-41709,782,Dilma Rousseff,Chile,2014-03-10,TripStartDate: nuestra fecha=2014-03-10 vs COLT=2014-03-11 (dif. 1d)
1780-BRA-PRT-37811,787,Luiz Inácio Lula da Silva,Portugal,2003-07-10,TripStartDate: nuestra fecha=2003-07-10 vs COLT=2003-07-09 (dif. 1d) | TripEndDate: nuestra fecha=2003-07-12 vs COLT=2003-07-10 (dif. 2d)
1780-BRA-GBR-37813,788,Luiz Inácio Lula da Silva,United Kingdom,2003-07-13,TripStartDate: nuestra fecha=2003-07-13 vs COLT=2003-07-11 (dif. 2d)
1780-BRA-ESP-37817,789,Luiz Inácio Lula da Silva,Spain,2003-07-14,TripStartDate: nuestra fecha=2003-07-14 vs COLT=2003-07-15 (dif. 1d)
1780-BRA-VEN-37858,792,Luiz Inácio Lula da Silva,Venezuela,2003-08-26,TripStartDate: nuestra fecha=2003-08-26 vs COLT=2003-08-25 (dif. 1d)
1780-BRA-MEX-37886,793,Luiz Inácio Lula da Silva,Mexico,2003-09-25,TripStartDate: nuestra fecha=2003-09-25 vs COLT=2003-09-22 (dif. 3d) | TripEndDate: nuestra fecha=2003-09-26 vs COLT=2003-09-23 (dif. 3d)
1780-BRA-ARG-37909,794,Luiz Inácio Lula da Silva,Argentina,2003-10-16,TripStartDate: nuestra fecha=2003-10-16 vs COLT=2003-10-15 (dif. 1d) | TripEndDate: nuestra fecha=2003-10-17 vs COLT=2003-10-18 (dif. 1d)
1780-BRA-ESP-37918,795,Luiz Inácio Lula da Silva,Spain,2003-10-23,TripStartDate: nuestra fecha=2003-10-23 vs COLT=2003-10-24 (dif. 1d)
1780-BRA-UKR-38129,796,Luiz Inácio Lula da Silva,Ukraine,2004-05-21,TripStartDate: nuestra fecha=2004-05-21 vs COLT=2004-05-22 (dif. 1d) | TripEndDate: nuestra fecha=2004-05-21 vs COLT=2004-05-22 (dif. 1d)
1780-BRA-BOL-38176,798,Luiz Inácio Lula da Silva,Bolivia,2004-07-09,TripStartDate: nuestra fecha=2004-07-09 vs COLT=2004-07-08 (dif. 1d) | TripEndDate: nuestra fecha=2004-07-09 vs COLT=2004-07-08 (dif. 1d)
1780-BRA-DOM-38214,800,Luiz Inácio Lula da Silva,Dominican Republic,2004-08-16,TripStartDate: nuestra fecha=2004-08-16 vs COLT=2004-08-15 (dif. 1d) | TripEndDate: nuestra fecha=2004-08-17 vs COLT=2004-08-18 (dif. 1d)
1780-BRA-CHL-38221,802,Luiz Inácio Lula da Silva,Chile,2004-08-23,TripStartDate: nuestra fecha=2004-08-23 vs COLT=2004-08-22 (dif. 1d)
1780-BRA-CHE-38379,805,Luiz Inácio Lula da Silva,Switzerland,2005-01-28,TripStartDate: nuestra fecha=2005-01-28 vs COLT=2005-01-27 (dif. 1d)
1780-BRA-CMR-38452,806,Luiz Inácio Lula da Silva,Cameroon,2005-04-10,TripEndDate: nuestra fecha=2005-04-10 vs COLT=2005-04-11 (dif. 1d)
1780-BRA-USA-38608,811,Luiz Inácio Lula da Silva,United States,2005-09-14,TripStartDate: nuestra fecha=2005-09-14 vs COLT=2005-09-13 (dif. 1d) | TripEndDate: nuestra fecha=2005-09-14 vs COLT=2005-09-15 (dif. 1d)
994-BRA-USA-37202,814,Fernando Henrique Cardoso,United States,2001-11-10,TripStartDate: nuestra fecha=2001-11-10 vs COLT=2001-11-07 (dif. 3d) | TripEndDate: nuestra fecha=2001-11-10 vs COLT=2001-11-11 (dif. 1d)
994-BRA-BOL-37069,818,Fernando Henrique Cardoso,Bolivia,2001-06-26,TripStartDate: nuestra fecha=2001-06-26 vs COLT=2001-06-27 (dif. 1d) | TripEndDate: nuestra fecha=2001-06-27 vs COLT=2001-06-28 (dif. 1d)
994-BRA-ARG-36705,819,Fernando Henrique Cardoso,Argentina,2000-06-29,TripStartDate: nuestra fecha=2000-06-29 vs COLT=2000-06-28 (dif. 1d)
994-BRA-URY-37245,820,Fernando Henrique Cardoso,Uruguay,2001-12-21,TripStartDate: nuestra fecha=2001-12-21 vs COLT=2001-12-20 (dif. 1d)
994-BRA-ARG-37304,821,Fernando Henrique Cardoso,Argentina,2002-02-18,TripStartDate: nuestra fecha=2002-02-18 vs COLT=2002-02-17 (dif. 1d)
1780-BRA-BEN-38757,824,Luiz Inácio Lula da Silva,Benin,2006-02-10,TripStartDate: nuestra fecha=2006-02-10 vs COLT=2006-02-09 (dif. 1d)
1780-BRA-ARG-45841,827,Luiz Inácio Lula da Silva,Argentina,2025-07-02,TripStartDate: nuestra fecha=2025-07-02 vs COLT=2025-07-03 (dif. 1d)
1516-CHL-CAN-37000,833,Ricardo Lagos,Canada,2001-04-20,TripStartDate: nuestra fecha=2001-04-20 vs COLT=2001-04-19 (dif. 1d)
1516-CHL-ESP-37046,834,Ricardo Lagos,Spain,2001-06-03,TripStartDate: nuestra fecha=2001-06-03 vs COLT=2001-06-04 (dif. 1d)
1516-CHL-PER-37100,836,Ricardo Lagos,Peru,2001-07-27,TripStartDate: nuestra fecha=2001-07-27 vs COLT=2001-07-28 (dif. 1d)
1516-CHL-ESP-37392,841,Ricardo Lagos,Spain,2002-05-16,TripEndDate: nuestra fecha=2002-05-17 vs COLT=2002-05-18 (dif. 1d)
1516-CHL-MEX-37555,842,Ricardo Lagos,Mexico,2002-10-26,TripEndDate: nuestra fecha=2002-10-27 vs COLT=2002-10-28 (dif. 1d)
1516-CHL-THA-37912,844,Ricardo Lagos,Thailand,2003-10-20,TripStartDate: nuestra fecha=2003-10-20 vs COLT=2003-10-18 (dif. 2d)
1516-CHL-MEX-37997,846,Ricardo Lagos,Mexico,2004-01-12,TripStartDate: nuestra fecha=2004-01-12 vs COLT=2004-01-11 (dif. 1d)
1516-CHL-URY-38411,850,Ricardo Lagos,Uruguay,2005-03-01,TripStartDate: nuestra fecha=2005-03-01 vs COLT=2005-02-28 (dif. 1d)
1516-CHL-ESP-38637,851,Ricardo Lagos,Spain,2005-10-14,TripStartDate: nuestra fecha=2005-10-14 vs COLT=2005-10-12 (dif. 2d)
1516-CHL-KOR-38674,853,Ricardo Lagos,South Korea,2005-11-18,TripEndDate: nuestra fecha=2005-11-19 vs COLT=2005-11-20 (dif. 1d)
2134-CHL-ARG-38797,855,Michelle Bachelet,Argentina,2006-03-21,TripEndDate: nuestra fecha=2006-03-21 vs COLT=2006-03-22 (dif. 1d)
2134-CHL-USA-38875,857,Michelle Bachelet,United States,2006-06-08,TripStartDate: nuestra fecha=2006-06-08 vs COLT=2006-06-07 (dif. 1d)
2134-CHL-PER-38925,858,Michelle Bachelet,Peru,2006-07-28,TripStartDate: nuestra fecha=2006-07-28 vs COLT=2006-07-27 (dif. 1d)
2134-CHL-VEN-39188,864,Michelle Bachelet,Venezuela,2007-04-16,TripEndDate: nuestra fecha=2007-04-17 vs COLT=2007-04-18 (dif. 1d)
2134-CHL-ESP-38846,865,Michelle Bachelet,Spain,2006-05-09,TripEndDate: nuestra fecha=2006-05-10 vs COLT=2006-05-11 (dif. 1d)
2134-CHL-FRA-39960,866,Michelle Bachelet,France,2009-05-29,TripStartDate: nuestra fecha=2009-05-29 vs COLT=2009-05-27 (dif. 2d) | TripEndDate: nuestra fecha=2009-05-29 vs COLT=2009-05-30 (dif. 1d)
2134-CHL-USA-39348,868,Michelle Bachelet,United States,2007-09-24,TripStartDate: nuestra fecha=2007-09-24 vs COLT=2007-09-23 (dif. 1d)
2134-CHL-PRY-39674,871,Michelle Bachelet,Paraguay,2008-08-15,TripStartDate: nuestra fecha=2008-08-15 vs COLT=2008-08-14 (dif. 1d)
2134-CHL-PER-39773,873,Michelle Bachelet,Peru,2008-11-22,TripStartDate: nuestra fecha=2008-11-22 vs COLT=2008-11-21 (dif. 1d)
2134-CHL-CUB-39854,875,Michelle Bachelet,Cuba,2009-02-11,TripStartDate: nuestra fecha=2009-02-11 vs COLT=2009-02-10 (dif. 1d)
2134-CHL-USA-39987,877,Michelle Bachelet,United States,2009-06-23,TripEndDate: nuestra fecha=2009-06-24 vs COLT=2009-06-23 (dif. 1d)
2134-CHL-SGP-40130,879,Michelle Bachelet,Singapore,2009-11-14,TripStartDate: nuestra fecha=2009-11-14 vs COLT=2009-11-13 (dif. 1d)
2134-CHL-PRT-40145,880,Michelle Bachelet,Portugal,2009-11-30,TripStartDate: nuestra fecha=2009-11-30 vs COLT=2009-11-28 (dif. 2d) | TripEndDate: nuestra fecha=2009-12-01 vs COLT=2009-12-02 (dif. 1d)
2134-CHL-MEX-40230,881,Michelle Bachelet,Mexico,2010-02-22,TripStartDate: nuestra fecha=2010-02-22 vs COLT=2010-02-21 (dif. 1d)
2556-CHL-BRA-40276,884,Sebastián Piñera,Brazil,2010-04-08,TripEndDate: nuestra fecha=2010-04-08 vs COLT=2010-04-09 (dif. 1d)
2556-CHL-USA-40280,885,Sebastián Piñera,United States,2010-04-11,TripStartDate: nuestra fecha=2010-04-11 vs COLT=2010-04-12 (dif. 1d)
2556-CHL-ESP-40312,886,Sebastián Piñera,Spain,2010-05-18,TripStartDate: nuestra fecha=2010-05-18 vs COLT=2010-05-14 (dif. 4d) | TripEndDate: nuestra fecha=2010-05-19 vs COLT=2010-05-18 (dif. 1d)
2556-CHL-USA-40443,887,Sebastián Piñera,United States,2010-09-20,TripStartDate: nuestra fecha=2010-09-20 vs COLT=2010-09-22 (dif. 2d) | TripEndDate: nuestra fecha=2010-09-23 vs COLT=2010-09-25 (dif. 2d)
2556-CHL-GBR-40467,888,Sebastián Piñera,United Kingdom,2010-10-17,TripStartDate: nuestra fecha=2010-10-17 vs COLT=2010-10-16 (dif. 1d) | TripEndDate: nuestra fecha=2010-10-18 vs COLT=2010-10-19 (dif. 1d)
2556-CHL-FRA-40470,889,Sebastián Piñera,France,2010-10-19,TripEndDate: nuestra fecha=2010-10-20 vs COLT=2010-10-21 (dif. 1d)
2556-CHL-DEU-40472,890,Sebastián Piñera,Germany,2010-10-21,TripEndDate: nuestra fecha=2010-10-22 vs COLT=2010-10-23 (dif. 1d)
2556-CHL-JPN-40494,891,Sebastián Piñera,Japan,2010-11-13,TripStartDate: nuestra fecha=2010-11-13 vs COLT=2010-11-12 (dif. 1d) | TripEndDate: nuestra fecha=2010-11-14 vs COLT=2010-11-15 (dif. 1d)
2556-CHL-RUS-41158,900,Sebastián Piñera,Russia,2012-09-08,TripStartDate: nuestra fecha=2012-09-08 vs COLT=2012-09-06 (dif. 2d) | TripEndDate: nuestra fecha=2012-09-09 vs COLT=2012-09-10 (dif. 1d)
2556-CHL-ESP-41229,901,Sebastián Piñera,Spain,2012-11-16,TripEndDate: nuestra fecha=2012-11-17 vs COLT=2012-11-18 (dif. 1d)
2556-CHL-VEN-41340,902,Sebastián Piñera,Venezuela,2013-03-08,TripStartDate: nuestra fecha=2013-03-08 vs COLT=2013-03-07 (dif. 1d)
2556-CHL-COL-41417,903,Sebastián Piñera,Colombia,2013-05-23,TripEndDate: nuestra fecha=2013-05-23 vs COLT=2013-05-24 (dif. 1d)
2556-CHL-USA-41425,904,Sebastián Piñera,United States,2013-06-04,TripStartDate: nuestra fecha=2013-06-04 vs COLT=2013-05-31 (dif. 4d)
2134-CHL-BRA-41802,908,Michelle Bachelet,Brazil,2014-06-12,TripEndDate: nuestra fecha=2014-06-12 vs COLT=2014-06-13 (dif. 1d)
2134-CHL-USA-41901,910,Michelle Bachelet,United States,2014-09-24,TripStartDate: nuestra fecha=2014-09-24 vs COLT=2014-09-19 (dif. 5d) | TripEndDate: nuestra fecha=2014-09-25 vs COLT=2014-09-24 (dif. 1d)
2134-CHL-ITA-42159,915,Michelle Bachelet,Italy,2015-06-05,TripStartDate: nuestra fecha=2015-06-05 vs COLT=2015-06-04 (dif. 1d) | TripEndDate: nuestra fecha=2015-06-06 vs COLT=2015-06-05 (dif. 1d)
2134-CHL-BEL-42164,916,Michelle Bachelet,Belgium,2015-06-10,TripStartDate: nuestra fecha=2015-06-10 vs COLT=2015-06-09 (dif. 1d)
2134-CHL-USA-42274,918,Michelle Bachelet,United States,2015-09-26,TripStartDate: nuestra fecha=2015-09-26 vs COLT=2015-09-27 (dif. 1d) | TripEndDate: nuestra fecha=2015-09-28 vs COLT=2015-09-30 (dif. 2d)
2134-CHL-PHL-42323,919,Michelle Bachelet,Philippines,2015-11-18,TripStartDate: nuestra fecha=2015-11-18 vs COLT=2015-11-15 (dif. 3d)
2134-CHL-IDN-42867,923,Michelle Bachelet,Indonesia,2017-05-12,TripEndDate: nuestra fecha=2017-05-12 vs COLT=2017-05-14 (dif. 2d)
2134-CHL-USA-42633,924,Michelle Bachelet,United States,2016-09-20,TripEndDate: nuestra fecha=2016-09-21 vs COLT=2016-09-23 (dif. 2d)
2134-CHL-PER-42692,926,Michelle Bachelet,Peru,2016-11-19,TripStartDate: nuestra fecha=2016-11-19 vs COLT=2016-11-18 (dif. 1d)
2134-CHL-CHN-42869,928,Michelle Bachelet,China,2017-05-13,TripStartDate: nuestra fecha=2017-05-13 vs COLT=2017-05-14 (dif. 1d)
2134-CHL-USA-42997,930,Michelle Bachelet,United States,2017-09-18,TripStartDate: nuestra fecha=2017-09-18 vs COLT=2017-09-19 (dif. 1d) | TripEndDate: nuestra fecha=2017-09-20 vs COLT=2017-09-23 (dif. 3d)
2134-CHL-VNM-43048,931,Michelle Bachelet,Vietnam,2017-11-10,TripStartDate: nuestra fecha=2017-11-10 vs COLT=2017-11-09 (dif. 1d)
2556-CHL-PER-43205,934,Sebastián Piñera,Peru,2018-04-13,TripStartDate: nuestra fecha=2018-04-13 vs COLT=2018-04-15 (dif. 2d) | TripEndDate: nuestra fecha=2018-04-14 vs COLT=2018-04-16 (dif. 2d)
2556-CHL-ARG-43216,935,Sebastián Piñera,Argentina,2018-04-25,TripStartDate: nuestra fecha=2018-04-25 vs COLT=2018-04-26 (dif. 1d)
2556-CHL-USA-43368,937,Sebastián Piñera,United States,2018-09-25,TripEndDate: nuestra fecha=2018-09-27 vs COLT=2018-09-28 (dif. 1d)
2556-CHL-USA-43368,938,Sebastián Piñera,United States,2018-09-28,TripStartDate: nuestra fecha=2018-09-28 vs COLT=2018-09-25 (dif. 3d)
2556-CHL-SGP-43418,943,Sebastián Piñera,Singapore,2018-11-12,TripStartDate: nuestra fecha=2018-11-12 vs COLT=2018-11-14 (dif. 2d) | TripEndDate: nuestra fecha=2018-11-15 vs COLT=2018-11-17 (dif. 2d)
2556-CHL-PRT-43703,948,Sebastián Piñera,Portugal,2019-08-26,TripEndDate: nuestra fecha=2019-08-26 vs COLT=2019-08-28 (dif. 2d)
2556-CHL-USA-43730,950,Sebastián Piñera,United States,2019-09-23,TripStartDate: nuestra fecha=2019-09-23 vs COLT=2019-09-22 (dif. 1d)
2556-CHL-URY-43891,951,Sebastián Piñera,Uruguay,2020-03-01,TripEndDate: nuestra fecha=2020-03-01 vs COLT=2020-03-02 (dif. 1d)
2556-CHL-FRA-44445,952,Sebastián Piñera,France,2021-09-05,TripStartDate: nuestra fecha=2021-09-05 vs COLT=2021-09-06 (dif. 1d)
2556-CHL-ITA-44447,954,Sebastián Piñera,Italy,2021-09-08,TripEndDate: nuestra fecha=2021-09-08 vs COLT=2021-09-09 (dif. 1d)
2556-CHL-GBR-44448,956,Sebastián Piñera,United Kingdom,2021-09-09,TripEndDate: nuestra fecha=2021-09-10 vs COLT=2021-09-12 (dif. 2d)
2556-CHL-COL-44463,957,Sebastián Piñera,Colombia,2021-09-24,TripEndDate: nuestra fecha=2021-09-26 vs COLT=2021-09-27 (dif. 1d)
2556-CHL-PRY-44466,959,Sebastián Piñera,Paraguay,2021-09-28,TripStartDate: nuestra fecha=2021-09-28 vs COLT=2021-09-27 (dif. 1d)
3909-CHL-ARG-44654,969,Gabriel Boric,Argentina,2022-04-03,TripEndDate: nuestra fecha=2022-04-05 vs COLT=2022-04-06 (dif. 1d)
3909-CHL-CAN-44718,970,Gabriel Boric,Canada,2022-06-06,TripEndDate: nuestra fecha=2022-06-06 vs COLT=2022-06-07 (dif. 1d)
3909-CHL-USA-44719,971,Gabriel Boric,United States,2022-06-07,TripEndDate: nuestra fecha=2022-06-10 vs COLT=2022-06-11 (dif. 1d)
3909-CHL-USA-44824,973,Gabriel Boric,United States,2022-09-19,TripStartDate: nuestra fecha=2022-09-19 vs COLT=2022-09-20 (dif. 1d) | TripEndDate: nuestra fecha=2022-09-21 vs COLT=2022-09-24 (dif. 3d)
3909-CHL-THA-44882,974,Gabriel Boric,Thailand,2022-11-16,TripStartDate: nuestra fecha=2022-11-16 vs COLT=2022-11-17 (dif. 1d) | TripEndDate: nuestra fecha=2022-11-19 vs COLT=2022-11-20 (dif. 1d)
3909-CHL-MEX-44887,975,Gabriel Boric,Mexico,2022-11-22,TripEndDate: nuestra fecha=2022-11-24 vs COLT=2022-11-25 (dif. 1d)
3909-CHL-ARG-44949,977,Gabriel Boric,Argentina,2023-01-24,TripStartDate: nuestra fecha=2023-01-24 vs COLT=2023-01-23 (dif. 1d)
3909-CHL-DOM-45008,978,Gabriel Boric,Dominican Republic,2023-03-24,TripStartDate: nuestra fecha=2023-03-24 vs COLT=2023-03-23 (dif. 1d) | TripEndDate: nuestra fecha=2023-03-25 vs COLT=2023-03-26 (dif. 1d)
3909-CHL-ESP-45121,980,Gabriel Boric,Spain,2023-07-13,TripStartDate: nuestra fecha=2023-07-13 vs COLT=2023-07-14 (dif. 1d) | TripEndDate: nuestra fecha=2023-07-15 vs COLT=2023-07-16 (dif. 1d)
3909-CHL-BEL-45123,981,Gabriel Boric,Belgium,2023-07-17,TripStartDate: nuestra fecha=2023-07-17 vs COLT=2023-07-16 (dif. 1d)
3909-CHL-PRY-45153,984,Gabriel Boric,Paraguay,2023-08-14,TripStartDate: nuestra fecha=2023-08-14 vs COLT=2023-08-15 (dif. 1d)
3909-CHL-USA-45189,985,Gabriel Boric,United States,2023-09-19,TripStartDate: nuestra fecha=2023-09-19 vs COLT=2023-09-20 (dif. 1d) | TripEndDate: nuestra fecha=2023-09-20 vs COLT=2023-09-22 (dif. 2d)
3909-CHL-CHN-45213,986,Gabriel Boric,China,2023-10-14,TripEndDate: nuestra fecha=2023-10-18 vs COLT=2023-10-19 (dif. 1d)
3909-CHL-GTM-45307,991,Gabriel Boric,Guatemala,2024-01-14,TripStartDate: nuestra fecha=2024-01-14 vs COLT=2024-01-16 (dif. 2d) | TripEndDate: nuestra fecha=2024-01-15 vs COLT=2024-01-16 (dif. 1d)
3909-CHL-DEU-45452,992,Gabriel Boric,Germany,2024-06-10,TripStartDate: nuestra fecha=2024-06-10 vs COLT=2024-06-09 (dif. 1d)
3909-CHL-FRA-45459,995,Gabriel Boric,France,2024-06-17,TripStartDate: nuestra fecha=2024-06-17 vs COLT=2024-06-16 (dif. 1d) | TripEndDate: nuestra fecha=2024-06-18 vs COLT=2024-06-17 (dif. 1d)
3909-CHL-USA-45557,997,Gabriel Boric,United States,2024-09-23,TripStartDate: nuestra fecha=2024-09-23 vs COLT=2024-09-22 (dif. 1d)
3909-CHL-URY-45691,1000,Gabriel Boric,Uruguay,2025-02-03,TripEndDate: nuestra fecha=2025-02-04 vs COLT=2025-02-03 (dif. 1d)
3909-CHL-IND-45746,1002,Gabriel Boric,India,2025-04-01,TripStartDate: nuestra fecha=2025-04-01 vs COLT=2025-03-30 (dif. 2d) | TripEndDate: nuestra fecha=2025-04-05 vs COLT=2025-04-06 (dif. 1d)
3909-CHL-JPN-45787,1004,Gabriel Boric,Japan,2025-05-11,TripStartDate: nuestra fecha=2025-05-11 vs COLT=2025-05-10 (dif. 1d)
3909-CHL-USA-45922,1007,Gabriel Boric,United States,2025-09-22,TripEndDate: nuestra fecha=2025-09-25 vs COLT=2025-09-26 (dif. 1d)
3909-CHL-BRA-45966,1008,Gabriel Boric,Brazil,2025-11-06,TripStartDate: nuestra fecha=2025-11-06 vs COLT=2025-11-05 (dif. 1d)
2134-CHL-JPN-43153,1013,Michelle Bachelet,Japan,2018-02-23,TripStartDate: nuestra fecha=2018-02-23 vs COLT=2018-02-22 (dif. 1d)
1516-CHL-PRT-37144,1014,Ricardo Lagos,Portugal,2001-09-09,TripStartDate: nuestra fecha=2001-09-09 vs COLT=2001-09-10 (dif. 1d)
3909-CHL-ARE-45501,1016,Gabriel Boric,United Arab Emirates,2024-07-29,TripStartDate: nuestra fecha=2024-07-29 vs COLT=2024-07-28 (dif. 1d)
3909-CHL-USA-45189,1017,Gabriel Boric,United States,2023-09-22,TripStartDate: nuestra fecha=2023-09-22 vs COLT=2023-09-20 (dif. 2d) | TripEndDate: nuestra fecha=2023-09-23 vs COLT=2023-09-22 (dif. 1d)
1516-CHL-DEU-36678,1019,Ricardo Lagos,Germany,2000-06-02,TripStartDate: nuestra fecha=2000-06-02 vs COLT=2000-06-01 (dif. 1d)
1516-CHL-NZL-36842,1024,Ricardo Lagos,New Zealand,2000-11-12,TripEndDate: nuestra fecha=2000-11-12 vs COLT=2000-11-13 (dif. 1d)
1516-CHL-IDN-36842,1025,Ricardo Lagos,Indonesia,2000-11-13,TripStartDate: nuestra fecha=2000-11-13 vs COLT=2000-11-12 (dif. 1d) | TripEndDate: nuestra fecha=2000-11-13 vs COLT=2000-11-14 (dif. 1d)
1516-CHL-MEX-36858,1028,Ricardo Lagos,Mexico,2000-11-30,TripStartDate: nuestra fecha=2000-11-30 vs COLT=2000-11-28 (dif. 2d) | TripEndDate: nuestra fecha=2000-12-05 vs COLT=2000-12-04 (dif. 1d)
1516-CHL-DOM-37003,1032,Ricardo Lagos,Dominican Republic,2001-04-22,TripEndDate: nuestra fecha=2001-04-23 vs COLT=2001-04-24 (dif. 1d)
1516-CHL-CHN-37185,1035,Ricardo Lagos,China,2001-10-19,TripStartDate: nuestra fecha=2001-10-19 vs COLT=2001-10-21 (dif. 2d) | TripEndDate: nuestra fecha=2001-10-21 vs COLT=2001-10-24 (dif. 3d)
1516-CHL-CHN-37185,1036,Ricardo Lagos,China,2001-10-22,TripStartDate: nuestra fecha=2001-10-22 vs COLT=2001-10-21 (dif. 1d)
1516-CHL-USA-37205,1037,Ricardo Lagos,United States,2001-11-08,TripStartDate: nuestra fecha=2001-11-08 vs COLT=2001-11-10 (dif. 2d)
1516-CHL-ARG-37305,1039,Ricardo Lagos,Argentina,2002-02-18,TripEndDate: nuestra fecha=2002-02-18 vs COLT=2002-02-19 (dif. 1d)
1516-CHL-SWE-37308,1040,Ricardo Lagos,Sweden,2002-02-21,TripEndDate: nuestra fecha=2002-02-23 vs COLT=2002-02-22 (dif. 1d)
1516-CHL-FIN-37312,1041,Ricardo Lagos,Finland,2002-02-24,TripStartDate: nuestra fecha=2002-02-24 vs COLT=2002-02-25 (dif. 1d)
1516-CHL-BOL-37382,1044,Ricardo Lagos,Bolivia,2002-05-06,TripEndDate: nuestra fecha=2002-05-06 vs COLT=2002-05-07 (dif. 1d)
1516-CHL-ECU-37462,1047,Ricardo Lagos,Ecuador,2002-07-26,TripStartDate: nuestra fecha=2002-07-26 vs COLT=2002-07-25 (dif. 1d) | TripEndDate: nuestra fecha=2002-07-27 vs COLT=2002-07-30 (dif. 3d)
1516-CHL-ECU-37462,1048,Ricardo Lagos,Ecuador,2002-07-28,TripStartDate: nuestra fecha=2002-07-28 vs COLT=2002-07-25 (dif. 3d)
1516-CHL-HUN-37536,1050,Ricardo Lagos,Hungary,2002-10-06,TripStartDate: nuestra fecha=2002-10-06 vs COLT=2002-10-07 (dif. 1d) | TripEndDate: nuestra fecha=2002-10-07 vs COLT=2002-10-09 (dif. 2d)
1516-CHL-POL-37538,1051,Ricardo Lagos,Poland,2002-10-08,TripStartDate: nuestra fecha=2002-10-08 vs COLT=2002-10-09 (dif. 1d) | TripEndDate: nuestra fecha=2002-10-09 vs COLT=2002-10-10 (dif. 1d)
1516-CHL-ECU-37636,1055,Ricardo Lagos,Ecuador,2003-01-15,TripEndDate: nuestra fecha=2003-01-15 vs COLT=2003-01-16 (dif. 1d)
1516-CHL-JAM-37804,1061,Ricardo Lagos,Jamaica,2003-07-01,TripStartDate: nuestra fecha=2003-07-01 vs COLT=2003-07-02 (dif. 1d)
1516-CHL-IRL-37812,1062,Ricardo Lagos,Ireland,2003-07-10,TripEndDate: nuestra fecha=2003-07-11 vs COLT=2003-07-12 (dif. 1d)
1516-CHL-GBR-37811,1063,Ricardo Lagos,United Kingdom,2003-07-12,TripStartDate: nuestra fecha=2003-07-12 vs COLT=2003-07-09 (dif. 3d)
1516-CHL-BRA-37851,1066,Ricardo Lagos,Brazil,2003-08-19,TripStartDate: nuestra fecha=2003-08-19 vs COLT=2003-08-18 (dif. 1d)
1516-CHL-ARG-37860,1067,Ricardo Lagos,Argentina,2003-08-27,TripEndDate: nuestra fecha=2003-08-29 vs COLT=2003-08-30 (dif. 1d)
1516-CHL-USA-37996,1069,Ricardo Lagos,United States,2004-01-09,TripStartDate: nuestra fecha=2004-01-09 vs COLT=2004-01-10 (dif. 1d) | TripEndDate: nuestra fecha=2004-01-09 vs COLT=2004-01-11 (dif. 2d)
1516-CHL-FRA-38013,1071,Ricardo Lagos,France,2004-01-28,TripStartDate: nuestra fecha=2004-01-28 vs COLT=2004-01-27 (dif. 1d)
1516-CHL-CHE-38016,1073,Ricardo Lagos,Switzerland,2004-01-30,TripEndDate: nuestra fecha=2004-01-30 vs COLT=2004-01-31 (dif. 1d)
1516-CHL-ESP-38131,1078,Ricardo Lagos,Spain,2004-05-25,TripStartDate: nuestra fecha=2004-05-25 vs COLT=2004-05-24 (dif. 1d)
1516-CHL-GTM-38136,1079,Ricardo Lagos,Guatemala,2004-05-30,TripStartDate: nuestra fecha=2004-05-30 vs COLT=2004-05-29 (dif. 1d)
1516-CHL-SLV-38138,1080,Ricardo Lagos,El Salvador,2004-06-01,TripStartDate: nuestra fecha=2004-06-01 vs COLT=2004-05-31 (dif. 1d)
1516-CHL-USA-38186,1082,Ricardo Lagos,United States,2004-07-19,TripStartDate: nuestra fecha=2004-07-19 vs COLT=2004-07-18 (dif. 1d) | TripEndDate: nuestra fecha=2004-07-20 vs COLT=2004-07-19 (dif. 1d)
1516-CHL-HTI-38188,1084,Ricardo Lagos,Haiti,2004-07-20,TripEndDate: nuestra fecha=2004-07-21 vs COLT=2004-07-22 (dif. 1d)
1516-CHL-USA-38249,1087,Ricardo Lagos,United States,2004-09-20,TripStartDate: nuestra fecha=2004-09-20 vs COLT=2004-09-19 (dif. 1d)
1516-CHL-ROU-38270,1089,Ricardo Lagos,Romania,2004-10-11,TripStartDate: nuestra fecha=2004-10-11 vs COLT=2004-10-10 (dif. 1d)
1516-CHL-BRA-38294,1092,Ricardo Lagos,Brazil,2004-11-04,TripStartDate: nuestra fecha=2004-11-04 vs COLT=2004-11-03 (dif. 1d)
1516-CHL-PER-38328,1093,Ricardo Lagos,Peru,2004-12-09,TripStartDate: nuestra fecha=2004-12-09 vs COLT=2004-12-07 (dif. 2d)
1516-CHL-EGY-38367,1095,Ricardo Lagos,Egypt,2005-01-16,TripStartDate: nuestra fecha=2005-01-16 vs COLT=2005-01-15 (dif. 1d)
1516-CHL-IND-38370,1096,Ricardo Lagos,India,2005-01-19,TripStartDate: nuestra fecha=2005-01-19 vs COLT=2005-01-18 (dif. 1d)
1516-CHL-DEU-38374,1097,Ricardo Lagos,Germany,2005-01-23,TripStartDate: nuestra fecha=2005-01-23 vs COLT=2005-01-22 (dif. 1d)
1516-CHL-GUY-38401,1098,Ricardo Lagos,Guyana,2005-02-18,TripEndDate: nuestra fecha=2005-02-19 vs COLT=2005-02-20 (dif. 1d)
1516-CHL-BRB-38403,1100,Ricardo Lagos,Barbados,2005-02-20,TripEndDate: nuestra fecha=2005-02-20 vs COLT=2005-02-21 (dif. 1d)
1516-CHL-TTO-38404,1101,Ricardo Lagos,Trinidad and Tobago,2005-02-22,TripStartDate: nuestra fecha=2005-02-22 vs COLT=2005-02-21 (dif. 1d)
1516-CHL-VEN-38461,1103,Ricardo Lagos,Venezuela,2005-04-20,TripStartDate: nuestra fecha=2005-04-20 vs COLT=2005-04-19 (dif. 1d)
1516-CHL-SWE-38516,1107,Ricardo Lagos,Sweden,2005-06-12,TripStartDate: nuestra fecha=2005-06-12 vs COLT=2005-06-13 (dif. 1d)
1516-CHL-PRY-38522,1108,Ricardo Lagos,Paraguay,2005-06-20,TripStartDate: nuestra fecha=2005-06-20 vs COLT=2005-06-19 (dif. 1d)
1516-CHL-PAN-38531,1109,Ricardo Lagos,Panama,2005-06-28,TripEndDate: nuestra fecha=2005-06-29 vs COLT=2005-06-30 (dif. 1d)
1516-CHL-USA-38609,1112,Ricardo Lagos,United States,2005-09-14,TripEndDate: nuestra fecha=2005-09-17 vs COLT=2005-09-16 (dif. 1d)
1516-CHL-GBR-38636,1115,Ricardo Lagos,United Kingdom,2005-10-11,TripEndDate: nuestra fecha=2005-10-11 vs COLT=2005-10-12 (dif. 1d)
1516-CHL-ESP-38637,1116,Ricardo Lagos,Spain,2005-10-12,TripEndDate: nuestra fecha=2005-10-13 vs COLT=2005-10-15 (dif. 2d)
2134-CHL-USA-38980,1126,Michelle Bachelet,United States,2006-09-19,TripStartDate: nuestra fecha=2006-09-19 vs COLT=2006-09-20 (dif. 1d) | TripEndDate: nuestra fecha=2006-09-20 vs COLT=2006-09-21 (dif. 1d)
2134-CHL-FIN-39230,1127,Michelle Bachelet,Finland,2007-05-29,TripStartDate: nuestra fecha=2007-05-29 vs COLT=2007-05-28 (dif. 1d)
2134-CHL-NOR-39232,1128,Michelle Bachelet,Norway,2007-05-30,TripEndDate: nuestra fecha=2007-05-31 vs COLT=2007-06-01 (dif. 1d)
2134-CHL-USA-39714,1130,Michelle Bachelet,United States,2008-09-23,TripEndDate: nuestra fecha=2008-09-24 vs COLT=2008-09-25 (dif. 1d)
2556-CHL-MEX-41077,1135,Sebastián Piñera,Mexico,2012-06-18,TripStartDate: nuestra fecha=2012-06-18 vs COLT=2012-06-17 (dif. 1d) | TripEndDate: nuestra fecha=2012-06-19 vs COLT=2012-06-20 (dif. 1d)
2556-CHL-BRA-40544,1138,Sebastián Piñera,Brazil,2011-01-01,TripEndDate: nuestra fecha=2011-01-01 vs COLT=2011-01-02 (dif. 1d)
2556-CHL-ITA-40603,1139,Sebastián Piñera,Italy,2011-03-01,TripEndDate: nuestra fecha=2011-03-02 vs COLT=2011-03-03 (dif. 1d)
2556-CHL-ISR-40605,1141,Sebastián Piñera,Israel,2011-03-03,TripEndDate: nuestra fecha=2011-03-06 vs COLT=2011-03-05 (dif. 1d)
2556-CHL-PSE-40607,1142,Sebastián Piñera,Palestine,2011-03-05,TripEndDate: nuestra fecha=2011-03-05 vs COLT=2011-03-06 (dif. 1d)
2556-CHL-JOR-40608,1143,Sebastián Piñera,Jordan,2011-03-06,TripEndDate: nuestra fecha=2011-03-07 vs COLT=2011-03-06 (dif. 1d)
2556-CHL-ESP-40608,1144,Sebastián Piñera,Spain,2011-03-07,TripStartDate: nuestra fecha=2011-03-07 vs COLT=2011-03-06 (dif. 1d)
2556-CHL-KOR-40993,1149,Sebastián Piñera,South Korea,2012-03-25,TripEndDate: nuestra fecha=2012-03-27 vs COLT=2012-03-28 (dif. 1d)
1395-PRY-PAN-36847,1153,Luis Ángel González Macchi,Panama,2000-11-17,TripEndDate: nuestra fecha=2000-11-18 vs COLT=2000-11-19 (dif. 1d)
1395-PRY-CAN-37001,1155,Luis Ángel González Macchi,Canada,2001-04-20,TripEndDate: nuestra fecha=2001-04-22 vs COLT=2001-04-21 (dif. 1d)
1395-PRY-PER-37219,1156,Luis Ángel González Macchi,Peru,2001-11-23,TripStartDate: nuestra fecha=2001-11-23 vs COLT=2001-11-24 (dif. 1d)
1395-PRY-ARG-37440,1159,Luis Ángel González Macchi,Argentina,2002-07-05,TripStartDate: nuestra fecha=2002-07-05 vs COLT=2002-07-03 (dif. 2d) | TripEndDate: nuestra fecha=2002-07-05 vs COLT=2002-07-04 (dif. 1d)
1395-PRY-DOM-37574,1160,Luis Ángel González Macchi,Dominican Republic,2002-11-15,TripStartDate: nuestra fecha=2002-11-15 vs COLT=2002-11-14 (dif. 1d)
1849-PRY-USA-37886,1163,Nicanor Duarte Frutos,United States,2003-09-23,TripStartDate: nuestra fecha=2003-09-23 vs COLT=2003-09-22 (dif. 1d) | TripEndDate: nuestra fecha=2003-09-27 vs COLT=2003-09-28 (dif. 1d)
1849-PRY-BOL-37940,1164,Nicanor Duarte Frutos,Bolivia,2003-11-14,TripStartDate: nuestra fecha=2003-11-14 vs COLT=2003-11-15 (dif. 1d)
1849-PRY-CRI-38309,1167,Nicanor Duarte Frutos,Costa Rica,2004-11-19,TripStartDate: nuestra fecha=2004-11-19 vs COLT=2004-11-18 (dif. 1d)
1849-PRY-BRA-38625,1169,Nicanor Duarte Frutos,Brazil,2005-09-29,TripStartDate: nuestra fecha=2005-09-29 vs COLT=2005-09-30 (dif. 1d)
1849-PRY-ARG-38659,1171,Nicanor Duarte Frutos,Argentina,2005-11-04,TripStartDate: nuestra fecha=2005-11-04 vs COLT=2005-11-03 (dif. 1d) | TripEndDate: nuestra fecha=2005-11-05 vs COLT=2005-11-03 (dif. 2d)
1849-PRY-URY-38695,1172,Nicanor Duarte Frutos,Uruguay,2005-12-08,TripStartDate: nuestra fecha=2005-12-08 vs COLT=2005-12-09 (dif. 1d)
1849-PRY-URY-39024,1174,Nicanor Duarte Frutos,Uruguay,2006-11-03,TripEndDate: nuestra fecha=2006-11-05 vs COLT=2006-11-04 (dif. 1d)
1849-PRY-TWN-39360,1180,Nicanor Duarte Frutos,Taiwan,2007-10-08,TripStartDate: nuestra fecha=2007-10-08 vs COLT=2007-10-05 (dif. 3d)
1849-PRY-ARG-39425,1181,Nicanor Duarte Frutos,Argentina,2007-12-09,TripEndDate: nuestra fecha=2007-12-10 vs COLT=2007-12-09 (dif. 1d)
2386-PRY-USA-39712,1185,Fernando Lugo,United States,2008-09-23,TripStartDate: nuestra fecha=2008-09-23 vs COLT=2008-09-21 (dif. 2d) | TripEndDate: nuestra fecha=2008-09-24 vs COLT=2008-09-26 (dif. 2d)
2386-PRY-BRA-39798,1187,Fernando Lugo,Brazil,2008-12-16,TripEndDate: nuestra fecha=2008-12-17 vs COLT=2008-12-18 (dif. 1d)
2386-PRY-QAT-39903,1190,Fernando Lugo,Qatar,2009-03-30,TripStartDate: nuestra fecha=2009-03-30 vs COLT=2009-03-31 (dif. 1d)
2386-PRY-ECU-40035,1193,Fernando Lugo,Ecuador,2009-08-10,TripEndDate: nuestra fecha=2009-08-10 vs COLT=2009-08-11 (dif. 1d)
2386-PRY-MEX-40229,1198,Fernando Lugo,Mexico,2010-02-22,TripStartDate: nuestra fecha=2010-02-22 vs COLT=2010-02-20 (dif. 2d) | TripEndDate: nuestra fecha=2010-02-23 vs COLT=2010-02-22 (dif. 1d)
2386-PRY-ARG-40302,1200,Fernando Lugo,Argentina,2010-05-03,TripStartDate: nuestra fecha=2010-05-03 vs COLT=2010-05-04 (dif. 1d) | TripEndDate: nuestra fecha=2010-05-04 vs COLT=2010-05-05 (dif. 1d)
2386-PRY-ARG-40323,1201,Fernando Lugo,Argentina,2010-05-24,TripStartDate: nuestra fecha=2010-05-24 vs COLT=2010-05-25 (dif. 1d)
2386-PRY-ARG-40393,1203,Fernando Lugo,Argentina,2010-08-02,TripStartDate: nuestra fecha=2010-08-02 vs COLT=2010-08-03 (dif. 1d)
2386-PRY-TWN-40613,1207,Fernando Lugo,Taiwan,2011-03-14,TripStartDate: nuestra fecha=2011-03-14 vs COLT=2011-03-11 (dif. 3d) | TripEndDate: nuestra fecha=2011-03-16 vs COLT=2011-03-17 (dif. 1d)
2386-PRY-VEN-40879,1208,Fernando Lugo,Venezuela,2011-12-02,TripEndDate: nuestra fecha=2011-12-03 vs COLT=2011-12-02 (dif. 1d)
2386-PRY-URY-40897,1209,Fernando Lugo,Uruguay,2011-12-19,TripStartDate: nuestra fecha=2011-12-19 vs COLT=2011-12-20 (dif. 1d)
2386-PRY-TWN-41048,1211,Fernando Lugo,Taiwan,2012-05-16,TripStartDate: nuestra fecha=2012-05-16 vs COLT=2012-05-19 (dif. 3d) | TripEndDate: nuestra fecha=2012-05-18 vs COLT=2012-05-23 (dif. 5d)
2386-PRY-IND-41052,1212,Fernando Lugo,India,2012-05-19,TripStartDate: nuestra fecha=2012-05-19 vs COLT=2012-05-23 (dif. 4d) | TripEndDate: nuestra fecha=2012-05-22 vs COLT=2012-05-25 (dif. 3d)
2386-PRY-THA-41055,1213,Fernando Lugo,Thailand,2012-05-23,TripStartDate: nuestra fecha=2012-05-23 vs COLT=2012-05-26 (dif. 3d) | TripEndDate: nuestra fecha=2012-05-25 vs COLT=2012-05-27 (dif. 2d)
2386-PRY-KOR-41056,1214,Fernando Lugo,South Korea,2012-05-26,TripStartDate: nuestra fecha=2012-05-26 vs COLT=2012-05-27 (dif. 1d) | TripEndDate: nuestra fecha=2012-05-28 vs COLT=2012-05-29 (dif. 1d)
2386-PRY-JPN-41058,1215,Fernando Lugo,Japan,2012-05-29,TripEndDate: nuestra fecha=2012-06-02 vs COLT=2012-06-01 (dif. 1d)
2814-PRY-USA-41175,1220,Federico Franco,United States,2012-09-22,TripStartDate: nuestra fecha=2012-09-22 vs COLT=2012-09-23 (dif. 1d) | TripEndDate: nuestra fecha=2012-09-25 vs COLT=2012-09-27 (dif. 2d)
2814-PRY-USA-41368,1221,Federico Franco,United States,2013-04-05,TripStartDate: nuestra fecha=2013-04-05 vs COLT=2013-04-04 (dif. 1d)
2931-PRY-USA-41538,1225,Horacio Cartes,United States,2013-09-24,TripStartDate: nuestra fecha=2013-09-24 vs COLT=2013-09-21 (dif. 3d) | TripEndDate: nuestra fecha=2013-09-26 vs COLT=2013-09-28 (dif. 2d)
2931-PRY-PAN-41564,1227,Horacio Cartes,Panama,2013-10-18,TripStartDate: nuestra fecha=2013-10-18 vs COLT=2013-10-17 (dif. 1d)
2931-PRY-CHL-41708,1229,Horacio Cartes,Chile,2014-03-11,TripStartDate: nuestra fecha=2014-03-11 vs COLT=2014-03-10 (dif. 1d)
2931-PRY-VEN-41849,1231,Horacio Cartes,Venezuela,2014-07-28,TripStartDate: nuestra fecha=2014-07-28 vs COLT=2014-07-29 (dif. 1d)
2931-PRY-ARG-41990,1234,Horacio Cartes,Argentina,2014-12-16,TripStartDate: nuestra fecha=2014-12-16 vs COLT=2014-12-17 (dif. 1d) | TripEndDate: nuestra fecha=2014-12-16 vs COLT=2014-12-17 (dif. 1d)
2931-PRY-BRA-42202,1236,Horacio Cartes,Brazil,2015-07-17,TripEndDate: nuestra fecha=2015-07-18 vs COLT=2015-07-17 (dif. 1d)
2931-PRY-USA-42275,1237,Horacio Cartes,United States,2015-09-26,TripStartDate: nuestra fecha=2015-09-26 vs COLT=2015-09-28 (dif. 2d)
2931-PRY-ECU-42396,1238,Horacio Cartes,Ecuador,2016-01-26,TripStartDate: nuestra fecha=2016-01-26 vs COLT=2016-01-27 (dif. 1d)
2931-PRY-USA-42998,1245,Horacio Cartes,United States,2017-09-19,TripStartDate: nuestra fecha=2017-09-19 vs COLT=2017-09-20 (dif. 1d)
2931-PRY-BRA-43090,1247,Horacio Cartes,Brazil,2017-12-20,TripStartDate: nuestra fecha=2017-12-20 vs COLT=2017-12-21 (dif. 1d)
2931-PRY-ISR-43240,1248,Horacio Cartes,Israel,2018-05-21,TripStartDate: nuestra fecha=2018-05-21 vs COLT=2018-05-20 (dif. 1d) | TripEndDate: nuestra fecha=2018-05-21 vs COLT=2018-05-22 (dif. 1d)
3481-PRY-USA-43367,1249,Mario Abdo Benítez,United States,2018-09-25,TripStartDate: nuestra fecha=2018-09-25 vs COLT=2018-09-24 (dif. 1d) | TripEndDate: nuestra fecha=2018-09-25 vs COLT=2018-09-28 (dif. 3d)
3481-PRY-TWN-43380,1250,Mario Abdo Benítez,Taiwan,2018-10-07,TripEndDate: nuestra fecha=2018-10-12 vs COLT=2018-10-11 (dif. 1d)
3481-PRY-URY-43452,1254,Mario Abdo Benítez,Uruguay,2018-12-18,TripEndDate: nuestra fecha=2018-12-18 vs COLT=2018-12-19 (dif. 1d)
3481-PRY-CHE-43485,1256,Mario Abdo Benítez,Switzerland,2019-01-22,TripStartDate: nuestra fecha=2019-01-22 vs COLT=2019-01-20 (dif. 2d) | TripEndDate: nuestra fecha=2019-01-25 vs COLT=2019-01-24 (dif. 1d)
3481-PRY-COL-43518,1257,Mario Abdo Benítez,Colombia,2019-02-22,TripEndDate: nuestra fecha=2019-02-22 vs COLT=2019-02-23 (dif. 1d)
3481-PRY-BOL-43628,1261,Mario Abdo Benítez,Bolivia,2019-06-12,TripEndDate: nuestra fecha=2019-06-12 vs COLT=2019-06-13 (dif. 1d)
3481-PRY-USA-43810,1265,Mario Abdo Benítez,United States,2019-12-12,TripStartDate: nuestra fecha=2019-12-12 vs COLT=2019-12-11 (dif. 1d) | TripEndDate: nuestra fecha=2019-12-13 vs COLT=2019-12-16 (dif. 3d)
3481-PRY-MEX-44455,1272,Mario Abdo Benítez,Mexico,2021-09-17,TripStartDate: nuestra fecha=2021-09-17 vs COLT=2021-09-16 (dif. 1d) | TripEndDate: nuestra fecha=2021-09-19 vs COLT=2021-09-18 (dif. 1d)
3481-PRY-CHL-44630,1276,Mario Abdo Benítez,Chile,2022-03-11,TripStartDate: nuestra fecha=2022-03-11 vs COLT=2022-03-10 (dif. 1d)
3481-PRY-USA-44719,1277,Mario Abdo Benítez,United States,2022-06-08,TripStartDate: nuestra fecha=2022-06-08 vs COLT=2022-06-07 (dif. 1d)
3481-PRY-COL-44779,1279,Mario Abdo Benítez,Colombia,2022-08-06,TripEndDate: nuestra fecha=2022-08-07 vs COLT=2022-08-08 (dif. 1d)
3481-PRY-USA-44823,1281,Mario Abdo Benítez,United States,2022-09-18,TripStartDate: nuestra fecha=2022-09-18 vs COLT=2022-09-19 (dif. 1d) | TripEndDate: nuestra fecha=2022-09-23 vs COLT=2022-09-24 (dif. 1d)
3481-PRY-DEU-44873,1283,Mario Abdo Benítez,Germany,2022-11-09,TripStartDate: nuestra fecha=2022-11-09 vs COLT=2022-11-08 (dif. 1d)
3481-PRY-URY-44901,1284,Mario Abdo Benítez,Uruguay,2022-12-05,TripStartDate: nuestra fecha=2022-12-05 vs COLT=2022-12-06 (dif. 1d)
3481-PRY-ARE-44970,1289,Mario Abdo Benítez,United Arab Emirates,2023-02-11,TripStartDate: nuestra fecha=2023-02-11 vs COLT=2023-02-13 (dif. 2d) | TripEndDate: nuestra fecha=2023-02-13 vs COLT=2023-02-14 (dif. 1d)
4034-PRY-USA-45186,1294,Santiago Peña,United States,2023-09-19,TripStartDate: nuestra fecha=2023-09-19 vs COLT=2023-09-17 (dif. 2d) | TripEndDate: nuestra fecha=2023-09-21 vs COLT=2023-09-25 (dif. 4d)
4034-PRY-USA-45222,1295,Santiago Peña,United States,2023-10-22,TripStartDate: nuestra fecha=2023-10-22 vs COLT=2023-10-23 (dif. 1d) | TripEndDate: nuestra fecha=2023-10-25 vs COLT=2023-10-26 (dif. 1d)
4034-PRY-ITA-45256,1298,Santiago Peña,Italy,2023-11-26,TripEndDate: nuestra fecha=2023-11-28 vs COLT=2023-11-27 (dif. 1d)
4034-PRY-ARE-45260,1300,Santiago Peña,United Arab Emirates,2023-11-30,TripEndDate: nuestra fecha=2023-12-01 vs COLT=2023-12-03 (dif. 2d)
4034-PRY-ARG-45268,1302,Santiago Peña,Argentina,2023-12-09,TripStartDate: nuestra fecha=2023-12-09 vs COLT=2023-12-08 (dif. 1d) | TripEndDate: nuestra fecha=2023-12-10 vs COLT=2023-12-11 (dif. 1d)
4034-PRY-GTM-45304,1303,Santiago Peña,Guatemala,2024-01-13,TripEndDate: nuestra fecha=2024-01-14 vs COLT=2024-01-15 (dif. 1d)
4034-PRY-ARG-45336,1305,Santiago Peña,Argentina,2024-02-14,TripEndDate: nuestra fecha=2024-02-14 vs COLT=2024-02-15 (dif. 1d)
4034-PRY-TWN-45429,1309,Santiago Peña,Taiwan,2024-05-18,TripStartDate: nuestra fecha=2024-05-18 vs COLT=2024-05-17 (dif. 1d) | TripEndDate: nuestra fecha=2024-05-22 vs COLT=2024-05-21 (dif. 1d)
4034-PRY-SLV-45443,1311,Santiago Peña,El Salvador,2024-06-01,TripStartDate: nuestra fecha=2024-06-01 vs COLT=2024-05-31 (dif. 1d)
4034-PRY-BOL-45456,1312,Santiago Peña,Bolivia,2024-06-13,TripEndDate: nuestra fecha=2024-06-13 vs COLT=2024-06-14 (dif. 1d)
4034-PRY-FRA-45498,1314,Santiago Peña,France,2024-07-23,TripStartDate: nuestra fecha=2024-07-23 vs COLT=2024-07-25 (dif. 2d) | TripEndDate: nuestra fecha=2024-07-28 vs COLT=2024-07-27 (dif. 1d)
4034-PRY-DOM-45520,1315,Santiago Peña,Dominican Republic,2024-08-15,TripStartDate: nuestra fecha=2024-08-15 vs COLT=2024-08-16 (dif. 1d) | TripEndDate: nuestra fecha=2024-08-17 vs COLT=2024-08-16 (dif. 1d)
4034-PRY-USA-45557,1318,Santiago Peña,United States,2024-09-22,TripEndDate: nuestra fecha=2024-09-28 vs COLT=2024-09-26 (dif. 2d)
4034-PRY-MEX-45566,1319,Santiago Peña,Mexico,2024-09-29,TripStartDate: nuestra fecha=2024-09-29 vs COLT=2024-10-01 (dif. 2d) | TripEndDate: nuestra fecha=2024-10-01 vs COLT=2024-10-02 (dif. 1d)
4034-PRY-BRA-45613,1321,Santiago Peña,Brazil,2024-11-18,TripStartDate: nuestra fecha=2024-11-18 vs COLT=2024-11-17 (dif. 1d)
4034-PRY-URY-45632,1322,Santiago Peña,Uruguay,2024-12-06,TripEndDate: nuestra fecha=2024-12-07 vs COLT=2024-12-06 (dif. 1d)
4034-PRY-FRA-45635,1323,Santiago Peña,France,2024-12-08,TripStartDate: nuestra fecha=2024-12-08 vs COLT=2024-12-09 (dif. 1d)
4034-PRY-ISR-45637,1324,Santiago Peña,Israel,2024-12-11,TripEndDate: nuestra fecha=2024-12-14 vs COLT=2024-12-13 (dif. 1d)
4034-PRY-CHE-45687,1326,Santiago Peña,Switzerland,2025-01-30,TripEndDate: nuestra fecha=2025-02-02 vs COLT=2025-01-31 (dif. 2d)
4034-PRY-USA-45775,1327,Santiago Peña,United States,2025-04-26,TripStartDate: nuestra fecha=2025-04-26 vs COLT=2025-04-28 (dif. 2d) | TripEndDate: nuestra fecha=2025-04-29 vs COLT=2025-04-30 (dif. 1d)
4034-PRY-SGP-45800,1330,Santiago Peña,Singapore,2025-05-20,TripStartDate: nuestra fecha=2025-05-20 vs COLT=2025-05-23 (dif. 3d) | TripEndDate: nuestra fecha=2025-05-22 vs COLT=2025-05-24 (dif. 2d)
4034-PRY-ARE-45801,1331,Santiago Peña,United Arab Emirates,2025-05-23,TripStartDate: nuestra fecha=2025-05-23 vs COLT=2025-05-24 (dif. 1d) | TripEndDate: nuestra fecha=2025-05-25 vs COLT=2025-05-27 (dif. 2d)
4034-PRY-IND-45810,1332,Santiago Peña,India,2025-05-31,TripStartDate: nuestra fecha=2025-05-31 vs COLT=2025-06-02 (dif. 2d) | TripEndDate: nuestra fecha=2025-06-05 vs COLT=2025-06-04 (dif. 1d)
4034-PRY-GBR-45853,1334,Santiago Peña,United Kingdom,2025-07-21,TripStartDate: nuestra fecha=2025-07-21 vs COLT=2025-07-15 (dif. 6d) | TripEndDate: nuestra fecha=2025-07-24 vs COLT=2025-07-19 (dif. 5d)
4034-PRY-FIN-45867,1335,Santiago Peña,Finland,2025-07-28,TripStartDate: nuestra fecha=2025-07-28 vs COLT=2025-07-29 (dif. 1d) | TripEndDate: nuestra fecha=2025-08-02 vs COLT=2025-07-30 (dif. 3d)
4034-PRY-USA-45922,1337,Santiago Peña,United States,2025-09-22,TripEndDate: nuestra fecha=2025-09-26 vs COLT=2025-09-27 (dif. 1d)
4034-PRY-ITA-45942,1338,Santiago Peña,Italy,2025-10-11,TripStartDate: nuestra fecha=2025-10-11 vs COLT=2025-10-12 (dif. 1d) | TripEndDate: nuestra fecha=2025-10-16 vs COLT=2025-10-12 (dif. 4d)
1514-URY-CAN-37000,1351,Jorge Batlle,Canada,2001-04-20,TripStartDate: nuestra fecha=2001-04-20 vs COLT=2001-04-19 (dif. 1d)
1514-URY-USA-37204,1352,Jorge Batlle,United States,2001-11-08,TripStartDate: nuestra fecha=2001-11-08 vs COLT=2001-11-09 (dif. 1d) | TripEndDate: nuestra fecha=2001-11-10 vs COLT=2001-11-11 (dif. 1d)
1514-URY-USA-37730,1358,Jorge Batlle,United States,2003-04-23,TripStartDate: nuestra fecha=2003-04-23 vs COLT=2003-04-19 (dif. 4d) | TripEndDate: nuestra fecha=2003-04-23 vs COLT=2003-04-26 (dif. 3d)
1514-URY-ITA-37905,1362,Jorge Batlle,Italy,2003-10-13,TripStartDate: nuestra fecha=2003-10-13 vs COLT=2003-10-11 (dif. 2d) | TripEndDate: nuestra fecha=2003-10-14 vs COLT=2003-10-13 (dif. 1d)
1514-URY-AGO-37911,1363,Jorge Batlle,Angola,2003-10-15,TripStartDate: nuestra fecha=2003-10-15 vs COLT=2003-10-17 (dif. 2d) | TripEndDate: nuestra fecha=2003-10-17 vs COLT=2003-10-18 (dif. 1d)
1514-URY-MEX-37998,1365,Jorge Batlle,Mexico,2004-01-12,TripEndDate: nuestra fecha=2004-01-13 vs COLT=2004-01-14 (dif. 1d)
1514-URY-ESP-38017,1366,Jorge Batlle,Spain,2004-02-02,TripStartDate: nuestra fecha=2004-02-02 vs COLT=2004-01-31 (dif. 2d) | TripEndDate: nuestra fecha=2004-02-02 vs COLT=2004-02-08 (dif. 6d)
1514-URY-USA-38250,1368,Jorge Batlle,United States,2004-09-22,TripStartDate: nuestra fecha=2004-09-22 vs COLT=2004-09-20 (dif. 2d)
1514-URY-CRI-38309,1369,Jorge Batlle,Costa Rica,2004-11-18,TripEndDate: nuestra fecha=2004-11-20 vs COLT=2004-11-19 (dif. 1d)
2029-URY-BRA-38443,1371,Tabaré Vázquez,Brazil,2005-03-31,TripStartDate: nuestra fecha=2005-03-31 vs COLT=2005-04-01 (dif. 1d)
2029-URY-ESP-38637,1373,Tabaré Vázquez,Spain,2005-10-13,TripStartDate: nuestra fecha=2005-10-13 vs COLT=2005-10-12 (dif. 1d) | TripEndDate: nuestra fecha=2005-10-15 vs COLT=2005-10-14 (dif. 1d)
2029-URY-DEU-38639,1374,Tabaré Vázquez,Germany,2005-10-16,TripStartDate: nuestra fecha=2005-10-16 vs COLT=2005-10-14 (dif. 2d) | TripEndDate: nuestra fecha=2005-10-17 vs COLT=2005-10-18 (dif. 1d)
2029-URY-ITA-38643,1375,Tabaré Vázquez,Italy,2005-10-18,TripEndDate: nuestra fecha=2005-10-19 vs COLT=2005-10-24 (dif. 5d)
2029-URY-FRA-38649,1376,Tabaré Vázquez,France,2005-10-20,TripStartDate: nuestra fecha=2005-10-20 vs COLT=2005-10-24 (dif. 4d) | TripEndDate: nuestra fecha=2005-10-22 vs COLT=2005-10-27 (dif. 5d)
2029-URY-MEX-38832,1378,Tabaré Vázquez,Mexico,2006-04-26,TripStartDate: nuestra fecha=2006-04-26 vs COLT=2006-04-25 (dif. 1d)
2029-URY-USA-38836,1379,Tabaré Vázquez,United States,2006-05-03,TripStartDate: nuestra fecha=2006-05-03 vs COLT=2006-04-29 (dif. 4d)
2029-URY-AUT-38848,1380,Tabaré Vázquez,Austria,2006-05-11,TripEndDate: nuestra fecha=2006-05-13 vs COLT=2006-05-12 (dif. 1d)
2029-URY-QAT-39204,1382,Tabaré Vázquez,Qatar,2007-05-01,TripStartDate: nuestra fecha=2007-05-01 vs COLT=2007-05-02 (dif. 1d)
2029-URY-PRY-39262,1383,Tabaré Vázquez,Paraguay,2007-06-28,TripStartDate: nuestra fecha=2007-06-28 vs COLT=2007-06-29 (dif. 1d)
2029-URY-CHL-39393,1385,Tabaré Vázquez,Chile,2007-11-08,TripStartDate: nuestra fecha=2007-11-08 vs COLT=2007-11-07 (dif. 1d) | TripEndDate: nuestra fecha=2007-11-10 vs COLT=2007-11-09 (dif. 1d)
2029-URY-CUB-39616,1387,Tabaré Vázquez,Cuba,2008-06-18,TripStartDate: nuestra fecha=2008-06-18 vs COLT=2008-06-17 (dif. 1d) | TripEndDate: nuestra fecha=2008-06-20 vs COLT=2008-06-21 (dif. 1d)
2029-URY-MEX-39620,1388,Tabaré Vázquez,Mexico,2008-06-21,TripEndDate: nuestra fecha=2008-06-22 vs COLT=2008-06-25 (dif. 3d)
2029-URY-KOR-39690,1389,Tabaré Vázquez,South Korea,2008-09-01,TripStartDate: nuestra fecha=2008-09-01 vs COLT=2008-08-30 (dif. 2d)
2029-URY-BRA-39798,1391,Tabaré Vázquez,Brazil,2008-12-15,TripStartDate: nuestra fecha=2008-12-15 vs COLT=2008-12-16 (dif. 1d) | TripEndDate: nuestra fecha=2008-12-17 vs COLT=2008-12-18 (dif. 1d)
2029-URY-BRA-39882,1393,Tabaré Vázquez,Brazil,2009-03-10,TripEndDate: nuestra fecha=2009-03-10 vs COLT=2009-03-11 (dif. 1d)
2029-URY-CHN-39893,1394,Tabaré Vázquez,China,2009-03-19,TripStartDate: nuestra fecha=2009-03-19 vs COLT=2009-03-21 (dif. 2d) | TripEndDate: nuestra fecha=2009-03-23 vs COLT=2009-03-25 (dif. 2d)
2029-URY-CRI-39925,1395,Tabaré Vázquez,Costa Rica,2009-04-23,TripStartDate: nuestra fecha=2009-04-23 vs COLT=2009-04-22 (dif. 1d) | TripEndDate: nuestra fecha=2009-04-24 vs COLT=2009-04-23 (dif. 1d)
2029-URY-USA-40067,1399,Tabaré Vázquez,United States,2009-09-12,TripStartDate: nuestra fecha=2009-09-12 vs COLT=2009-09-11 (dif. 1d) | TripEndDate: nuestra fecha=2009-09-18 vs COLT=2009-09-16 (dif. 2d)
2029-URY-VEN-40080,1400,Tabaré Vázquez,Venezuela,2009-09-27,TripStartDate: nuestra fecha=2009-09-27 vs COLT=2009-09-24 (dif. 3d) | TripEndDate: nuestra fecha=2009-09-28 vs COLT=2009-09-26 (dif. 2d)
2552-URY-BRA-40544,1403,José Mujica,Brazil,2011-01-01,TripEndDate: nuestra fecha=2011-01-01 vs COLT=2011-01-02 (dif. 1d)
2552-URY-PRY-40722,1404,José Mujica,Paraguay,2011-06-29,TripStartDate: nuestra fecha=2011-06-29 vs COLT=2011-06-28 (dif. 1d) | TripEndDate: nuestra fecha=2011-06-30 vs COLT=2011-06-29 (dif. 1d)
2552-URY-PER-40752,1405,José Mujica,Peru,2011-07-27,TripStartDate: nuestra fecha=2011-07-27 vs COLT=2011-07-28 (dif. 1d)
2552-URY-SWE-40827,1406,José Mujica,Sweden,2011-10-12,TripStartDate: nuestra fecha=2011-10-12 vs COLT=2011-10-11 (dif. 1d) | TripEndDate: nuestra fecha=2011-10-12 vs COLT=2011-10-13 (dif. 1d)
2552-URY-NOR-40829,1407,José Mujica,Norway,2011-10-13,TripEndDate: nuestra fecha=2011-10-14 vs COLT=2011-10-17 (dif. 3d)
2552-URY-BEL-40835,1409,José Mujica,Belgium,2011-10-19,TripEndDate: nuestra fecha=2011-10-20 vs COLT=2011-10-21 (dif. 1d)
2552-URY-MEX-40862,1411,José Mujica,Mexico,2011-11-15,TripEndDate: nuestra fecha=2011-11-19 vs COLT=2011-11-17 (dif. 2d)
2552-URY-COL-41013,1412,José Mujica,Colombia,2012-04-13,TripStartDate: nuestra fecha=2012-04-13 vs COLT=2012-04-14 (dif. 1d)
2552-URY-ARG-41088,1413,José Mujica,Argentina,2012-06-29,TripStartDate: nuestra fecha=2012-06-29 vs COLT=2012-06-28 (dif. 1d)
2552-URY-BRA-41081,1414,José Mujica,Brazil,2012-06-20,TripStartDate: nuestra fecha=2012-06-20 vs COLT=2012-06-21 (dif. 1d) | TripEndDate: nuestra fecha=2012-06-22 vs COLT=2012-06-21 (dif. 1d)
2552-URY-BRA-41121,1415,José Mujica,Brazil,2012-07-30,TripStartDate: nuestra fecha=2012-07-30 vs COLT=2012-07-31 (dif. 1d)
2552-URY-CHL-41299,1417,José Mujica,Chile,2013-01-26,TripStartDate: nuestra fecha=2013-01-26 vs COLT=2013-01-25 (dif. 1d) | TripEndDate: nuestra fecha=2013-01-28 vs COLT=2013-01-27 (dif. 1d)
2552-URY-VEN-41339,1418,José Mujica,Venezuela,2013-03-06,TripEndDate: nuestra fecha=2013-03-08 vs COLT=2013-03-06 (dif. 2d)
2552-URY-CHN-41419,1419,José Mujica,China,2013-05-24,TripStartDate: nuestra fecha=2013-05-24 vs COLT=2013-05-25 (dif. 1d)
2552-URY-ESP-41423,1420,José Mujica,Spain,2013-05-28,TripStartDate: nuestra fecha=2013-05-28 vs COLT=2013-05-29 (dif. 1d) | TripEndDate: nuestra fecha=2013-06-06 vs COLT=2013-05-31 (dif. 6d)
2552-URY-USA-41541,1422,José Mujica,United States,2013-09-24,TripEndDate: nuestra fecha=2013-09-24 vs COLT=2013-09-29 (dif. 5d)
2552-URY-CUB-41667,1423,José Mujica,Cuba,2014-01-28,TripEndDate: nuestra fecha=2014-01-29 vs COLT=2014-01-30 (dif. 1d)
2552-URY-CHL-41708,1424,José Mujica,Chile,2014-03-11,TripStartDate: nuestra fecha=2014-03-11 vs COLT=2014-03-10 (dif. 1d)
2552-URY-USA-41770,1425,José Mujica,United States,2014-05-11,TripEndDate: nuestra fecha=2014-05-15 vs COLT=2014-05-14 (dif. 1d)
2552-URY-PRY-41838,1426,José Mujica,Paraguay,2014-07-18,TripEndDate: nuestra fecha=2014-07-19 vs COLT=2014-07-18 (dif. 1d)
2552-URY-VEN-41848,1427,José Mujica,Venezuela,2014-07-29,TripStartDate: nuestra fecha=2014-07-29 vs COLT=2014-07-28 (dif. 1d)
2552-URY-ARG-41990,1428,José Mujica,Argentina,2014-12-16,TripStartDate: nuestra fecha=2014-12-16 vs COLT=2014-12-17 (dif. 1d)
2552-URY-MEX-41979,1429,José Mujica,Mexico,2014-12-08,TripStartDate: nuestra fecha=2014-12-08 vs COLT=2014-12-06 (dif. 2d) | TripEndDate: nuestra fecha=2014-12-09 vs COLT=2014-12-08 (dif. 1d)
2029-URY-BRA-42143,1433,Tabaré Vázquez,Brazil,2015-05-21,TripStartDate: nuestra fecha=2015-05-21 vs COLT=2015-05-19 (dif. 2d)
2029-URY-BRA-42202,1434,Tabaré Vázquez,Brazil,2015-07-16,TripStartDate: nuestra fecha=2015-07-16 vs COLT=2015-07-17 (dif. 1d)
2029-URY-USA-42275,1436,Tabaré Vázquez,United States,2015-09-25,TripStartDate: nuestra fecha=2015-09-25 vs COLT=2015-09-28 (dif. 3d) | TripEndDate: nuestra fecha=2015-09-28 vs COLT=2015-09-30 (dif. 2d)
2029-URY-USA-42631,1438,Tabaré Vázquez,United States,2016-09-19,TripStartDate: nuestra fecha=2016-09-19 vs COLT=2016-09-18 (dif. 1d) | TripEndDate: nuestra fecha=2016-09-21 vs COLT=2016-09-22 (dif. 1d)
2029-URY-CHN-42655,1439,Tabaré Vázquez,China,2016-10-10,TripStartDate: nuestra fecha=2016-10-10 vs COLT=2016-10-12 (dif. 2d) | TripEndDate: nuestra fecha=2016-10-20 vs COLT=2016-10-21 (dif. 1d)
2029-URY-EGY-42885,1440,Tabaré Vázquez,Egypt,2017-05-31,TripStartDate: nuestra fecha=2017-05-31 vs COLT=2017-05-30 (dif. 1d) | TripEndDate: nuestra fecha=2017-06-01 vs COLT=2017-06-02 (dif. 1d)
2029-URY-CHE-42890,1441,Tabaré Vázquez,Switzerland,2017-06-03,TripStartDate: nuestra fecha=2017-06-03 vs COLT=2017-06-04 (dif. 1d)
2029-URY-MEX-43052,1443,Tabaré Vázquez,Mexico,2017-11-14,TripStartDate: nuestra fecha=2017-11-14 vs COLT=2017-11-13 (dif. 1d) | TripEndDate: nuestra fecha=2017-11-15 vs COLT=2017-11-17 (dif. 2d)
2029-URY-PER-43203,1444,Tabaré Vázquez,Peru,2018-04-13,TripEndDate: nuestra fecha=2018-04-14 vs COLT=2018-04-15 (dif. 1d)
2029-URY-ARG-43809,1447,Tabaré Vázquez,Argentina,2019-12-10,TripEndDate: nuestra fecha=2019-12-10 vs COLT=2019-12-11 (dif. 1d)
3698-URY-USA-44460,1451,Luis Lacalle Pou,United States,2021-09-20,TripStartDate: nuestra fecha=2021-09-20 vs COLT=2021-09-21 (dif. 1d)
3698-URY-QAT-44540,1452,Luis Lacalle Pou,Qatar,2021-12-12,TripStartDate: nuestra fecha=2021-12-12 vs COLT=2021-12-10 (dif. 2d) | TripEndDate: nuestra fecha=2021-12-13 vs COLT=2021-12-14 (dif. 1d)
3698-URY-ARE-44611,1454,Luis Lacalle Pou,United Arab Emirates,2022-02-18,TripStartDate: nuestra fecha=2022-02-18 vs COLT=2022-02-19 (dif. 1d)
3698-URY-CHL-44630,1455,Luis Lacalle Pou,Chile,2022-03-11,TripStartDate: nuestra fecha=2022-03-11 vs COLT=2022-03-10 (dif. 1d)
3698-URY-GBR-44703,1457,Luis Lacalle Pou,United Kingdom,2022-05-21,TripStartDate: nuestra fecha=2022-05-21 vs COLT=2022-05-22 (dif. 1d)
3698-URY-COL-44742,1458,Luis Lacalle Pou,Colombia,2022-06-30,TripEndDate: nuestra fecha=2022-07-03 vs COLT=2022-07-04 (dif. 1d)
3698-URY-DOM-45008,1462,Luis Lacalle Pou,Dominican Republic,2023-03-24,TripStartDate: nuestra fecha=2023-03-24 vs COLT=2023-03-23 (dif. 1d) | TripEndDate: nuestra fecha=2023-03-29 vs COLT=2023-03-28 (dif. 1d)
3698-URY-USA-45090,1464,Luis Lacalle Pou,United States,2023-06-12,TripStartDate: nuestra fecha=2023-06-12 vs COLT=2023-06-13 (dif. 1d)
3698-URY-BEL-45123,1466,Luis Lacalle Pou,Belgium,2023-07-17,TripStartDate: nuestra fecha=2023-07-17 vs COLT=2023-07-16 (dif. 1d)
3698-URY-CHL-45179,1467,Luis Lacalle Pou,Chile,2023-09-11,TripStartDate: nuestra fecha=2023-09-11 vs COLT=2023-09-10 (dif. 1d)
3698-URY-USA-45186,1469,Luis Lacalle Pou,United States,2023-09-17,TripEndDate: nuestra fecha=2023-09-21 vs COLT=2023-09-22 (dif. 1d)
3698-URY-USA-45231,1470,Luis Lacalle Pou,United States,2023-11-03,TripStartDate: nuestra fecha=2023-11-03 vs COLT=2023-11-01 (dif. 2d) | TripEndDate: nuestra fecha=2023-11-03 vs COLT=2023-11-04 (dif. 1d)
3698-URY-CHN-45251,1471,Luis Lacalle Pou,China,2023-11-20,TripStartDate: nuestra fecha=2023-11-20 vs COLT=2023-11-21 (dif. 1d)
3698-URY-ARG-45269,1472,Luis Lacalle Pou,Argentina,2023-12-09,TripEndDate: nuestra fecha=2023-12-10 vs COLT=2023-12-11 (dif. 1d)
3698-URY-PRY-45479,1475,Luis Lacalle Pou,Paraguay,2024-07-07,TripStartDate: nuestra fecha=2024-07-07 vs COLT=2024-07-06 (dif. 1d)
3698-URY-ARG-45490,1476,Luis Lacalle Pou,Argentina,2024-07-17,TripEndDate: nuestra fecha=2024-07-18 vs COLT=2024-07-17 (dif. 1d)
4217-URY-PAN-45753,1480,Yamandú Orsi,Panama,2025-04-07,TripStartDate: nuestra fecha=2025-04-07 vs COLT=2025-04-06 (dif. 1d)
4217-URY-ARG-45841,1483,Yamandú Orsi,Argentina,2025-07-02,TripStartDate: nuestra fecha=2025-07-02 vs COLT=2025-07-03 (dif. 1d)
4217-URY-BRA-45844,1484,Yamandú Orsi,Brazil,2025-07-05,TripStartDate: nuestra fecha=2025-07-05 vs COLT=2025-07-06 (dif. 1d)
4217-URY-CHL-45859,1485,Yamandú Orsi,Chile,2025-07-20,TripStartDate: nuestra fecha=2025-07-20 vs COLT=2025-07-21 (dif. 1d)
4217-URY-USA-45922,1486,Yamandú Orsi,United States,2025-09-21,TripStartDate: nuestra fecha=2025-09-21 vs COLT=2025-09-22 (dif. 1d) | TripEndDate: nuestra fecha=2025-09-24 vs COLT=2025-09-27 (dif. 3d)
4217-URY-ITA-45945,1488,Yamandú Orsi,Italy,2025-10-16,TripStartDate: nuestra fecha=2025-10-16 vs COLT=2025-10-15 (dif. 1d) | TripEndDate: nuestra fecha=2025-10-16 vs COLT=2025-10-18 (dif. 2d)
2029-URY-AUT-42883,1501,Tabaré Vázquez,Austria,2017-05-29,TripStartDate: nuestra fecha=2017-05-29 vs COLT=2017-05-28 (dif. 1d) | TripEndDate: nuestra fecha=2017-05-30 vs COLT=2017-05-31 (dif. 1d)
2552-URY-VEN-40569,1511,José Mujica,Venezuela,2011-01-26,TripEndDate: nuestra fecha=2011-01-27 vs COLT=2011-01-28 (dif. 1d)
2552-URY-BRA-41835,1512,José Mujica,Brazil,2014-07-16,TripStartDate: nuestra fecha=2014-07-16 vs COLT=2014-07-15 (dif. 1d)
2552-URY-VEN-40879,1514,José Mujica,Venezuela,2011-12-02,TripEndDate: nuestra fecha=2011-12-03 vs COLT=2011-12-02 (dif. 1d)
2552-URY-ECU-41977,1520,José Mujica,Ecuador,2014-12-04,TripEndDate: nuestra fecha=2014-12-05 vs COLT=2014-12-04 (dif. 1d)
2552-URY-CUB-41478,1521,José Mujica,Cuba,2013-07-24,TripStartDate: nuestra fecha=2013-07-24 vs COLT=2013-07-23 (dif. 1d) | TripEndDate: nuestra fecha=2013-07-27 vs COLT=2013-07-26 (dif. 1d)
2552-URY-FIN-41898,1523,José Mujica,Finland,2014-09-15,TripStartDate: nuestra fecha=2014-09-15 vs COLT=2014-09-16 (dif. 1d)
2552-URY-BRA-41950,1524,José Mujica,Brazil,2014-11-06,TripStartDate: nuestra fecha=2014-11-06 vs COLT=2014-11-07 (dif. 1d) | TripEndDate: nuestra fecha=2014-11-06 vs COLT=2014-11-07 (dif. 1d)
