our_Trip_ID,our_President,our_Destination_Country,our_Start_Date,colt_TripID,classification,detail
1,Carlos Menem,Mexico,1994-11-30,334-ARG-MEX-34668,Complementa,CityVisited: 'Mexico City'
2,Carlos Menem,United States,1994-12-09,334-ARG-USA-34677,Complementa,CityVisited: 'Miami'
3,Carlos Menem,Brazil,1994-12-16,334-ARG-BRA-34684,Complementa,CityVisited: 'Ouro Preto'
4,Carlos Menem,Brazil,1995-01-02,334-ARG-BRA-34701,Complementa,CityVisited: 'Brasília'
5,Carlos Menem,Switzerland,1995-01-29,334-ARG-CHE-34728,Complementa,CityVisited: 'Davos'
6,Carlos Menem,South Africa,1995-01-31,334-ARG-ZAF-34730,Complementa,CityVisited: 'Pretoria'
7,Carlos Menem,Brazil,1995-02-20,334-ARG-BRA-34750,Complementa,CityVisited: 'Brasília'
8,Carlos Menem,Peru,1995-07-28,334-ARG-PER-34908,Complementa,CityVisited: 'Lima'
9,Carlos Menem,Ecuador,1995-09-04,334-ARG-ECU-34946,Complementa,CityVisited: 'Quito'
10,Carlos Menem,South Korea,1995-09-29,334-ARG-KOR-34971,Complementa,CityVisited: 'Seoul'
11,Carlos Menem,China,1995-10-02,334-ARG-CHN-34974,Complementa,CityVisited: 'Beijing'
12,Carlos Menem,Philippines,1995-10-05,334-ARG-PHL-34977,Complementa,CityVisited: 'Manila'
13,Carlos Menem,United States,1995-10-22,334-ARG-USA-34994,Complementa,CityVisited: 'New York'
14,Carlos Menem,Uruguay,1995-12-07,334-ARG-URY-35040,Complementa,CityVisited: 'Punta del Este'
15,Carlos Menem,Spain,1995-12-15,334-ARG-ESP-35048,Complementa,CityVisited: 'Madrid'
16,Carlos Menem,Switzerland,1996-02-05,334-ARG-CHE-35100,Complementa,CityVisited: 'Davos'
17,Carlos Menem,France,1996-02-26,334-ARG-FRA-35121,Complementa,CityVisited: 'Paris'
18,Carlos Menem,El Salvador,1996-05-06,334-ARG-SLV-35191,Complementa,CityVisited: 'San Salvador'
19,Carlos Menem,Honduras,1996-05-07,334-ARG-HND-35192,Complementa,CityVisited: 'Tegucigalpa'
20,Carlos Menem,Panama,1996-05-11,334-ARG-PAN-35196,Complementa,CityVisited: 'Panama City'
21,Carlos Menem,Luxembourg,1996-06-08,334-ARG-LUX-35224,Complementa,CityVisited: 'Luxembourg City'
22,Carlos Menem,Belgium,1996-06-10,334-ARG-BEL-35226,Complementa,CityVisited: 'Brussels'
23,Carlos Menem,United States,1996-07-17,334-ARG-USA-35263,Complementa,CityVisited: 'Washington'
24,Carlos Menem,Malaysia,1996-08-22,334-ARG-MYS-35299,Complementa,CityVisited: 'Kuala Lumpur'
25,Carlos Menem,Indonesia,1996-08-25,334-ARG-IDN-35302,Complementa,CityVisited: 'Jakarta'
26,Carlos Menem,Chile,1996-11-13,334-ARG-CHL-35382,Complementa,CityVisited: 'Santiago'
27,Carlos Menem,United States,1996-12-04,334-ARG-USA-35403,Complementa,CityVisited: 'Washington'
28,Carlos Menem,Vietnam,1997-02-16,334-ARG-VNM-35477,Complementa,CityVisited: 'Hanoi'
29,Carlos Menem,Thailand,1997-02-18,334-ARG-THA-35479,Complementa,CityVisited: 'Bangkok'
30,Carlos Menem,Singapore,1997-02-20,334-ARG-SGP-35481,Complementa,CityVisited: 'Singapore'
31,Carlos Menem,Brazil,1997-04-27,334-ARG-BRA-35547,Complementa,CityVisited: 'Brasília'
32,Carlos Menem,Germany,1997-05-26,334-ARG-DEU-35576,Complementa,CityVisited: 'Bonn'
33,Carlos Menem,United States,1997-06-22,334-ARG-USA-35603,Complementa,CityVisited: 'New York'
34,Carlos Menem,Paraguay,1997-08-23,334-ARG-PRY-35665,Complementa,CityVisited: 'Asunción'
35,Carlos Menem,Switzerland,1997-09-02,334-ARG-CHE-35675,Complementa,CityVisited: 'Lausanne'
36,Carlos Menem,Venezuela,1997-11-08,334-ARG-VEN-35742,Complementa,CityVisited: 'Isla Margarita'
37,Carlos Menem,Brazil,1997-11-11,334-ARG-BRA-35745,Complementa,CityVisited: 'Brasília'
38,Carlos Menem,Mexico,1997-11-24,334-ARG-MEX-35758,Complementa,CityVisited: 'Mexico City'
39,Carlos Menem,Uruguay,1997-12-15,334-ARG-URY-35779,Complementa,CityVisited: 'Montevideo'
40,Carlos Menem,Switzerland,1998-01-30,334-ARG-CHE-35825,Complementa,CityVisited: 'Davos'
41,Carlos Menem,Lebanon,1998-02-02,334-ARG-LBN-35828,Complementa,CityVisited: 'Beirut'
42,Carlos Menem,Egypt,1998-02-05,334-ARG-EGY-35831,Complementa,CityVisited: 'Cairo'
43,Carlos Menem,United States,1998-02-07,334-ARG-USA-35833,Complementa,CityVisited: 'San Francisco'
44,Carlos Menem,Australia,1998-03-27,334-ARG-AUS-35881,Complementa,CityVisited: 'Sydney'
45,Carlos Menem,New Zealand,1998-03-30,334-ARG-NZL-35884,Complementa,CityVisited: 'Wellington'
46,Carlos Menem,Chile,1998-04-18,334-ARG-CHL-35903,Complementa,CityVisited: 'Santiago'
47,Carlos Menem,Sweden,1998-05-25,334-ARG-SWE-35940,Complementa,CityVisited: 'Stockholm'
48,Carlos Menem,Norway,1998-05-28,334-ARG-NOR-35943,Complementa,CityVisited: 'Oslo'
49,Carlos Menem,Poland,1998-05-30,334-ARG-POL-35945,Complementa,CityVisited: 'Warsaw'
50,Carlos Menem,Finland,1998-05-31,334-ARG-FIN-35946,Complementa,CityVisited: 'Helsinki'
51,Carlos Menem,Russia,1998-06-25,334-ARG-RUS-35971,Complementa,CityVisited: 'Moscow'
52,Carlos Menem,Ukraine,1998-06-28,334-ARG-UKR-35974,Complementa,CityVisited: 'Kyiv'
53,Carlos Menem,Armenia,1998-06-30,334-ARG-ARM-35976,Complementa,CityVisited: 'Yerevan'
54,Carlos Menem,Paraguay,1998-08-16,334-ARG-PRY-36023,Complementa,CityVisited: 'Asunción'
55,Carlos Menem,Panama,1998-09-06,334-ARG-PAN-36044,Complementa,CityVisited: 'Panama City'
56,Carlos Menem,Barbados,1998-09-07,334-ARG-BRB-36045,Complementa,CityVisited: 'Bridgetown'
57,Carlos Menem,Trinidad and Tobago,1998-09-08,334-ARG-TTO-36046,Complementa,CityVisited: 'Port of Spain'
58,Carlos Menem,Jamaica,1998-09-10,334-ARG-JAM-36048,Complementa,CityVisited: 'Kingston'
59,Carlos Menem,United States,1998-10-06,334-ARG-USA-36074,Complementa,CityVisited: 'Washington'
60,Carlos Menem,France,1998-10-12,334-ARG-FRA-36080,Complementa,CityVisited: 'Paris'
61,Carlos Menem,Brazil,1998-10-26,334-ARG-BRA-36094,Complementa,CityVisited: 'Brasília'
62,Carlos Menem,United Kingdom,1998-10-28,334-ARG-GBR-36096,Complementa,CityVisited: 'London'
63,Carlos Menem,Japan,1998-11-29,334-ARG-JPN-36128,Complementa,CityVisited: 'Tokyo'
64,Carlos Menem,Vatican City,1998-12-13,,Complementa (viaje ausente en COLT),COLT no registra ningun viaje de Argentina a Vatican City en fechas 1998-12-13 - 1998-12-13
65,Carlos Menem,Brazil,1999-01-04,334-ARG-BRA-36164,Complementa,CityVisited: 'Brasília'
66,Carlos Menem,United States,1999-01-11,334-ARG-USA-36171,Complementa,CityVisited: 'Washington'
67,Carlos Menem,Venezuela,1999-02-02,334-ARG-VEN-36193,Complementa,CityVisited: 'Caracas'
68,Carlos Menem,Brazil,1999-02-12,334-ARG-BRA-36203,Complementa,CityVisited: 'Brasília'
69,Carlos Menem,Brazil,1999-02-22,334-ARG-BRA-36213,Complementa,CityVisited: 'Brasília'
70,Carlos Menem,United States,1999-03-22,334-ARG-USA-36241,Complementa,CityVisited: 'Washington'
71,Carlos Menem,Italy,1999-03-28,334-ARG-ITA-36247,Complementa,CityVisited: 'Rome'
72,Carlos Menem,Chile,1999-05-07,334-ARG-CHL-36287,Complementa,CityVisited: 'Santiago'
73,Carlos Menem,Paraguay,1999-06-14,334-ARG-PRY-36325,Complementa,CityVisited: 'Asunción'
74,Carlos Menem,United States,1999-06-16,334-ARG-USA-36327,Complementa,CityVisited: 'New York'
75,Carlos Menem,Brazil,1999-06-28,334-ARG-BRA-36339,Complementa,CityVisited: 'Rio de Janeiro'
76,Carlos Menem,Chile,1999-08-20,334-ARG-CHL-36392,Complementa,CityVisited: 'Santiago'
77,Carlos Menem,United States,1999-09-21,334-ARG-USA-36424,Complementa,CityVisited: 'New York'
78,Carlos Menem,Colombia,1999-09-27,334-ARG-COL-36430,Complementa,CityVisited: 'Bogotá'
79,Carlos Menem,United States,1999-09-30,334-ARG-USA-36433,Complementa,CityVisited: 'Washington'
80,Carlos Menem,Brazil,1999-10-21,334-ARG-BRA-36454,Complementa,CityVisited: 'Brasília'
81,Carlos Menem,United States,1999-11-18,334-ARG-USA-36482,Complementa,CityVisited: 'New York'
82,Carlos Menem,Vatican City,1999-11-21,,Complementa (viaje ausente en COLT),COLT no registra ningun viaje de Argentina a Vatican City en fechas 1999-11-21 - 1999-11-21
83,Fernando de la Rúa,Sweden,2000-01-25,,Complementa (viaje ausente en COLT),COLT no registra ningun viaje de Argentina a Sweden en fechas 2000-01-25 - 2000-01-27
84,Fernando de la Rúa,Switzerland,2000-01-27,1473-ARG-CHE-36553,Complementa,CityVisited: 'Davos'
85,Fernando de la Rúa,Germany,2000-06-02,1473-ARG-DEU-36681,Complementa,CityVisited: 'Berlin'
86,Fernando de la Rúa,United States,2000-06-12,1473-ARG-USA-36689,Complementa,CityVisited: 'Washington D.C.'
87,Fernando de la Rúa,Colombia,2000-06-15,1473-ARG-COL-36692,Complementa,CityVisited: 'Cartagena de Indias'
88,Fernando de la Rúa,Brazil,2000-08-31,1473-ARG-BRA-36770,Complementa,CityVisited: 'Brasilia'
89,Fernando de la Rúa,United States,2000-09-06,1473-ARG-USA-36775,Complementa,CityVisited: 'New York'
90,Fernando de la Rúa,China,2000-09-10,1473-ARG-CHN-36779,Complementa,CityVisited: 'Beijing'
91,Fernando de la Rúa,Spain,2000-10-24,1473-ARG-ESP-36823,Complementa,CityVisited: 'Madrid'
92,Fernando de la Rúa,Bolivia,2000-11-05,1473-ARG-BOL-36835,Complementa,CityVisited: 'La Paz'
93,Fernando de la Rúa,Panama,2000-11-17,1473-ARG-PAN-36847,Complementa,CityVisited: 'Panamá'
94,Fernando de la Rúa,Mexico,2000-11-30,1473-ARG-MEX-36860,Complementa,CityVisited: 'Ciudad de México'
95,Fernando de la Rúa,Costa Rica,2000-12-04,1473-ARG-CRI-36864,Complementa,CityVisited: 'San José'
96,Fernando de la Rúa,Brazil,2000-12-14,,Complementa (viaje ausente en COLT),COLT no registra ningun viaje de Argentina a Brazil en fechas 2000-12-14 - 2000-12-15
97,Fernando de la Rúa,Italy,2001-04-02,1473-ARG-ITA-36983,Complementa,CityVisited: 'Roma'
98,Fernando de la Rúa,Vatican City,2001-04-05,,Complementa (viaje ausente en COLT),COLT no registra ningun viaje de Argentina a Vatican City en fechas 2001-04-05 - 2001-04-05
99,Fernando de la Rúa,United States,2001-04-16,1473-ARG-USA-36997,Complementa,CityVisited: 'Washington D.C.'
100,Fernando de la Rúa,Canada,2001-04-20,1473-ARG-CAN-37001,Complementa,CityVisited: 'Quebec City'
101,Fernando de la Rúa,Paraguay,2001-06-21,1473-ARG-PRY-37064,Complementa,CityVisited: 'Asunción'
102,Fernando de la Rúa,Brazil,2001-07-31,1473-ARG-BRA-37103,Complementa,CityVisited: 'Foz de Iguaçu'
103,Fernando de la Rúa,Chile,2001-08-17,,Complementa (viaje ausente en COLT),COLT no registra ningun viaje de Argentina a Chile en fechas 2001-08-17 - 2001-08-18
104,Fernando de la Rúa,Spain,2001-10-15,1473-ARG-ESP-37179,Complementa,CityVisited: 'Valladolid'
105,Fernando de la Rúa,United States,2001-11-09,1473-ARG-USA-37205,Complementa,CityVisited: 'New York'
106,Fernando de la Rúa,Peru,2001-11-23,1473-ARG-PER-37217,Complementa,CityVisited: 'Lima'
107,Eduardo Duhalde,Mexico,2002-03-21,1689-ARG-MEX-37335,Complementa,CityVisited: 'Monterrey'
108,Eduardo Duhalde,Costa Rica,2002-04-11,1689-ARG-CRI-37358,Complementa,CityVisited: 'San José'
109,Eduardo Duhalde,Spain,2002-05-17,1689-ARG-ESP-37393,Complementa,CityVisited: 'Madrid'
110,Eduardo Duhalde,Italy,2002-05-20,1689-ARG-ITA-37396,Complementa,CityVisited: 'Roma'
111,Eduardo Duhalde,Ecuador,2002-07-26,1689-ARG-ECU-37463,Complementa,CityVisited: 'Guayaquil'
113,Eduardo Duhalde,Brazil,2002-09-26,1689-ARG-BRA-37524,Complementa,CityVisited: 'Brasilia'
114,Eduardo Duhalde,Chile,2002-10-29,1689-ARG-CHL-37558,Complementa,CityVisited: 'Santiago'
115,Eduardo Duhalde,Dominican Republic,2002-11-15,,Complementa (viaje ausente en COLT),COLT no registra ningun viaje de Argentina a Dominican Republic en fechas 2002-11-15 - 2002-11-16
116,Eduardo Duhalde,Brazil,2002-12-05,1689-ARG-BRA-37596,Complementa,CityVisited: 'Brasilia'
117,Eduardo Duhalde,Brazil,2003-01-01,1689-ARG-BRA-37622,Complementa,CityVisited: 'Brasilia'
118,Eduardo Duhalde,Brazil,2003-01-14,1689-ARG-BRA-37635,Complementa,CityVisited: 'Brasilia'
119,Eduardo Duhalde,Switzerland,2003-01-25,,Complementa (viaje ausente en COLT),COLT no registra ningun viaje de Argentina a Switzerland en fechas 2003-01-25 - 2003-01-27
121,Eduardo Duhalde,Vatican City,2003-04-06,,Complementa (viaje ausente en COLT),COLT no registra ningun viaje de Argentina a Vatican City en fechas 2003-04-06 - 2003-04-07
122,Eduardo Duhalde,Spain,2003-04-08,1689-ARG-ESP-37719,Complementa,CityVisited: 'Madrid'
123,Eduardo Duhalde,Chile,2003-04-23,1689-ARG-CHL-37734,Complementa,CityVisited: 'Santiago'
124,Néstor Kirchner,Brazil,2003-06-11,1826-ARG-BRA-37786,Complementa,CityVisited: 'Brasília'
125,Néstor Kirchner,Paraguay,2003-06-17,1826-ARG-PRY-37790,Complementa,CityVisited: 'Asunción'
126,Néstor Kirchner,Spain,2003-07-12,,Complementa (viaje ausente en COLT),COLT no registra ningun viaje de Argentina a Spain en fechas 2003-07-12 - 2003-07-12
127,Néstor Kirchner,United Kingdom,2003-07-13,1826-ARG-GBR-37812,Complementa,CityVisited: 'London'
128,Néstor Kirchner,United States,2003-07-23,1826-ARG-USA-37824,Complementa,CityVisited: 'Washington D.C.'
129,Néstor Kirchner,United States,2003-09-25,1826-ARG-USA-37886,Complementa,CityVisited: 'New York'
130,Néstor Kirchner,Bolivia,2003-11-14,1826-ARG-BOL-37939,Complementa,CityVisited: 'Santa Cruz de la Sierra'
131,Néstor Kirchner,Mexico,2004-01-12,1826-ARG-MEX-37998,Complementa,CityVisited: 'Monterrey'
132,Néstor Kirchner,Spain,2004-01-26,1826-ARG-ESP-38013,Complementa,CityVisited: 'Madrid'
133,Néstor Kirchner,Venezuela,2004-02-27,1826-ARG-VEN-38044,Complementa,CityVisited: 'Caracas'
134,Néstor Kirchner,Brazil,2004-03-15,1826-ARG-BRA-38062,Complementa,CityVisited: 'Rio de Janeiro'
135,Néstor Kirchner,United States,2004-05-04,1826-ARG-USA-38111,Complementa,CityVisited: 'New York'
136,Néstor Kirchner,China,2004-06-28,1826-ARG-CHN-38166,Complementa,CityVisited: 'Beijing'
137,Néstor Kirchner,Bolivia,2004-07-22,1826-ARG-BOL-38190,Complementa,CityVisited: 'Tarija'
138,Néstor Kirchner,Venezuela,2004-07-24,1826-ARG-VEN-38192,Complementa,CityVisited: 'Caracas'
139,Néstor Kirchner,United States,2004-09-21,1826-ARG-USA-38251,Complementa,CityVisited: 'New York'
140,Néstor Kirchner,Bolivia,2004-10-14,1826-ARG-BOL-38274,Complementa,CityVisited: 'Sucre'
141,Néstor Kirchner,Costa Rica,2004-11-18,1826-ARG-CRI-38309,Complementa,CityVisited: 'San José'
142,Néstor Kirchner,Brazil,2004-12-16,1826-ARG-BRA-38338,Complementa,CityVisited: 'Ouro Preto'
143,Néstor Kirchner,France,2005-01-19,1826-ARG-FRA-38371,Complementa,CityVisited: 'Paris'
144,Néstor Kirchner,Uruguay,2005-03-01,1826-ARG-URY-38412,Complementa,CityVisited: 'Montevideo'
145,Néstor Kirchner,Chile,2005-03-14,1826-ARG-CHL-38425,Complementa,CityVisited: 'Santiago'
146,Néstor Kirchner,Germany,2005-04-11,1826-ARG-DEU-38453,Complementa,CityVisited: 'Berlin'
147,Néstor Kirchner,Vatican City,2005-04-24,,Complementa (viaje ausente en COLT),COLT no registra ningun viaje de Argentina a Vatican City en fechas 2005-04-24 - 2005-04-24
148,Néstor Kirchner,Brazil,2005-05-10,1826-ARG-BRA-38481,Complementa,CityVisited: 'Brasília'
149,Néstor Kirchner,Paraguay,2005-06-19,1826-ARG-PRY-38522,Complementa,CityVisited: 'Asunción'
150,Néstor Kirchner,United States,2005-09-14,1826-ARG-USA-38608,Complementa,CityVisited: 'New York'
151,Néstor Kirchner,Spain,2005-10-14,1826-ARG-ESP-38638,Complementa,CityVisited: 'Salamanca'
152,Néstor Kirchner,Venezuela,2005-11-21,1826-ARG-VEN-38677,Complementa,CityVisited: 'Ciudad Guayana'
153,Néstor Kirchner,Uruguay,2005-12-09,1826-ARG-URY-38695,Complementa,CityVisited: 'Montevideo'
154,Néstor Kirchner,Brazil,2006-01-18,1826-ARG-BRA-38735,Complementa,CityVisited: 'Brasília'
155,Néstor Kirchner,Bolivia,2006-01-22,1826-ARG-BOL-38739,Complementa,CityVisited: 'La Paz'
156,Néstor Kirchner,Chile,2006-03-10,1826-ARG-CHL-38786,Complementa,CityVisited: 'Valparaíso'
157,Néstor Kirchner,Brazil,2006-04-25,1826-ARG-BRA-38832,Complementa,CityVisited: 'São Paulo'
158,Néstor Kirchner,Austria,2006-05-11,1826-ARG-AUT-38848,Complementa,CityVisited: 'Vienna'
159,Néstor Kirchner,Spain,2006-06-21,1826-ARG-ESP-38889,Complementa,CityVisited: 'Madrid'
160,Néstor Kirchner,Venezuela,2006-07-04,1826-ARG-VEN-38902,Complementa,CityVisited: 'Caracas'
161,Néstor Kirchner,Paraguay,2006-07-17,1826-ARG-PRY-38915,Complementa,CityVisited: 'Asunción'
162,Néstor Kirchner,United States,2006-09-19,1826-ARG-USA-38979,Complementa,CityVisited: 'New York'
163,Néstor Kirchner,Bolivia,2006-10-19,1826-ARG-BOL-39009,Complementa,CityVisited: 'Santa Cruz de la Sierra'
164,Néstor Kirchner,Uruguay,2006-11-04,1826-ARG-URY-39025,Complementa,CityVisited: 'Montevideo'
165,Néstor Kirchner,Brazil,2007-01-18,1826-ARG-BRA-39101,Complementa,CityVisited: 'Rio de Janeiro'
166,Néstor Kirchner,Venezuela,2007-02-20,1826-ARG-VEN-39133,Complementa,CityVisited: 'Caracas'
167,Néstor Kirchner,Venezuela,2007-04-16,1826-ARG-VEN-39188,Complementa,CityVisited: 'Isla Margarita'
168,Néstor Kirchner,Paraguay,2007-06-28,1826-ARG-PRY-39260,Complementa,CityVisited: 'Asunción'
169,Néstor Kirchner,Mexico,2007-07-29,1826-ARG-MEX-39292,Complementa,CityVisited: 'Mexico City'
170,Néstor Kirchner,Bolivia,2007-08-10,1826-ARG-BOL-39302,Complementa,CityVisited: 'Tarija'
171,Néstor Kirchner,United States,2007-09-25,1826-ARG-USA-39349,Complementa,CityVisited: 'New York'
172,Néstor Kirchner,Chile,2007-11-08,1826-ARG-CHL-39394,Complementa,CityVisited: 'Santiago'
173,Cristina Fernández de Kirchner,Uruguay,2007-12-18,2320-ARG-URY-39433,Complementa,CityVisited: 'Montevideo'
174,Cristina Fernández de Kirchner,Brazil,2008-02-22,,Complementa (viaje ausente en COLT),COLT no registra ningun viaje de Argentina a Brazil en fechas 2008-02-22 - 2008-02-22
175,Cristina Fernández de Kirchner,Haiti,2008-03-06,2320-ARG-HTI-39513,Complementa,CityVisited: 'Port-au-Prince'
176,Cristina Fernández de Kirchner,Venezuela,2008-03-06,2320-ARG-VEN-39513,Complementa,CityVisited: 'Caracas'
177,Cristina Fernández de Kirchner,Dominican Republic,2008-03-07,2320-ARG-DOM-39514,Complementa,CityVisited: 'Santo Domingo'
178,Cristina Fernández de Kirchner,France,2008-04-06,2320-ARG-FRA-39544,Complementa,CityVisited: 'Paris'
179,Cristina Fernández de Kirchner,Peru,2008-05-16,2320-ARG-PER-39584,Complementa,CityVisited: 'Lima'
180,Cristina Fernández de Kirchner,Brazil,2008-05-23,2320-ARG-BRA-39591,Complementa,CityVisited: 'Brasília'
181,Cristina Fernández de Kirchner,Venezuela,2008-06-01,,Complementa (viaje ausente en COLT),COLT no registra ningun viaje de Argentina a Venezuela en fechas 2008-06-01 - 2008-06-01
182,Cristina Fernández de Kirchner,Italy,2008-06-03,2320-ARG-ITA-39601,Complementa,CityVisited: 'Roma'
183,Cristina Fernández de Kirchner,Paraguay,2008-08-15,2320-ARG-PRY-39674,Complementa,CityVisited: 'Asunción'
184,Cristina Fernández de Kirchner,Brazil,2008-09-07,2320-ARG-BRA-39697,Complementa,CityVisited: 'Brasília'
185,Cristina Fernández de Kirchner,Chile,2008-09-15,2320-ARG-CHL-39706,Complementa,CityVisited: 'Santiago'
186,Cristina Fernández de Kirchner,United States,2008-09-23,2320-ARG-USA-39714,Complementa,CityVisited: 'New York'
187,Cristina Fernández de Kirchner,El Salvador,2008-10-29,2320-ARG-SLV-39750,Complementa,CityVisited: 'San Salvador'
188,Cristina Fernández de Kirchner,United States,2008-11-14,2320-ARG-USA-39766,Complementa,CityVisited: 'Washington D.C.'
189,Cristina Fernández de Kirchner,Algeria,2008-11-16,2320-ARG-DZA-39768,Complementa,CityVisited: 'Algiers'
190,Cristina Fernández de Kirchner,Tunisia,2008-11-18,2320-ARG-TUN-39769,Complementa,CityVisited: 'Tunis'
191,Cristina Fernández de Kirchner,Egypt,2008-11-20,2320-ARG-EGY-39771,Complementa,CityVisited: 'Cairo'
192,Cristina Fernández de Kirchner,Libya,2008-11-21,2320-ARG-LBY-39772,Complementa,CityVisited: 'Tripoli'
193,Cristina Fernández de Kirchner,Chile,2008-12-04,2320-ARG-CHL-39786,Complementa,CityVisited: 'Punta Arenas'
194,Cristina Fernández de Kirchner,Russia,2008-12-09,2320-ARG-RUS-39791,Complementa,CityVisited: 'Moscow'
195,Cristina Fernández de Kirchner,Brazil,2008-12-16,2320-ARG-BRA-39798,Complementa,"CityVisited: 'Costa do Sauípe (Salvador, Bahía)'"
196,Cristina Fernández de Kirchner,Cuba,2009-01-19,2320-ARG-CUB-39832,Complementa,CityVisited: 'Havana'
197,Cristina Fernández de Kirchner,Venezuela,2009-01-22,2320-ARG-VEN-39835,Complementa,CityVisited: 'Caracas'
198,Cristina Fernández de Kirchner,Spain,2009-02-07,2320-ARG-ESP-39853,Complementa,CityVisited: 'Madrid'
199,Cristina Fernández de Kirchner,Brazil,2009-03-19,2320-ARG-BRA-39892,Complementa,CityVisited: 'São Paulo'
200,Cristina Fernández de Kirchner,Chile,2009-03-27,2320-ARG-CHL-39899,Complementa,CityVisited: 'Viña del Mar'
201,Cristina Fernández de Kirchner,Qatar,2009-03-30,2320-ARG-QAT-39902,Complementa,CityVisited: 'Doha'
202,Cristina Fernández de Kirchner,United Kingdom,2009-04-01,2320-ARG-GBR-39904,Complementa,CityVisited: 'London'
203,Cristina Fernández de Kirchner,Trinidad and Tobago,2009-04-17,2320-ARG-TTO-39920,Complementa,CityVisited: 'Port of Spain'
204,Cristina Fernández de Kirchner,Switzerland,2009-06-14,2320-ARG-CHE-39979,Complementa,CityVisited: 'Geneva'
205,Cristina Fernández de Kirchner,El Salvador,2009-07-05,2320-ARG-SLV-39999,Complementa,CityVisited: 'San Salvador'
206,Cristina Fernández de Kirchner,Paraguay,2009-07-23,2320-ARG-PRY-40017,Complementa,CityVisited: 'Asunción'
207,Cristina Fernández de Kirchner,Ecuador,2009-08-09,2320-ARG-ECU-40034,Complementa,CityVisited: 'Quito'
208,Cristina Fernández de Kirchner,Venezuela,2009-08-11,2320-ARG-VEN-40036,Complementa,CityVisited: 'Caracas'
209,Cristina Fernández de Kirchner,United States,2009-09-23,2320-ARG-USA-40077,Complementa,CityVisited: 'New York'
210,Cristina Fernández de Kirchner,United States,2009-09-24,2320-ARG-USA-40077,Complementa,CityVisited: 'Pittsburgh'
211,Cristina Fernández de Kirchner,Venezuela,2009-09-26,2320-ARG-VEN-40082,Complementa,CityVisited: 'Isla Margarita'
212,Cristina Fernández de Kirchner,India,2009-10-13,2320-ARG-IND-40099,Complementa,CityVisited: 'New Delhi'
213,Cristina Fernández de Kirchner,Chile,2009-10-29,2320-ARG-CHL-40115,Complementa,CityVisited: 'Santiago'
214,Cristina Fernández de Kirchner,Vatican City,2009-11-27,,Complementa (viaje ausente en COLT),COLT no registra ningun viaje de Argentina a Vatican City en fechas 2009-11-27 - 2009-11-28
215,Cristina Fernández de Kirchner,Portugal,2009-11-29,2320-ARG-PRT-40147,Complementa,CityVisited: 'Estoril'
216,Cristina Fernández de Kirchner,Uruguay,2009-12-08,2320-ARG-URY-40156,Complementa,CityVisited: 'Montevideo'
218,Cristina Fernández de Kirchner,Mexico,2010-02-22,2320-ARG-MEX-40231,Complementa,CityVisited: 'Cancún'
219,Cristina Fernández de Kirchner,Uruguay,2010-03-01,2320-ARG-URY-40238,Complementa,CityVisited: 'Montevideo'
220,Cristina Fernández de Kirchner,Chile,2010-03-11,,Complementa (viaje ausente en COLT),COLT no registra ningun viaje de Argentina a Chile en fechas 2010-03-11 - 2010-03-11
221,Cristina Fernández de Kirchner,Peru,2010-03-21,2320-ARG-PER-40259,Complementa,CityVisited: 'Lima'
222,Cristina Fernández de Kirchner,Bolivia,2010-03-26,2320-ARG-BOL-40263,Complementa,CityVisited: 'Sucre'
223,Cristina Fernández de Kirchner,United States,2010-04-12,2320-ARG-USA-40278,Complementa,CityVisited: 'Washington D.C.'
224,Cristina Fernández de Kirchner,Venezuela,2010-04-18,2320-ARG-VEN-40287,Complementa,CityVisited: 'Caracas'
225,Cristina Fernández de Kirchner,Spain,2010-05-17,2320-ARG-ESP-40315,Complementa,CityVisited: 'Madrid'
226,Cristina Fernández de Kirchner,Brazil,2010-05-27,2320-ARG-BRA-40325,Complementa,CityVisited: 'Rio de Janeiro'
227,Cristina Fernández de Kirchner,Uruguay,2010-06-02,2320-ARG-URY-40331,Complementa,CityVisited: 'Montevideo'
228,Cristina Fernández de Kirchner,Canada,2010-06-26,2320-ARG-CAN-40354,Complementa,CityVisited: 'Toronto'
229,Cristina Fernández de Kirchner,China,2010-07-12,2320-ARG-CHN-40370,Complementa,CityVisited: 'Beijing'
230,Cristina Fernández de Kirchner,United States,2010-09-24,2320-ARG-USA-40443,Complementa,CityVisited: 'New York'
231,Cristina Fernández de Kirchner,Germany,2010-10-03,2320-ARG-DEU-40454,Complementa,CityVisited: 'Frankfurt'
232,Cristina Fernández de Kirchner,South Korea,2010-11-11,2320-ARG-KOR-40493,Complementa,CityVisited: 'Seoul'
233,Cristina Fernández de Kirchner,Guyana,2010-11-26,2320-ARG-GUY-40508,Complementa,CityVisited: 'Georgetown'
234,Cristina Fernández de Kirchner,Brazil,2010-12-17,2320-ARG-BRA-40529,Complementa,CityVisited: 'Foz do Iguaçu'
235,Cristina Fernández de Kirchner,Kuwait,2011-01-16,,Complementa (viaje ausente en COLT),COLT no registra ningun viaje de Argentina a Kuwait en fechas 2011-01-16 - 2011-01-17
236,Cristina Fernández de Kirchner,Qatar,2011-01-18,2320-ARG-QAT-40562,Complementa,CityVisited: 'Doha'
237,Cristina Fernández de Kirchner,Turkey,2011-01-20,,Complementa (viaje ausente en COLT),COLT no registra ningun viaje de Argentina a Turkey en fechas 2011-01-20 - 2011-01-22
240,Cristina Fernández de Kirchner,Mexico,2011-05-30,2320-ARG-MEX-40693,Complementa,CityVisited: 'Mexico City'
241,Cristina Fernández de Kirchner,Italy,2011-05-31,2320-ARG-ITA-40695,Complementa,CityVisited: 'Rome'
242,Cristina Fernández de Kirchner,Peru,2011-07-28,2320-ARG-PER-40752,Complementa,CityVisited: 'Lima'
243,Cristina Fernández de Kirchner,Brazil,2011-07-29,2320-ARG-BRA-40753,Complementa,CityVisited: 'Brasília'
244,Cristina Fernández de Kirchner,Uruguay,2011-08-29,2320-ARG-URY-40784,Complementa,CityVisited: 'Salto'
245,Cristina Fernández de Kirchner,France,2011-09-12,2320-ARG-FRA-40799,Complementa,CityVisited: 'Paris'
246,Cristina Fernández de Kirchner,United States,2011-09-21,2320-ARG-USA-40807,Complementa,CityVisited: 'New York'
247,Cristina Fernández de Kirchner,France,2011-11-03,2320-ARG-FRA-40850,Complementa,CityVisited: 'Cannes'
248,Cristina Fernández de Kirchner,Venezuela,2011-12-02,2320-ARG-VEN-40878,Complementa,CityVisited: 'Caracas'
249,Cristina Fernández de Kirchner,Uruguay,2011-12-20,2320-ARG-URY-40897,Complementa,CityVisited: 'Montevideo'
250,Cristina Fernández de Kirchner,Colombia,2012-04-14,2320-ARG-COL-41013,Complementa,CityVisited: 'Cartagena'
251,Cristina Fernández de Kirchner,Angola,2012-05-16,2320-ARG-AGO-41047,Complementa,CityVisited: 'Luanda'
252,Cristina Fernández de Kirchner,United States,2012-06-13,2320-ARG-USA-41073,Complementa,CityVisited: 'New York'
253,Cristina Fernández de Kirchner,Mexico,2012-06-18,2320-ARG-MEX-41078,Complementa,CityVisited: 'Los Cabos'
254,Cristina Fernández de Kirchner,Bolivia,2012-07-17,2320-ARG-BOL-41107,Complementa,CityVisited: 'Cochabamba'
255,Cristina Fernández de Kirchner,Brazil,2012-07-31,2320-ARG-BRA-41121,Complementa,CityVisited: 'Brasília'
256,Cristina Fernández de Kirchner,United States,2012-09-24,2320-ARG-USA-41176,Complementa,CityVisited: 'New York'
257,Cristina Fernández de Kirchner,Peru,2012-10-01,2320-ARG-PER-41183,Complementa,CityVisited: 'Lima'
258,Cristina Fernández de Kirchner,Brazil,2012-12-06,2320-ARG-BRA-41250,Complementa,CityVisited: 'Brasília'
259,Cristina Fernández de Kirchner,Cuba,2013-01-11,,Complementa (viaje ausente en COLT),COLT no registra ningun viaje de Argentina a Cuba en fechas 2013-01-11 - 2013-01-12
260,Cristina Fernández de Kirchner,United Arab Emirates,2013-01-13,2320-ARG-ARE-41288,Complementa,CityVisited: 'Abu Dhabi'
261,Cristina Fernández de Kirchner,Indonesia,2013-01-16,2320-ARG-IDN-41290,Complementa,CityVisited: 'Jakarta'
262,Cristina Fernández de Kirchner,Vietnam,2013-01-19,2320-ARG-VNM-41293,Complementa,CityVisited: 'Hanoi'
263,Cristina Fernández de Kirchner,Chile,2013-01-26,2320-ARG-CHL-41301,Complementa,CityVisited: 'Santiago'
264,Cristina Fernández de Kirchner,Venezuela,2013-03-06,2320-ARG-VEN-41339,Complementa,CityVisited: 'Caracas'
265,Cristina Fernández de Kirchner,Vatican City,2013-03-18,,Complementa (viaje ausente en COLT),COLT no registra ningun viaje de Argentina a Vatican City en fechas 2013-03-18 - 2013-03-19
266,Cristina Fernández de Kirchner,Peru,2013-04-18,2320-ARG-PER-41382,Complementa,CityVisited: 'Lima'
267,Cristina Fernández de Kirchner,Venezuela,2013-04-19,2320-ARG-VEN-41383,Complementa,CityVisited: 'Caracas'
268,Cristina Fernández de Kirchner,Bolivia,2013-07-04,2320-ARG-BOL-41459,Complementa,CityVisited: 'Cochabamba'
269,Cristina Fernández de Kirchner,Uruguay,2013-07-12,2320-ARG-URY-41466,Complementa,CityVisited: 'Montevideo'
270,Cristina Fernández de Kirchner,Colombia,2013-07-18,2320-ARG-COL-41473,Complementa,CityVisited: 'Bogotá'
271,Cristina Fernández de Kirchner,Brazil,2013-07-27,2320-ARG-BRA-41483,Complementa,CityVisited: 'Rio de Janeiro'
272,Cristina Fernández de Kirchner,United States,2013-08-05,2320-ARG-USA-41492,Complementa,CityVisited: 'New York'
273,Cristina Fernández de Kirchner,Paraguay,2013-08-15,2320-ARG-PRY-41500,Complementa,CityVisited: 'Asunción'
274,Cristina Fernández de Kirchner,Uruguay,2013-08-27,2320-ARG-URY-41513,Complementa,CityVisited: 'Montevideo'
275,Cristina Fernández de Kirchner,Russia,2013-09-05,2320-ARG-RUS-41521,Complementa,CityVisited: 'Saint Petersburg'
276,Cristina Fernández de Kirchner,United States,2013-09-24,2320-ARG-USA-41541,Complementa,CityVisited: 'New York'
277,Cristina Fernández de Kirchner,Cuba,2014-01-28,2320-ARG-CUB-41667,Complementa,CityVisited: 'Havana'
278,Cristina Fernández de Kirchner,Chile,2014-03-10,2320-ARG-CHL-41708,Complementa,CityVisited: 'Santiago'
279,Cristina Fernández de Kirchner,Vatican City,2014-03-17,,Complementa (viaje ausente en COLT),COLT no registra ningun viaje de Argentina a Vatican City en fechas 2014-03-17 - 2014-03-17
280,Cristina Fernández de Kirchner,France,2014-03-18,2320-ARG-FRA-41717,Complementa,CityVisited: 'Paris'
281,Cristina Fernández de Kirchner,Bolivia,2014-06-14,,Complementa (viaje ausente en COLT),COLT no registra ningun viaje de Argentina a Bolivia en fechas 2014-06-14 - 2014-06-15
282,Cristina Fernández de Kirchner,Brazil,2014-07-15,2320-ARG-BRA-41836,Complementa,CityVisited: 'Fortaleza'
283,Cristina Fernández de Kirchner,Venezuela,2014-07-29,2320-ARG-VEN-41849,Complementa,CityVisited: 'Caracas'
284,Cristina Fernández de Kirchner,Paraguay,2014-08-13,2320-ARG-PRY-41864,Complementa,CityVisited: 'Asunción'
285,Cristina Fernández de Kirchner,Vatican City,2014-09-20,,Complementa (viaje ausente en COLT),COLT no registra ningun viaje de Argentina a Vatican City en fechas 2014-09-20 - 2014-09-20
286,Cristina Fernández de Kirchner,United States,2014-09-24,2320-ARG-USA-41905,Complementa,CityVisited: 'New York'
287,Cristina Fernández de Kirchner,Ecuador,2014-12-04,2320-ARG-ECU-41977,Complementa,CityVisited: 'Quito'
288,Cristina Fernández de Kirchner,China,2015-02-02,2320-ARG-CHN-42038,Complementa,CityVisited: 'Beijing'
289,Cristina Fernández de Kirchner,Panama,2015-04-10,2320-ARG-PAN-42104,Complementa,CityVisited: 'Panama City'
290,Cristina Fernández de Kirchner,Russia,2015-04-22,2320-ARG-RUS-42114,Complementa,CityVisited: 'Moscow'
291,Cristina Fernández de Kirchner,Vatican City,2015-06-07,,Complementa (viaje ausente en COLT),COLT no registra ningun viaje de Argentina a Vatican City en fechas 2015-06-07 - 2015-06-07
292,Cristina Fernández de Kirchner,Italy,2015-06-08,2320-ARG-ITA-42162,Complementa,CityVisited: 'Roma'
293,Cristina Fernández de Kirchner,Paraguay,2015-07-12,2320-ARG-PRY-42197,Complementa,CityVisited: 'Asunción'
294,Cristina Fernández de Kirchner,Brazil,2015-07-16,2320-ARG-BRA-42202,Complementa,CityVisited: 'Brasília'
295,Cristina Fernández de Kirchner,Cuba,2015-09-19,2320-ARG-CUB-42267,Complementa,CityVisited: 'Havana'
296,Cristina Fernández de Kirchner,United States,2015-09-27,2320-ARG-USA-42275,Complementa,CityVisited: 'New York'
297,Mauricio Macri,Paraguay,2015-12-21,3169-ARG-PRY-42359,Complementa,CityVisited: 'Asunción'
298,Mauricio Macri,Uruguay,2016-01-07,3169-ARG-URY-42376,Complementa,CityVisited: 'Colonia del Sacramento'
299,Mauricio Macri,Switzerland,2016-01-20,3169-ARG-CHE-42389,Complementa,CityVisited: 'Davos'
300,Mauricio Macri,Vatican City,2016-02-27,,Complementa (viaje ausente en COLT),COLT no registra ningun viaje de Argentina a Vatican City en fechas 2016-02-27 - 2016-02-27
301,Mauricio Macri,Italy,2016-02-27,3169-ARG-ITA-42427,Complementa,CityVisited: 'Rome'
302,Mauricio Macri,United States,2016-03-31,3169-ARG-USA-42460,Complementa,CityVisited: 'Washington D.C.'
303,Mauricio Macri,Colombia,2016-06-15,3169-ARG-COL-42535,Complementa,CityVisited: 'Bogotá'
304,Mauricio Macri,Colombia,2016-06-17,3169-ARG-COL-42535,Complementa,CityVisited: 'Medellín'
305,Mauricio Macri,Chile,2016-06-30,3169-ARG-CHL-42551,Complementa,CityVisited: 'Puerto Varas'
306,Mauricio Macri,France,2016-07-02,3169-ARG-FRA-42553,Complementa,CityVisited: 'Paris'
307,Mauricio Macri,Belgium,2016-07-03,3169-ARG-BEL-42554,Complementa,CityVisited: 'Brussels'
308,Mauricio Macri,Germany,2016-07-05,3169-ARG-DEU-42556,Complementa,CityVisited: 'Berlin'
309,Mauricio Macri,United States,2016-07-07,3169-ARG-USA-42558,Complementa,CityVisited: 'Sun Valley'
310,Mauricio Macri,Peru,2016-07-28,3169-ARG-PER-42579,Complementa,CityVisited: 'Lima'
311,Mauricio Macri,Brazil,2016-08-05,3169-ARG-BRA-42586,Complementa,CityVisited: 'Rio de Janeiro'
312,Mauricio Macri,Qatar,2016-09-01,3169-ARG-QAT-42616,Complementa,CityVisited: 'Doha'
313,Mauricio Macri,China,2016-09-04,3169-ARG-CHN-42617,Complementa,CityVisited: 'Hangzhou'
314,Mauricio Macri,United States,2016-09-19,3169-ARG-USA-42632,Complementa,CityVisited: 'New York'
315,Mauricio Macri,Colombia,2016-09-26,3169-ARG-COL-42640,Complementa,CityVisited: 'Cartagena'
316,Mauricio Macri,Vatican City,2016-10-15,,Complementa (viaje ausente en COLT),COLT no registra ningun viaje de Argentina a Vatican City en fechas 2016-10-15 - 2016-10-15
317,Mauricio Macri,Brazil,2017-02-07,3169-ARG-BRA-42773,Complementa,CityVisited: 'Brasilia'
318,Mauricio Macri,Spain,2017-02-20,3169-ARG-ESP-42790,Complementa,CityVisited: 'Madrid'
319,Mauricio Macri,Paraguay,2017-03-16,3169-ARG-PRY-42810,Complementa,CityVisited: 'Asunción'
320,Mauricio Macri,Netherlands,2017-03-27,3169-ARG-NLD-42822,Complementa,CityVisited: 'Amsterdam'
321,Mauricio Macri,United States,2017-04-26,3169-ARG-USA-42851,Complementa,CityVisited: 'Washington D.C.'
322,Mauricio Macri,United Arab Emirates,2017-05-12,3169-ARG-ARE-42867,Complementa,CityVisited: 'Dubai'
323,Mauricio Macri,China,2017-05-14,3169-ARG-CHN-42869,Complementa,CityVisited: 'Beijing'
324,Mauricio Macri,Japan,2017-05-18,3169-ARG-JPN-42874,Complementa,CityVisited: 'Tokyo'
325,Mauricio Macri,Ecuador,2017-05-24,,Complementa (viaje ausente en COLT),COLT no registra ningun viaje de Argentina a Ecuador en fechas 2017-05-24 - 2017-05-24
326,Mauricio Macri,Chile,2017-06-27,3169-ARG-CHL-42913,Complementa,CityVisited: 'Santiago'
327,Mauricio Macri,Germany,2017-07-07,3169-ARG-DEU-42923,Complementa,CityVisited: 'Hamburg'
328,Mauricio Macri,United States,2017-11-06,3169-ARG-USA-43045,Complementa,CityVisited: 'New York'
329,Mauricio Macri,Russia,2018-01-22,3169-ARG-RUS-43122,Complementa,CityVisited: 'Moscow'
330,Mauricio Macri,Switzerland,2018-01-24,3169-ARG-CHE-43125,Complementa,CityVisited: 'Davos'
331,Mauricio Macri,France,2018-01-26,3169-ARG-FRA-43126,Complementa,CityVisited: 'Paris'
332,Mauricio Macri,Chile,2018-03-11,3169-ARG-CHL-43170,Complementa,CityVisited: 'Valparaíso'
333,Mauricio Macri,Peru,2018-04-13,3169-ARG-PER-43203,Complementa,CityVisited: 'Lima'
334,Mauricio Macri,Canada,2018-06-08,3169-ARG-CAN-43259,Complementa,CityVisited: 'La Malbaie'
335,Mauricio Macri,South Africa,2018-07-26,3169-ARG-ZAF-43307,Complementa,CityVisited: 'Johannesburg'
336,Mauricio Macri,Colombia,2018-08-07,3169-ARG-COL-43319,Complementa,CityVisited: 'Bogotá'
337,Mauricio Macri,Paraguay,2018-08-15,,Complementa (viaje ausente en COLT),COLT no registra ningun viaje de Argentina a Paraguay en fechas 2018-08-15 - 2018-08-15
338,Mauricio Macri,United States,2018-09-24,3169-ARG-USA-43367,Complementa,CityVisited: 'New York'
339,Mauricio Macri,Uruguay,2018-12-18,,Complementa (viaje ausente en COLT),COLT no registra ningun viaje de Argentina a Uruguay en fechas 2018-12-18 - 2018-12-18
340,Mauricio Macri,Brazil,2019-01-16,3169-ARG-BRA-43481,Complementa,CityVisited: 'Brasília'
341,Mauricio Macri,Uruguay,2019-02-13,3169-ARG-URY-43509,Complementa,CityVisited: 'Colonia del Sacramento'
342,Mauricio Macri,India,2019-02-17,3169-ARG-IND-43513,Complementa,CityVisited: 'New Delhi'
343,Mauricio Macri,United Arab Emirates,2019-02-17,3169-ARG-ARE-43513,Complementa,CityVisited: 'Dubai'
344,Mauricio Macri,Vietnam,2019-02-20,3169-ARG-VNM-43516,Complementa,CityVisited: 'Hanoi'
345,Mauricio Macri,United Arab Emirates,2019-02-21,3169-ARG-ARE-43517,Complementa,CityVisited: 'Abu Dhabi'
346,Mauricio Macri,Chile,2019-03-22,3169-ARG-CHL-43546,Complementa,CityVisited: 'Santiago'
348,Mauricio Macri,Indonesia,2019-06-26,3169-ARG-IDN-43641,Complementa,CityVisited: 'Jakarta'
349,Mauricio Macri,Japan,2019-06-27,3169-ARG-JPN-43642,Complementa,CityVisited: 'Osaka'
350,Mauricio Macri,Switzerland,2019-06-30,3169-ARG-CHE-43645,Complementa,CityVisited: 'Zurich'
351,Mauricio Macri,United States,2019-09-24,3169-ARG-USA-43732,Complementa,CityVisited: 'New York'
353,Mauricio Macri,Spain,2019-12-01,3169-ARG-ESP-43800,Complementa,CityVisited: 'Madrid'
354,Mauricio Macri,Switzerland,2019-12-03,3169-ARG-CHE-43802,Complementa,CityVisited: 'Geneva'
355,Mauricio Macri,Brazil,2019-12-05,3169-ARG-BRA-43803,Complementa,CityVisited: 'Bento Gonçalves'
356,Alberto Fernández,Israel,2020-01-22,3670-ARG-ISR-43852,Complementa,CityVisited: 'Jerusalem'
357,Alberto Fernández,Vatican City,2020-01-31,,Complementa (viaje ausente en COLT),COLT no registra ningun viaje de Argentina a Vatican City en fechas 2020-01-31 - 2020-01-31
358,Alberto Fernández,Italy,2020-01-31,3670-ARG-ITA-43861,Complementa,CityVisited: 'Rome'
359,Alberto Fernández,Germany,2020-02-03,3670-ARG-DEU-43863,Complementa,CityVisited: 'Berlin'
360,Alberto Fernández,Spain,2020-02-04,3670-ARG-ESP-43864,Complementa,CityVisited: 'Madrid'
361,Alberto Fernández,France,2020-02-05,3670-ARG-FRA-43866,Complementa,CityVisited: 'Paris'
362,Alberto Fernández,Bolivia,2020-11-07,3670-ARG-BOL-44142,Complementa,CityVisited: 'La Paz'
363,Alberto Fernández,Uruguay,2020-11-19,3670-ARG-URY-44154,Complementa,CityVisited: 'Colonia (Estancia Anchorena)'
364,Alberto Fernández,Chile,2021-01-26,3670-ARG-CHL-44222,Complementa,CityVisited: 'Santiago'
365,Alberto Fernández,Mexico,2021-02-22,3670-ARG-MEX-44249,Complementa,CityVisited: 'Mexico City / Iguala'
366,Alberto Fernández,Portugal,2021-05-09,3670-ARG-PRT-44325,Complementa,CityVisited: 'Lisbon'
367,Alberto Fernández,Spain,2021-05-10,3670-ARG-ESP-44325,Complementa,CityVisited: 'Madrid'
368,Alberto Fernández,France,2021-05-11,3670-ARG-FRA-44327,Complementa,CityVisited: 'Paris'
369,Alberto Fernández,Italy,2021-05-13,3670-ARG-ITA-44329,Complementa,CityVisited: 'Rome'
370,Alberto Fernández,Peru,2021-07-27,3670-ARG-PER-44404,Complementa,CityVisited: 'Lima'
371,Alberto Fernández,Italy,2021-10-29,3670-ARG-ITA-44498,Complementa,CityVisited: 'Rome'
372,Alberto Fernández,United Kingdom,2021-10-31,3670-ARG-GBR-44501,Complementa,CityVisited: 'Glasgow'
373,Alberto Fernández,Russia,2022-02-03,3670-ARG-RUS-44595,Complementa,CityVisited: 'Moscow'
374,Alberto Fernández,China,2022-02-04,3670-ARG-CHN-44596,Complementa,CityVisited: 'Beijing'
375,Alberto Fernández,Barbados,2022-02-08,3670-ARG-BRB-44599,Complementa,CityVisited: 'Bridgetown'
376,Alberto Fernández,Chile,2022-03-11,3670-ARG-CHL-44631,Complementa,CityVisited: 'Valparaíso'
379,Alberto Fernández,Spain,2022-05-10,3670-ARG-ESP-44690,Complementa,CityVisited: 'Madrid'
380,Alberto Fernández,Germany,2022-05-11,3670-ARG-DEU-44692,Complementa,CityVisited: 'Berlin'
381,Alberto Fernández,France,2022-05-12,3670-ARG-FRA-44694,Complementa,CityVisited: 'Paris'
382,Alberto Fernández,Paraguay,2022-05-30,3670-ARG-PRY-44711,Complementa,CityVisited: 'Ana Cua / Yacyreta'
383,Alberto Fernández,United States,2022-06-08,3670-ARG-USA-44720,Complementa,CityVisited: 'Los Angeles'
384,Alberto Fernández,Germany,2022-06-26,3670-ARG-DEU-44738,Complementa,CityVisited: 'Elmau'
385,Alberto Fernández,Paraguay,2022-07-21,3670-ARG-PRY-44763,Complementa,CityVisited: 'Asunción'
386,Alberto Fernández,Colombia,2022-08-07,3670-ARG-COL-44779,Complementa,CityVisited: 'Bogotá'
387,Alberto Fernández,United States,2022-09-19,3670-ARG-USA-44821,Complementa,CityVisited: 'New York'
388,Alberto Fernández,Brazil,2022-10-31,3670-ARG-BRA-44865,Complementa,CityVisited: 'São Paulo'
389,Alberto Fernández,France,2022-11-09,3670-ARG-FRA-44874,Complementa,CityVisited: 'Paris'
390,Alberto Fernández,Indonesia,2022-11-15,3670-ARG-IDN-44878,Complementa,CityVisited: 'Bali'
391,Alberto Fernández,Spain,2022-11-17,3670-ARG-ESP-44882,Complementa,CityVisited: 'Madrid'
392,Alberto Fernández,Uruguay,2022-12-06,3670-ARG-URY-44901,Complementa,CityVisited: 'Montevideo'
393,Alberto Fernández,Brazil,2023-01-01,,Complementa (viaje ausente en COLT),COLT no registra ningun viaje de Argentina a Brazil en fechas 2023-01-01 - 2023-01-01
394,Alberto Fernández,Dominican Republic,2023-03-24,3670-ARG-DOM-45009,Complementa,CityVisited: 'Santo Domingo'
395,Alberto Fernández,United States,2023-03-27,3670-ARG-USA-45012,Complementa,CityVisited: 'Washington D.C.'
396,Alberto Fernández,Chile,2023-04-05,3670-ARG-CHL-45021,Complementa,CityVisited: 'Santiago'
397,Alberto Fernández,Brazil,2023-05-02,3670-ARG-BRA-45048,Complementa,CityVisited: 'Brasília'
398,Alberto Fernández,Brazil,2023-05-29,3670-ARG-BRA-45075,Complementa,CityVisited: 'Brasília'
399,Alberto Fernández,Bolivia,2023-06-01,3670-ARG-BOL-45078,Complementa,CityVisited: 'Yaguacua'
400,Alberto Fernández,Brazil,2023-06-26,3670-ARG-BRA-45103,Complementa,CityVisited: 'Brasília'
401,Alberto Fernández,Belgium,2023-07-17,3670-ARG-BEL-45124,Complementa,CityVisited: 'Brussels'
402,Alberto Fernández,Paraguay,2023-08-14,3670-ARG-PRY-45152,Complementa,CityVisited: 'Asunción'
403,Alberto Fernández,India,2023-09-08,3670-ARG-IND-45177,Complementa,CityVisited: 'New Delhi'
404,Alberto Fernández,Cuba,2023-09-14,3670-ARG-CUB-45183,Complementa,CityVisited: 'Havana'
405,Alberto Fernández,United States,2023-09-18,3670-ARG-USA-45185,Complementa,CityVisited: 'New York'
406,Alberto Fernández,China,2023-10-14,3670-ARG-CHN-45213,Complementa,CityVisited: 'Beijing / Shanghai'
407,Alberto Fernández,Uruguay,2023-10-27,3670-ARG-URY-45226,Complementa,CityVisited: 'Montevideo'
408,Alberto Fernández,Brazil,2023-12-07,3670-ARG-BRA-45267,Complementa,CityVisited: 'Rio de Janeiro'
409,Javier Milei,Switzerland,2024-01-16,4053-ARG-CHE-45307,Complementa,CityVisited: 'Davos'
410,Javier Milei,Israel,2024-02-06,4053-ARG-ISR-45328,Complementa,CityVisited: 'Jerusalem'
411,Javier Milei,Vatican City,2024-02-11,,Complementa (viaje ausente en COLT),COLT no registra ningun viaje de Argentina a Vatican City en fechas 2024-02-11 - 2024-02-12
412,Javier Milei,Italy,2024-02-12,4053-ARG-ITA-45334,Complementa,CityVisited: 'Rome'
413,Javier Milei,United States,2024-02-23,,Complementa (viaje ausente en COLT),COLT no registra ningun viaje de Argentina a United States en fechas 2024-02-23 - 2024-02-24
414,Javier Milei,United States,2024-04-12,4053-ARG-USA-45391,Complementa,CityVisited: 'Austin'
415,Javier Milei,United States,2024-05-04,4053-ARG-USA-45416,Complementa,CityVisited: 'Los Angeles'
416,Javier Milei,Spain,2024-05-17,4053-ARG-ESP-45428,Complementa,CityVisited: 'Madrid'
417,Javier Milei,United States,2024-05-28,4053-ARG-USA-45439,Complementa,CityVisited: 'Palo Alto'
418,Javier Milei,El Salvador,2024-05-31,4053-ARG-SLV-45443,Complementa,CityVisited: 'San Salvador'
419,Javier Milei,Italy,2024-06-13,4053-ARG-ITA-45455,Complementa,CityVisited: 'Fasano'
420,Javier Milei,Switzerland,2024-06-15,4053-ARG-CHE-45458,Complementa,CityVisited: 'Bürgenstock'
421,Javier Milei,Czechia,2024-06-21,4053-ARG-CZE-45467,Complementa,CityVisited: 'Prague'
422,Javier Milei,Spain,2024-06-21,4053-ARG-ESP-45463,Complementa,CityVisited: 'Madrid'
423,Javier Milei,Germany,2024-06-22,4053-ARG-DEU-45465,Complementa,CityVisited: 'Hamburg / Berlin'
424,Javier Milei,Brazil,2024-07-06,4053-ARG-BRA-45479,Complementa,CityVisited: 'Balneário Camboriú'
425,Javier Milei,United States,2024-07-12,4053-ARG-USA-45484,Complementa,CityVisited: 'Sun Valley'
426,Javier Milei,France,2024-07-25,4053-ARG-FRA-45497,Complementa,CityVisited: 'Paris'
427,Javier Milei,Chile,2024-08-08,4053-ARG-CHL-45512,Complementa,CityVisited: 'Las Condes'
428,Javier Milei,United States,2024-09-21,4053-ARG-USA-45556,Complementa,CityVisited: 'New York'
429,Javier Milei,United States,2024-11-14,4053-ARG-USA-45610,Complementa,CityVisited: 'Palm Beach'
430,Javier Milei,Brazil,2024-11-17,4053-ARG-BRA-45613,Complementa,CityVisited: 'Rio de Janeiro'
431,Javier Milei,Uruguay,2024-12-06,4053-ARG-URY-45632,Complementa,CityVisited: 'Montevideo'
432,Javier Milei,Italy,2024-12-12,4053-ARG-ITA-45638,Complementa,CityVisited: 'Rome'
433,Javier Milei,United States,2025-01-20,4053-ARG-USA-45674,No aporta,COLT ya tiene el dato completo equivalente
434,Javier Milei,Switzerland,2025-01-22,4053-ARG-CHE-45678,No aporta,COLT ya tiene el dato completo equivalente
435,Javier Milei,United States,2025-02-20,4053-ARG-USA-45708,No aporta,COLT ya tiene el dato completo equivalente
436,Javier Milei,United States,2025-04-03,4053-ARG-USA-45749,No aporta,COLT ya tiene el dato completo equivalente
437,Javier Milei,Paraguay,2025-04-09,4053-ARG-PRY-45756,No aporta,COLT ya tiene el dato completo equivalente
438,Javier Milei,Vatican City,2025-04-25,,Complementa (viaje ausente en COLT),COLT no registra ningun viaje de Argentina a Vatican City en fechas 2025-04-25 - 2025-04-26
439,Javier Milei,Italy,2025-04-26,4053-ARG-ITA-45772,No aporta,COLT ya tiene el dato completo equivalente
440,Javier Milei,Italy,2025-06-05,4053-ARG-ITA-45813,No aporta,COLT ya tiene el dato completo equivalente
441,Javier Milei,Vatican City,2025-06-07,,Complementa (viaje ausente en COLT),COLT no registra ningun viaje de Argentina a Vatican City en fechas 2025-06-07 - 2025-06-07
442,Javier Milei,Spain,2025-06-07,4053-ARG-ESP-45816,No aporta,COLT ya tiene el dato completo equivalente
443,Javier Milei,Israel,2025-06-09,4053-ARG-ISR-45817,No aporta,COLT ya tiene el dato completo equivalente
444,Javier Milei,France,2025-06-09,4053-ARG-FRA-45817,No aporta,COLT ya tiene el dato completo equivalente
445,Javier Milei,Spain,2025-06-12,4053-ARG-ESP-45820,No aporta,COLT ya tiene el dato completo equivalente
446,Javier Milei,United States,2025-09-03,4053-ARG-USA-45903,No aporta,COLT ya tiene el dato completo equivalente
447,Javier Milei,Paraguay,2025-09-16,4053-ARG-PRY-45916,No aporta,COLT ya tiene el dato completo equivalente
448,Javier Milei,United States,2025-09-23,4053-ARG-USA-45922,No aporta,COLT ya tiene el dato completo equivalente
449,Javier Milei,United States,2025-10-14,4053-ARG-USA-45943,No aporta,COLT ya tiene el dato completo equivalente
450,Javier Milei,United States,2025-11-05,4053-ARG-USA-45967,No aporta,COLT ya tiene el dato completo equivalente
451,Javier Milei,Bolivia,2025-11-08,4053-ARG-BOL-45969,No aporta,COLT ya tiene el dato completo equivalente
452,Javier Milei,Norway,2025-12-09,4053-ARG-NOR-46000,No aporta,COLT ya tiene el dato completo equivalente
453,Javier Milei,Brazil,2025-12-20,4053-ARG-BRA-46011,No aporta,COLT ya tiene el dato completo equivalente
454,Javier Milei,Paraguay,2026-01-17,,Complementa (viaje ausente en COLT),COLT no registra ningun viaje de Argentina a Paraguay en fechas 2026-01-17 - 2026-01-18
455,Javier Milei,Switzerland,2026-01-20,,Complementa (viaje ausente en COLT),COLT no registra ningun viaje de Argentina a Switzerland en fechas 2026-01-20 - 2026-01-22
456,Javier Milei,United States,2026-02-18,,Complementa (viaje ausente en COLT),COLT no registra ningun viaje de Argentina a United States en fechas 2026-02-18 - 2026-02-19
457,Javier Milei,United States,2026-03-07,,Complementa (viaje ausente en COLT),COLT no registra ningun viaje de Argentina a United States en fechas 2026-03-07 - 2026-03-10
458,Javier Milei,Chile,2026-03-11,,Complementa (viaje ausente en COLT),COLT no registra ningun viaje de Argentina a Chile en fechas 2026-03-11 - 2026-03-11
459,Javier Milei,Spain,2026-03-13,,Complementa (viaje ausente en COLT),COLT no registra ningun viaje de Argentina a Spain en fechas 2026-03-13 - 2026-03-15
460,Javier Milei,Hungary,2026-03-20,,Complementa (viaje ausente en COLT),COLT no registra ningun viaje de Argentina a Hungary en fechas 2026-03-20 - 2026-03-21
461,Javier Milei,Israel,2026-04-19,,Complementa (viaje ausente en COLT),COLT no registra ningun viaje de Argentina a Israel en fechas 2026-04-19 - 2026-04-21
462,Javier Milei,United States,2026-05-06,,Complementa (viaje ausente en COLT),COLT no registra ningun viaje de Argentina a United States en fechas 2026-05-06 - 2026-05-07
463,Javier Milei,Spain,2026-06-25,,Complementa (viaje ausente en COLT),COLT no registra ningun viaje de Argentina a Spain en fechas 2026-06-25 - 2026-06-27
466,Fernando Henrique Cardoso,Portugal,2000-03-07,994-BRA-PRT-36593,Complementa,CityVisited: 'Lisbon'
467,Fernando Henrique Cardoso,Chile,2000-03-11,994-BRA-CHL-36594,Complementa,CityVisited: 'Santiago'
468,Fernando Henrique Cardoso,Venezuela,2000-03-29,,Complementa (viaje ausente en COLT),COLT no registra ningun viaje de Brazil a Venezuela en fechas 2000-03-29 - 2000-03-30
469,Fernando Henrique Cardoso,Colombia,2000-06-15,994-BRA-COL-36692,Complementa,CityVisited: 'Cartagena'
470,Fernando Henrique Cardoso,Germany,2000-05-31,994-BRA-DEU-36676,Complementa,CityVisited: 'Berlin'
471,Fernando Henrique Cardoso,United States,2000-09-06,,Complementa (viaje ausente en COLT),COLT no registra ningun viaje de Brazil a United States en fechas 2000-09-06 - 2000-09-08
472,Fernando Henrique Cardoso,France,2000-10-02,,Complementa (viaje ausente en COLT),COLT no registra ningun viaje de Brazil a France en fechas 2000-10-02 - 2000-10-05
473,Fernando Henrique Cardoso,Mexico,2000-11-30,994-BRA-MEX-36859,Complementa,CityVisited: 'Mexico City'
474,Fernando Henrique Cardoso,South Korea,2001-01-19,994-BRA-KOR-36906,Complementa,CityVisited: 'Seoul'
475,Fernando Henrique Cardoso,United States,2001-03-29,,Complementa (viaje ausente en COLT),COLT no registra ningun viaje de Brazil a United States en fechas 2001-03-29 - 2001-03-31
476,Fernando Henrique Cardoso,Canada,2001-04-20,994-BRA-CAN-37000,Complementa,CityVisited: 'Quebec City'
477,Fernando Henrique Cardoso,Peru,2001-07-28,994-BRA-PER-37099,Complementa,CityVisited: 'Lima'
478,Fernando Henrique Cardoso,Venezuela,2001-08-12,994-BRA-VEN-37116,Complementa,CityVisited: 'Caracas'
479,Fernando Henrique Cardoso,Ecuador,2001-09-27,994-BRA-ECU-37164,Complementa,CityVisited: 'Quito'
480,Fernando Henrique Cardoso,Spain,2001-10-25,994-BRA-ESP-37189,Complementa,CityVisited: 'Madrid'
481,Fernando Henrique Cardoso,France,2001-10-27,994-BRA-FRA-37193,Complementa,CityVisited: 'Paris'
482,Fernando Henrique Cardoso,United States,2001-11-08,994-BRA-USA-37202,Complementa,CityVisited: 'Washington D.C.'
483,Fernando Henrique Cardoso,Russia,2002-01-13,994-BRA-RUS-37268,Complementa,CityVisited: 'Moscow'
484,Fernando Henrique Cardoso,Sweden,2002-02-20,994-BRA-SWE-37309,Complementa,CityVisited: 'Stockholm'
485,Fernando Henrique Cardoso,Poland,2002-02-25,994-BRA-POL-37312,Complementa,CityVisited: 'Warsaw'
486,Fernando Henrique Cardoso,Slovakia,2002-02-26,994-BRA-SVK-37313,Complementa,CityVisited: 'Bratislava'
487,Fernando Henrique Cardoso,Chile,2002-03-17,994-BRA-CHL-37332,Complementa,CityVisited: 'Santiago'
488,Fernando Henrique Cardoso,Mexico,2002-03-21,,Complementa (viaje ausente en COLT),COLT no registra ningun viaje de Brazil a Mexico en fechas 2002-03-21 - 2002-03-22
489,Fernando Henrique Cardoso,South Africa,2002-08-31,994-BRA-ZAF-37500,Complementa,CityVisited: 'Johannesburg'
490,Fernando Henrique Cardoso,Portugal,2002-11-11,994-BRA-PRT-37569,Complementa,CityVisited: 'Lisbon'
491,Fernando Henrique Cardoso,United States,2002-12-08,994-BRA-USA-37597,Complementa,CityVisited: 'New York'
492,Luiz Inácio Lula da Silva,Ecuador,2003-01-15,1780-BRA-ECU-37636,Complementa,CityVisited: 'Quito'
493,Luiz Inácio Lula da Silva,Switzerland,2003-01-25,1780-BRA-CHE-37645,Complementa,CityVisited: 'Davos'
494,Luiz Inácio Lula da Silva,Germany,2003-01-27,1780-BRA-DEU-37649,Complementa,CityVisited: 'Berlin'
495,Luiz Inácio Lula da Silva,France,2003-01-28,1780-BRA-FRA-37650,Complementa,CityVisited: 'Paris'
496,Luiz Inácio Lula da Silva,Peru,2003-05-22,1780-BRA-PER-37763,Complementa,CityVisited: 'Cusco'
497,Luiz Inácio Lula da Silva,France,2003-06-01,1780-BRA-FRA-37772,Complementa,CityVisited: 'Évian-les-Bains'
498,Luiz Inácio Lula da Silva,United States,2003-06-20,1780-BRA-USA-37791,Complementa,CityVisited: 'Washington D.C.'
499,Luiz Inácio Lula da Silva,United States,2003-09-23,1780-BRA-USA-37888,Complementa,CityVisited: 'New York'
500,Luiz Inácio Lula da Silva,Cuba,2003-09-26,1780-BRA-CUB-37890,Complementa,CityVisited: 'Havana'
501,Luiz Inácio Lula da Silva,Sao Tome and Principe,2003-11-02,1780-BRA-STP-37927,Complementa,CityVisited: 'São Tomé'
502,Luiz Inácio Lula da Silva,Angola,2003-11-03,1780-BRA-AGO-37928,Complementa,CityVisited: 'Luanda'
503,Luiz Inácio Lula da Silva,Mozambique,2003-11-04,1780-BRA-MOZ-37929,Complementa,CityVisited: 'Maputo'
504,Luiz Inácio Lula da Silva,Namibia,2003-11-06,1780-BRA-NAM-37931,Complementa,CityVisited: 'Windhoek'
505,Luiz Inácio Lula da Silva,South Africa,2003-11-07,1780-BRA-ZAF-37932,Complementa,CityVisited: 'Pretoria'
506,Luiz Inácio Lula da Silva,Bolivia,2003-11-14,1780-BRA-BOL-37939,Complementa,CityVisited: 'Santa Cruz de la Sierra'
507,Luiz Inácio Lula da Silva,Syria,2003-12-03,1780-BRA-SYR-37958,Complementa,CityVisited: 'Damascus'
508,Luiz Inácio Lula da Silva,Lebanon,2003-12-05,1780-BRA-LBN-37959,Complementa,CityVisited: 'Beirut'
509,Luiz Inácio Lula da Silva,United Arab Emirates,2003-12-07,1780-BRA-ARE-37961,Complementa,CityVisited: 'Dubai'
510,Luiz Inácio Lula da Silva,Egypt,2003-12-08,1780-BRA-EGY-37963,Complementa,CityVisited: 'Cairo'
511,Luiz Inácio Lula da Silva,Libya,2003-12-10,1780-BRA-LBY-37964,Complementa,CityVisited: 'Tripoli'
512,Luiz Inácio Lula da Silva,Uruguay,2003-12-15,1780-BRA-URY-37970,Complementa,CityVisited: 'Montevideo'
513,Luiz Inácio Lula da Silva,Mexico,2004-01-11,1780-BRA-MEX-37998,Complementa,CityVisited: 'Monterrey'
514,Luiz Inácio Lula da Silva,India,2004-01-24,1780-BRA-IND-38011,Complementa,CityVisited: 'New Delhi'
515,Luiz Inácio Lula da Silva,Switzerland,2004-01-29,1780-BRA-CHE-38014,Complementa,CityVisited: 'Geneva'
516,Luiz Inácio Lula da Silva,Venezuela,2004-02-26,1780-BRA-VEN-38043,Complementa,CityVisited: 'Caracas'
517,Luiz Inácio Lula da Silva,China,2004-05-21,1780-BRA-CHN-38129,Complementa,CityVisited: 'Beijing'
518,Luiz Inácio Lula da Silva,Mexico,2004-05-28,1780-BRA-MEX-38134,Complementa,CityVisited: 'Guadalajara'
519,Luiz Inácio Lula da Silva,United States,2004-06-22,1780-BRA-USA-38160,Complementa,CityVisited: 'New York'
520,Luiz Inácio Lula da Silva,Sao Tome and Principe,2004-07-26,1780-BRA-STP-38194,Complementa,CityVisited: 'São Tomé'
521,Luiz Inácio Lula da Silva,Gabon,2004-07-27,1780-BRA-GAB-38195,Complementa,CityVisited: 'Libreville'
522,Luiz Inácio Lula da Silva,Cape Verde,2004-07-28,,Complementa (viaje ausente en COLT),COLT no registra ningun viaje de Brazil a Cape Verde en fechas 2004-07-28 - 2004-07-29
523,Luiz Inácio Lula da Silva,United States,2004-09-20,1780-BRA-USA-38250,Complementa,CityVisited: 'New York'
524,Luiz Inácio Lula da Silva,Costa Rica,2004-11-18,,Complementa (viaje ausente en COLT),COLT no registra ningun viaje de Brazil a Costa Rica en fechas 2004-11-18 - 2004-11-20
525,Luiz Inácio Lula da Silva,Peru,2004-12-07,1780-BRA-PER-38329,Complementa,CityVisited: 'Cusco'
526,Luiz Inácio Lula da Silva,Uruguay,2005-03-01,1780-BRA-URY-38412,Complementa,CityVisited: 'Montevideo'
527,Luiz Inácio Lula da Silva,South Korea,2005-05-24,1780-BRA-KOR-38495,Complementa,CityVisited: 'Seoul'
528,Luiz Inácio Lula da Silva,Portugal,2005-10-13,1780-BRA-PRT-38637,Complementa,CityVisited: 'Porto'
529,Luiz Inácio Lula da Silva,Spain,2005-10-14,1780-BRA-ESP-38638,Complementa,CityVisited: 'Salamanca'
530,Luiz Inácio Lula da Silva,Italy,2005-10-16,1780-BRA-ITA-38640,Complementa,CityVisited: 'Rome'
531,Luiz Inácio Lula da Silva,Russia,2005-10-17,1780-BRA-RUS-38642,Complementa,CityVisited: 'Moscow'
532,Luiz Inácio Lula da Silva,Argentina,2005-11-04,1780-BRA-ARG-38660,Complementa,CityVisited: 'Mar del Plata'
533,Luiz Inácio Lula da Silva,Argentina,2005-11-30,1780-BRA-ARG-38686,Complementa,CityVisited: 'Puerto Iguazú'
534,Luiz Inácio Lula da Silva,Uruguay,2005-12-08,1780-BRA-URY-38694,Complementa,CityVisited: 'Montevideo'
535,Luiz Inácio Lula da Silva,Colombia,2005-12-13,1780-BRA-COL-38699,Complementa,CityVisited: 'Bogotá'
536,Luiz Inácio Lula da Silva,Bolivia,2006-01-22,1780-BRA-BOL-38739,Complementa,CityVisited: 'La Paz'
537,Luiz Inácio Lula da Silva,Austria,2006-05-11,1780-BRA-AUT-38848,Complementa,CityVisited: 'Vienna'
538,Luiz Inácio Lula da Silva,Russia,2006-07-17,1780-BRA-RUS-38913,Complementa,CityVisited: 'Saint Petersburg'
539,Luiz Inácio Lula da Silva,United States,2006-09-19,,Complementa (viaje ausente en COLT),COLT no registra ningun viaje de Brazil a United States en fechas 2006-09-19 - 2006-09-19
540,Luiz Inácio Lula da Silva,Uruguay,2006-11-03,,Complementa (viaje ausente en COLT),COLT no registra ningun viaje de Brazil a Uruguay en fechas 2006-11-03 - 2006-11-05
541,Luiz Inácio Lula da Silva,Nigeria,2006-11-30,1780-BRA-NGA-39049,Complementa,CityVisited: 'Abuja'
542,Luiz Inácio Lula da Silva,Bolivia,2006-12-08,1780-BRA-BOL-39059,Complementa,CityVisited: 'Cochabamba'
543,Luiz Inácio Lula da Silva,Ecuador,2007-01-15,1780-BRA-ECU-39097,Complementa,CityVisited: 'Quito'
544,Luiz Inácio Lula da Silva,United States,2007-03-31,1780-BRA-USA-39171,Complementa,CityVisited: 'Camp David'
545,Luiz Inácio Lula da Silva,India,2007-06-03,1780-BRA-IND-39236,Complementa,CityVisited: 'New Delhi'
546,Luiz Inácio Lula da Silva,Germany,2007-06-07,1780-BRA-DEU-39238,Complementa,CityVisited: 'Heiligendamm'
547,Luiz Inácio Lula da Silva,Portugal,2007-07-04,1780-BRA-PRT-39267,Complementa,CityVisited: 'Lisbon'
548,Luiz Inácio Lula da Silva,Sweden,2007-09-11,1780-BRA-SWE-39336,Complementa,CityVisited: 'Stockholm'
549,Luiz Inácio Lula da Silva,Denmark,2007-09-12,1780-BRA-DNK-39337,Complementa,CityVisited: 'Copenhagen'
550,Luiz Inácio Lula da Silva,Norway,2007-09-13,1780-BRA-NOR-39338,Complementa,CityVisited: 'Oslo'
551,Luiz Inácio Lula da Silva,United States,2007-09-25,1780-BRA-USA-39349,Complementa,CityVisited: 'New York'
552,Luiz Inácio Lula da Silva,Burkina Faso,2007-10-15,1780-BRA-BFA-39370,Complementa,CityVisited: 'Ouagadougou'
553,Luiz Inácio Lula da Silva,Republic of the Congo,2007-10-16,,Complementa (viaje ausente en COLT),COLT no registra ningun viaje de Brazil a Republic of the Congo en fechas 2007-10-16 - 2007-10-16
554,Luiz Inácio Lula da Silva,South Africa,2007-10-17,1780-BRA-ZAF-39372,Complementa,CityVisited: 'Pretoria'
555,Luiz Inácio Lula da Silva,Angola,2007-10-18,1780-BRA-AGO-39372,Complementa,CityVisited: 'Luanda'
556,Luiz Inácio Lula da Silva,Chile,2007-11-08,1780-BRA-CHL-39394,Complementa,CityVisited: 'Santiago'
557,Luiz Inácio Lula da Silva,Japan,2008-07-08,1780-BRA-JPN-39636,Complementa,CityVisited: 'Toyako'
558,Luiz Inácio Lula da Silva,Vietnam,2008-07-09,1780-BRA-VNM-39639,Complementa,CityVisited: 'Hanoi'
559,Luiz Inácio Lula da Silva,East Timor,2008-07-11,,Complementa (viaje ausente en COLT),COLT no registra ningun viaje de Brazil a East Timor en fechas 2008-07-11 - 2008-07-11
560,Luiz Inácio Lula da Silva,Indonesia,2008-07-11,1780-BRA-IDN-39641,Complementa,CityVisited: 'Jakarta'
561,Luiz Inácio Lula da Silva,Bolivia,2008-07-18,1780-BRA-BOL-39647,Complementa,CityVisited: 'La Paz'
562,Luiz Inácio Lula da Silva,Colombia,2008-07-19,1780-BRA-COL-39648,Complementa,CityVisited: 'Bogotá'
563,Luiz Inácio Lula da Silva,Portugal,2008-07-24,1780-BRA-PRT-39653,Complementa,CityVisited: 'Lisbon'
564,Luiz Inácio Lula da Silva,Argentina,2008-08-03,1780-BRA-ARG-39663,Complementa,CityVisited: 'Buenos Aires'
565,Luiz Inácio Lula da Silva,China,2008-08-05,1780-BRA-CHN-39666,Complementa,CityVisited: 'Beijing'
566,Luiz Inácio Lula da Silva,Paraguay,2008-08-14,1780-BRA-PRY-39674,Complementa,CityVisited: 'Asunción'
567,Luiz Inácio Lula da Silva,Chile,2008-09-15,1780-BRA-CHL-39706,Complementa,CityVisited: 'Santiago'
568,Luiz Inácio Lula da Silva,United States,2008-09-21,1780-BRA-USA-39712,Complementa,CityVisited: 'New York'
569,Luiz Inácio Lula da Silva,Spain,2008-10-12,1780-BRA-ESP-39733,Complementa,CityVisited: 'Madrid'
570,Luiz Inácio Lula da Silva,India,2008-10-14,1780-BRA-IND-39735,Complementa,CityVisited: 'New Delhi'
571,Luiz Inácio Lula da Silva,Mozambique,2008-10-16,1780-BRA-MOZ-39737,Complementa,CityVisited: 'Maputo'
572,Luiz Inácio Lula da Silva,El Salvador,2008-10-29,1780-BRA-SLV-39750,Complementa,CityVisited: 'San Salvador'
573,Luiz Inácio Lula da Silva,United States,2008-11-14,1780-BRA-USA-39765,Complementa,CityVisited: 'Washington D.C.'
574,Luiz Inácio Lula da Silva,United States,2009-03-14,1780-BRA-USA-39885,Complementa,CityVisited: 'Washington D.C.'
575,Luiz Inácio Lula da Silva,Qatar,2009-03-30,1780-BRA-QAT-39901,Complementa,CityVisited: 'Doha'
576,Luiz Inácio Lula da Silva,United Kingdom,2009-04-01,1780-BRA-GBR-39904,Complementa,CityVisited: 'London'
577,Luiz Inácio Lula da Silva,Trinidad and Tobago,2009-04-17,1780-BRA-TTO-39920,Complementa,CityVisited: 'Port of Spain'
578,Luiz Inácio Lula da Silva,Saudi Arabia,2009-05-16,1780-BRA-SAU-39949,Complementa,CityVisited: 'Riyadh'
579,Luiz Inácio Lula da Silva,China,2009-05-18,1780-BRA-CHN-39951,Complementa,CityVisited: 'Beijing'
580,Luiz Inácio Lula da Silva,Turkey,2009-05-21,,Complementa (viaje ausente en COLT),COLT no registra ningun viaje de Brazil a Turkey en fechas 2009-05-21 - 2009-05-22
581,Luiz Inácio Lula da Silva,Switzerland,2009-06-15,1780-BRA-CHE-39977,Complementa,CityVisited: 'Geneva'
582,Luiz Inácio Lula da Silva,Russia,2009-06-16,1780-BRA-RUS-39980,Complementa,CityVisited: 'Yekaterinburg'
583,Luiz Inácio Lula da Silva,Italy,2009-07-08,1780-BRA-ITA-40001,Complementa,CityVisited: 'L'Aquila'
584,Luiz Inácio Lula da Silva,United States,2009-09-23,1780-BRA-USA-40077,Complementa,CityVisited: 'New York'
585,Luiz Inácio Lula da Silva,Venezuela,2009-09-26,1780-BRA-VEN-40081,Complementa,CityVisited: 'Isla Margarita'
586,Luiz Inácio Lula da Silva,Denmark,2009-10-01,1780-BRA-DNK-40085,Complementa,CityVisited: 'Copenhagen'
587,Luiz Inácio Lula da Silva,Denmark,2009-12-17,1780-BRA-DNK-40162,Complementa,CityVisited: 'Copenhagen'
589,Luiz Inácio Lula da Silva,Mexico,2010-02-22,1780-BRA-MEX-40230,Complementa,CityVisited: 'Cancún'
590,Luiz Inácio Lula da Silva,Haiti,2010-02-25,1780-BRA-HTI-40234,Complementa,CityVisited: 'Port-au-Prince'
591,Luiz Inácio Lula da Silva,Israel,2010-03-15,1780-BRA-ISR-40251,Complementa,CityVisited: 'Jerusalem'
592,Luiz Inácio Lula da Silva,Palestine,2010-03-17,1780-BRA-PSE-40253,Complementa,CityVisited: 'Ramallah'
593,Luiz Inácio Lula da Silva,Jordan,2010-03-17,1780-BRA-JOR-40254,Complementa,CityVisited: 'Amman'
594,Luiz Inácio Lula da Silva,United States,2010-04-12,1780-BRA-USA-40279,Complementa,CityVisited: 'Washington D.C.'
595,Luiz Inácio Lula da Silva,Russia,2010-05-13,1780-BRA-RUS-40311,Complementa,CityVisited: 'Moscow'
596,Luiz Inácio Lula da Silva,Iran,2010-05-16,1780-BRA-IRN-40313,Complementa,CityVisited: 'Tehran'
597,Luiz Inácio Lula da Silva,Spain,2010-05-18,1780-BRA-ESP-40315,Complementa,CityVisited: 'Madrid'
598,Luiz Inácio Lula da Silva,Argentina,2010-05-25,1780-BRA-ARG-40323,Complementa,CityVisited: 'Buenos Aires'
600,Luiz Inácio Lula da Silva,Cape Verde,2010-07-02,,Complementa (viaje ausente en COLT),COLT no registra ningun viaje de Brazil a Cape Verde en fechas 2010-07-02 - 2010-07-04
601,Luiz Inácio Lula da Silva,Equatorial Guinea,2010-07-04,1780-BRA-GNQ-40363,Complementa,CityVisited: 'Malabo'
602,Luiz Inácio Lula da Silva,Kenya,2010-07-06,1780-BRA-KEN-40364,Complementa,CityVisited: 'Nairobi'
603,Luiz Inácio Lula da Silva,Tanzania,2010-07-06,1780-BRA-TZA-40365,Complementa,CityVisited: 'Dar es Salaam'
604,Luiz Inácio Lula da Silva,Zambia,2010-07-07,1780-BRA-ZMB-40366,Complementa,CityVisited: 'Lusaka'
605,Luiz Inácio Lula da Silva,South Africa,2010-07-09,1780-BRA-ZAF-40367,Complementa,CityVisited: 'Johannesburg'
606,Luiz Inácio Lula da Silva,Mozambique,2010-11-09,1780-BRA-MOZ-40490,Complementa,CityVisited: 'Maputo'
607,Luiz Inácio Lula da Silva,South Korea,2010-11-11,1780-BRA-KOR-40493,Complementa,CityVisited: 'Seoul'
608,Luiz Inácio Lula da Silva,Guyana,2010-11-25,1780-BRA-GUY-40507,Complementa,CityVisited: 'Georgetown'
609,Luiz Inácio Lula da Silva,Argentina,2010-12-03,1780-BRA-ARG-40515,Complementa,CityVisited: 'Mar del Plata'
610,Dilma Rousseff,Argentina,2011-01-31,2652-BRA-ARG-40574,Complementa,CityVisited: 'Buenos Aires'
611,Dilma Rousseff,China,2011-04-11,2652-BRA-CHN-40643,Complementa,CityVisited: 'Beijing'
612,Dilma Rousseff,United States,2011-09-19,2652-BRA-USA-40807,Complementa,CityVisited: 'New York'
613,Dilma Rousseff,Belgium,2011-10-03,2652-BRA-BEL-40818,Complementa,CityVisited: 'Brussels'
614,Dilma Rousseff,Bulgaria,2011-10-05,2652-BRA-BGR-40821,Complementa,CityVisited: 'Sofia'
615,Dilma Rousseff,South Africa,2011-10-18,2652-BRA-ZAF-40833,Complementa,CityVisited: 'Pretoria'
616,Dilma Rousseff,France,2011-11-03,2652-BRA-FRA-40848,Complementa,CityVisited: 'Cannes'
617,Dilma Rousseff,Venezuela,2011-12-02,2652-BRA-VEN-40878,Complementa,CityVisited: 'Caracas'
618,Dilma Rousseff,Uruguay,2011-12-20,2652-BRA-URY-40897,Complementa,CityVisited: 'Montevideo'
619,Dilma Rousseff,Germany,2012-03-05,2652-BRA-DEU-40973,Complementa,CityVisited: 'Hannover'
620,Dilma Rousseff,India,2012-03-28,2652-BRA-IND-40995,Complementa,CityVisited: 'New Delhi'
621,Dilma Rousseff,United States,2012-04-09,2652-BRA-USA-41007,Complementa,CityVisited: 'Washington D.C.'
622,Dilma Rousseff,Colombia,2012-04-14,2652-BRA-COL-41013,Complementa,CityVisited: 'Cartagena'
623,Dilma Rousseff,Mexico,2012-06-18,,Complementa (viaje ausente en COLT),COLT no registra ningun viaje de Brazil a Mexico en fechas 2012-06-18 - 2012-06-19
624,Dilma Rousseff,Argentina,2012-06-29,2652-BRA-ARG-41089,Complementa,CityVisited: 'Mendoza'
625,Dilma Rousseff,United States,2012-09-23,2652-BRA-USA-41175,Complementa,CityVisited: 'New York'
626,Dilma Rousseff,Peru,2012-10-01,2652-BRA-PER-41184,Complementa,CityVisited: 'Lima'
627,Dilma Rousseff,Chile,2013-01-26,2652-BRA-CHL-41300,Complementa,CityVisited: 'Santiago'
628,Dilma Rousseff,Vatican City,2013-03-19,,Complementa (viaje ausente en COLT),COLT no registra ningun viaje de Brazil a Vatican City en fechas 2013-03-19 - 2013-03-19
629,Dilma Rousseff,South Africa,2013-03-26,2652-BRA-ZAF-41359,Complementa,CityVisited: 'Durban'
630,Dilma Rousseff,Ethiopia,2013-05-25,2652-BRA-ETH-41418,Complementa,CityVisited: 'Addis Ababa'
631,Dilma Rousseff,Russia,2013-09-05,2652-BRA-RUS-41520,Complementa,CityVisited: 'Saint Petersburg'
632,Dilma Rousseff,United States,2013-09-24,2652-BRA-USA-41540,Complementa,CityVisited: 'New York'
634,Dilma Rousseff,Cuba,2014-01-27,2652-BRA-CUB-41666,Complementa,CityVisited: 'Havana'
635,Dilma Rousseff,Bolivia,2014-06-14,,Complementa (viaje ausente en COLT),COLT no registra ningun viaje de Brazil a Bolivia en fechas 2014-06-14 - 2014-06-15
636,Dilma Rousseff,United States,2014-09-24,2652-BRA-USA-41905,Complementa,CityVisited: 'New York'
637,Dilma Rousseff,Australia,2014-11-15,2652-BRA-AUS-41956,Complementa,CityVisited: 'Brisbane'
638,Dilma Rousseff,Argentina,2014-12-17,2652-BRA-ARG-41990,Complementa,CityVisited: 'Paraná'
639,Dilma Rousseff,Costa Rica,2015-01-28,2652-BRA-CRI-42032,Complementa,CityVisited: 'Belén'
640,Dilma Rousseff,Panama,2015-04-10,2652-BRA-PAN-42104,Complementa,CityVisited: 'Panama City'
641,Dilma Rousseff,Mexico,2015-05-26,2652-BRA-MEX-42150,Complementa,CityVisited: 'Mexico City'
642,Dilma Rousseff,United States,2015-06-27,2652-BRA-USA-42182,Complementa,CityVisited: 'Washington D.C.'
643,Dilma Rousseff,Russia,2015-07-08,2652-BRA-RUS-42192,Complementa,CityVisited: 'Ufa'
644,Dilma Rousseff,United States,2015-09-25,2652-BRA-USA-42272,Complementa,CityVisited: 'New York'
645,Dilma Rousseff,Sweden,2015-10-19,2652-BRA-SWE-42295,Complementa,CityVisited: 'Stockholm'
646,Dilma Rousseff,Finland,2015-10-20,2652-BRA-FIN-42297,Complementa,CityVisited: 'Helsinki'
647,Dilma Rousseff,Turkey,2015-11-15,,Complementa (viaje ausente en COLT),COLT no registra ningun viaje de Brazil a Turkey en fechas 2015-11-15 - 2015-11-16
648,Dilma Rousseff,France,2015-11-30,2652-BRA-FRA-42336,Complementa,CityVisited: 'Paris'
649,Dilma Rousseff,Paraguay,2015-12-21,,Complementa (viaje ausente en COLT),COLT no registra ningun viaje de Brazil a Paraguay en fechas 2015-12-21 - 2015-12-21
650,Dilma Rousseff,Ecuador,2016-01-27,2652-BRA-ECU-42395,Complementa,CityVisited: 'Quito'
651,Dilma Rousseff,United States,2016-04-22,2652-BRA-USA-42482,Complementa,CityVisited: 'New York'
652,Michel Temer,China,2016-09-02,3224-BRA-CHN-42615,Complementa,CityVisited: 'Hangzhou'
653,Michel Temer,United States,2016-09-20,3224-BRA-USA-42633,Complementa,CityVisited: 'New York'
654,Michel Temer,Argentina,2016-10-03,,Complementa (viaje ausente en COLT),COLT no registra ningun viaje de Brazil a Argentina en fechas 2016-10-03 - 2016-10-03
655,Michel Temer,India,2016-10-15,3224-BRA-IND-42658,Complementa,CityVisited: 'Goa'
656,Michel Temer,Japan,2016-10-18,3224-BRA-JPN-42660,Complementa,CityVisited: 'Tokyo'
657,Michel Temer,Portugal,2017-01-10,3224-BRA-PRT-42745,Complementa,CityVisited: 'Lisbon'
658,Michel Temer,Russia,2017-06-20,3224-BRA-RUS-42906,Complementa,CityVisited: 'Moscow'
659,Michel Temer,Norway,2017-06-22,3224-BRA-NOR-42908,Complementa,CityVisited: 'Oslo'
660,Michel Temer,Germany,2017-07-07,3224-BRA-DEU-42923,Complementa,CityVisited: 'Hamburg'
661,Michel Temer,China,2017-08-31,3224-BRA-CHN-42978,Complementa,CityVisited: 'Beijing'
662,Michel Temer,United States,2017-09-19,3224-BRA-USA-42997,Complementa,CityVisited: 'New York'
663,Michel Temer,Switzerland,2018-01-24,3224-BRA-CHE-43123,Complementa,CityVisited: 'Davos'
664,Michel Temer,Peru,2018-04-13,3224-BRA-PER-43203,Complementa,CityVisited: 'Lima'
665,Michel Temer,South Africa,2018-07-26,3224-BRA-ZAF-43306,Complementa,CityVisited: 'Johannesburg'
666,Michel Temer,Paraguay,2018-08-15,,Complementa (viaje ausente en COLT),COLT no registra ningun viaje de Brazil a Paraguay en fechas 2018-08-15 - 2018-08-15
667,Michel Temer,United States,2018-09-25,3224-BRA-USA-43367,Complementa,CityVisited: 'New York'
668,Michel Temer,Argentina,2018-11-30,3224-BRA-ARG-43434,Complementa,CityVisited: 'Buenos Aires'
669,Michel Temer,Uruguay,2018-12-18,3224-BRA-URY-43452,Complementa,CityVisited: 'Montevideo'
670,Jair Bolsonaro,Switzerland,2019-01-22,3531-BRA-CHE-43487,Complementa,CityVisited: 'Davos'
671,Jair Bolsonaro,United States,2019-03-18,3531-BRA-USA-43542,Complementa,CityVisited: 'Washington D.C.'
672,Jair Bolsonaro,Chile,2019-03-22,3531-BRA-CHL-43546,Complementa,CityVisited: 'Santiago'
673,Jair Bolsonaro,Israel,2019-03-31,3531-BRA-ISR-43554,Complementa,CityVisited: 'Jerusalem'
674,Jair Bolsonaro,Argentina,2019-06-06,3531-BRA-ARG-43622,Complementa,CityVisited: 'Buenos Aires'
675,Jair Bolsonaro,Japan,2019-06-28,3531-BRA-JPN-43643,Complementa,CityVisited: 'Osaka'
676,Jair Bolsonaro,Argentina,2019-07-17,3531-BRA-ARG-43663,Complementa,CityVisited: 'Santa Fe'
677,Jair Bolsonaro,United States,2019-09-24,3531-BRA-USA-43731,Complementa,CityVisited: 'New York'
678,Jair Bolsonaro,Japan,2019-10-22,3531-BRA-JPN-43759,Complementa,CityVisited: 'Tokyo'
679,Jair Bolsonaro,China,2019-10-24,3531-BRA-CHN-43762,Complementa,CityVisited: 'Beijing'
680,Jair Bolsonaro,United Arab Emirates,2019-10-26,3531-BRA-ARE-43764,Complementa,CityVisited: 'Abu Dhabi'
681,Jair Bolsonaro,Qatar,2019-10-28,3531-BRA-QAT-43766,Complementa,CityVisited: 'Doha'
682,Jair Bolsonaro,Saudi Arabia,2019-10-29,3531-BRA-SAU-43767,Complementa,CityVisited: 'Riyadh'
683,Jair Bolsonaro,India,2020-01-24,3531-BRA-IND-43855,Complementa,CityVisited: 'New Delhi'
684,Jair Bolsonaro,Uruguay,2020-03-01,3531-BRA-URY-43891,Complementa,CityVisited: 'Montevideo'
685,Jair Bolsonaro,United States,2020-03-07,3531-BRA-USA-43897,Complementa,CityVisited: 'Palm Beach'
686,Jair Bolsonaro,Ecuador,2021-05-24,3531-BRA-ECU-44339,Complementa,CityVisited: 'Quito'
687,Jair Bolsonaro,United States,2021-09-19,3531-BRA-USA-44458,Complementa,CityVisited: 'New York'
688,Jair Bolsonaro,Italy,2021-10-29,3531-BRA-ITA-44498,Complementa,CityVisited: 'Rome'
689,Jair Bolsonaro,United Arab Emirates,2021-11-13,3531-BRA-ARE-44513,Complementa,CityVisited: 'Dubai'
690,Jair Bolsonaro,Bahrain,2021-11-16,3531-BRA-BHR-44516,Complementa,CityVisited: 'Manama'
691,Jair Bolsonaro,Qatar,2021-11-17,3531-BRA-QAT-44517,Complementa,CityVisited: 'Doha'
692,Jair Bolsonaro,Russia,2022-02-15,3531-BRA-RUS-44607,Complementa,CityVisited: 'Moscow'
693,Jair Bolsonaro,Hungary,2022-02-17,3531-BRA-HUN-44609,Complementa,CityVisited: 'Budapest'
694,Jair Bolsonaro,United States,2022-06-08,3531-BRA-USA-44719,Complementa,CityVisited: 'Los Angeles'
695,Jair Bolsonaro,United Kingdom,2022-09-18,3531-BRA-GBR-44823,Complementa,CityVisited: 'London'
696,Jair Bolsonaro,United States,2022-09-20,3531-BRA-USA-44823,Complementa,CityVisited: 'New York'
697,Jair Bolsonaro,United States,2022-12-30,3531-BRA-USA-44925,Complementa,CityVisited: 'Orlando'
699,Luiz Inácio Lula da Silva,Argentina,2023-01-23,1780-BRA-ARG-44948,Complementa,CityVisited: 'Buenos Aires'
700,Luiz Inácio Lula da Silva,Uruguay,2023-01-25,1780-BRA-URY-44951,Complementa,CityVisited: 'Montevideo'
701,Luiz Inácio Lula da Silva,United States,2023-02-10,3531-BRA-USA-44925,Complementa,CityVisited: 'Washington D.C.'
702,Luiz Inácio Lula da Silva,China,2023-04-12,1780-BRA-CHN-45028,Complementa,CityVisited: 'Beijing'
703,Luiz Inácio Lula da Silva,United Arab Emirates,2023-04-15,1780-BRA-ARE-45031,Complementa,CityVisited: 'Abu Dhabi'
704,Luiz Inácio Lula da Silva,Portugal,2023-04-22,1780-BRA-PRT-45038,Complementa,CityVisited: 'Lisbon'
705,Luiz Inácio Lula da Silva,Spain,2023-04-25,1780-BRA-ESP-45041,Complementa,CityVisited: 'Madrid'
706,Luiz Inácio Lula da Silva,United Kingdom,2023-05-05,1780-BRA-GBR-45051,Complementa,CityVisited: 'London'
707,Luiz Inácio Lula da Silva,Japan,2023-05-19,1780-BRA-JPN-45064,Complementa,CityVisited: 'Hiroshima'
708,Luiz Inácio Lula da Silva,Vatican City,2023-06-21,,Complementa (viaje ausente en COLT),COLT no registra ningun viaje de Brazil a Vatican City en fechas 2023-06-21 - 2023-06-21
709,Luiz Inácio Lula da Silva,France,2023-06-22,1780-BRA-FRA-45098,Complementa,CityVisited: 'Paris'
710,Luiz Inácio Lula da Silva,Belgium,2023-07-17,1780-BRA-BEL-45123,Complementa,CityVisited: 'Brussels'
711,Luiz Inácio Lula da Silva,South Africa,2023-08-22,1780-BRA-ZAF-45159,Complementa,CityVisited: 'Johannesburg'
712,Luiz Inácio Lula da Silva,India,2023-09-08,1780-BRA-IND-45176,Complementa,CityVisited: 'New Delhi'
713,Luiz Inácio Lula da Silva,Cuba,2023-09-15,1780-BRA-CUB-45184,Complementa,CityVisited: 'Havana'
714,Luiz Inácio Lula da Silva,United States,2023-09-18,1780-BRA-USA-45186,Complementa,CityVisited: 'New York'
715,Luiz Inácio Lula da Silva,Saudi Arabia,2023-11-28,1780-BRA-SAU-45258,Complementa,CityVisited: 'Riyadh'
716,Luiz Inácio Lula da Silva,United Arab Emirates,2023-11-30,1780-BRA-ARE-45260,Complementa,CityVisited: 'Dubai'
717,Luiz Inácio Lula da Silva,Germany,2023-12-03,1780-BRA-DEU-45263,Complementa,CityVisited: 'Berlin'
718,Luiz Inácio Lula da Silva,Egypt,2024-02-14,1780-BRA-EGY-45336,Complementa,CityVisited: 'Cairo'
719,Luiz Inácio Lula da Silva,Ethiopia,2024-02-17,1780-BRA-ETH-45337,Complementa,CityVisited: 'Addis Ababa'
720,Luiz Inácio Lula da Silva,Guyana,2024-02-28,1780-BRA-GUY-45350,Complementa,CityVisited: 'Georgetown'
721,Luiz Inácio Lula da Silva,Saint Vincent and the Grenadines,2024-03-01,1780-BRA-VCT-45351,Complementa,CityVisited: 'Kingstown'
722,Luiz Inácio Lula da Silva,Paraguay,2024-07-08,1780-BRA-PRY-45481,Complementa,CityVisited: 'Asunción'
723,Luiz Inácio Lula da Silva,Chile,2024-08-05,1780-BRA-CHL-45508,Complementa,CityVisited: 'Santiago'
724,Luiz Inácio Lula da Silva,United States,2024-09-22,1780-BRA-USA-45556,Complementa,CityVisited: 'New York'
726,Luiz Inácio Lula da Silva,Uruguay,2025-03-01,1780-BRA-URY-45716,No aporta,COLT ya tiene el dato completo equivalente
727,Luiz Inácio Lula da Silva,Japan,2025-03-24,1780-BRA-JPN-45740,No aporta,COLT ya tiene el dato completo equivalente
728,Luiz Inácio Lula da Silva,Vietnam,2025-03-27,1780-BRA-VNM-45743,No aporta,COLT ya tiene el dato completo equivalente
729,Luiz Inácio Lula da Silva,Honduras,2025-04-09,1780-BRA-HND-45755,No aporta,COLT ya tiene el dato completo equivalente
730,Luiz Inácio Lula da Silva,Russia,2025-05-08,1780-BRA-RUS-45783,No aporta,COLT ya tiene el dato completo equivalente
731,Luiz Inácio Lula da Silva,China,2025-05-12,1780-BRA-CHN-45787,No aporta,COLT ya tiene el dato completo equivalente
732,Luiz Inácio Lula da Silva,France,2025-06-05,1780-BRA-FRA-45811,No aporta,COLT ya tiene el dato completo equivalente
733,Luiz Inácio Lula da Silva,United States,2025-09-23,1780-BRA-USA-45922,No aporta,COLT ya tiene el dato completo equivalente
734,Luiz Inácio Lula da Silva,Malaysia,2025-10-25,1780-BRA-MYS-45955,No aporta,COLT ya tiene el dato completo equivalente
735,Luiz Inácio Lula da Silva,Colombia,2025-11-09,1780-BRA-COL-45970,No aporta,COLT ya tiene el dato completo equivalente
736,Luiz Inácio Lula da Silva,Spain,2026-04-16,,Complementa (viaje ausente en COLT),COLT no registra ningun viaje de Brazil a Spain en fechas 2026-04-16 - 2026-04-18
737,Luiz Inácio Lula da Silva,Germany,2026-04-19,,Complementa (viaje ausente en COLT),COLT no registra ningun viaje de Brazil a Germany en fechas 2026-04-19 - 2026-04-20
738,Luiz Inácio Lula da Silva,Portugal,2026-04-21,,Complementa (viaje ausente en COLT),COLT no registra ningun viaje de Brazil a Portugal en fechas 2026-04-21 - 2026-04-21
739,Luiz Inácio Lula da Silva,United States,2026-05-06,,Complementa (viaje ausente en COLT),COLT no registra ningun viaje de Brazil a United States en fechas 2026-05-06 - 2026-05-08
740,Luiz Inácio Lula da Silva,Switzerland,2026-06-15,,Complementa (viaje ausente en COLT),COLT no registra ningun viaje de Brazil a Switzerland en fechas 2026-06-15 - 2026-06-15
741,Luiz Inácio Lula da Silva,France,2026-06-15,,Complementa (viaje ausente en COLT),COLT no registra ningun viaje de Brazil a France en fechas 2026-06-15 - 2026-06-17
742,Luiz Inácio Lula da Silva,Paraguay,2026-06-30,,Complementa (viaje ausente en COLT),COLT no registra ningun viaje de Brazil a Paraguay en fechas 2026-06-30 - 2026-06-30
743,Luiz Inácio Lula da Silva,South Africa,2025-11-21,1780-BRA-ZAF-45982,No aporta,COLT ya tiene el dato completo equivalente
744,Luiz Inácio Lula da Silva,Mozambique,2025-11-23,1780-BRA-MOZ-45984,No aporta,COLT ya tiene el dato completo equivalente
745,Luiz Inácio Lula da Silva,Panama,2026-01-27,,Complementa (viaje ausente en COLT),COLT no registra ningun viaje de Brazil a Panama en fechas 2026-01-27 - 2026-01-28
746,Luiz Inácio Lula da Silva,India,2026-02-18,,Complementa (viaje ausente en COLT),COLT no registra ningun viaje de Brazil a India en fechas 2026-02-18 - 2026-02-22
747,Luiz Inácio Lula da Silva,South Korea,2026-02-22,,Complementa (viaje ausente en COLT),COLT no registra ningun viaje de Brazil a South Korea en fechas 2026-02-22 - 2026-02-24
748,Luiz Inácio Lula da Silva,United Arab Emirates,2026-02-24,,Complementa (viaje ausente en COLT),COLT no registra ningun viaje de Brazil a United Arab Emirates en fechas 2026-02-24 - 2026-02-25
749,Luiz Inácio Lula da Silva,Colombia,2026-03-21,,Complementa (viaje ausente en COLT),COLT no registra ningun viaje de Brazil a Colombia en fechas 2026-03-21 - 2026-03-21
750,Luiz Inácio Lula da Silva,United States,2009-09-24,1780-BRA-USA-40077,Complementa,CityVisited: 'Pittsburgh'
751,Luiz Inácio Lula da Silva,Bolivia,2024-07-09,1780-BRA-BOL-45481,Complementa,CityVisited: 'Santa Cruz de la Sierra'
752,Luiz Inácio Lula da Silva,Guyana,2007-03-02,1780-BRA-GUY-39143,Complementa,CityVisited: 'Georgetown'
753,Luiz Inácio Lula da Silva,Venezuela,2007-04-16,1780-BRA-VEN-39188,Complementa,CityVisited: 'Isla Margarita'
754,Luiz Inácio Lula da Silva,Paraguay,2007-06-27,1780-BRA-PRY-39261,Complementa,CityVisited: 'Asunción'
755,Luiz Inácio Lula da Silva,Mexico,2007-08-06,1780-BRA-MEX-39299,Complementa,CityVisited: 'Ciudad de México'
756,Luiz Inácio Lula da Silva,Honduras,2007-08-07,1780-BRA-HND-39301,Complementa,CityVisited: 'Tegucigalpa'
757,Luiz Inácio Lula da Silva,Nicaragua,2007-08-08,1780-BRA-NIC-39301,Complementa,CityVisited: 'Managua'
758,Luiz Inácio Lula da Silva,Jamaica,2007-08-08,1780-BRA-JAM-39302,Complementa,CityVisited: 'Kingston'
759,Luiz Inácio Lula da Silva,Panama,2007-08-10,1780-BRA-PAN-39303,Complementa,CityVisited: 'Panama City'
760,Luiz Inácio Lula da Silva,Bolivia,2007-12-17,1780-BRA-BOL-39432,Complementa,CityVisited: 'La Paz'
761,Luiz Inácio Lula da Silva,Uruguay,2007-12-18,1780-BRA-URY-39433,Complementa,CityVisited: 'Montevideo'
762,Luiz Inácio Lula da Silva,Paraguay,2009-07-24,1780-BRA-PRY-40018,Complementa,CityVisited: 'Asunción'
763,Luiz Inácio Lula da Silva,Ecuador,2009-08-10,1780-BRA-ECU-40034,Complementa,CityVisited: 'Quito'
764,Luiz Inácio Lula da Silva,Bolivia,2009-08-22,1780-BRA-BOL-40047,Complementa,CityVisited: 'Villa Tunari'
765,Luiz Inácio Lula da Silva,Argentina,2009-08-28,1780-BRA-ARG-40052,Complementa,CityVisited: 'Bariloche'
766,Luiz Inácio Lula da Silva,Argentina,2010-10-28,1780-BRA-ARG-40479,Complementa,CityVisited: 'Buenos Aires'
767,Luiz Inácio Lula da Silva,Guatemala,2008-01-14,1780-BRA-GTM-39461,Complementa,CityVisited: 'Ciudad de Guatemala'
768,Luiz Inácio Lula da Silva,Cuba,2008-01-15,1780-BRA-CUB-39461,Complementa,CityVisited: 'Havana'
769,Luiz Inácio Lula da Silva,Uruguay,2010-03-01,1780-BRA-URY-40238,Complementa,CityVisited: 'Montevideo'
770,Luiz Inácio Lula da Silva,Chile,2010-03-01,1780-BRA-CHL-40238,Complementa,CityVisited: 'Santiago'
771,Luiz Inácio Lula da Silva,Argentina,2010-08-02,1780-BRA-ARG-40392,Complementa,CityVisited: 'San Juan'
772,Luiz Inácio Lula da Silva,Venezuela,2010-08-06,1780-BRA-VEN-40396,Complementa,CityVisited: 'Caracas'
773,Luiz Inácio Lula da Silva,Colombia,2010-08-07,1780-BRA-COL-40396,Complementa,CityVisited: 'Bogotá'
774,Luiz Inácio Lula da Silva,Netherlands,2008-04-10,1780-BRA-NLD-39547,Complementa,CityVisited: 'La Haya'
775,Luiz Inácio Lula da Silva,Czechia,2008-04-11,1780-BRA-CZE-39549,Complementa,CityVisited: 'Praga'
776,Luiz Inácio Lula da Silva,Ghana,2008-04-20,1780-BRA-GHA-39557,Complementa,CityVisited: 'Accra'
777,Luiz Inácio Lula da Silva,Italy,2008-11-10,1780-BRA-ITA-39761,Complementa,CityVisited: 'Roma'
778,Luiz Inácio Lula da Silva,Kazakhstan,2009-06-17,1780-BRA-KAZ-39980,Complementa,CityVisited: 'Astana'
779,Luiz Inácio Lula da Silva,El Salvador,2009-06-01,1780-BRA-SLV-39964,Complementa,CityVisited: 'San Salvador'
780,Luiz Inácio Lula da Silva,Portugal,2009-11-29,1780-BRA-PRT-40146,Complementa,CityVisited: 'Estoril'
781,Dilma Rousseff,Venezuela,2013-03-08,2652-BRA-VEN-41340,Complementa,CityVisited: 'Caracas'
782,Dilma Rousseff,Chile,2014-03-10,2652-BRA-CHL-41709,Complementa,CityVisited: 'Valparaíso'
783,Dilma Rousseff,Argentina,2015-12-10,2652-BRA-ARG-42348,Complementa,CityVisited: 'Buenos Aires'
784,Luiz Inácio Lula da Silva,Argentina,2003-05-25,1780-BRA-ARG-37766,Complementa,CityVisited: 'Buenos Aires'
785,Luiz Inácio Lula da Silva,Paraguay,2003-06-17,1780-BRA-PRY-37789,Complementa,CityVisited: 'Asunción'
786,Luiz Inácio Lula da Silva,Colombia,2003-06-27,1780-BRA-COL-37799,Complementa,CityVisited: 'El Carmen de Viboral'
787,Luiz Inácio Lula da Silva,Portugal,2003-07-10,1780-BRA-PRT-37811,Complementa,CityVisited: 'Lisbon'
788,Luiz Inácio Lula da Silva,United Kingdom,2003-07-13,1780-BRA-GBR-37813,Complementa,CityVisited: 'London'
789,Luiz Inácio Lula da Silva,Spain,2003-07-14,1780-BRA-ESP-37817,Complementa,CityVisited: 'Madrid'
790,Luiz Inácio Lula da Silva,Paraguay,2003-08-14,1780-BRA-PRY-37847,Complementa,CityVisited: 'Asunción'
791,Luiz Inácio Lula da Silva,Peru,2003-08-24,1780-BRA-PER-37857,Complementa,CityVisited: 'Lima'
792,Luiz Inácio Lula da Silva,Venezuela,2003-08-26,1780-BRA-VEN-37858,Complementa,CityVisited: 'Ciudad Guayana'
793,Luiz Inácio Lula da Silva,Mexico,2003-09-25,1780-BRA-MEX-37886,Complementa,CityVisited: 'Mexico City'
794,Luiz Inácio Lula da Silva,Argentina,2003-10-16,1780-BRA-ARG-37909,Complementa,CityVisited: 'Buenos Aires'
795,Luiz Inácio Lula da Silva,Spain,2003-10-23,1780-BRA-ESP-37918,Complementa,CityVisited: 'Oviedo'
796,Luiz Inácio Lula da Silva,Ukraine,2004-05-21,1780-BRA-UKR-38129,Complementa,CityVisited: 'Kiev'
797,Luiz Inácio Lula da Silva,Argentina,2004-07-07,1780-BRA-ARG-38175,Complementa,CityVisited: 'Puerto Iguazú'
798,Luiz Inácio Lula da Silva,Bolivia,2004-07-09,1780-BRA-BOL-38176,Complementa,CityVisited: 'Santa Cruz de la Sierra'
799,Luiz Inácio Lula da Silva,Paraguay,2004-08-13,1780-BRA-PRY-38212,Complementa,CityVisited: 'Asunción'
800,Luiz Inácio Lula da Silva,Dominican Republic,2004-08-16,1780-BRA-DOM-38214,Complementa,CityVisited: 'Santo Domingo'
801,Luiz Inácio Lula da Silva,Haiti,2004-08-18,1780-BRA-HTI-38217,Complementa,CityVisited: 'Port-au-Prince'
802,Luiz Inácio Lula da Silva,Chile,2004-08-23,1780-BRA-CHL-38221,Complementa,CityVisited: 'Santiago'
803,Luiz Inácio Lula da Silva,Ecuador,2004-08-24,1780-BRA-ECU-38223,Complementa,CityVisited: 'Quito'
804,Luiz Inácio Lula da Silva,Colombia,2005-01-19,1780-BRA-COL-38371,Complementa,CityVisited: 'Leticia'
805,Luiz Inácio Lula da Silva,Switzerland,2005-01-28,1780-BRA-CHE-38379,Complementa,CityVisited: 'Davos'
806,Luiz Inácio Lula da Silva,Cameroon,2005-04-10,1780-BRA-CMR-38452,Complementa,CityVisited: 'Yaoundé'
807,Luiz Inácio Lula da Silva,Nigeria,2005-04-11,1780-BRA-NGA-38453,Complementa,CityVisited: 'Abuja'
808,Luiz Inácio Lula da Silva,Ghana,2005-04-12,1780-BRA-GHA-38454,Complementa,CityVisited: 'Accra'
809,Luiz Inácio Lula da Silva,Guinea-Bissau,2005-04-13,1780-BRA-GNB-38455,Complementa,CityVisited: 'Bissau'
810,Luiz Inácio Lula da Silva,Senegal,2005-04-13,1780-BRA-SEN-38455,Complementa,CityVisited: 'Dakar'
811,Luiz Inácio Lula da Silva,United States,2005-09-14,1780-BRA-USA-38608,Complementa,CityVisited: 'New York'
812,Luiz Inácio Lula da Silva,Japan,2005-05-26,1780-BRA-JPN-38498,Complementa,CityVisited: 'Tokyo'
813,Fernando Henrique Cardoso,Uruguay,2000-03-01,,Complementa (viaje ausente en COLT),COLT no registra ningun viaje de Brazil a Uruguay en fechas 2000-03-01 - 2000-03-01
814,Fernando Henrique Cardoso,United States,2001-11-10,994-BRA-USA-37202,Complementa,CityVisited: 'New York'
815,Fernando Henrique Cardoso,Panama,2000-11-17,994-BRA-PAN-36847,Complementa,CityVisited: 'Panama City'
816,Fernando Henrique Cardoso,Paraguay,2001-06-21,994-BRA-PRY-37063,Complementa,CityVisited: 'Asuncion'
817,Fernando Henrique Cardoso,Peru,2001-11-23,994-BRA-PER-37218,Complementa,CityVisited: 'Lima'
818,Fernando Henrique Cardoso,Bolivia,2001-06-26,994-BRA-BOL-37069,Complementa,CityVisited: 'Yacuiba'
819,Fernando Henrique Cardoso,Argentina,2000-06-29,994-BRA-ARG-36705,Complementa,CityVisited: 'Buenos Aires'
820,Fernando Henrique Cardoso,Uruguay,2001-12-21,994-BRA-URY-37245,Complementa,CityVisited: 'Montevideo'
821,Fernando Henrique Cardoso,Argentina,2002-02-18,994-BRA-ARG-37304,Complementa,CityVisited: 'Olivos'
822,Fernando Henrique Cardoso,Argentina,2002-07-04,,Complementa (viaje ausente en COLT),COLT no registra ningun viaje de Brazil a Argentina en fechas 2002-07-04 - 2002-07-05
823,Luiz Inácio Lula da Silva,Algeria,2006-02-08,1780-BRA-DZA-38756,Complementa,CityVisited: 'Argel'
824,Luiz Inácio Lula da Silva,Benin,2006-02-10,1780-BRA-BEN-38757,Complementa,CityVisited: 'Cotonou'
825,Luiz Inácio Lula da Silva,Botswana,2006-02-11,1780-BRA-BWA-38759,Complementa,CityVisited: 'Gaborone'
826,Luiz Inácio Lula da Silva,South Africa,2006-02-11,1780-BRA-ZAF-38759,Complementa,CityVisited: 'Johannesburgo'
827,Luiz Inácio Lula da Silva,Argentina,2025-07-02,1780-BRA-ARG-45841,No aporta,COLT ya tiene el dato completo equivalente
828,Luiz Inácio Lula da Silva,Argentina,2025-07-03,1780-BRA-ARG-45841,No aporta,COLT ya tiene el dato completo equivalente
829,Ricardo Lagos,Argentina,2000-06-29,,Complementa (viaje ausente en COLT),COLT no registra ningun viaje de Chile a Argentina en fechas 2000-06-29 - 2000-06-30
830,Ricardo Lagos,United States,2000-09-06,1516-CHL-USA-36775,Complementa,CityVisited: 'New York'
831,Ricardo Lagos,Panama,2000-11-17,1516-CHL-PAN-36847,Complementa,CityVisited: 'Panama City'
832,Ricardo Lagos,Brunei,2000-11-15,1516-CHL-BRN-36845,Complementa,CityVisited: 'Bandar Seri Begawan'
833,Ricardo Lagos,Canada,2001-04-20,1516-CHL-CAN-37000,Complementa,CityVisited: 'Quebec City'
834,Ricardo Lagos,Spain,2001-06-03,1516-CHL-ESP-37046,Complementa,CityVisited: 'Madrid'
835,Ricardo Lagos,France,2001-06-07,,Complementa (viaje ausente en COLT),COLT no registra ningun viaje de Chile a France en fechas 2001-06-07 - 2001-06-08
836,Ricardo Lagos,Peru,2001-07-27,1516-CHL-PER-37100,Complementa,CityVisited: 'Lima'
837,Ricardo Lagos,Belgium,2001-09-12,1516-CHL-BEL-37146,Complementa,CityVisited: 'Brussels'
838,Ricardo Lagos,United Kingdom,2001-09-11,1516-CHL-GBR-37145,Complementa,CityVisited: 'London'
839,Ricardo Lagos,Peru,2001-11-23,1516-CHL-PER-37218,Complementa,CityVisited: 'Lima'
840,Ricardo Lagos,Mexico,2002-03-21,,Complementa (viaje ausente en COLT),COLT no registra ningun viaje de Chile a Mexico en fechas 2002-03-21 - 2002-03-22
841,Ricardo Lagos,Spain,2002-05-16,1516-CHL-ESP-37392,Complementa,CityVisited: 'Madrid'
842,Ricardo Lagos,Mexico,2002-10-26,1516-CHL-MEX-37555,Complementa,CityVisited: 'Los Cabos'
843,Ricardo Lagos,Dominican Republic,2002-11-15,,Complementa (viaje ausente en COLT),COLT no registra ningun viaje de Chile a Dominican Republic en fechas 2002-11-15 - 2002-11-16
844,Ricardo Lagos,Thailand,2003-10-20,1516-CHL-THA-37912,Complementa,CityVisited: 'Bangkok'
845,Ricardo Lagos,Bolivia,2003-11-14,1516-CHL-BOL-37939,Complementa,CityVisited: 'Santa Cruz de la Sierra'
846,Ricardo Lagos,Mexico,2004-01-12,1516-CHL-MEX-37997,Complementa,CityVisited: 'Monterrey'
847,Ricardo Lagos,Mexico,2004-05-28,1516-CHL-MEX-38135,Complementa,CityVisited: 'Guadalajara'
848,Ricardo Lagos,Indonesia,2004-04-28,1516-CHL-IDN-38105,Complementa,CityVisited: 'Jakarta'
849,Ricardo Lagos,Costa Rica,2004-11-19,,Complementa (viaje ausente en COLT),COLT no registra ningun viaje de Chile a Costa Rica en fechas 2004-11-19 - 2004-11-20
850,Ricardo Lagos,Uruguay,2005-03-01,1516-CHL-URY-38411,Complementa,CityVisited: 'Montevideo'
851,Ricardo Lagos,Spain,2005-10-14,1516-CHL-ESP-38637,Complementa,CityVisited: 'Salamanca'
852,Ricardo Lagos,Argentina,2005-11-04,1516-CHL-ARG-38660,Complementa,CityVisited: 'Mar del Plata'
853,Ricardo Lagos,South Korea,2005-11-18,1516-CHL-KOR-38674,Complementa,CityVisited: 'Busan'
854,Ricardo Lagos,Bolivia,2006-01-22,1516-CHL-BOL-38739,Complementa,CityVisited: 'La Paz'
855,Michelle Bachelet,Argentina,2006-03-21,2134-CHL-ARG-38797,Complementa,CityVisited: 'Buenos Aires'
856,Michelle Bachelet,Austria,2006-05-11,2134-CHL-AUT-38848,Complementa,CityVisited: 'Vienna'
857,Michelle Bachelet,United States,2006-06-08,2134-CHL-USA-38875,Complementa,CityVisited: 'Washington D.C.'
858,Michelle Bachelet,Peru,2006-07-28,2134-CHL-PER-38925,Complementa,CityVisited: 'Lima'
859,Michelle Bachelet,Uruguay,2006-11-03,2134-CHL-URY-39024,Complementa,CityVisited: 'Montevideo'
860,Michelle Bachelet,Vietnam,2006-11-17,2134-CHL-VNM-39038,Complementa,CityVisited: 'Hanoi'
861,Michelle Bachelet,New Zealand,2006-11-20,2134-CHL-NZL-39041,Complementa,CityVisited: 'Wellington'
862,Michelle Bachelet,Bolivia,2006-12-08,2134-CHL-BOL-39059,Complementa,CityVisited: 'Cochabamba'
863,Michelle Bachelet,Ecuador,2007-01-15,,Complementa (viaje ausente en COLT),COLT no registra ningun viaje de Chile a Ecuador en fechas 2007-01-15 - 2007-01-15
864,Michelle Bachelet,Venezuela,2007-04-16,2134-CHL-VEN-39188,Complementa,CityVisited: 'Isla Margarita'
865,Michelle Bachelet,Spain,2006-05-09,2134-CHL-ESP-38846,Complementa,CityVisited: 'Madrid'
866,Michelle Bachelet,France,2009-05-29,2134-CHL-FRA-39960,Complementa,CityVisited: 'Paris'
867,Michelle Bachelet,Australia,2007-09-06,2134-CHL-AUS-39331,Complementa,CityVisited: 'Sydney'
868,Michelle Bachelet,United States,2007-09-24,2134-CHL-USA-39348,Complementa,CityVisited: 'New York'
869,Michelle Bachelet,Peru,2008-05-16,,Complementa (viaje ausente en COLT),COLT no registra ningun viaje de Chile a Peru en fechas 2008-05-16 - 2008-05-17
870,Michelle Bachelet,Brazil,2008-05-23,,Complementa (viaje ausente en COLT),COLT no registra ningun viaje de Chile a Brazil en fechas 2008-05-23 - 2008-05-23
871,Michelle Bachelet,Paraguay,2008-08-15,2134-CHL-PRY-39674,Complementa,CityVisited: 'Asunción'
872,Michelle Bachelet,El Salvador,2008-10-29,,Complementa (viaje ausente en COLT),COLT no registra ningun viaje de Chile a El Salvador en fechas 2008-10-29 - 2008-10-31
873,Michelle Bachelet,Peru,2008-11-22,2134-CHL-PER-39773,Complementa,CityVisited: 'Lima'
874,Michelle Bachelet,Brazil,2008-12-16,,Complementa (viaje ausente en COLT),COLT no registra ningun viaje de Chile a Brazil en fechas 2008-12-16 - 2008-12-17
875,Michelle Bachelet,Cuba,2009-02-11,2134-CHL-CUB-39854,Complementa,CityVisited: 'Havana'
876,Michelle Bachelet,Trinidad and Tobago,2009-04-17,2134-CHL-TTO-39920,Complementa,CityVisited: 'Port of Spain'
877,Michelle Bachelet,United States,2009-06-23,2134-CHL-USA-39987,Complementa,CityVisited: 'Washington D.C.'
878,Michelle Bachelet,United States,2009-09-23,,Complementa (viaje ausente en COLT),COLT no registra ningun viaje de Chile a United States en fechas 2009-09-23 - 2009-09-24
879,Michelle Bachelet,Singapore,2009-11-14,2134-CHL-SGP-40130,Complementa,CityVisited: 'Singapore'
880,Michelle Bachelet,Portugal,2009-11-30,2134-CHL-PRT-40145,Complementa,CityVisited: 'Estoril'
881,Michelle Bachelet,Mexico,2010-02-22,2134-CHL-MEX-40230,Complementa,CityVisited: 'Playa del Carmen'
883,Sebastián Piñera,Argentina,2010-04-08,2556-CHL-ARG-40276,Complementa,CityVisited: 'Buenos Aires'
884,Sebastián Piñera,Brazil,2010-04-08,2556-CHL-BRA-40276,Complementa,CityVisited: 'Brasília'
885,Sebastián Piñera,United States,2010-04-11,2556-CHL-USA-40280,Complementa,CityVisited: 'Washington D.C.'
886,Sebastián Piñera,Spain,2010-05-18,2556-CHL-ESP-40312,Complementa,CityVisited: 'Madrid'
887,Sebastián Piñera,United States,2010-09-20,2556-CHL-USA-40443,Complementa,CityVisited: 'New York'
888,Sebastián Piñera,United Kingdom,2010-10-17,2556-CHL-GBR-40467,Complementa,CityVisited: 'London'
889,Sebastián Piñera,France,2010-10-19,2556-CHL-FRA-40470,Complementa,CityVisited: 'Paris'
890,Sebastián Piñera,Germany,2010-10-21,2556-CHL-DEU-40472,Complementa,CityVisited: 'Berlin'
891,Sebastián Piñera,Japan,2010-11-13,2556-CHL-JPN-40494,Complementa,CityVisited: 'Yokohama'
892,Sebastián Piñera,Argentina,2010-12-03,,Complementa (viaje ausente en COLT),COLT no registra ningun viaje de Chile a Argentina en fechas 2010-12-03 - 2010-12-04
893,Sebastián Piñera,Peru,2011-04-28,,Complementa (viaje ausente en COLT),COLT no registra ningun viaje de Chile a Peru en fechas 2011-04-28 - 2011-04-28
894,Sebastián Piñera,Peru,2011-07-28,2556-CHL-PER-40752,Complementa,CityVisited: 'Lima'
895,Sebastián Piñera,United States,2011-09-21,,Complementa (viaje ausente en COLT),COLT no registra ningun viaje de Chile a United States en fechas 2011-09-21 - 2011-09-22
896,Sebastián Piñera,Paraguay,2011-10-28,,Complementa (viaje ausente en COLT),COLT no registra ningun viaje de Chile a Paraguay en fechas 2011-10-28 - 2011-10-29
897,Sebastián Piñera,United States,2011-11-12,2556-CHL-USA-40859,Complementa,CityVisited: 'Honolulu'
898,Sebastián Piñera,Colombia,2012-04-14,,Complementa (viaje ausente en COLT),COLT no registra ningun viaje de Chile a Colombia en fechas 2012-04-14 - 2012-04-15
899,Sebastián Piñera,Brazil,2012-06-20,2556-CHL-BRA-41080,Complementa,CityVisited: 'Rio de Janeiro'
900,Sebastián Piñera,Russia,2012-09-08,2556-CHL-RUS-41158,Complementa,CityVisited: 'Vladivostok'
901,Sebastián Piñera,Spain,2012-11-16,2556-CHL-ESP-41229,Complementa,CityVisited: 'Cádiz'
902,Sebastián Piñera,Venezuela,2013-03-08,2556-CHL-VEN-41340,Complementa,CityVisited: 'Caracas'
903,Sebastián Piñera,Colombia,2013-05-23,2556-CHL-COL-41417,Complementa,CityVisited: 'Cali'
904,Sebastián Piñera,United States,2013-06-04,2556-CHL-USA-41425,Complementa,CityVisited: 'Washington D.C.'
905,Sebastián Piñera,Paraguay,2013-08-15,,Complementa (viaje ausente en COLT),COLT no registra ningun viaje de Chile a Paraguay en fechas 2013-08-15 - 2013-08-15
906,Sebastián Piñera,Indonesia,2013-10-05,2556-CHL-IDN-41552,Complementa,CityVisited: 'Bali'
907,Sebastián Piñera,Colombia,2014-02-10,,Complementa (viaje ausente en COLT),COLT no registra ningun viaje de Chile a Colombia en fechas 2014-02-10 - 2014-02-10
908,Michelle Bachelet,Brazil,2014-06-12,2134-CHL-BRA-41802,Complementa,CityVisited: 'São Paulo'
909,Michelle Bachelet,Mexico,2014-06-19,,Complementa (viaje ausente en COLT),COLT no registra ningun viaje de Chile a Mexico en fechas 2014-06-19 - 2014-06-20
910,Michelle Bachelet,United States,2014-09-24,2134-CHL-USA-41901,Complementa,CityVisited: 'New York'
911,Michelle Bachelet,Mexico,2014-12-08,,Complementa (viaje ausente en COLT),COLT no registra ningun viaje de Chile a Mexico en fechas 2014-12-08 - 2014-12-09
912,Michelle Bachelet,Uruguay,2015-03-01,,Complementa (viaje ausente en COLT),COLT no registra ningun viaje de Chile a Uruguay en fechas 2015-03-01 - 2015-03-01
914,Michelle Bachelet,France,2015-06-08,2134-CHL-FRA-42163,Complementa,CityVisited: 'Paris'
915,Michelle Bachelet,Italy,2015-06-05,2134-CHL-ITA-42159,Complementa,CityVisited: 'Milan'
916,Michelle Bachelet,Belgium,2015-06-10,2134-CHL-BEL-42164,Complementa,CityVisited: 'Brussels'
917,Michelle Bachelet,Peru,2015-07-02,,Complementa (viaje ausente en COLT),COLT no registra ningun viaje de Chile a Peru en fechas 2015-07-02 - 2015-07-03
918,Michelle Bachelet,United States,2015-09-26,2134-CHL-USA-42274,Complementa,CityVisited: 'New York'
919,Michelle Bachelet,Philippines,2015-11-18,2134-CHL-PHL-42323,Complementa,CityVisited: 'Manila'
920,Michelle Bachelet,France,2015-11-30,,Complementa (viaje ausente en COLT),COLT no registra ningun viaje de Chile a France en fechas 2015-11-30 - 2015-12-01
921,Michelle Bachelet,Ecuador,2016-01-27,,Complementa (viaje ausente en COLT),COLT no registra ningun viaje de Chile a Ecuador en fechas 2016-01-27 - 2016-01-27
922,Michelle Bachelet,China,2016-05-13,,Complementa (viaje ausente en COLT),COLT no registra ningun viaje de Chile a China en fechas 2016-05-13 - 2016-05-14
923,Michelle Bachelet,Indonesia,2017-05-12,2134-CHL-IDN-42867,Complementa,CityVisited: 'Jakarta'
924,Michelle Bachelet,United States,2016-09-20,2134-CHL-USA-42633,Complementa,CityVisited: 'New York'
925,Michelle Bachelet,Colombia,2016-10-28,2134-CHL-COL-42671,Complementa,CityVisited: 'Cartagena'
926,Michelle Bachelet,Peru,2016-11-19,2134-CHL-PER-42692,Complementa,CityVisited: 'Lima'
928,Michelle Bachelet,China,2017-05-13,2134-CHL-CHN-42869,Complementa,CityVisited: 'Beijing'
929,Michelle Bachelet,Colombia,2017-06-29,2134-CHL-COL-42915,Complementa,CityVisited: 'Cali'
930,Michelle Bachelet,United States,2017-09-18,2134-CHL-USA-42997,Complementa,CityVisited: 'New York'
931,Michelle Bachelet,Vietnam,2017-11-10,2134-CHL-VNM-43048,Complementa,CityVisited: 'Da Nang'
932,Michelle Bachelet,Peru,2017-07-06,2134-CHL-PER-42922,Complementa,CityVisited: 'Lima'
933,Michelle Bachelet,Cuba,2018-01-07,2134-CHL-CUB-43107,Complementa,CityVisited: 'Havana'
934,Sebastián Piñera,Peru,2018-04-13,2556-CHL-PER-43205,Complementa,CityVisited: 'Lima'
935,Sebastián Piñera,Argentina,2018-04-25,2556-CHL-ARG-43216,Complementa,CityVisited: 'Buenos Aires'
936,Sebastián Piñera,Brazil,2018-04-27,2556-CHL-BRA-43217,Complementa,CityVisited: 'Brasília'
937,Sebastián Piñera,United States,2018-09-25,2556-CHL-USA-43368,Complementa,CityVisited: 'New York'
938,Sebastián Piñera,United States,2018-09-28,2556-CHL-USA-43368,Complementa,CityVisited: 'Washington DC'
939,Sebastián Piñera,Papua New Guinea,2018-11-17,2556-CHL-PNG-43421,Complementa,CityVisited: 'Port Moresby'
940,Sebastián Piñera,Argentina,2018-11-30,2556-CHL-ARG-43434,Complementa,CityVisited: 'Buenos Aires'
941,Sebastián Piñera,Brazil,2019-01-01,2556-CHL-BRA-43466,Complementa,CityVisited: 'Brasília'
942,Sebastián Piñera,Colombia,2019-02-22,2556-CHL-COL-43518,Complementa,CityVisited: 'Cúcuta'
943,Sebastián Piñera,Singapore,2018-11-12,2556-CHL-SGP-43418,Complementa,CityVisited: 'Singapore'
944,Sebastián Piñera,China,2019-04-24,2556-CHL-CHN-43579,Complementa,CityVisited: 'Beijing'
945,Sebastián Piñera,South Korea,2019-04-28,2556-CHL-KOR-43583,Complementa,CityVisited: 'Seoul'
946,Sebastián Piñera,Japan,2019-06-28,2556-CHL-JPN-43644,Complementa,CityVisited: 'Osaka'
947,Sebastián Piñera,France,2019-08-24,2556-CHL-FRA-43701,Complementa,CityVisited: 'Biarritz'
948,Sebastián Piñera,Portugal,2019-08-26,2556-CHL-PRT-43703,Complementa,CityVisited: 'Lisboa'
949,Sebastián Piñera,Brazil,2019-08-28,2556-CHL-BRA-43705,Complementa,CityVisited: 'Brasília'
950,Sebastián Piñera,United States,2019-09-23,2556-CHL-USA-43730,Complementa,CityVisited: 'New York'
951,Sebastián Piñera,Uruguay,2020-03-01,2556-CHL-URY-43891,Complementa,CityVisited: 'Montevideo'
952,Sebastián Piñera,France,2021-09-05,2556-CHL-FRA-44445,Complementa,CityVisited: 'Paris'
953,Sebastián Piñera,Spain,2021-09-07,2556-CHL-ESP-44446,Complementa,CityVisited: 'Madrid'
954,Sebastián Piñera,Italy,2021-09-08,2556-CHL-ITA-44447,Complementa,CityVisited: 'Rome'
955,Sebastián Piñera,Vatican City,2021-09-09,,Complementa (viaje ausente en COLT),COLT no registra ningun viaje de Chile a Vatican City en fechas 2021-09-09 - 2021-09-09
956,Sebastián Piñera,United Kingdom,2021-09-09,2556-CHL-GBR-44448,Complementa,CityVisited: 'London'
957,Sebastián Piñera,Colombia,2021-09-24,2556-CHL-COL-44463,Complementa,CityVisited: 'Cartagena de Indias'
958,Sebastián Piñera,Uruguay,2021-09-26,2556-CHL-URY-44465,Complementa,CityVisited: 'Montevideo'
959,Sebastián Piñera,Paraguay,2021-09-28,2556-CHL-PRY-44466,Complementa,CityVisited: 'Asunción'
960,Sebastián Piñera,Colombia,2022-01-26,2556-CHL-COL-44587,Complementa,CityVisited: 'Bahía Málaga / Cartagena'
969,Gabriel Boric,Argentina,2022-04-03,3909-CHL-ARG-44654,Complementa,CityVisited: 'Buenos Aires'
970,Gabriel Boric,Canada,2022-06-06,3909-CHL-CAN-44718,Complementa,CityVisited: 'Ottawa'
971,Gabriel Boric,United States,2022-06-07,3909-CHL-USA-44719,Complementa,CityVisited: 'Los Angeles'
972,Gabriel Boric,Colombia,2022-08-06,3909-CHL-COL-44779,Complementa,CityVisited: 'Bogotá'
973,Gabriel Boric,United States,2022-09-19,3909-CHL-USA-44824,Complementa,CityVisited: 'New York'
974,Gabriel Boric,Thailand,2022-11-16,3909-CHL-THA-44882,Complementa,CityVisited: 'Bangkok'
975,Gabriel Boric,Mexico,2022-11-22,3909-CHL-MEX-44887,Complementa,CityVisited: 'Ciudad de México'
976,Gabriel Boric,Brazil,2023-01-01,,Complementa (viaje ausente en COLT),COLT no registra ningun viaje de Chile a Brazil en fechas 2023-01-01 - 2023-01-02
977,Gabriel Boric,Argentina,2023-01-24,3909-CHL-ARG-44949,Complementa,CityVisited: 'Buenos Aires'
978,Gabriel Boric,Dominican Republic,2023-03-24,3909-CHL-DOM-45008,Complementa,CityVisited: 'Santo Domingo'
979,Gabriel Boric,Brazil,2023-05-29,3909-CHL-BRA-45075,Complementa,CityVisited: 'Brasília'
980,Gabriel Boric,Spain,2023-07-13,3909-CHL-ESP-45121,Complementa,CityVisited: 'Madrid'
981,Gabriel Boric,Belgium,2023-07-17,3909-CHL-BEL-45123,Complementa,CityVisited: 'Bruselas'
982,Gabriel Boric,Switzerland,2023-07-19,,Complementa (viaje ausente en COLT),COLT no registra ningun viaje de Chile a Switzerland en fechas 2023-07-19 - 2023-07-20
983,Gabriel Boric,France,2023-07-21,,Complementa (viaje ausente en COLT),COLT no registra ningun viaje de Chile a France en fechas 2023-07-21 - 2023-07-21
984,Gabriel Boric,Paraguay,2023-08-14,3909-CHL-PRY-45153,Complementa,CityVisited: 'Asunción'
985,Gabriel Boric,United States,2023-09-19,3909-CHL-USA-45189,Complementa,CityVisited: 'New York'
986,Gabriel Boric,China,2023-10-14,3909-CHL-CHN-45213,Complementa,CityVisited: 'Chengdú / Beijing'
987,Gabriel Boric,United States,2023-11-02,3909-CHL-USA-45232,Complementa,CityVisited: 'Washington DC'
988,Gabriel Boric,United States,2023-11-15,3909-CHL-USA-45245,Complementa,CityVisited: 'San Francisco'
989,Gabriel Boric,Argentina,2023-12-09,3909-CHL-ARG-45269,Complementa,CityVisited: 'Buenos Aires'
991,Gabriel Boric,Guatemala,2024-01-14,3909-CHL-GTM-45307,Complementa,CityVisited: 'Ciudad de Guatemala'
992,Gabriel Boric,Germany,2024-06-10,3909-CHL-DEU-45452,Complementa,CityVisited: 'Berlín'
993,Gabriel Boric,Sweden,2024-06-13,3909-CHL-SWE-45456,Complementa,CityVisited: 'Estocolmo'
994,Gabriel Boric,Switzerland,2024-06-15,3909-CHL-CHE-45458,Complementa,CityVisited: 'Bürgenstock'
995,Gabriel Boric,France,2024-06-17,3909-CHL-FRA-45459,Complementa,CityVisited: 'París'
996,Gabriel Boric,Paraguay,2024-07-16,3909-CHL-PRY-45489,Complementa,CityVisited: 'Asunción'
997,Gabriel Boric,United States,2024-09-23,3909-CHL-USA-45557,Complementa,CityVisited: 'New York'
998,Gabriel Boric,Peru,2024-11-14,3909-CHL-PER-45610,Complementa,CityVisited: 'Lima'
999,Gabriel Boric,Brazil,2024-11-16,3909-CHL-BRA-45612,Complementa,CityVisited: 'Río de Janeiro'
1000,Gabriel Boric,Uruguay,2025-02-03,3909-CHL-URY-45691,No aporta,COLT ya tiene el dato completo equivalente
1001,Gabriel Boric,Uruguay,2025-02-28,,Complementa (viaje ausente en COLT),COLT no registra ningun viaje de Chile a Uruguay en fechas 2025-02-28 - 2025-03-01
1002,Gabriel Boric,India,2025-04-01,3909-CHL-IND-45746,No aporta,COLT ya tiene el dato completo equivalente
1003,Gabriel Boric,Brazil,2025-04-21,3909-CHL-BRA-45768,No aporta,COLT ya tiene el dato completo equivalente
1004,Gabriel Boric,Japan,2025-05-11,3909-CHL-JPN-45787,No aporta,COLT ya tiene el dato completo equivalente
1005,Gabriel Boric,China,2025-05-12,3909-CHL-CHN-45789,No aporta,COLT ya tiene el dato completo equivalente
1006,Gabriel Boric,Brazil,2025-07-06,3909-CHL-BRA-45844,No aporta,COLT ya tiene el dato completo equivalente
1007,Gabriel Boric,United States,2025-09-22,3909-CHL-USA-45922,No aporta,COLT ya tiene el dato completo equivalente
1008,Gabriel Boric,Brazil,2025-11-06,3909-CHL-BRA-45966,No aporta,COLT ya tiene el dato completo equivalente
1009,Gabriel Boric,Bolivia,2025-11-07,3909-CHL-BOL-45968,No aporta,COLT ya tiene el dato completo equivalente
1010,José Antonio Kast,Argentina,2026-04-05,,Complementa (viaje ausente en COLT),COLT no registra ningun viaje de Chile a Argentina en fechas 2026-04-05 - 2026-04-06
1011,José Antonio Kast,Paraguay,2026-06-29,,Complementa (viaje ausente en COLT),COLT no registra ningun viaje de Chile a Paraguay en fechas 2026-06-29 - 2026-06-30
1012,José Antonio Kast,Uruguay,2026-07-01,,Complementa (viaje ausente en COLT),COLT no registra ningun viaje de Chile a Uruguay en fechas 2026-07-01 - 2026-07-01
1013,Michelle Bachelet,Japan,2018-02-23,2134-CHL-JPN-43153,Complementa,CityVisited: 'Tokyo'
1014,Ricardo Lagos,Portugal,2001-09-09,1516-CHL-PRT-37144,Complementa,CityVisited: 'Lisbon'
1015,Gabriel Boric,France,2024-07-24,,Complementa (viaje ausente en COLT),COLT no registra ningun viaje de Chile a France en fechas 2024-07-24 - 2024-07-28
1016,Gabriel Boric,United Arab Emirates,2024-07-29,3909-CHL-ARE-45501,Complementa,CityVisited: 'Abu Dabi / Dubái'
1017,Gabriel Boric,United States,2023-09-22,3909-CHL-USA-45189,Complementa,CityVisited: 'Washington DC'
1018,Ricardo Lagos,Argentina,2000-05-17,1516-CHL-ARG-36663,Complementa,CityVisited: 'Buenos Aires'
1019,Ricardo Lagos,Germany,2000-06-02,1516-CHL-DEU-36678,Complementa,CityVisited: 'Berlin'
1021,Ricardo Lagos,Brazil,2000-07-12,1516-CHL-BRA-36719,Complementa,CityVisited: 'Brasília'
1022,Ricardo Lagos,Brazil,2000-08-31,1516-CHL-BRA-36769,Complementa,CityVisited: 'Brasília'
1023,Ricardo Lagos,Uruguay,2000-11-01,1516-CHL-URY-36831,Complementa,CityVisited: 'Montevideo'
1024,Ricardo Lagos,New Zealand,2000-11-12,1516-CHL-NZL-36842,Complementa,CityVisited: 'Wellington'
1025,Ricardo Lagos,Indonesia,2000-11-13,1516-CHL-IDN-36842,Complementa,CityVisited: 'Jakarta'
1026,Ricardo Lagos,Timor-Leste,2000-11-14,,Complementa (viaje ausente en COLT),COLT no registra ningun viaje de Chile a Timor-Leste en fechas 2000-11-14 - 2000-11-14
1027,Ricardo Lagos,United States,2000-11-28,1516-CHL-USA-36858,Complementa,CityVisited: 'Seattle'
1028,Ricardo Lagos,Mexico,2000-11-30,1516-CHL-MEX-36858,Complementa,CityVisited: 'Mexico City'
1029,Ricardo Lagos,Brazil,2000-12-14,,Complementa (viaje ausente en COLT),COLT no registra ningun viaje de Chile a Brazil en fechas 2000-12-14 - 2000-12-15
1030,Ricardo Lagos,United States,2001-04-15,1516-CHL-USA-36996,Complementa,CityVisited: 'Washington D.C.'
1031,Ricardo Lagos,France,2001-04-17,1516-CHL-FRA-36998,Complementa,CityVisited: 'Paris'
1032,Ricardo Lagos,Dominican Republic,2001-04-22,1516-CHL-DOM-37003,Complementa,CityVisited: 'Santo Domingo'
1033,Ricardo Lagos,Germany,2001-05-31,1516-CHL-DEU-37042,Complementa,CityVisited: 'Berlin'
1034,Ricardo Lagos,Paraguay,2001-06-21,1516-CHL-PRY-37063,Complementa,CityVisited: 'Asunción'
1035,Ricardo Lagos,China,2001-10-19,1516-CHL-CHN-37185,Complementa,CityVisited: 'Shanghai'
1036,Ricardo Lagos,China,2001-10-22,1516-CHL-CHN-37185,Complementa,CityVisited: 'Beijing'
1037,Ricardo Lagos,United States,2001-11-08,1516-CHL-USA-37205,Complementa,CityVisited: 'New York'
1038,Ricardo Lagos,Uruguay,2001-12-20,,Complementa (viaje ausente en COLT),COLT no registra ningun viaje de Chile a Uruguay en fechas 2001-12-20 - 2001-12-21
1039,Ricardo Lagos,Argentina,2002-02-18,1516-CHL-ARG-37305,Complementa,CityVisited: 'Buenos Aires'
1040,Ricardo Lagos,Sweden,2002-02-21,1516-CHL-SWE-37308,Complementa,CityVisited: 'Stockholm'
1041,Ricardo Lagos,Finland,2002-02-24,1516-CHL-FIN-37312,Complementa,CityVisited: 'Helsinki'
1042,Ricardo Lagos,Italy,2002-02-26,1516-CHL-ITA-37313,Complementa,CityVisited: 'Rome'
1043,Ricardo Lagos,Costa Rica,2002-04-11,,Complementa (viaje ausente en COLT),COLT no registra ningun viaje de Chile a Costa Rica en fechas 2002-04-11 - 2002-04-12
1044,Ricardo Lagos,Bolivia,2002-05-06,1516-CHL-BOL-37382,Complementa,CityVisited: 'Santa Cruz de la Sierra'
1045,Ricardo Lagos,Vatican City,2002-05-15,,Complementa (viaje ausente en COLT),COLT no registra ningun viaje de Chile a Vatican City en fechas 2002-05-15 - 2002-05-16
1046,Ricardo Lagos,Argentina,2002-07-04,1516-CHL-ARG-37441,Complementa,CityVisited: 'Buenos Aires'
1047,Ricardo Lagos,Ecuador,2002-07-26,1516-CHL-ECU-37462,Complementa,CityVisited: 'Guayaquil'
1048,Ricardo Lagos,Ecuador,2002-07-28,1516-CHL-ECU-37462,Complementa,CityVisited: 'Quito'
1049,Ricardo Lagos,Russia,2002-10-02,1516-CHL-RUS-37531,Complementa,CityVisited: 'Moscow'
1050,Ricardo Lagos,Hungary,2002-10-06,1516-CHL-HUN-37536,Complementa,CityVisited: 'Budapest'
1051,Ricardo Lagos,Poland,2002-10-08,1516-CHL-POL-37538,Complementa,CityVisited: 'Warsaw'
1052,Ricardo Lagos,Honduras,2002-11-14,,Complementa (viaje ausente en COLT),COLT no registra ningun viaje de Chile a Honduras en fechas 2002-11-14 - 2002-11-14
1053,Ricardo Lagos,Brazil,2002-12-05,1516-CHL-BRA-37595,Complementa,CityVisited: 'Brasília'
1054,Ricardo Lagos,Brazil,2003-01-01,1516-CHL-BRA-37622,Complementa,CityVisited: 'Brasília'
1055,Ricardo Lagos,Ecuador,2003-01-15,1516-CHL-ECU-37636,Complementa,CityVisited: 'Quito'
1056,Ricardo Lagos,Japan,2003-02-12,1516-CHL-JPN-37664,Complementa,CityVisited: 'Tokyo'
1057,Ricardo Lagos,South Korea,2003-02-15,1516-CHL-KOR-37667,Complementa,CityVisited: 'Seoul'
1058,Ricardo Lagos,Peru,2003-05-23,1516-CHL-PER-37764,Complementa,CityVisited: 'Cusco'
1059,Ricardo Lagos,Argentina,2003-05-25,,Complementa (viaje ausente en COLT),COLT no registra ningun viaje de Chile a Argentina en fechas 2003-05-25 - 2003-05-25
1060,Ricardo Lagos,Paraguay,2003-06-18,,Complementa (viaje ausente en COLT),COLT no registra ningun viaje de Chile a Paraguay en fechas 2003-06-18 - 2003-06-18
1061,Ricardo Lagos,Jamaica,2003-07-01,1516-CHL-JAM-37804,Complementa,CityVisited: 'Montego Bay'
1062,Ricardo Lagos,Ireland,2003-07-10,1516-CHL-IRL-37812,Complementa,CityVisited: 'Dublin'
1063,Ricardo Lagos,United Kingdom,2003-07-12,1516-CHL-GBR-37811,Complementa,CityVisited: 'London'
1064,Ricardo Lagos,Canada,2003-07-15,1516-CHL-CAN-37817,Complementa,CityVisited: 'Shawinigan'
1065,Ricardo Lagos,Paraguay,2003-08-14,1516-CHL-PRY-37847,Complementa,CityVisited: 'Asunción'
1066,Ricardo Lagos,Brazil,2003-08-19,1516-CHL-BRA-37851,Complementa,CityVisited: 'Brasília'
1067,Ricardo Lagos,Argentina,2003-08-27,1516-CHL-ARG-37860,Complementa,CityVisited: 'Buenos Aires'
1068,Ricardo Lagos,Uruguay,2003-12-15,,Complementa (viaje ausente en COLT),COLT no registra ningun viaje de Chile a Uruguay en fechas 2003-12-15 - 2003-12-16
1069,Ricardo Lagos,United States,2004-01-09,1516-CHL-USA-37996,Complementa,CityVisited: 'San Diego'
1070,Ricardo Lagos,Denmark,2004-01-26,1516-CHL-DNK-38012,Complementa,CityVisited: 'Copenhagen'
1071,Ricardo Lagos,France,2004-01-28,1516-CHL-FRA-38013,Complementa,CityVisited: 'Paris'
1072,Ricardo Lagos,Croatia,2004-01-28,1516-CHL-HRV-38014,Complementa,CityVisited: 'Zagreb'
1073,Ricardo Lagos,Switzerland,2004-01-30,1516-CHL-CHE-38016,Complementa,CityVisited: 'Geneva'
1074,Ricardo Lagos,South Africa,2004-04-25,,Complementa (viaje ausente en COLT),COLT no registra ningun viaje de Chile a South Africa en fechas 2004-04-25 - 2004-04-27
1075,Ricardo Lagos,Singapore,2004-04-29,1516-CHL-SGP-38106,Complementa,CityVisited: 'Singapore'
1076,Ricardo Lagos,New Zealand,2004-05-02,1516-CHL-NZL-38109,Complementa,CityVisited: 'Wellington'
1077,Ricardo Lagos,Paraguay,2004-05-13,1516-CHL-PRY-38120,Complementa,CityVisited: 'Asunción'
1078,Ricardo Lagos,Spain,2004-05-25,1516-CHL-ESP-38131,Complementa,CityVisited: 'Madrid'
1079,Ricardo Lagos,Guatemala,2004-05-30,1516-CHL-GTM-38136,Complementa,CityVisited: 'Guatemala City'
1080,Ricardo Lagos,El Salvador,2004-06-01,1516-CHL-SLV-38138,Complementa,CityVisited: 'San Salvador'
1081,Ricardo Lagos,Argentina,2004-07-07,,Complementa (viaje ausente en COLT),COLT no registra ningun viaje de Chile a Argentina en fechas 2004-07-07 - 2004-07-08
1082,Ricardo Lagos,United States,2004-07-19,1516-CHL-USA-38186,Complementa,CityVisited: 'New York'
1083,Ricardo Lagos,Jamaica,2004-07-20,1516-CHL-JAM-38188,Complementa,CityVisited: 'Kingston'
1084,Ricardo Lagos,Haiti,2004-07-20,1516-CHL-HTI-38188,Complementa,CityVisited: 'Port-au-Prince'
1085,Ricardo Lagos,Argentina,2004-08-31,,Complementa (viaje ausente en COLT),COLT no registra ningun viaje de Chile a Argentina en fechas 2004-08-31 - 2004-08-31
1086,Ricardo Lagos,Panama,2004-09-01,,Complementa (viaje ausente en COLT),COLT no registra ningun viaje de Chile a Panama en fechas 2004-09-01 - 2004-09-01
1087,Ricardo Lagos,United States,2004-09-20,1516-CHL-USA-38249,Complementa,CityVisited: 'New York'
1088,Ricardo Lagos,Mexico,2004-09-22,,Complementa (viaje ausente en COLT),COLT no registra ningun viaje de Chile a Mexico en fechas 2004-09-22 - 2004-09-22
1089,Ricardo Lagos,Romania,2004-10-11,1516-CHL-ROU-38270,Complementa,CityVisited: 'Bucharest'
1090,Ricardo Lagos,Turkey,2004-10-12,,Complementa (viaje ausente en COLT),COLT no registra ningun viaje de Chile a Turkey en fechas 2004-10-12 - 2004-10-13
1091,Ricardo Lagos,Hungary,2004-10-14,1516-CHL-HUN-38274,Complementa,CityVisited: 'Budapest'
1092,Ricardo Lagos,Brazil,2004-11-04,1516-CHL-BRA-38294,Complementa,CityVisited: 'Rio de Janeiro'
1093,Ricardo Lagos,Peru,2004-12-09,1516-CHL-PER-38328,Complementa,CityVisited: 'Cusco'
1094,Ricardo Lagos,Brazil,2004-12-16,1516-CHL-BRA-38337,Complementa,CityVisited: 'Ouro Preto'
1095,Ricardo Lagos,Egypt,2005-01-16,1516-CHL-EGY-38367,Complementa,CityVisited: 'Cairo'
1096,Ricardo Lagos,India,2005-01-19,1516-CHL-IND-38370,Complementa,CityVisited: 'New Delhi'
1097,Ricardo Lagos,Germany,2005-01-23,1516-CHL-DEU-38374,Complementa,CityVisited: 'Berlin'
1098,Ricardo Lagos,Guyana,2005-02-18,1516-CHL-GUY-38401,Complementa,CityVisited: 'Georgetown'
1099,Ricardo Lagos,Grenada,2005-02-20,1516-CHL-GRD-38403,Complementa,CityVisited: 'St. George's'
1100,Ricardo Lagos,Barbados,2005-02-20,1516-CHL-BRB-38403,Complementa,CityVisited: 'Bridgetown'
1101,Ricardo Lagos,Trinidad and Tobago,2005-02-22,1516-CHL-TTO-38404,Complementa,CityVisited: 'Port of Spain'
1102,Ricardo Lagos,Brazil,2005-04-18,1516-CHL-BRA-38460,Complementa,CityVisited: 'São Paulo'
1103,Ricardo Lagos,Venezuela,2005-04-20,1516-CHL-VEN-38461,Complementa,CityVisited: 'Caracas'
1104,Ricardo Lagos,Colombia,2005-04-21,1516-CHL-COL-38463,Complementa,CityVisited: 'Bogotá'
1105,Ricardo Lagos,Brazil,2005-05-10,1516-CHL-BRA-38482,Complementa,CityVisited: 'Brasília'
1106,Ricardo Lagos,United States,2005-05-14,,Complementa (viaje ausente en COLT),COLT no registra ningun viaje de Chile a United States en fechas 2005-05-14 - 2005-05-15
1107,Ricardo Lagos,Sweden,2005-06-12,1516-CHL-SWE-38516,Complementa,CityVisited: 'Stockholm'
1108,Ricardo Lagos,Paraguay,2005-06-20,1516-CHL-PRY-38522,Complementa,CityVisited: 'Asunción'
1109,Ricardo Lagos,Panama,2005-06-28,1516-CHL-PAN-38531,Complementa,CityVisited: 'Panama City'
1110,Ricardo Lagos,Australia,2005-07-13,1516-CHL-AUS-38546,Complementa,CityVisited: 'Canberra'
1111,Ricardo Lagos,Colombia,2005-09-01,,Complementa (viaje ausente en COLT),COLT no registra ningun viaje de Chile a Colombia en fechas 2005-09-01 - 2005-09-03
1112,Ricardo Lagos,United States,2005-09-14,1516-CHL-USA-38609,Complementa,CityVisited: 'New York'
1113,Ricardo Lagos,Brazil,2005-09-29,,Complementa (viaje ausente en COLT),COLT no registra ningun viaje de Chile a Brazil en fechas 2005-09-29 - 2005-09-30
1114,Ricardo Lagos,United States,2005-10-06,,Complementa (viaje ausente en COLT),COLT no registra ningun viaje de Chile a United States en fechas 2005-10-06 - 2005-10-06
1115,Ricardo Lagos,United Kingdom,2005-10-11,1516-CHL-GBR-38636,Complementa,CityVisited: 'London'
1116,Ricardo Lagos,Spain,2005-10-12,1516-CHL-ESP-38637,Complementa,CityVisited: 'Madrid'
1117,Ricardo Lagos,Vatican City,2005-10-21,,Complementa (viaje ausente en COLT),COLT no registra ningun viaje de Chile a Vatican City en fechas 2005-10-21 - 2005-10-23
1118,Ricardo Lagos,France,2005-10-24,,Complementa (viaje ausente en COLT),COLT no registra ningun viaje de Chile a France en fechas 2005-10-24 - 2005-10-25
1119,Ricardo Lagos,Spain,2005-10-25,,Complementa (viaje ausente en COLT),COLT no registra ningun viaje de Chile a Spain en fechas 2005-10-25 - 2005-10-25
1120,Ricardo Lagos,Ecuador,2005-12-01,1516-CHL-ECU-38687,Complementa,CityVisited: 'Quito'
1121,Ricardo Lagos,Mexico,2005-12-01,1516-CHL-MEX-38687,Complementa,CityVisited: 'Veracruz'
1122,Ricardo Lagos,Uruguay,2005-12-08,,Complementa (viaje ausente en COLT),COLT no registra ningun viaje de Chile a Uruguay en fechas 2005-12-08 - 2005-12-09
1123,Michelle Bachelet,Guatemala,2007-03-18,2134-CHL-GTM-39159,Complementa,CityVisited: 'Guatemala City'
1124,Michelle Bachelet,Mexico,2007-03-19,2134-CHL-MEX-39160,Complementa,CityVisited: 'Mexico City'
1125,Michelle Bachelet,Panama,2007-03-21,2134-CHL-PAN-39162,Complementa,CityVisited: 'Panama City'
1126,Michelle Bachelet,United States,2006-09-19,2134-CHL-USA-38980,Complementa,CityVisited: 'New York'
1127,Michelle Bachelet,Finland,2007-05-29,2134-CHL-FIN-39230,Complementa,CityVisited: 'Helsinki'
1128,Michelle Bachelet,Norway,2007-05-30,2134-CHL-NOR-39232,Complementa,CityVisited: 'Oslo'
1129,Michelle Bachelet,Switzerland,2007-06-01,2134-CHL-CHE-39234,Complementa,CityVisited: 'Bern'
1130,Michelle Bachelet,United States,2008-09-23,2134-CHL-USA-39714,Complementa,CityVisited: 'New York'
1131,Michelle Bachelet,El Salvador,2009-06-01,,Complementa (viaje ausente en COLT),COLT no registra ningun viaje de Chile a El Salvador en fechas 2009-06-01 - 2009-06-01
1132,Michelle Bachelet,Mexico,2009-06-24,2134-CHL-MEX-39988,Complementa,CityVisited: 'Mexico City'
1133,Michelle Bachelet,Ecuador,2009-08-10,,Complementa (viaje ausente en COLT),COLT no registra ningun viaje de Chile a Ecuador en fechas 2009-08-10 - 2009-08-10
1134,Michelle Bachelet,Denmark,2009-12-17,,Complementa (viaje ausente en COLT),COLT no registra ningun viaje de Chile a Denmark en fechas 2009-12-17 - 2009-12-17
1135,Sebastián Piñera,Mexico,2012-06-18,2556-CHL-MEX-41077,Complementa,CityVisited: 'Los Cabos'
1136,Sebastián Piñera,Argentina,2010-05-25,,Complementa (viaje ausente en COLT),COLT no registra ningun viaje de Chile a Argentina en fechas 2010-05-25 - 2010-05-25
1137,Sebastián Piñera,Argentina,2010-10-28,,Complementa (viaje ausente en COLT),COLT no registra ningun viaje de Chile a Argentina en fechas 2010-10-28 - 2010-10-28
1138,Sebastián Piñera,Brazil,2011-01-01,2556-CHL-BRA-40544,Complementa,CityVisited: 'Brasília'
1139,Sebastián Piñera,Italy,2011-03-01,2556-CHL-ITA-40603,Complementa,CityVisited: 'Rome'
1140,Sebastián Piñera,Vatican City,2011-03-03,,Complementa (viaje ausente en COLT),COLT no registra ningun viaje de Chile a Vatican City en fechas 2011-03-03 - 2011-03-03
1141,Sebastián Piñera,Israel,2011-03-03,2556-CHL-ISR-40605,Complementa,CityVisited: 'Jerusalem'
1142,Sebastián Piñera,Palestine,2011-03-05,2556-CHL-PSE-40607,Complementa,CityVisited: 'Ramallah'
1143,Sebastián Piñera,Jordan,2011-03-06,2556-CHL-JOR-40608,Complementa,CityVisited: 'Amman'
1144,Sebastián Piñera,Spain,2011-03-07,2556-CHL-ESP-40608,Complementa,CityVisited: 'Madrid'
1145,Sebastián Piñera,Mexico,2011-07-07,2556-CHL-MEX-40731,Complementa,CityVisited: 'Mexico City'
1146,Sebastián Piñera,Venezuela,2011-12-02,,Complementa (viaje ausente en COLT),COLT no registra ningun viaje de Chile a Venezuela en fechas 2011-12-02 - 2011-12-03
1147,Sebastián Piñera,Mexico,2011-12-04,,Complementa (viaje ausente en COLT),COLT no registra ningun viaje de Chile a Mexico en fechas 2011-12-04 - 2011-12-05
1148,Sebastián Piñera,Vietnam,2012-03-21,2556-CHL-VNM-40989,Complementa,CityVisited: 'Hanoi'
1149,Sebastián Piñera,South Korea,2012-03-25,2556-CHL-KOR-40993,Complementa,CityVisited: 'Seoul'
1150,Sebastián Piñera,Japan,2012-03-28,2556-CHL-JPN-40996,Complementa,CityVisited: 'Tokyo'
1151,Luis Ángel González Macchi,Argentina,2000-06-30,1395-PRY-ARG-36707,Complementa,CityVisited: 'Buenos Aires'
1152,Luis Ángel González Macchi,Brazil,2000-08-31,1395-PRY-BRA-36769,Complementa,CityVisited: 'Brasília'
1153,Luis Ángel González Macchi,Panama,2000-11-17,1395-PRY-PAN-36847,Complementa,CityVisited: 'Panama City'
1154,Luis Ángel González Macchi,Brazil,2000-12-01,,Complementa (viaje ausente en COLT),COLT no registra ningun viaje de Paraguay a Brazil en fechas 2000-12-01 - 2000-12-01
1155,Luis Ángel González Macchi,Canada,2001-04-20,1395-PRY-CAN-37001,Complementa,CityVisited: 'Quebec City'
1156,Luis Ángel González Macchi,Peru,2001-11-23,1395-PRY-PER-37219,Complementa,CityVisited: 'Lima'
1157,Luis Ángel González Macchi,Uruguay,2001-12-01,,Complementa (viaje ausente en COLT),COLT no registra ningun viaje de Paraguay a Uruguay en fechas 2001-12-01 - 2001-12-01
1158,Luis Ángel González Macchi,Ecuador,2002-07-26,,Complementa (viaje ausente en COLT),COLT no registra ningun viaje de Paraguay a Ecuador en fechas 2002-07-26 - 2002-07-27
1159,Luis Ángel González Macchi,Argentina,2002-07-05,1395-PRY-ARG-37440,Complementa,CityVisited: 'Buenos Aires'
1160,Luis Ángel González Macchi,Dominican Republic,2002-11-15,1395-PRY-DOM-37574,Complementa,CityVisited: 'Bávaro'
1161,Luis Ángel González Macchi,Brazil,2003-01-01,,Complementa (viaje ausente en COLT),COLT no registra ningun viaje de Paraguay a Brazil en fechas 2003-01-01 - 2003-01-01
1162,Luis Ángel González Macchi,Argentina,2003-05-25,,Complementa (viaje ausente en COLT),COLT no registra ningun viaje de Paraguay a Argentina en fechas 2003-05-25 - 2003-05-25
1163,Nicanor Duarte Frutos,United States,2003-09-23,1849-PRY-USA-37886,Complementa,CityVisited: 'New York'
1164,Nicanor Duarte Frutos,Bolivia,2003-11-14,1849-PRY-BOL-37940,Complementa,CityVisited: 'Santa Cruz de la Sierra'
1165,Nicanor Duarte Frutos,Uruguay,2003-12-01,,Complementa (viaje ausente en COLT),COLT no registra ningun viaje de Paraguay a Uruguay en fechas 2003-12-01 - 2003-12-01
1166,Nicanor Duarte Frutos,Argentina,2004-07-01,,Complementa (viaje ausente en COLT),COLT no registra ningun viaje de Paraguay a Argentina en fechas 2004-07-01 - 2004-07-01
1167,Nicanor Duarte Frutos,Costa Rica,2004-11-19,1849-PRY-CRI-38309,Complementa,CityVisited: 'San José'
1168,Nicanor Duarte Frutos,Brazil,2004-12-16,,Complementa (viaje ausente en COLT),COLT no registra ningun viaje de Paraguay a Brazil en fechas 2004-12-16 - 2004-12-17
1169,Nicanor Duarte Frutos,Brazil,2005-09-29,1849-PRY-BRA-38625,Complementa,CityVisited: 'Brasília'
1170,Nicanor Duarte Frutos,Spain,2005-10-14,1849-PRY-ESP-38639,Complementa,CityVisited: 'Salamanca'
1171,Nicanor Duarte Frutos,Argentina,2005-11-04,1849-PRY-ARG-38659,Complementa,CityVisited: 'Mar del Plata'
1172,Nicanor Duarte Frutos,Uruguay,2005-12-08,1849-PRY-URY-38695,Complementa,CityVisited: 'Montevideo'
1173,Nicanor Duarte Frutos,Argentina,2006-07-20,1849-PRY-ARG-38918,Complementa,CityVisited: 'Córdoba'
1174,Nicanor Duarte Frutos,Uruguay,2006-11-03,1849-PRY-URY-39024,Complementa,CityVisited: 'Montevideo'
1175,Nicanor Duarte Frutos,Bolivia,2006-12-08,1849-PRY-BOL-39059,Complementa,CityVisited: 'Cochabamba'
1176,Nicanor Duarte Frutos,Brazil,2006-12-01,,Complementa (viaje ausente en COLT),COLT no registra ningun viaje de Paraguay a Brazil en fechas 2006-12-01 - 2006-12-01
1177,Nicanor Duarte Frutos,Venezuela,2007-04-16,1849-PRY-VEN-39188,Complementa,CityVisited: 'Isla Margarita'
1178,Nicanor Duarte Frutos,Chile,2007-11-08,1849-PRY-CHL-39394,Complementa,CityVisited: 'Santiago'
1179,Nicanor Duarte Frutos,Uruguay,2007-12-18,1849-PRY-URY-39434,Complementa,CityVisited: 'Montevideo'
1180,Nicanor Duarte Frutos,Taiwan,2007-10-08,1849-PRY-TWN-39360,Complementa,CityVisited: 'Taipei'
1181,Nicanor Duarte Frutos,Argentina,2007-12-09,1849-PRY-ARG-39425,Complementa,CityVisited: 'Buenos Aires'
1182,Nicanor Duarte Frutos,Dominican Republic,2008-03-07,,Complementa (viaje ausente en COLT),COLT no registra ningun viaje de Paraguay a Dominican Republic en fechas 2008-03-07 - 2008-03-07
1183,Nicanor Duarte Frutos,Argentina,2008-06-30,1849-PRY-ARG-39629,Complementa,CityVisited: 'San Miguel de Tucumán'
1184,Fernando Lugo,Chile,2008-09-15,2386-PRY-CHL-39706,Complementa,CityVisited: 'Santiago'
1185,Fernando Lugo,United States,2008-09-23,2386-PRY-USA-39712,Complementa,CityVisited: 'New York'
1186,Fernando Lugo,El Salvador,2008-10-29,2386-PRY-SLV-39750,Complementa,CityVisited: 'San Salvador'
1187,Fernando Lugo,Brazil,2008-12-16,2386-PRY-BRA-39798,Complementa,CityVisited: 'Costa do Sauípe (Bahía)'
1188,Fernando Lugo,Mexico,NA,,Complementa (viaje ausente en COLT),COLT no registra ningun viaje de Paraguay a Mexico en fechas NA - NA
1189,Fernando Lugo,Colombia,NA,,Complementa (viaje ausente en COLT),COLT no registra ningun viaje de Paraguay a Colombia en fechas NA - NA
1190,Fernando Lugo,Qatar,2009-03-30,2386-PRY-QAT-39903,Complementa,CityVisited: 'Doha'
1191,Fernando Lugo,Trinidad and Tobago,2009-04-17,2386-PRY-TTO-39920,Complementa,CityVisited: 'Port of Spain'
1192,Fernando Lugo,El Salvador,2009-07-05,2386-PRY-SLV-39999,Complementa,CityVisited: 'San Salvador'
1193,Fernando Lugo,Ecuador,2009-08-10,2386-PRY-ECU-40035,Complementa,CityVisited: 'Quito'
1194,Fernando Lugo,Argentina,2009-08-28,2386-PRY-ARG-40053,Complementa,CityVisited: 'San Carlos de Bariloche'
1195,Fernando Lugo,Italy,2009-11-16,2386-PRY-ITA-40133,Complementa,CityVisited: 'Rome'
1196,Fernando Lugo,Portugal,2009-11-29,,Complementa (viaje ausente en COLT),COLT no registra ningun viaje de Paraguay a Portugal en fechas 2009-11-29 - 2009-12-01
1197,Fernando Lugo,Uruguay,2009-12-19,,Complementa (viaje ausente en COLT),COLT no registra ningun viaje de Paraguay a Uruguay en fechas 2009-12-19 - 2009-12-20
1198,Fernando Lugo,Mexico,2010-02-22,2386-PRY-MEX-40229,Complementa,CityVisited: 'Playa del Carmen'
1199,Fernando Lugo,Uruguay,2010-03-01,2386-PRY-URY-40238,Complementa,CityVisited: 'Montevideo'
1200,Fernando Lugo,Argentina,2010-05-03,2386-PRY-ARG-40302,Complementa,CityVisited: 'Campana'
1201,Fernando Lugo,Argentina,2010-05-24,2386-PRY-ARG-40323,Complementa,CityVisited: 'Buenos Aires'
1202,Fernando Lugo,Peru,NA,,Complementa (viaje ausente en COLT),COLT no registra ningun viaje de Paraguay a Peru en fechas NA - NA
1203,Fernando Lugo,Argentina,2010-08-02,2386-PRY-ARG-40393,Complementa,CityVisited: 'San Juan'
1204,Fernando Lugo,Guyana,2010-11-26,2386-PRY-GUY-40508,Complementa,CityVisited: 'Georgetown'
1205,Fernando Lugo,Argentina,2010-12-03,2386-PRY-ARG-40515,Complementa,CityVisited: 'Mar del Plata'
1206,Fernando Lugo,Brazil,2010-12-16,2386-PRY-BRA-40528,Complementa,CityVisited: 'Foz do Iguaçu'
1207,Fernando Lugo,Taiwan,2011-03-14,2386-PRY-TWN-40613,Complementa,CityVisited: 'Taipei'
1208,Fernando Lugo,Venezuela,2011-12-02,2386-PRY-VEN-40879,Complementa,CityVisited: 'Caracas'
1209,Fernando Lugo,Uruguay,2011-12-19,2386-PRY-URY-40897,Complementa,CityVisited: 'Montevideo'
1210,Fernando Lugo,Bolivia,2012-06-03,,Complementa (viaje ausente en COLT),COLT no registra ningun viaje de Paraguay a Bolivia en fechas 2012-06-03 - 2012-06-05
1211,Fernando Lugo,Taiwan,2012-05-16,2386-PRY-TWN-41048,Complementa,CityVisited: 'Taipei'
1212,Fernando Lugo,India,2012-05-19,2386-PRY-IND-41052,Complementa,CityVisited: 'Nueva Delhi'
1213,Fernando Lugo,Thailand,2012-05-23,2386-PRY-THA-41055,Complementa,CityVisited: 'Bangkok'
1214,Fernando Lugo,South Korea,2012-05-26,2386-PRY-KOR-41056,Complementa,CityVisited: 'Seúl'
1215,Fernando Lugo,Japan,2012-05-29,2386-PRY-JPN-41058,Complementa,CityVisited: 'Tokio'
1216,Fernando Lugo,Argentina,NA,,Complementa (viaje ausente en COLT),COLT no registra ningun viaje de Paraguay a Argentina en fechas NA - NA
1217,Fernando Lugo,United States,NA,,Complementa (viaje ausente en COLT),COLT no registra ningun viaje de Paraguay a United States en fechas NA - NA
1218,Fernando Lugo,Cuba,NA,,Complementa (viaje ausente en COLT),COLT no registra ningun viaje de Paraguay a Cuba en fechas NA - NA
1219,Fernando Lugo,Belgium,NA,,Complementa (viaje ausente en COLT),COLT no registra ningun viaje de Paraguay a Belgium en fechas NA - NA
1220,Federico Franco,United States,2012-09-22,2814-PRY-USA-41175,Complementa,CityVisited: 'New York'
1221,Federico Franco,United States,2013-04-05,2814-PRY-USA-41368,Complementa,CityVisited: 'Washington DC'
1222,Federico Franco,Taiwan,2013-05-01,,Complementa (viaje ausente en COLT),COLT no registra ningun viaje de Paraguay a Taiwan en fechas 2013-05-01 - 2013-05-06
1223,Federico Franco,Spain,2013-04-03,,Complementa (viaje ausente en COLT),COLT no registra ningun viaje de Paraguay a Spain en fechas 2013-04-03 - 2013-04-03
1224,Horacio Cartes,Argentina,2013-09-10,2931-PRY-ARG-41527,Complementa,CityVisited: 'Buenos Aires'
1225,Horacio Cartes,United States,2013-09-24,2931-PRY-USA-41538,Complementa,CityVisited: 'New York'
1226,Horacio Cartes,Brazil,2013-09-30,2931-PRY-BRA-41547,Complementa,CityVisited: 'Brasília'
1227,Horacio Cartes,Panama,2013-10-18,2931-PRY-PAN-41564,Complementa,CityVisited: 'Panama City'
1228,Horacio Cartes,Cuba,2014-01-28,,Complementa (viaje ausente en COLT),COLT no registra ningun viaje de Paraguay a Cuba en fechas 2014-01-28 - 2014-01-29
1229,Horacio Cartes,Chile,2014-03-11,2931-PRY-CHL-41708,Complementa,CityVisited: 'Valparaíso'
1230,Horacio Cartes,Vatican City,2014-04-27,,Complementa (viaje ausente en COLT),COLT no registra ningun viaje de Paraguay a Vatican City en fechas 2014-04-27 - 2014-04-28
1231,Horacio Cartes,Venezuela,2014-07-28,2931-PRY-VEN-41849,Complementa,CityVisited: 'Caracas'
1232,Horacio Cartes,United States,2014-09-24,,Complementa (viaje ausente en COLT),COLT no registra ningun viaje de Paraguay a United States en fechas 2014-09-24 - 2014-09-26
1233,Horacio Cartes,Mexico,2014-12-08,2931-PRY-MEX-41981,Complementa,CityVisited: 'Veracruz'
1234,Horacio Cartes,Argentina,2014-12-16,2931-PRY-ARG-41990,Complementa,CityVisited: 'Paraná'
1235,Horacio Cartes,Spain,2015-06-01,,Complementa (viaje ausente en COLT),COLT no registra ningun viaje de Paraguay a Spain en fechas 2015-06-01 - 2015-06-02
1236,Horacio Cartes,Brazil,2015-07-17,2931-PRY-BRA-42202,Complementa,CityVisited: 'Brasília'
1237,Horacio Cartes,United States,2015-09-26,2931-PRY-USA-42275,Complementa,CityVisited: 'New York'
1238,Horacio Cartes,Ecuador,2016-01-26,2931-PRY-ECU-42396,Complementa,CityVisited: 'Quito'
1239,Horacio Cartes,Uruguay,2016-07-12,,Complementa (viaje ausente en COLT),COLT no registra ningun viaje de Paraguay a Uruguay en fechas 2016-07-12 - 2016-07-12
1240,Horacio Cartes,Peru,2016-07-28,2931-PRY-PER-42579,Complementa,CityVisited: 'Lima'
1241,Horacio Cartes,United States,2016-09-20,,Complementa (viaje ausente en COLT),COLT no registra ningun viaje de Paraguay a United States en fechas 2016-09-20 - 2016-09-22
1242,Horacio Cartes,Vatican City,2017-01-15,,Complementa (viaje ausente en COLT),COLT no registra ningun viaje de Paraguay a Vatican City en fechas 2017-01-15 - 2017-01-16
1243,Horacio Cartes,Taiwan,2017-07-11,2931-PRY-TWN-42927,Complementa,CityVisited: 'Taipei'
1244,Horacio Cartes,Argentina,2017-07-21,2931-PRY-ARG-42937,Complementa,CityVisited: 'Mendoza'
1245,Horacio Cartes,United States,2017-09-19,2931-PRY-USA-42998,Complementa,CityVisited: 'New York'
1246,Horacio Cartes,Vatican City,2017-11-07,,Complementa (viaje ausente en COLT),COLT no registra ningun viaje de Paraguay a Vatican City en fechas 2017-11-07 - 2017-11-10
1247,Horacio Cartes,Brazil,2017-12-20,2931-PRY-BRA-43090,Complementa,CityVisited: 'Brasília'
1248,Horacio Cartes,Israel,2018-05-21,2931-PRY-ISR-43240,Complementa,CityVisited: 'Jerusalem'
1249,Mario Abdo Benítez,United States,2018-09-25,3481-PRY-USA-43367,Complementa,CityVisited: 'New York'
1250,Mario Abdo Benítez,Taiwan,2018-10-07,3481-PRY-TWN-43380,Complementa,CityVisited: 'Taipéi'
1251,Mario Abdo Benítez,Vatican City,2018-11-05,,Complementa (viaje ausente en COLT),COLT no registra ningun viaje de Paraguay a Vatican City en fechas 2018-11-05 - 2018-11-05
1252,Mario Abdo Benítez,Italy,2018-11-05,3481-PRY-ITA-43409,Complementa,CityVisited: 'Roma/Cesena'
1253,Mario Abdo Benítez,Guatemala,2018-11-15,3481-PRY-GTM-43419,Complementa,CityVisited: 'La Antigua Guatemala'
1254,Mario Abdo Benítez,Uruguay,2018-12-18,3481-PRY-URY-43452,Complementa,CityVisited: 'Montevideo'
1255,Mario Abdo Benítez,Brazil,2019-01-01,3481-PRY-BRA-43466,Complementa,CityVisited: 'Brasília'
1256,Mario Abdo Benítez,Switzerland,2019-01-22,3481-PRY-CHE-43485,Complementa,CityVisited: 'Davos'
1257,Mario Abdo Benítez,Colombia,2019-02-22,3481-PRY-COL-43518,Complementa,CityVisited: 'Cúcuta'
1258,Mario Abdo Benítez,Bolivia,2019-03-02,3481-PRY-BOL-43526,Complementa,CityVisited: 'Oruro'
1259,Mario Abdo Benítez,Brazil,2019-03-12,3481-PRY-BRA-43536,Complementa,CityVisited: 'Brasília'
1260,Mario Abdo Benítez,Chile,2019-03-22,3481-PRY-CHL-43546,Complementa,CityVisited: 'Santiago'
1261,Mario Abdo Benítez,Bolivia,2019-06-12,3481-PRY-BOL-43628,Complementa,CityVisited: 'La Paz'
1262,Mario Abdo Benítez,Argentina,2019-07-17,3481-PRY-ARG-43663,Complementa,CityVisited: 'Santa Fe'
1263,Mario Abdo Benítez,Argentina,2019-08-23,,Complementa (viaje ausente en COLT),COLT no registra ningun viaje de Paraguay a Argentina en fechas 2019-08-23 - 2019-08-23
1264,Mario Abdo Benítez,Argentina,2019-12-10,3481-PRY-ARG-43809,Complementa,CityVisited: 'Buenos Aires'
1265,Mario Abdo Benítez,United States,2019-12-12,3481-PRY-USA-43810,Complementa,CityVisited: 'Washington D.C.'
1268,Mario Abdo Benítez,Uruguay,2020-03-01,3481-PRY-URY-43891,Complementa,CityVisited: 'Montevideo'
1269,Mario Abdo Benítez,Bolivia,2020-11-08,3481-PRY-BOL-44143,Complementa,CityVisited: 'La Paz'
1270,Mario Abdo Benítez,Brazil,2020-12-01,3481-PRY-BRA-44166,Complementa,CityVisited: 'Foz de Iguaçu'
1272,Mario Abdo Benítez,Mexico,2021-09-17,3481-PRY-MEX-44455,Complementa,CityVisited: 'Ciudad de México'
1274,Mario Abdo Benítez,Brazil,2021-11-24,3481-PRY-BRA-44524,Complementa,CityVisited: 'Brasília'
1275,Mario Abdo Benítez,Chile,2022-02-17,,Complementa (viaje ausente en COLT),COLT no registra ningun viaje de Paraguay a Chile en fechas 2022-02-17 - 2022-02-18
1276,Mario Abdo Benítez,Chile,2022-03-11,3481-PRY-CHL-44630,Complementa,CityVisited: 'Valparaíso'
1277,Mario Abdo Benítez,United States,2022-06-08,3481-PRY-USA-44719,Complementa,CityVisited: 'Los Ángeles'
1278,Mario Abdo Benítez,Bolivia,2022-06-14,3481-PRY-BOL-44726,Complementa,CityVisited: 'Villamontes'
1279,Mario Abdo Benítez,Colombia,2022-08-06,3481-PRY-COL-44779,Complementa,CityVisited: 'Bogotá'
1280,Mario Abdo Benítez,Brazil,2022-08-31,,Complementa (viaje ausente en COLT),COLT no registra ningun viaje de Paraguay a Brazil en fechas 2022-08-31 - 2022-08-31
1281,Mario Abdo Benítez,United States,2022-09-18,3481-PRY-USA-44823,Complementa,CityVisited: 'New York'
1282,Mario Abdo Benítez,Spain,2022-11-02,3481-PRY-ESP-44867,Complementa,CityVisited: 'Madrid'
1283,Mario Abdo Benítez,Germany,2022-11-09,3481-PRY-DEU-44873,Complementa,CityVisited: 'Berlín/Hamburgo'
1284,Mario Abdo Benítez,Uruguay,2022-12-05,3481-PRY-URY-44901,Complementa,CityVisited: 'Montevideo'
1285,Mario Abdo Benítez,Brazil,2023-01-01,,Complementa (viaje ausente en COLT),COLT no registra ningun viaje de Paraguay a Brazil en fechas 2023-01-01 - 2023-01-02
1286,Mario Abdo Benítez,Vatican City,2023-01-19,,Complementa (viaje ausente en COLT),COLT no registra ningun viaje de Paraguay a Vatican City en fechas 2023-01-19 - 2023-01-20
1287,Mario Abdo Benítez,Argentina,2023-01-24,3481-PRY-ARG-44950,Complementa,CityVisited: 'Buenos Aires'
1288,Mario Abdo Benítez,United States,2023-01-27,3481-PRY-USA-44953,Complementa,CityVisited: 'Miami'
1289,Mario Abdo Benítez,United Arab Emirates,2023-02-11,3481-PRY-ARE-44970,Complementa,CityVisited: 'Dubái'
1290,Mario Abdo Benítez,Taiwan,2023-02-14,3481-PRY-TWN-44971,Complementa,CityVisited: 'Taipéi'
1291,Mario Abdo Benítez,Argentina,2023-03-10,3481-PRY-ARG-44995,Complementa,CityVisited: 'Buenos Aires'
1292,Mario Abdo Benítez,Brazil,2023-05-30,3481-PRY-BRA-45076,Complementa,CityVisited: 'Brasília'
1293,Mario Abdo Benítez,Argentina,2023-07-03,3481-PRY-ARG-45110,Complementa,CityVisited: 'Puerto Iguazú'
1294,Santiago Peña,United States,2023-09-19,4034-PRY-USA-45186,Complementa,CityVisited: 'New York'
1295,Santiago Peña,United States,2023-10-22,4034-PRY-USA-45222,Complementa,CityVisited: 'Washington D.C.'
1296,Santiago Peña,Uruguay,2023-10-27,4034-PRY-URY-45226,Complementa,CityVisited: 'Montevideo'
1297,Santiago Peña,Chile,2023-11-06,4034-PRY-CHL-45236,Complementa,CityVisited: 'Santiago'
1298,Santiago Peña,Italy,2023-11-26,4034-PRY-ITA-45256,Complementa,CityVisited: 'Rome'
1299,Santiago Peña,Vatican City,2023-11-27,,Complementa (viaje ausente en COLT),COLT no registra ningun viaje de Paraguay a Vatican City en fechas 2023-11-27 - 2023-11-27
1300,Santiago Peña,United Arab Emirates,2023-11-30,4034-PRY-ARE-45260,Complementa,CityVisited: 'Dubai'
1301,Santiago Peña,Brazil,2023-12-07,4034-PRY-BRA-45267,Complementa,CityVisited: 'Rio de Janeiro'
1302,Santiago Peña,Argentina,2023-12-09,4034-PRY-ARG-45268,Complementa,CityVisited: 'Buenos Aires'
1303,Santiago Peña,Guatemala,2024-01-13,4034-PRY-GTM-45304,Complementa,CityVisited: 'Guatemala City'
1304,Santiago Peña,Brazil,2024-01-15,4034-PRY-BRA-45306,Complementa,CityVisited: 'Brasília'
1305,Santiago Peña,Argentina,2024-02-14,4034-PRY-ARG-45336,Complementa,CityVisited: 'Buenos Aires'
1306,Santiago Peña,Spain,2024-02-25,,Complementa (viaje ausente en COLT),COLT no registra ningun viaje de Paraguay a Spain en fechas 2024-02-25 - 2024-02-28
1307,Santiago Peña,Argentina,2024-04-18,,Complementa (viaje ausente en COLT),COLT no registra ningun viaje de Paraguay a Argentina en fechas 2024-04-18 - 2024-04-19
1308,Santiago Peña,United States,2024-05-14,4034-PRY-USA-45426,Complementa,CityVisited: 'Washington D.C.'
1309,Santiago Peña,Taiwan,2024-05-18,4034-PRY-TWN-45429,Complementa,CityVisited: 'Taipei'
1310,Santiago Peña,United States,2024-05-29,4034-PRY-USA-45441,Complementa,CityVisited: 'Miami'
1311,Santiago Peña,El Salvador,2024-06-01,4034-PRY-SLV-45443,Complementa,CityVisited: 'San Salvador'
1312,Santiago Peña,Bolivia,2024-06-13,4034-PRY-BOL-45456,Complementa,CityVisited: 'La Paz'
1313,Santiago Peña,Argentina,2024-07-17,4034-PRY-ARG-45490,Complementa,CityVisited: 'Buenos Aires'
1314,Santiago Peña,France,2024-07-23,4034-PRY-FRA-45498,Complementa,CityVisited: 'Paris'
1315,Santiago Peña,Dominican Republic,2024-08-15,4034-PRY-DOM-45520,Complementa,CityVisited: 'Santo Domingo'
1316,Santiago Peña,Costa Rica,2024-08-18,,Complementa (viaje ausente en COLT),COLT no registra ningun viaje de Paraguay a Costa Rica en fechas 2024-08-18 - 2024-08-20
1317,Santiago Peña,Uruguay,2024-09-06,,Complementa (viaje ausente en COLT),COLT no registra ningun viaje de Paraguay a Uruguay en fechas 2024-09-06 - 2024-09-06
1318,Santiago Peña,United States,2024-09-22,4034-PRY-USA-45557,Complementa,CityVisited: 'New York'
1319,Santiago Peña,Mexico,2024-09-29,4034-PRY-MEX-45566,Complementa,CityVisited: 'Mexico City'
1321,Santiago Peña,Brazil,2024-11-18,4034-PRY-BRA-45613,Complementa,CityVisited: 'Rio de Janeiro'
1322,Santiago Peña,Uruguay,2024-12-06,4034-PRY-URY-45632,Complementa,CityVisited: 'Montevideo'
1323,Santiago Peña,France,2024-12-08,4034-PRY-FRA-45635,Complementa,CityVisited: 'Paris'
1324,Santiago Peña,Israel,2024-12-11,4034-PRY-ISR-45637,Complementa,CityVisited: 'Jerusalem'
1325,Santiago Peña,Panama,2025-01-28,4034-PRY-PAN-45685,No aporta,COLT ya tiene el dato completo equivalente
1326,Santiago Peña,Switzerland,2025-01-30,4034-PRY-CHE-45687,No aporta,COLT ya tiene el dato completo equivalente
1327,Santiago Peña,United States,2025-04-26,4034-PRY-USA-45775,No aporta,COLT ya tiene el dato completo equivalente
1328,Santiago Peña,Japan,2025-05-01,,Complementa (viaje ausente en COLT),COLT no registra ningun viaje de Paraguay a Japan en fechas 2025-05-01 - 2025-05-04
1329,Santiago Peña,Vatican City,2025-05-17,,Complementa (viaje ausente en COLT),COLT no registra ningun viaje de Paraguay a Vatican City en fechas 2025-05-17 - 2025-05-18
1330,Santiago Peña,Singapore,2025-05-20,4034-PRY-SGP-45800,No aporta,COLT ya tiene el dato completo equivalente
1331,Santiago Peña,United Arab Emirates,2025-05-23,4034-PRY-ARE-45801,No aporta,COLT ya tiene el dato completo equivalente
1332,Santiago Peña,India,2025-05-31,4034-PRY-IND-45810,No aporta,COLT ya tiene el dato completo equivalente
1333,Santiago Peña,Argentina,2025-07-03,4034-PRY-ARG-45841,No aporta,COLT ya tiene el dato completo equivalente
1334,Santiago Peña,United Kingdom,2025-07-21,4034-PRY-GBR-45853,No aporta,COLT ya tiene el dato completo equivalente
1335,Santiago Peña,Finland,2025-07-28,4034-PRY-FIN-45867,No aporta,COLT ya tiene el dato completo equivalente
1336,Santiago Peña,Brazil,2025-09-08,,Complementa (viaje ausente en COLT),COLT no registra ningun viaje de Paraguay a Brazil en fechas 2025-09-08 - 2025-09-09
1337,Santiago Peña,United States,2025-09-22,4034-PRY-USA-45922,No aporta,COLT ya tiene el dato completo equivalente
1338,Santiago Peña,Italy,2025-10-11,4034-PRY-ITA-45942,No aporta,COLT ya tiene el dato completo equivalente
1339,Santiago Peña,Switzerland,2026-01-21,,Complementa (viaje ausente en COLT),COLT no registra ningun viaje de Paraguay a Switzerland en fechas 2026-01-21 - 2026-01-24
1340,Santiago Peña,United Arab Emirates,2026-01-31,,Complementa (viaje ausente en COLT),COLT no registra ningun viaje de Paraguay a United Arab Emirates en fechas 2026-01-31 - 2026-02-06
1341,Santiago Peña,United States,2026-02-18,,Complementa (viaje ausente en COLT),COLT no registra ningun viaje de Paraguay a United States en fechas 2026-02-18 - 2026-02-20
1342,Santiago Peña,Brazil,2026-03-23,,Complementa (viaje ausente en COLT),COLT no registra ningun viaje de Paraguay a Brazil en fechas 2026-03-23 - 2026-03-26
1343,Santiago Peña,United States,2026-05-05,,Complementa (viaje ausente en COLT),COLT no registra ningun viaje de Paraguay a United States en fechas 2026-05-05 - 2026-05-05
1344,Santiago Peña,Taiwan,2026-05-06,,Complementa (viaje ausente en COLT),COLT no registra ningun viaje de Paraguay a Taiwan en fechas 2026-05-06 - 2026-05-10
1345,Santiago Peña,Philippines,2026-05-10,,Complementa (viaje ausente en COLT),COLT no registra ningun viaje de Paraguay a Philippines en fechas 2026-05-10 - 2026-05-12
1346,Santiago Peña,United States,2026-06-11,,Complementa (viaje ausente en COLT),COLT no registra ningun viaje de Paraguay a United States en fechas 2026-06-11 - 2026-06-15
1347,Santiago Peña,Panama,2026-06-22,,Complementa (viaje ausente en COLT),COLT no registra ningun viaje de Paraguay a Panama en fechas 2026-06-22 - 2026-06-24
1348,Jorge Batlle,Argentina,2000-06-30,1514-URY-ARG-36707,Complementa,CityVisited: 'Buenos Aires'
1349,Jorge Batlle,Brazil,2000-08-31,,Complementa (viaje ausente en COLT),COLT no registra ningun viaje de Uruguay a Brazil en fechas 2000-08-31 - 2000-09-01
1350,Jorge Batlle,United States,2000-09-06,,Complementa (viaje ausente en COLT),COLT no registra ningun viaje de Uruguay a United States en fechas 2000-09-06 - 2000-09-08
1351,Jorge Batlle,Canada,2001-04-20,1514-URY-CAN-37000,Complementa,CityVisited: 'Quebec City'
1352,Jorge Batlle,United States,2001-11-08,1514-URY-USA-37204,Complementa,CityVisited: 'New York'
1353,Jorge Batlle,United States,2002-02-11,1514-URY-USA-37298,Complementa,CityVisited: 'Washington DC'
1354,Jorge Batlle,Argentina,2002-02-18,,Complementa (viaje ausente en COLT),COLT no registra ningun viaje de Uruguay a Argentina en fechas 2002-02-18 - 2002-02-18
1355,Jorge Batlle,Argentina,2002-06-04,1514-URY-ARG-37411,Complementa,CityVisited: 'Buenos Aires'
1357,Jorge Batlle,Brazil,2002-12-05,1514-URY-BRA-37595,Complementa,CityVisited: 'Brasília'
1358,Jorge Batlle,United States,2003-04-23,1514-URY-USA-37730,Complementa,CityVisited: 'Washington DC'
1359,Jorge Batlle,Puerto Rico,2003-08-25,,Complementa (viaje ausente en COLT),COLT no registra ningun viaje de Uruguay a Puerto Rico en fechas 2003-08-25 - 2003-08-27
1360,Jorge Batlle,United States,2003-08-27,,Complementa (viaje ausente en COLT),COLT no registra ningun viaje de Uruguay a United States en fechas 2003-08-27 - 2003-08-28
1361,Jorge Batlle,Vatican City,2003-10-11,,Complementa (viaje ausente en COLT),COLT no registra ningun viaje de Uruguay a Vatican City en fechas 2003-10-11 - 2003-10-12
1362,Jorge Batlle,Italy,2003-10-13,1514-URY-ITA-37905,Complementa,CityVisited: 'Rome'
1363,Jorge Batlle,Angola,2003-10-15,1514-URY-AGO-37911,Complementa,CityVisited: 'Luanda'
1364,Jorge Batlle,Bolivia,2003-11-14,1514-URY-BOL-37939,Complementa,CityVisited: 'Santa Cruz de la Sierra'
1365,Jorge Batlle,Mexico,2004-01-12,1514-URY-MEX-37998,Complementa,CityVisited: 'Monterrey'
1366,Jorge Batlle,Spain,2004-02-02,1514-URY-ESP-38017,Complementa,CityVisited: 'Madrid'
1367,Jorge Batlle,Democratic Republic of the Congo,2004-04-27,,Complementa (viaje ausente en COLT),COLT no registra ningun viaje de Uruguay a Democratic Republic of the Congo en fechas 2004-04-27 - 2004-04-29
1368,Jorge Batlle,United States,2004-09-22,1514-URY-USA-38250,Complementa,CityVisited: 'New York'
1369,Jorge Batlle,Costa Rica,2004-11-18,1514-URY-CRI-38309,Complementa,CityVisited: 'San José'
1370,Jorge Batlle,Brazil,2004-12-16,1514-URY-BRA-38337,Complementa,CityVisited: 'Ouro Preto'
1371,Tabaré Vázquez,Brazil,2005-03-31,2029-URY-BRA-38443,Complementa,CityVisited: 'Brasilia'
1372,Tabaré Vázquez,Colombia,2005-09-18,2029-URY-COL-38613,Complementa,CityVisited: 'Cartagena'
1373,Tabaré Vázquez,Spain,2005-10-13,2029-URY-ESP-38637,Complementa,CityVisited: 'Salamanca'
1374,Tabaré Vázquez,Germany,2005-10-16,2029-URY-DEU-38639,Complementa,CityVisited: 'Berlin'
1375,Tabaré Vázquez,Italy,2005-10-18,2029-URY-ITA-38643,Complementa,CityVisited: 'Rome'
1376,Tabaré Vázquez,France,2005-10-20,2029-URY-FRA-38649,Complementa,CityVisited: 'Paris'
1377,Tabaré Vázquez,Argentina,2005-11-04,2029-URY-ARG-38660,Complementa,CityVisited: 'Mar del Plata'
1378,Tabaré Vázquez,Mexico,2006-04-26,2029-URY-MEX-38832,Complementa,CityVisited: 'Mexico City'
1379,Tabaré Vázquez,United States,2006-05-03,2029-URY-USA-38836,Complementa,CityVisited: 'Washington'
1380,Tabaré Vázquez,Austria,2006-05-11,2029-URY-AUT-38848,Complementa,CityVisited: 'Vienna'
1381,Tabaré Vázquez,Argentina,2006-07-20,2029-URY-ARG-38918,Complementa,CityVisited: 'Córdoba'
1382,Tabaré Vázquez,Qatar,2007-05-01,2029-URY-QAT-39204,Complementa,CityVisited: 'Doha'
1383,Tabaré Vázquez,Paraguay,2007-06-28,2029-URY-PRY-39262,Complementa,CityVisited: 'Asunción'
1384,Tabaré Vázquez,Spain,2007-09-18,2029-URY-ESP-39343,Complementa,CityVisited: 'Madrid'
1385,Tabaré Vázquez,Chile,2007-11-08,2029-URY-CHL-39393,Complementa,CityVisited: 'Santiago'
1386,Tabaré Vázquez,Panama,2008-06-15,2029-URY-PAN-39614,Complementa,CityVisited: 'Panama City'
1387,Tabaré Vázquez,Cuba,2008-06-18,2029-URY-CUB-39616,Complementa,CityVisited: 'Havana'
1388,Tabaré Vázquez,Mexico,2008-06-21,2029-URY-MEX-39620,Complementa,CityVisited: 'Mexico City'
1389,Tabaré Vázquez,South Korea,2008-09-01,2029-URY-KOR-39690,Complementa,CityVisited: 'Seoul'
1390,Tabaré Vázquez,New Zealand,2008-09-01,,Complementa (viaje ausente en COLT),COLT no registra ningun viaje de Uruguay a New Zealand en fechas 2008-09-01 - NA
1391,Tabaré Vázquez,Brazil,2008-12-15,2029-URY-BRA-39798,Complementa,CityVisited: 'Salvador'
1392,Tabaré Vázquez,Saudi Arabia,2008-12-19,,Complementa (viaje ausente en COLT),COLT no registra ningun viaje de Uruguay a Saudi Arabia en fechas 2008-12-19 - 2008-12-21
1393,Tabaré Vázquez,Brazil,2009-03-10,2029-URY-BRA-39882,Complementa,CityVisited: 'Brasilia'
1394,Tabaré Vázquez,China,2009-03-19,2029-URY-CHN-39893,Complementa,CityVisited: 'Beijing'
1395,Tabaré Vázquez,Costa Rica,2009-04-23,2029-URY-CRI-39925,Complementa,CityVisited: 'San José'
1396,Tabaré Vázquez,Iran,2009-05-05,,Complementa (viaje ausente en COLT),COLT no registra ningun viaje de Uruguay a Iran en fechas 2009-05-05 - 2009-05-06
1397,Tabaré Vázquez,Paraguay,2009-07-24,2029-URY-PRY-40018,Complementa,CityVisited: 'Asunción'
1398,Tabaré Vázquez,Argentina,2009-08-28,2029-URY-ARG-40053,Complementa,CityVisited: 'San Carlos de Bariloche'
1399,Tabaré Vázquez,United States,2009-09-12,2029-URY-USA-40067,Complementa,CityVisited: 'New York'
1400,Tabaré Vázquez,Venezuela,2009-09-27,2029-URY-VEN-40080,Complementa,CityVisited: 'Isla Margarita'
1401,Tabaré Vázquez,Japan,2009-12-11,2029-URY-JPN-40158,Complementa,CityVisited: 'Tokyo'
1402,José Mujica,Chile,2010-03-11,,Complementa (viaje ausente en COLT),COLT no registra ningun viaje de Uruguay a Chile en fechas 2010-03-11 - 2010-03-11
1403,José Mujica,Brazil,2011-01-01,2552-URY-BRA-40544,Complementa,CityVisited: 'Brasilia'
1404,José Mujica,Paraguay,2011-06-29,2552-URY-PRY-40722,Complementa,CityVisited: 'Asunción'
1405,José Mujica,Peru,2011-07-27,2552-URY-PER-40752,Complementa,CityVisited: 'Lima'
1406,José Mujica,Sweden,2011-10-12,2552-URY-SWE-40827,Complementa,CityVisited: 'Stockholm'
1407,José Mujica,Norway,2011-10-13,2552-URY-NOR-40829,Complementa,CityVisited: 'Oslo'
1408,José Mujica,Germany,2011-10-17,2552-URY-DEU-40833,Complementa,CityVisited: 'Berlin'
1409,José Mujica,Belgium,2011-10-19,2552-URY-BEL-40835,Complementa,CityVisited: 'Brussels'
1410,José Mujica,Brazil,2011-11-08,,Complementa (viaje ausente en COLT),COLT no registra ningun viaje de Uruguay a Brazil en fechas 2011-11-08 - 2011-11-09
1411,José Mujica,Mexico,2011-11-15,2552-URY-MEX-40862,Complementa,CityVisited: 'Guadalajara'
1412,José Mujica,Colombia,2012-04-13,2552-URY-COL-41013,Complementa,CityVisited: 'Cartagena'
1413,José Mujica,Argentina,2012-06-29,2552-URY-ARG-41088,Complementa,CityVisited: 'Mendoza'
1414,José Mujica,Brazil,2012-06-20,2552-URY-BRA-41081,Complementa,CityVisited: 'Rio de Janeiro'
1415,José Mujica,Brazil,2012-07-30,2552-URY-BRA-41121,Complementa,CityVisited: 'Brasilia'
1416,José Mujica,Brazil,2012-12-06,2552-URY-BRA-41249,Complementa,CityVisited: 'Brasilia'
1417,José Mujica,Chile,2013-01-26,2552-URY-CHL-41299,Complementa,CityVisited: 'Santiago'
1418,José Mujica,Venezuela,2013-03-06,2552-URY-VEN-41339,Complementa,CityVisited: 'Caracas'
1419,José Mujica,China,2013-05-24,2552-URY-CHN-41419,Complementa,CityVisited: 'Beijing'
1420,José Mujica,Spain,2013-05-28,2552-URY-ESP-41423,Complementa,CityVisited: 'Madrid'
1421,José Mujica,Paraguay,2013-08-15,2552-URY-PRY-41501,Complementa,CityVisited: 'Asunción'
1422,José Mujica,United States,2013-09-24,2552-URY-USA-41541,Complementa,CityVisited: 'New York'
1423,José Mujica,Cuba,2014-01-28,2552-URY-CUB-41667,Complementa,CityVisited: 'Havana'
1424,José Mujica,Chile,2014-03-11,2552-URY-CHL-41708,Complementa,CityVisited: 'Santiago'
1425,José Mujica,United States,2014-05-11,2552-URY-USA-41770,Complementa,CityVisited: 'Washington'
1426,José Mujica,Paraguay,2014-07-18,2552-URY-PRY-41838,Complementa,CityVisited: 'Asunción'
1427,José Mujica,Venezuela,2014-07-29,2552-URY-VEN-41848,Complementa,CityVisited: 'Caracas'
1428,José Mujica,Argentina,2014-12-16,2552-URY-ARG-41990,Complementa,CityVisited: 'Parana'
1429,José Mujica,Mexico,2014-12-08,2552-URY-MEX-41979,Complementa,CityVisited: 'Veracruz'
1432,Tabaré Vázquez,Panama,2015-04-10,2029-URY-PAN-42104,Complementa,CityVisited: 'Panama City'
1433,Tabaré Vázquez,Brazil,2015-05-21,2029-URY-BRA-42143,Complementa,CityVisited: 'Brasilia'
1434,Tabaré Vázquez,Brazil,2015-07-16,2029-URY-BRA-42202,Complementa,CityVisited: 'Brasilia'
1435,Tabaré Vázquez,Ecuador,2015-09-21,2029-URY-ECU-42268,Complementa,CityVisited: 'Quito'
1436,Tabaré Vázquez,United States,2015-09-25,2029-URY-USA-42275,Complementa,CityVisited: 'New York'
1437,Tabaré Vázquez,Argentina,2015-12-10,2029-URY-ARG-42348,Complementa,CityVisited: 'Buenos Aires'
1438,Tabaré Vázquez,United States,2016-09-19,2029-URY-USA-42631,Complementa,CityVisited: 'New York'
1439,Tabaré Vázquez,China,2016-10-10,2029-URY-CHN-42655,Complementa,CityVisited: 'Beijing'
1440,Tabaré Vázquez,Egypt,2017-05-31,2029-URY-EGY-42885,Complementa,CityVisited: 'Cairo'
1441,Tabaré Vázquez,Switzerland,2017-06-03,2029-URY-CHE-42890,Complementa,CityVisited: 'Geneva'
1442,Tabaré Vázquez,Argentina,2017-07-21,2029-URY-ARG-42937,Complementa,CityVisited: 'Mendoza'
1443,Tabaré Vázquez,Mexico,2017-11-14,2029-URY-MEX-43052,Complementa,CityVisited: 'Mexico City'
1444,Tabaré Vázquez,Peru,2018-04-13,2029-URY-PER-43203,Complementa,CityVisited: 'Lima'
1445,Tabaré Vázquez,Brazil,2019-01-01,2029-URY-BRA-43466,Complementa,CityVisited: 'Brasilia'
1447,Tabaré Vázquez,Argentina,2019-12-10,2029-URY-ARG-43809,Complementa,CityVisited: 'Buenos Aires'
1448,Luis Lacalle Pou,Brazil,2021-02-03,3698-URY-BRA-44230,Complementa,CityVisited: 'Brasilia'
1449,Luis Lacalle Pou,Argentina,2021-08-13,3698-URY-ARG-44421,Complementa,CityVisited: 'Buenos Aires'
1450,Luis Lacalle Pou,Mexico,2021-09-16,3698-URY-MEX-44455,Complementa,CityVisited: 'Mexico City'
1451,Luis Lacalle Pou,United States,2021-09-20,3698-URY-USA-44460,Complementa,CityVisited: 'New York'
1452,Luis Lacalle Pou,Qatar,2021-12-12,3698-URY-QAT-44540,Complementa,CityVisited: 'Doha'
1453,Luis Lacalle Pou,Democratic Republic of the Congo,2021-12-23,,Complementa (viaje ausente en COLT),COLT no registra ningun viaje de Uruguay a Democratic Republic of the Congo en fechas 2021-12-23 - 2021-12-26
1454,Luis Lacalle Pou,United Arab Emirates,2022-02-18,3698-URY-ARE-44611,Complementa,CityVisited: 'Dubai'
1455,Luis Lacalle Pou,Chile,2022-03-11,3698-URY-CHL-44630,Complementa,CityVisited: 'Santiago'
1456,Luis Lacalle Pou,Paraguay,2022-05-13,3698-URY-PRY-44694,Complementa,CityVisited: 'Asunción'
1457,Luis Lacalle Pou,United Kingdom,2022-05-21,3698-URY-GBR-44703,Complementa,CityVisited: 'London'
1458,Luis Lacalle Pou,Colombia,2022-06-30,3698-URY-COL-44742,Complementa,CityVisited: 'Bogotá'
1459,Luis Lacalle Pou,Japan,2022-10-27,3698-URY-JPN-44861,Complementa,CityVisited: 'Tokyo'
1460,Luis Lacalle Pou,Brazil,2023-01-01,,Complementa (viaje ausente en COLT),COLT no registra ningun viaje de Uruguay a Brazil en fechas 2023-01-01 - 2023-01-01
1461,Luis Lacalle Pou,Argentina,2023-01-24,3698-URY-ARG-44950,Complementa,CityVisited: 'Buenos Aires'
1462,Luis Lacalle Pou,Dominican Republic,2023-03-24,3698-URY-DOM-45008,Complementa,CityVisited: 'Santo Domingo'
1463,Luis Lacalle Pou,Brazil,2023-05-30,3698-URY-BRA-45076,Complementa,CityVisited: 'Brasilia'
1464,Luis Lacalle Pou,United States,2023-06-12,3698-URY-USA-45090,Complementa,CityVisited: 'New York / Washington'
1465,Luis Lacalle Pou,Argentina,2023-07-03,3698-URY-ARG-45110,Complementa,CityVisited: 'Puerto Iguazú'
1466,Luis Lacalle Pou,Belgium,2023-07-17,3698-URY-BEL-45123,Complementa,CityVisited: 'Brussels'
1467,Luis Lacalle Pou,Chile,2023-09-11,3698-URY-CHL-45179,Complementa,CityVisited: 'Santiago'
1468,Luis Lacalle Pou,France,2023-09-14,3698-URY-FRA-45183,Complementa,CityVisited: 'Lille'
1469,Luis Lacalle Pou,United States,2023-09-17,3698-URY-USA-45186,Complementa,CityVisited: 'New York'
1470,Luis Lacalle Pou,United States,2023-11-03,3698-URY-USA-45231,Complementa,CityVisited: 'Washington'
1471,Luis Lacalle Pou,China,2023-11-20,3698-URY-CHN-45251,Complementa,CityVisited: 'Beijing'
1472,Luis Lacalle Pou,Argentina,2023-12-09,3698-URY-ARG-45269,Complementa,CityVisited: 'Buenos Aires'
1473,Luis Lacalle Pou,Argentina,2024-04-17,,Complementa (viaje ausente en COLT),COLT no registra ningun viaje de Uruguay a Argentina en fechas 2024-04-17 - 2024-04-17
1474,Luis Lacalle Pou,Argentina,2024-04-24,,Complementa (viaje ausente en COLT),COLT no registra ningun viaje de Uruguay a Argentina en fechas 2024-04-24 - 2024-04-24
1475,Luis Lacalle Pou,Paraguay,2024-07-07,3698-URY-PRY-45479,Complementa,CityVisited: 'Asunción'
1476,Luis Lacalle Pou,Argentina,2024-07-17,3698-URY-ARG-45490,Complementa,CityVisited: 'Buenos Aires'
1477,Luis Lacalle Pou,United States,2024-09-25,3698-URY-USA-45560,Complementa,CityVisited: 'New York'
1480,Yamandú Orsi,Panama,2025-04-07,4217-URY-PAN-45753,No aporta,COLT ya tiene el dato completo equivalente
1481,Yamandú Orsi,Honduras,2025-04-08,4217-URY-HND-45755,No aporta,COLT ya tiene el dato completo equivalente
1482,Yamandú Orsi,Spain,2025-06-29,4217-URY-ESP-45837,No aporta,COLT ya tiene el dato completo equivalente
1483,Yamandú Orsi,Argentina,2025-07-02,4217-URY-ARG-45841,No aporta,COLT ya tiene el dato completo equivalente
1484,Yamandú Orsi,Brazil,2025-07-05,4217-URY-BRA-45844,No aporta,COLT ya tiene el dato completo equivalente
1485,Yamandú Orsi,Chile,2025-07-20,4217-URY-CHL-45859,No aporta,COLT ya tiene el dato completo equivalente
1486,Yamandú Orsi,United States,2025-09-21,4217-URY-USA-45922,No aporta,COLT ya tiene el dato completo equivalente
1487,Yamandú Orsi,Belgium,2025-10-15,,Complementa (viaje ausente en COLT),COLT no registra ningun viaje de Uruguay a Belgium en fechas 2025-10-15 - 2025-10-15
1488,Yamandú Orsi,Italy,2025-10-16,4217-URY-ITA-45945,No aporta,COLT ya tiene el dato completo equivalente
1489,Yamandú Orsi,Vatican City,2025-10-17,,Complementa (viaje ausente en COLT),COLT no registra ningun viaje de Uruguay a Vatican City en fechas 2025-10-17 - 2025-10-17
1490,Yamandú Orsi,Bolivia,2025-11-07,4217-URY-BOL-45968,No aporta,COLT ya tiene el dato completo equivalente
1491,Yamandú Orsi,South Africa,2025-11-22,,Complementa (viaje ausente en COLT),COLT no registra ningun viaje de Uruguay a South Africa en fechas 2025-11-22 - 2025-11-23
1492,Yamandú Orsi,Brazil,2025-12-19,4217-URY-BRA-46010,No aporta,COLT ya tiene el dato completo equivalente
1493,Yamandú Orsi,Paraguay,2026-01-17,,Complementa (viaje ausente en COLT),COLT no registra ningun viaje de Uruguay a Paraguay en fechas 2026-01-17 - 2026-01-17
1494,Yamandú Orsi,China,2026-02-01,,Complementa (viaje ausente en COLT),COLT no registra ningun viaje de Uruguay a China en fechas 2026-02-01 - 2026-02-07
1495,Yamandú Orsi,Chile,2026-03-10,,Complementa (viaje ausente en COLT),COLT no registra ningun viaje de Uruguay a Chile en fechas 2026-03-10 - 2026-03-11
1496,Yamandú Orsi,Colombia,2026-03-21,,Complementa (viaje ausente en COLT),COLT no registra ningun viaje de Uruguay a Colombia en fechas 2026-03-21 - 2026-03-21
1497,Yamandú Orsi,Paraguay,2026-06-30,,Complementa (viaje ausente en COLT),COLT no registra ningun viaje de Uruguay a Paraguay en fechas 2026-06-30 - 2026-06-30
1500,José Mujica,Paraguay,2011-05-14,,Complementa (viaje ausente en COLT),COLT no registra ningun viaje de Uruguay a Paraguay en fechas 2011-05-14 - 2011-05-14
1501,Tabaré Vázquez,Austria,2017-05-29,2029-URY-AUT-42883,Complementa,CityVisited: 'Vienna'
1502,José Mujica,Venezuela,2012-04-13,2552-URY-VEN-41012,Complementa,CityVisited: 'Caracas'
1503,José Mujica,Argentina,2012-04-09,,Complementa (viaje ausente en COLT),COLT no registra ningun viaje de Uruguay a Argentina en fechas 2012-04-09 - 2012-04-09
1504,José Mujica,Argentina,2011-08-02,2552-URY-ARG-40757,Complementa,CityVisited: 'Buenos Aires'
1505,José Mujica,Brazil,2013-11-10,,Complementa (viaje ausente en COLT),COLT no registra ningun viaje de Uruguay a Brazil en fechas 2013-11-10 - 2013-11-10
1506,José Mujica,Venezuela,2013-11-12,2552-URY-VEN-41590,Complementa,CityVisited: 'Caracas'
1507,José Mujica,Argentina,2010-04-05,2552-URY-ARG-40273,Complementa,CityVisited: 'Buenos Aires'
1508,José Mujica,Peru,2013-04-18,,Complementa (viaje ausente en COLT),COLT no registra ningun viaje de Uruguay a Peru en fechas 2013-04-18 - 2013-04-18
1509,José Mujica,Venezuela,2013-04-19,,Complementa (viaje ausente en COLT),COLT no registra ningun viaje de Uruguay a Venezuela en fechas 2013-04-19 - 2013-04-19
1510,José Mujica,Peru,2011-01-25,2552-URY-PER-40568,Complementa,CityVisited: 'Lima'
1511,José Mujica,Venezuela,2011-01-26,2552-URY-VEN-40569,Complementa,CityVisited: 'Caracas'
1512,José Mujica,Brazil,2014-07-16,2552-URY-BRA-41835,Complementa,CityVisited: 'Brasília'
1513,José Mujica,Venezuela,2011-07-05,2552-URY-VEN-40729,Complementa,CityVisited: 'Caracas'
1514,José Mujica,Venezuela,2011-12-02,2552-URY-VEN-40879,Complementa,CityVisited: 'Caracas'
1515,José Mujica,Brazil,2015-01-01,2552-URY-BRA-42005,Complementa,CityVisited: 'Brasília'
1516,José Mujica,Argentina,2014-07-12,,Complementa (viaje ausente en COLT),COLT no registra ningun viaje de Uruguay a Argentina en fechas 2014-07-12 - 2014-07-12
1517,José Mujica,Peru,2012-10-01,2552-URY-PER-41183,Complementa,CityVisited: 'Lima'
1518,José Mujica,Peru,2012-11-30,2552-URY-PER-41243,Complementa,CityVisited: 'Lima'
1519,José Mujica,Venezuela,2014-12-03,2552-URY-VEN-41976,Complementa,CityVisited: 'Caracas'
1520,José Mujica,Ecuador,2014-12-04,2552-URY-ECU-41977,Complementa,CityVisited: 'Guayaquil / Quito'
1521,José Mujica,Cuba,2013-07-24,2552-URY-CUB-41478,Complementa,CityVisited: 'La Habana / Santiago de Cuba'
1522,José Mujica,Brazil,2014-09-10,2552-URY-BRA-41892,Complementa,CityVisited: 'Porto Alegre'
1523,José Mujica,Finland,2014-09-15,2552-URY-FIN-41898,Complementa,CityVisited: 'Helsinki'
1524,José Mujica,Brazil,2014-11-06,2552-URY-BRA-41950,Complementa,CityVisited: 'Brasilia'
1526,José Mujica,Argentina,2010-10-28,2552-URY-ARG-40479,Complementa,CityVisited: 'Buenos Aires'
1527,José Mujica,Argentina,2011-12-10,2552-URY-ARG-40887,Complementa,CityVisited: 'Buenos Aires'
