Journey_ID,Trip_ID,President,Origin_Country,Trip_Status,Start_Date,End_Date,Duration_Days,Destination_Country,Destination_Region,Destination_City,Visit_Category,Visit_Subtype,Sideline_Bilaterals,Counterpart_Event,Counterpart_Type,Trip_Objective,Source_Verification,Source_Reliability,Methodological_Notes,Tema_Foro,Verificacion_Status,MetHostHOGS,MetNonHostHOGS,NonHostHOGS_Name,PublicAddress,SignedAgreement,CulturalSiteOrCeremony,BusinessLeaderOrForum,MetIGOLeader,IGOLeader_Name
BRA-FHC-J001,1,Fernando Henrique Cardoso,Brasil,Completed,2000-03-07,2000-03-08,2,Portugal,Europe,Lisbon,Bilateral,State Visit,NA,Jorge Sampaio / Cúpula (avião fretado),Jefe de Estado/Gobierno,Visita a Portugal; relaciones bilaterales y comerciales. Condecoracion Ordem do Infante D. Henrique (07/03).,https://pt.wikipedia.org/wiki/Lista_de_viagens_presidenciais_de_Fernando_Henrique_Cardoso,Medium,"Ordem do Infante 07/03/2000 (ABL). Fechas de dia estimadas. NOTA 2026-07-21: confirmado por lista verificada (pt.wikipedia.org, Lista de viagens presidenciais de Fernando Henrique Cardoso), que cita nota oficial do MRE 'Programa da Visita a Portugal do Presidente Fernando Henrique Cardoso' (03/03/2000) y notas de prensa Folha de S.Paulo 'FHC usará avião fretado para viagem a Portugal' (09/02/2000) y Diário do Grande ABC 'FHC define comitiva para viagens a Portugal e Chile' (03/03/2000). Fechas (07-08/03/2000) y ciudad (Lisboa) consistentes con lo cargado.",NA,Verificada-URL,NA,NA,NA,NA,NA,NA,NA,NA,NA
BRA-FHC-J002,2,Fernando Henrique Cardoso,Brasil,Completed,2000-03-11,2000-03-11,1,Chile,South America,Santiago,Bilateral,Inauguration/Funeral,NA,Posse de Ricardo Lagos,Jefe de Estado/Gobierno,Asuncion de Ricardo Lagos como presidente de Chile.,https://www1.folha.uol.com.br/fol/pol/ult10032000028.htm,High,Folha 10/03/2000; posse 11/03.,NA,Verificada-URL,NA,NA,NA,NA,NA,NA,NA,NA,NA
BRA-FHC-J003,3,Fernando Henrique Cardoso,Brasil,Completed,2000-03-29,2000-03-30,2,Venezuela,South America,Caracas,Bilateral,Working Visit,NA,Hugo Chávez,Jefe de Estado/Gobierno,Visita a Venezuela; integracion sudamericana y energia. Condecoracion Orden Francisco de Miranda (29/03).,https://pt.wikipedia.org/wiki/Lista_de_viagens_presidenciais_de_Fernando_Henrique_Cardoso,Medium,"Fecha por condecoracion (ABL, 29/03/2000). NOTA 2026-07-21: confirmado por lista verificada (pt.wikipedia.org, Lista de viagens presidenciais de Fernando Henrique Cardoso), que cita nota oficial del MRE 'Visita do Presidente Fernando Henrique Cardoso à Venezuela' (31/03/2000) y Folha de S.Paulo 'FHC busca aproximação entre América Central e Mercosul' (04/04/2000, post-visita). Fecha (29-30/03/2000) y ciudad (Caracas) consistentes con lo cargado.",NA,Verificada-URL,NA,NA,NA,NA,NA,NA,NA,NA,NA
BRA-FHC-J004,4,Fernando Henrique Cardoso,Brasil,Completed,2000-06-15,2000-06-17,3,Colombia,South America,Cartagena,Multilateral,Regional Summit,NA,Cúpula do Grupo do Rio (Cartagena),NA,Cumbre del Grupo de Rio en Cartagena. FHC 'dançou porro' en la fiesta de la cumbre (Folha 17/06).,https://www1.folha.uol.com.br/fsp/brasil/fc1706200010.htm,High,Folha 17/06/2000.,Cooperación Política General,Verificada-URL,NA,NA,NA,NA,NA,NA,NA,NA,NA
BRA-FHC-J005,5,Fernando Henrique Cardoso,Brasil,Completed,2000-05-31,2000-06-02,3,Germany,Europe,Berlin,Multilateral,Global Forum,TRUE,Cúpula da Governança Progressiva (Terceira Via),NA,"Cumbre progresista (Terceira Via) con Schroder, Jospin, Blair; desempleo. FHC-Jospin (Folha 05/06).",https://www1.folha.uol.com.br/fsp/brasil/fc0506200006.htm,Medium,FHC viajo a Alemania (DGABC 30/05); tema desempleo con Jospin.,Cooperación Política General,Verificada-URL,NA,NA,NA,NA,NA,NA,NA,NA,NA
BRA-FHC-J006,6,Fernando Henrique Cardoso,Brasil,Completed,2000-09-06,2000-09-08,3,United States,North America,New York,Multilateral,Global Forum,NA,Cúpula do Milênio da ONU,NA,Cumbre del Milenio de la ONU (mayor reunion de jefes de Estado hasta entonces).,https://www.un.org/en/conferences/environment/newyork2000,High,Fechas oficiales de la Cumbre del Milenio (6-8 sep 2000).,Cooperación Política General,Verificada-URL,NA,NA,NA,NA,NA,NA,NA,NA,NA
BRA-FHC-J007,7,Fernando Henrique Cardoso,Brasil,Completed,2000-10-02,2000-10-05,4,France,Europe,Paris,Bilateral,Working Visit,NA,Busca de investimentos europeus,Jefe de Estado/Gobierno,Gira europea en busca de inversiones (Folha 03/10/2000).,https://www1.folha.uol.com.br/fsp/brasil/fc0310200007.htm,Medium,Destino/ciudad exacta a confirmar; 'investimentos europeus'.,NA,Verificada-URL,NA,NA,NA,NA,NA,NA,NA,NA,NA
BRA-FHC-J008,8,Fernando Henrique Cardoso,Brasil,Completed,2000-11-30,2000-12-01,2,Mexico,North America,Mexico City,Bilateral,Inauguration/Funeral,NA,Posse de Vicente Fox,Jefe de Estado/Gobierno,Asuncion de Vicente Fox como presidente de Mexico (fin de 71 anios del PRI).,https://www1.folha.uol.com.br/folha/mundo/ult94u13800.shtml,High,Folha 29/11/2000; posse 01/12.,NA,Verificada-URL,NA,NA,NA,NA,NA,NA,NA,NA,NA
BRA-FHC-J009,9,Fernando Henrique Cardoso,Brasil,Completed,2001-01-19,2001-01-21,3,South Korea,Asia-Pacific,Seoul,Bilateral,State Visit,NA,Kim Dae-jung,Jefe de Estado/Gobierno,Visita de Estado a Corea del Sur; FHC 'pregou reconciliacao entre coreanos' (Folha 20/01).,https://www1.folha.uol.com.br/fsp/brasil/fc2001200109.htm,Medium,Posible tramo de gira asiatica; verificar otros destinos.,NA,Verificada-URL,NA,NA,NA,NA,NA,NA,NA,NA,NA
BRA-FHC-J010,10,Fernando Henrique Cardoso,Brasil,Completed,2001-03-29,2001-03-31,3,United States,North America,Washington D.C.,Bilateral,Working Visit,NA,George W. Bush,Jefe de Estado/Gobierno,Primera reunion con Bush; ALCA y comercio. Planalto divulgo agenda (Folha 27/03).,https://www1.folha.uol.com.br/folha/brasil/ult96u17636.shtml,Medium,Fechas de dia estimadas.,NA,Verificada-URL,NA,NA,NA,NA,NA,NA,NA,NA,NA
BRA-FHC-J011,11,Fernando Henrique Cardoso,Brasil,Completed,2001-04-20,2001-04-22,3,Canada,North America,Quebec City,Multilateral,Regional Summit,TRUE,III Cúpula das Américas (Quebec),NA,III Cumbre de las Americas; negociacion del ALCA (Brasil con estrategia obstruccionista).,https://summit-americas.org/sas/Cumbres_previas_IIICumbre.html,High,Fechas oficiales OEA (20-22 abr 2001).,Cooperación Política General,Verificada-URL,NA,NA,NA,NA,NA,NA,NA,NA,NA
BRA-FHC-J013,12,Fernando Henrique Cardoso,Brasil,Completed,2001-07-28,2001-07-29,2,Peru,South America,Lima,Bilateral,Inauguration/Funeral,NA,Posse de Alejandro Toledo,Jefe de Estado/Gobierno,Asuncion de Alejandro Toledo como presidente de Peru (Folha 26/07).,https://www1.folha.uol.com.br/folha/brasil/ult96u22800.shtml,Medium,NA,NA,Verificada-URL,NA,NA,NA,NA,NA,NA,NA,NA,NA
BRA-FHC-J014,13,Fernando Henrique Cardoso,Brasil,Completed,2001-08-12,2001-08-13,2,Venezuela,South America,Caracas,Bilateral,Working Visit,TRUE,Hugo Chávez / Fidel Castro,Jefe de Estado/Gobierno,Inauguracion de interconexion electrica Brasil-Venezuela; encuentro con Chavez y Fidel (Estado/Folha 12-13/08).,https://www1.folha.uol.com.br/fsp/brasil/fc1308200120.htm,Medium,NA,NA,Verificada-URL,NA,NA,NA,NA,NA,NA,NA,NA,NA
BRA-FHC-J015,14,Fernando Henrique Cardoso,Brasil,Completed,2001-09-27,2001-09-28,2,Ecuador,South America,Quito,Bilateral,Working Visit,NA,Gustavo Noboa,Jefe de Estado/Gobierno,Visita oficial a Ecuador (Folha 13/09 anuncio 'final do mes').,https://pt.wikipedia.org/wiki/Lista_de_viagens_presidenciais_de_Fernando_Henrique_Cardoso,Medium,Fecha estimada (fin de septiembre 2001).,NA,Verificada-URL,NA,NA,NA,NA,NA,NA,NA,NA,NA
BRA-FHC-J016,15,Fernando Henrique Cardoso,Brasil,Completed,2001-10-25,2001-10-27,3,Spain,Europe,Madrid,Bilateral,Working Visit,NA,José María Aznar,Jefe de Estado/Gobierno,Viaje a Espana y Francia (Estado 25/10). Tramo 1: Espana.,https://pt.wikipedia.org/wiki/Lista_de_viagens_presidenciais_de_Fernando_Henrique_Cardoso,Medium,"Gira Espana-Francia oct 2001. NOTA 2026-07-21: confirmado por lista verificada (pt.wikipedia.org, Lista de viagens presidenciais de Fernando Henrique Cardoso), que cita O Estado de S. Paulo 'FHC em viagem a Espanha e França' (25/10/2001), fecha exacta coincidente con el inicio del tramo España. Mismo criterio de fuente ya usado para el tramo Francia (Trip_ID 16) de este mismo Journey_ID (BRA-FHC-J016).",NA,Verificada-URL,NA,NA,NA,NA,NA,NA,NA,NA,NA
BRA-FHC-J016,16,Fernando Henrique Cardoso,Brasil,Completed,2001-10-27,2001-10-29,3,France,Europe,Paris,Bilateral,Working Visit,NA,Jacques Chirac,Jefe de Estado/Gobierno,Tramo 2 de la gira: Francia.,https://pt.wikipedia.org/wiki/Lista_de_viagens_presidenciais_de_Fernando_Henrique_Cardoso,Medium,Fechas de dia estimadas.,NA,Verificada-URL,NA,NA,NA,NA,NA,NA,NA,NA,NA
BRA-FHC-J017,17,Fernando Henrique Cardoso,Brasil,Completed,2001-11-08,2001-11-09,2,United States,North America,Washington D.C.,Bilateral,Working Visit,NA,George W. Bush,Jefe de Estado/Gobierno,Reunion con Bush; discutieron Argentina y ONU. Post-11S (Estado 08/11).,"https://politica.estadao.com.br/noticias/geral,fhc-e-bush-discutiram-argentina-e-onu,20011108p40917",Medium,FHC tambien 'cobrou na ONU ordem mais solidaria' (Folha 10/11): posible tramo NY.,NA,Verificada-URL,NA,NA,NA,NA,NA,NA,NA,NA,NA
BRA-FHC-J018,18,Fernando Henrique Cardoso,Brasil,Completed,2002-01-13,2002-01-15,3,Russia,Europe,Moscow,Bilateral,State Visit,NA,Vladímir Putin,Jefe de Estado/Gobierno,Visita de Estado a Rusia; 'FHC embarca para a Russia em sua 85a viagem ao exterior' (Estado 11/01).,"https://politica.estadao.com.br/noticias/geral,fhc-embarca-para-a-russia-em-sua-85-viagem-ao-exterior,20020111p54670",High,Dato ancla: era su viaje nº85 al exterior (ene 2002).,NA,Verificada-URL,NA,NA,NA,NA,NA,NA,NA,NA,NA
BRA-FHC-J019,19,Fernando Henrique Cardoso,Brasil,Completed,2002-02-20,2002-02-21,2,Sweden,Europe,Stockholm,Bilateral,Working Visit,NA,Comércio e 'terceira via',Jefe de Estado/Gobierno,FHC 'discute comercio e terceira via na Suecia' (21/02). Tramo 1 de gira europea.,http://www.lourivalsantanna.com/paises/europa/suecia/fhc-discute-comercio-e-terceira-via-na-suecia/,Medium,Gira Suecia-Polonia-Eslovaquia feb 2002.,NA,Verificada-URL,NA,NA,NA,NA,NA,NA,NA,NA,NA
BRA-FHC-J019,20,Fernando Henrique Cardoso,Brasil,Completed,2002-02-25,2002-02-25,1,Poland,Europe,Warsaw,Bilateral,Working Visit,NA,Relação econômica com a Polônia,Jefe de Estado/Gobierno,FHC 'quer relacao economica estreita com a Polonia' (BBC 25/02). Tramo 2.,https://www.bbc.com/portuguese/economia/020225_fhcag1.shtml,Medium,NA,NA,Verificada-URL,NA,NA,NA,NA,NA,NA,NA,NA,NA
BRA-FHC-J019,21,Fernando Henrique Cardoso,Brasil,Completed,2002-02-26,2002-02-26,1,Slovakia,Europe,Bratislava,Bilateral,Working Visit,NA,Visita à Eslováquia,Jefe de Estado/Gobierno,Presidente brasileno en Bratislava (BBC 26/02). Tramo 3 (final).,https://www.bbc.com/portuguese/noticias/2002/020226_brtislava.shtml,Medium,NA,NA,Verificada-URL,NA,NA,NA,NA,NA,NA,NA,NA,NA
BRA-FHC-J020,22,Fernando Henrique Cardoso,Brasil,Completed,2002-03-17,2002-03-20,4,Chile,South America,Santiago,Bilateral,Working Visit,NA,Ricardo Lagos,Jefe de Estado/Gobierno,Visita oficial a Chile (Itamaraty: 17-20 mar 2002).,https://web.archive.org/web/20150112210145/http://kitplone.itamaraty.gov.br/sala-de-imprensa/notas-a-imprensa/2002/03/05/viagem-do-presidente-fernando-henrique-cardoso-ao,High,Itamaraty (Wayback). Fechas oficiales 17-20/03/2002.,NA,Verificada-URL,NA,NA,NA,NA,NA,NA,NA,NA,NA
BRA-FHC-J021,23,Fernando Henrique Cardoso,Brasil,Completed,2002-03-21,2002-03-22,2,Mexico,North America,Monterrey,Multilateral,Global Forum,NA,Conferência da ONU sobre Financiamento para o Desenvolvimento,NA,Conferencia de Monterrey (Consenso de Monterrey) sobre financiamiento al desarrollo.,https://www.un.org/es/conf/ffd/2002/,Medium,Segmento de jefes de Estado 21-22 mar (estimado).,Comercio/Integración Económica,Verificada-URL,NA,NA,NA,NA,NA,NA,NA,NA,NA
BRA-FHC-J022,24,Fernando Henrique Cardoso,Brasil,Completed,2002-08-31,2002-09-02,3,South Africa,Africa,Johannesburg,Multilateral,Global Forum,NA,Cúpula Mundial sobre Desenvolvimento Sustentável (Rio+10),NA,Cumbre Mundial de Desarrollo Sostenible (Rio+10). La cumbre fue 26 ago-4 sep 2002.,https://pt.wikipedia.org/wiki/Rio%2B10,Medium,Segmento de alto nivel de jefes de Estado (fin ago-inicio sep); dias exactos de FHC estimados.,Medio Ambiente/Clima,Verificada-URL,NA,NA,NA,NA,NA,NA,NA,NA,NA
BRA-FHC-J023,25,Fernando Henrique Cardoso,Brasil,Completed,2002-11-11,2002-11-12,2,Portugal,Europe,Lisbon,Bilateral,Working Visit,NA,Visita a Lisboa (sem compromissos oficiais),Jefe de Estado/Gobierno,FHC 'chega a Lisboa sem compromissos oficiais' (Agencia Brasil 10/11). Ultima gira internacional como jefe de Estado.,http://memoria.ebc.com.br/agenciabrasil/node/573336,Medium,'FHC faz ultima viagem como chefe de Estado' (DGABC 09/11/2002). | Counterpart_Type-QA 2026-07-27: fuente dice explicitamente 'sem compromissos oficiais' (ultima viagem de FHC como chefe de Estado); no se confirma reunion con jefe de Estado/gobierno portugues ni otra contraparte identificable. Se mantiene default 'Jefe de Estado/Gobierno' por falta de alternativa clara en la taxonomia cerrada; revisar si corresponderia mejor a Visit_Category=Other.,NA,Verificada-URL,NA,NA,NA,NA,NA,NA,NA,NA,NA
BRA-FHC-J024,26,Fernando Henrique Cardoso,Brasil,Completed,2002-12-08,2002-12-10,3,United States,North America,New York,Other,Working Visit,NA,Prêmio em Nova York,NA,Viaje a NY a recibir un premio; fue su 99a viagem al exterior (BBC 08/12/2002).,http://www.bbc.co.uk/portuguese/noticias/2002/021208_fhcebc.shtml,Medium,Dato ancla: 99a y ultima viagem al exterior de FHC. Ciudad exacta a confirmar (NY probable).,NA,Verificada-URL,NA,NA,NA,NA,NA,NA,NA,NA,NA
BRA-LU-J025,27,Luiz Inácio Lula da Silva,Brasil,Completed,2003-01-15,2003-01-16,2,Ecuador,South America,Quito,Bilateral,Inauguration/Funeral,NA,Posse de Lucio Gutiérrez,Jefe de Estado/Gobierno,Primer viaje del mandato: visita oficial a Ecuador por la asuncion de Lucio Gutierrez.,https://www.biblioteca.presidencia.gov.br/presidencia/ex-presidentes/luiz-inacio-lula-da-silva/viagens/viagens-1,High,Fechas oficiales Biblioteca da Presidencia (15-16/01/2003).,NA,Verificada-URL,NA,NA,NA,NA,NA,NA,NA,NA,NA
BRA-LU-J026,28,Luiz Inácio Lula da Silva,Brasil,Completed,2003-01-25,2003-01-26,2,Switzerland,Europe,Davos,Multilateral,Global Forum,TRUE,Foro Económico Mundial (WEF),NA,Davos tras asumir; llevo la agenda social (venia del Foro Social Mundial de Porto Alegre). Tramo 1.,https://www.biblioteca.presidencia.gov.br/presidencia/ex-presidentes/luiz-inacio-lula-da-silva/viagens/viagens-1,High,"Gira 24-29/01/2003: Davos (25-26), Alemania (27), Francia (28). Fechas oficiales.",Comercio/Integración Económica,Verificada-URL,NA,NA,NA,NA,NA,NA,NA,NA,NA
BRA-LU-J026,29,Luiz Inácio Lula da Silva,Brasil,Completed,2003-01-27,2003-01-27,1,Germany,Europe,Berlin,Bilateral,Working Visit,NA,Johannes Rau / Gerhard Schröder,Jefe de Estado/Gobierno,Visita al presidente Rau y reunion de trabajo con el canciller Schroder. Tramo 2.,https://www.biblioteca.presidencia.gov.br/presidencia/ex-presidentes/luiz-inacio-lula-da-silva/viagens/viagens-1,High,NA,NA,Verificada-URL,NA,NA,NA,NA,NA,NA,NA,NA,NA
BRA-LU-J026,30,Luiz Inácio Lula da Silva,Brasil,Completed,2003-01-28,2003-01-28,1,France,Europe,Paris,Bilateral,Working Visit,NA,Jacques Chirac / Jean-Pierre Raffarin,Jefe de Estado/Gobierno,Reunion con Chirac y Raffarin. Tramo 3 (final).,https://www.biblioteca.presidencia.gov.br/presidencia/ex-presidentes/luiz-inacio-lula-da-silva/viagens/viagens-1,High,NA,NA,Verificada-URL,NA,NA,NA,NA,NA,NA,NA,NA,NA
BRA-LU-J027,31,Luiz Inácio Lula da Silva,Brasil,Completed,2003-05-22,2003-05-24,3,Peru,South America,Cusco,Multilateral,Regional Summit,NA,XVII Cúpula do Grupo do Rio,NA,Cumbre del Grupo de Rio en Cusco; concertacion politica regional.,https://www.biblioteca.presidencia.gov.br/presidencia/ex-presidentes/luiz-inacio-lula-da-silva/viagens/viagens-1,High,Fechas oficiales (22-24/05/2003).,Cooperación Política General,Verificada-URL,NA,NA,NA,NA,NA,NA,NA,NA,NA
BRA-LU-J028,32,Luiz Inácio Lula da Silva,Brasil,Completed,2003-06-01,2003-06-03,3,France,Europe,Évian-les-Bains,Multilateral,Global Forum,TRUE,"Cúpula do G8 ampliada (Evian, convidado)",NA,Invitado al dialogo ampliado del G8 en Evian; debut de Lula en el foro de las potencias.,https://memoria.ebc.com.br/agenciabrasil/noticia/2003-06-01/leia-integra-do-discurso-de-lula-na-reuniao-do-g-8,High,G8 Evian 1-3 jun 2003; segmento ampliado 1/06 (estimado).,Cooperación Política General,Verificada-URL,NA,NA,NA,NA,NA,NA,NA,NA,NA
BRA-LU-J029,33,Luiz Inácio Lula da Silva,Brasil,Completed,2003-06-20,2003-06-20,1,United States,North America,Washington D.C.,Bilateral,Working Visit,NA,George W. Bush,Jefe de Estado/Gobierno,"Primera visita de Lula a Bush en la Casa Blanca; comercio, ALCA y agenda social.",https://www.biblioteca.presidencia.gov.br/presidencia/ex-presidentes/luiz-inacio-lula-da-silva/viagens/viagens-1,High,Reunion 20/06/2003.,NA,Verificada-URL,NA,NA,NA,NA,NA,NA,NA,NA,NA
BRA-LU-J030,34,Luiz Inácio Lula da Silva,Brasil,Completed,2003-09-23,2003-09-23,1,United States,North America,New York,Multilateral,Global Forum,TRUE,58ª Assembleia Geral da ONU,NA,Discurso de apertura de la 58a AGNU (Brasil abre por tradicion); hambre y pobreza como agenda global. Bilateral con Putin.,https://www.un.org/webcast/ga/58/statements/brazil-spanish.htm,High,Foto oficial con Putin en la AGNU 2003 (lista oficial).,Cooperación Política General,Verificada-URL,NA,NA,NA,NA,NA,NA,NA,NA,NA
BRA-LU-J031,35,Luiz Inácio Lula da Silva,Brasil,Completed,2003-09-26,2003-09-27,2,Cuba,Caribbean,Havana,Bilateral,State Visit,NA,Fidel Castro,Jefe de Estado/Gobierno,Visita oficial a Cuba; revista a las tropas con Fidel (foto oficial). Cooperacion y comercio.,https://www.publico.pt/2003/09/28/mundo/noticia/lula-fortalece-cooperacao-com-cuba-1168185,Medium,"Fechas estimadas (fines sep 2003, tras AGNU).",NA,Verificada-URL,NA,NA,NA,NA,NA,NA,NA,NA,NA
BRA-LU-J032,36,Luiz Inácio Lula da Silva,Brasil,Completed,2003-11-02,2003-11-02,1,Sao Tome and Principe,Africa,São Tomé,Bilateral,Working Visit,NA,Fradique de Menezes,Jefe de Estado/Gobierno,Primera gira africana del mandato; cooperacion lusofona (CPLP). Tramo 1.,https://www.biblioteca.presidencia.gov.br/presidencia/ex-presidentes/luiz-inacio-lula-da-silva/viagens/viagens-1,High,Gira 1-8 nov 2003 (5 paises); fechas de dia estimadas.,NA,Verificada-URL,NA,NA,NA,NA,NA,NA,NA,NA,NA
BRA-LU-J032,37,Luiz Inácio Lula da Silva,Brasil,Completed,2003-11-03,2003-11-03,1,Angola,Africa,Luanda,Bilateral,Working Visit,NA,José Eduardo dos Santos,Jefe de Estado/Gobierno,"Cooperacion, reconstruccion posguerra, comercio. Tramo 2.",https://www.biblioteca.presidencia.gov.br/presidencia/ex-presidentes/luiz-inacio-lula-da-silva/viagens/viagens-1,High,NA,NA,Verificada-URL,NA,NA,NA,NA,NA,NA,NA,NA,NA
BRA-LU-J032,38,Luiz Inácio Lula da Silva,Brasil,Completed,2003-11-04,2003-11-05,2,Mozambique,Africa,Maputo,Bilateral,Working Visit,NA,Joaquim Chissano,Jefe de Estado/Gobierno,Cooperacion lusofona; anuncio de fabrica de antirretrovirales. Tramo 3.,https://www.biblioteca.presidencia.gov.br/presidencia/ex-presidentes/luiz-inacio-lula-da-silva/viagens/viagens-1,High,NA,NA,Verificada-URL,NA,NA,NA,NA,NA,NA,NA,NA,NA
BRA-LU-J032,39,Luiz Inácio Lula da Silva,Brasil,Completed,2003-11-06,2003-11-06,1,Namibia,Africa,Windhoek,Bilateral,Working Visit,NA,Sam Nujoma,Jefe de Estado/Gobierno,Cooperacion bilateral. Tramo 4.,https://www.biblioteca.presidencia.gov.br/presidencia/ex-presidentes/luiz-inacio-lula-da-silva/viagens/viagens-1,High,NA,NA,Verificada-URL,NA,NA,NA,NA,NA,NA,NA,NA,NA
BRA-LU-J032,40,Luiz Inácio Lula da Silva,Brasil,Completed,2003-11-07,2003-11-08,2,South Africa,Africa,Pretoria,Bilateral,Working Visit,NA,Thabo Mbeki,Jefe de Estado/Gobierno,Eje IBSA (India-Brasil-Sudafrica); comercio Sur-Sur. Tramo 5 (final).,https://www.biblioteca.presidencia.gov.br/presidencia/ex-presidentes/luiz-inacio-lula-da-silva/viagens/viagens-1,High,NA,NA,Verificada-URL,NA,NA,NA,NA,NA,NA,NA,NA,NA
BRA-LU-J033,41,Luiz Inácio Lula da Silva,Brasil,Completed,2003-11-14,2003-11-15,2,Bolivia,South America,Santa Cruz de la Sierra,Multilateral,Regional Summit,NA,XIII Cúpula Ibero-Americana,NA,Cumbre Iberoamericana 'inclusion social'.,https://segib.org/?summit=xiii-cumbre-iberoamericana-santa-cruz-de-la-sierra-2003,High,NA,Cooperación Política General,Verificada-URL,NA,NA,NA,NA,NA,NA,NA,NA,NA
BRA-LU-J034,42,Luiz Inácio Lula da Silva,Brasil,Completed,2003-12-03,2003-12-04,2,Syria,Middle East,Damascus,Bilateral,Working Visit,NA,Bashar al-Assad,Jefe de Estado/Gobierno,Primera gira de un presidente brasileno por el mundo arabe en decadas; semilla de la cumbre ASPA. Tramo 1.,https://www.biblioteca.presidencia.gov.br/presidencia/ex-presidentes/luiz-inacio-lula-da-silva/viagens/viagens-1,High,Gira 3-11 dic 2003 (5 paises); fechas de dia estimadas.,NA,Verificada-URL,NA,NA,NA,NA,NA,NA,NA,NA,NA
BRA-LU-J034,43,Luiz Inácio Lula da Silva,Brasil,Completed,2003-12-05,2003-12-05,1,Lebanon,Middle East,Beirut,Bilateral,Working Visit,NA,Émile Lahoud,Jefe de Estado/Gobierno,Vinculo con la diaspora libanesa en Brasil (la mayor del mundo). Tramo 2.,https://www.biblioteca.presidencia.gov.br/presidencia/ex-presidentes/luiz-inacio-lula-da-silva/viagens/viagens-1,High,NA,NA,Verificada-URL,NA,NA,NA,NA,NA,NA,NA,NA,NA
BRA-LU-J034,44,Luiz Inácio Lula da Silva,Brasil,Completed,2003-12-07,2003-12-07,1,United Arab Emirates,Middle East,Dubai,Bilateral,Working Visit,NA,Governo dos EAU,Jefe de Estado/Gobierno,Comercio e inversiones. Tramo 3.,https://www.biblioteca.presidencia.gov.br/presidencia/ex-presidentes/luiz-inacio-lula-da-silva/viagens/viagens-1,High,NA,NA,Verificada-URL,NA,NA,NA,NA,NA,NA,NA,NA,NA
BRA-LU-J034,45,Luiz Inácio Lula da Silva,Brasil,Completed,2003-12-08,2003-12-09,2,Egypt,Africa,Cairo,Bilateral,Working Visit,NA,Hosni Mubarak,Jefe de Estado/Gobierno,Comercio; acuerdo marco Mercosur-Egipto en agenda. Tramo 4.,https://www.biblioteca.presidencia.gov.br/presidencia/ex-presidentes/luiz-inacio-lula-da-silva/viagens/viagens-1,High,NA,NA,Verificada-URL,NA,NA,NA,NA,NA,NA,NA,NA,NA
BRA-LU-J034,46,Luiz Inácio Lula da Silva,Brasil,Completed,2003-12-10,2003-12-11,2,Libya,Africa,Tripoli,Bilateral,Working Visit,NA,Muammar Gadafi,Jefe de Estado/Gobierno,Comercio y cooperacion. Tramo 5 (final).,https://www.biblioteca.presidencia.gov.br/presidencia/ex-presidentes/luiz-inacio-lula-da-silva/viagens/viagens-1,High,NA,NA,Verificada-URL,NA,NA,NA,NA,NA,NA,NA,NA,NA
BRA-LU-J035,47,Luiz Inácio Lula da Silva,Brasil,Completed,2003-12-15,2003-12-16,2,Uruguay,South America,Montevideo,Multilateral,Regional Summit,NA,Cúpula do MERCOSUL,NA,"Cumbre de jefes de Estado del Mercosur, Bolivia y Chile.",https://www.biblioteca.presidencia.gov.br/presidencia/ex-presidentes/luiz-inacio-lula-da-silva/viagens/viagens-1,High,Fechas oficiales (15-16/12/2003).,Comercio/Integración Económica,Verificada-URL,NA,NA,NA,NA,NA,NA,NA,NA,NA
BRA-LU-J036,48,Luiz Inácio Lula da Silva,Brasil,Completed,2004-01-11,2004-01-14,4,Mexico,North America,Monterrey,Multilateral,Regional Summit,TRUE,Cúpula Extraordinária das Américas,NA,Cumbre extraordinaria de las Americas en Monterrey.,https://www.biblioteca.presidencia.gov.br/presidencia/ex-presidentes/luiz-inacio-lula-da-silva/viagens/viagens-1,High,Fechas oficiales (11-14/01/2004).,Cooperación Política General,Verificada-URL,NA,NA,NA,NA,NA,NA,NA,NA,NA
BRA-LU-J037,49,Luiz Inácio Lula da Silva,Brasil,Completed,2004-01-24,2004-01-28,5,India,Asia-Pacific,New Delhi,Bilateral,State Visit,NA,A.P.J. Abdul Kalam (convidado de honra do Dia da República),Jefe de Estado/Gobierno,Visita de Estado a India; invitado de honor del Dia de la Republica (26/1); eje IBSA y G20 comercial. Tramo 1.,https://www.biblioteca.presidencia.gov.br/presidencia/ex-presidentes/luiz-inacio-lula-da-silva/viagens/viagens-1,High,Gira 24-31/01/2004; India visita de Estado 26/1.,NA,Verificada-URL,NA,NA,NA,NA,NA,NA,NA,NA,NA
BRA-LU-J037,50,Luiz Inácio Lula da Silva,Brasil,Completed,2004-01-29,2004-01-30,2,Switzerland,Europe,Geneva,Multilateral,Global Forum,TRUE,Seminário de investimentos + reunião com Chirac e Kofi Annan,NA,Seminario sobre inversiones en Brasil (29/1); reunion con Chirac y Annan sobre la accion contra el hambre (30/1). Tramo 2.,https://www.biblioteca.presidencia.gov.br/presidencia/ex-presidentes/luiz-inacio-lula-da-silva/viagens/viagens-1,High,NA,Comercio/Integración Económica,Verificada-URL,NA,NA,NA,NA,NA,NA,NA,NA,NA
BRA-LU-J038,51,Luiz Inácio Lula da Silva,Brasil,Completed,2004-02-26,2004-02-28,3,Venezuela,South America,Caracas,Multilateral,Global Forum,TRUE,XII Cúpula do G-15,NA,Cumbre del G-15 en Caracas; cooperacion Sur-Sur.,https://www.biblioteca.presidencia.gov.br/presidencia/ex-presidentes/luiz-inacio-lula-da-silva/viagens/viagens-1,High,Fechas oficiales (26-28/02/2004).,Cooperación Política General,Verificada-URL,NA,NA,NA,NA,NA,NA,NA,NA,NA
BRA-LU-J039,52,Luiz Inácio Lula da Silva,Brasil,Completed,2004-05-21,2004-05-27,7,China,Asia-Pacific,Beijing,Bilateral,State Visit,NA,Hu Jintao,Jefe de Estado/Gobierno,Visita de Estado a China con gran comitiva empresarial; alianza estrategica y comercio. Tramo 1.,https://www.biblioteca.presidencia.gov.br/presidencia/ex-presidentes/luiz-inacio-lula-da-silva/viagens/viagens-1,High,Gira 21-29/05/2004; China 21-27/5.,NA,Verificada-URL,NA,NA,NA,NA,NA,NA,NA,NA,NA
BRA-LU-J039,53,Luiz Inácio Lula da Silva,Brasil,Completed,2004-05-28,2004-05-29,2,Mexico,North America,Guadalajara,Multilateral,Regional Summit,NA,III Cúpula América Latina e Caribe - União Europeia,NA,Cumbre ALC-UE en Guadalajara. Tramo 2 (final).,https://www.biblioteca.presidencia.gov.br/presidencia/ex-presidentes/luiz-inacio-lula-da-silva/viagens/viagens-1,High,NA,Cooperación Política General,Verificada-URL,NA,NA,NA,NA,NA,NA,NA,NA,NA
BRA-LU-J040,54,Luiz Inácio Lula da Silva,Brasil,Completed,2004-06-22,2004-06-24,3,United States,North America,New York,Multilateral,Global Forum,NA,Cúpula do Global Compact + investidores,NA,Encuentro de alto nivel con inversores y cumbre de lideres del Global Compact de la ONU.,https://www.biblioteca.presidencia.gov.br/presidencia/ex-presidentes/luiz-inacio-lula-da-silva/viagens/viagens-1,High,Fechas oficiales (22-24/06/2004).,Comercio/Integración Económica,Verificada-URL,NA,NA,NA,NA,NA,NA,NA,NA,NA
BRA-LU-J041,55,Luiz Inácio Lula da Silva,Brasil,Completed,2004-07-26,2004-07-27,2,Sao Tome and Principe,Africa,São Tomé,Multilateral,Regional Summit,NA,Cúpula da CPLP,NA,Segunda gira africana: cumbre de la CPLP en Sao Tome. Tramo 1.,https://secretariadoexecutivo.cplp.org/media/kdinvnfj/declaracao_de_sao_tome.pdf,High,"Gira jul 2004; fechas de dia estimadas. REVISION 2026-07-08: discrepancia de fechas. La base consignaba 23-24/07/2004, pero la Biblioteca da Presidencia fecha la gira CPLP/Gabon/Cabo Verde entre el 25 y el 29/07/2004. QA-R2 2026-07-22: corregido con fuente primaria (Declaracao de Sao Tome, CPLP), que fecha la V Conferencia de Chefes de Estado e de Governo da CPLP explicitamente '26 e 27 de Julho de 2004' (firmada 27/07/2004). Fechas actualizadas a 26-27/07/2004; fuente reemplazada por el documento oficial de la CPLP (antes: hub generico de la Biblioteca da Presidencia).",Cooperación Política General,Verificada-URL,NA,NA,NA,NA,NA,NA,NA,NA,NA
BRA-LU-J041,56,Luiz Inácio Lula da Silva,Brasil,Completed,2004-07-27,2004-07-27,1,Gabon,Africa,Libreville,Bilateral,Working Visit,NA,Omar Bongo,Jefe de Estado/Gobierno,Cooperacion bilateral. Tramo 2.,https://www.gov.br/mre/pt-br/centrais-de-conteudo/publicacoes/discursos-artigos-e-entrevistas/presidente-da-republica/presidente-da-republica-federativa-do-brasil-discursos/luiz-inacio-lula-da-silva-2003-2011/discurso-por-ocasiao-de-jantar-de-gala-oferecido-pelo-presidente-do-gabao-omar-bongo-libreville-em-27-de-julho-de-2004,High,"QA-R2 2026-07-22: fecha corregida de 26/07/2004 a 27/07/2004. Fuente oficial (Ministerio de Relaciones Exteriores de Brasil) localiza el discurso de Lula en la cena de gala ofrecida por Omar Bongo en Libreville explicitamente el '27 de julho de 2004', consistente con la salida de Sao Tome el mismo dia (V Cimeira CPLP finalizo el 27/07). Fuente reemplazada por el discurso oficial (antes: hub generico de la Biblioteca da Presidencia).",NA,Verificada-URL,NA,NA,NA,NA,NA,NA,NA,NA,NA
BRA-LU-J041,57,Luiz Inácio Lula da Silva,Brasil,Completed,2004-07-28,2004-07-29,2,Cape Verde,Africa,Praia,Bilateral,Working Visit,NA,Pedro Pires,Jefe de Estado/Gobierno,Cooperacion lusofona. Tramo 3 (final).,https://www.biblioteca.presidencia.gov.br/presidencia/ex-presidentes/luiz-inacio-lula-da-silva/viagens/viagens-1,High,NA,NA,Verificada-URL,NA,NA,NA,NA,NA,NA,NA,NA,NA
BRA-LU-J042,58,Luiz Inácio Lula da Silva,Brasil,Completed,2004-09-20,2004-09-21,2,United States,North America,New York,Multilateral,Global Forum,TRUE,59ª AGNU + Cúpula da Ação contra a Fome e a Pobreza,NA,"Liderazgo de la Accion contra el Hambre (con Chirac, Zapatero, Lagos y Annan, 20/9) y apertura de la 59a AGNU (21/9).",https://www.biblioteca.presidencia.gov.br/presidencia/ex-presidentes/luiz-inacio-lula-da-silva/viagens/viagens-1,High,Cumbre contra el hambre 20/09/2004.,Cooperación Política General,Verificada-URL,NA,NA,NA,NA,NA,NA,NA,NA,NA
BRA-LU-J043,59,Luiz Inácio Lula da Silva,Brasil,Completed,2004-11-18,2004-11-20,3,Costa Rica,Central America,San José,Multilateral,Regional Summit,NA,XIV Cúpula Ibero-Americana,NA,Cumbre Iberoamericana 'educar para progresar'.,https://segib.org/?summit=xiv-cumbre-iberoamericana-san-jose-2004,High,NA,Cooperación Política General,Verificada-URL,NA,NA,NA,NA,NA,NA,NA,NA,NA
BRA-LU-J044,60,Luiz Inácio Lula da Silva,Brasil,Completed,2004-12-07,2004-12-09,3,Peru,South America,Cusco,Multilateral,Regional Summit,NA,III Cúpula Sul-Americana (criação da CASA/CSN),NA,"Creacion de la Comunidad Sudamericana de Naciones (Declaracion de Cusco, 8/12); semilla de UNASUR.",https://es.wikisource.org/wiki/Declaraci%C3%B3n_de_Cusco_sobre_la_Comunidad_Suramericana_de_Naciones,High,Declaracion de Cusco 8/12/2004.,Cooperación Política General,Verificada-URL,NA,NA,NA,NA,NA,NA,NA,NA,NA
BRA-LU-J045,61,Luiz Inácio Lula da Silva,Brasil,Completed,2005-03-01,2005-03-01,1,Uruguay,South America,Montevideo,Multilateral,Inauguration/Funeral,TRUE,Posse de Tabaré Vázquez,NA,Asuncion de Tabare Vazquez (primer gobierno de izquierda en Uruguay).,https://www.biblioteca.presidencia.gov.br/presidencia/ex-presidentes/luiz-inacio-lula-da-silva/viagens/viagens-1,High,NA,Cooperación Política General,Verificada-URL,NA,NA,NA,NA,NA,NA,NA,NA,NA
BRA-LU-J046,62,Luiz Inácio Lula da Silva,Brasil,Completed,2005-05-24,2005-05-26,3,South Korea,Asia-Pacific,Seoul,Bilateral,State Visit,NA,Roh Moo-hyun,Jefe de Estado/Gobierno,"Visita de Estado a Corea del Sur; desfile en auto abierto en Seul (24/5, foto oficial). Comercio y tecnologia.",https://www.gov.br/mre/pt-br/centrais-de-conteudo/publicacoes/discursos-artigos-e-entrevistas/presidente-da-republica/presidente-da-republica-federativa-do-brasil-discursos/luiz-inacio-lula-da-silva-2003-2011/discurso-em-jantar-oferecido-pelo-presidente-da-coreia-roh-moo-hyun-seul-25-de-maio-de-2005,High,Llegada 24/05/2005 (lista oficial); fin estimado. Verificar tramo Japon.,NA,Verificada-URL,NA,NA,NA,NA,NA,NA,NA,NA,NA
BRA-LU-J047,63,Luiz Inácio Lula da Silva,Brasil,Completed,2005-10-13,2005-10-13,1,Portugal,Europe,Porto,Bilateral,Working Visit,NA,VII Cimeira Brasil-Portugal,Jefe de Estado/Gobierno,VII Cumbre bilateral Brasil-Portugal en Porto. Tramo 1 de mega-gira europea.,https://www.biblioteca.presidencia.gov.br/presidencia/ex-presidentes/luiz-inacio-lula-da-silva/viagens/viagens-1,High,"Gira oficial 12-19/10/2005: Porto (13), Salamanca (14-15), Roma (16-17), Moscu (17-18).",NA,Verificada-URL,NA,NA,NA,NA,NA,NA,NA,NA,NA
BRA-LU-J047,64,Luiz Inácio Lula da Silva,Brasil,Completed,2005-10-14,2005-10-15,2,Spain,Europe,Salamanca,Multilateral,Regional Summit,TRUE,XV Cúpula Ibero-Americana,NA,Cumbre Iberoamericana de Salamanca. Tramo 2.,https://www.biblioteca.presidencia.gov.br/presidencia/ex-presidentes/luiz-inacio-lula-da-silva/viagens/viagens-1,High,NA,Cooperación Política General,Verificada-URL,NA,NA,NA,NA,NA,NA,NA,NA,NA
BRA-LU-J047,65,Luiz Inácio Lula da Silva,Brasil,Completed,2005-10-16,2005-10-17,2,Italy,Europe,Rome,Bilateral,Working Visit,NA,Visita oficial à Itália,Jefe de Estado/Gobierno,Visita oficial en Roma. Tramo 3.,https://www.biblioteca.presidencia.gov.br/presidencia/ex-presidentes/luiz-inacio-lula-da-silva/viagens/viagens-1,High,NA,NA,Verificada-URL,NA,NA,NA,NA,NA,NA,NA,NA,NA
BRA-LU-J047,66,Luiz Inácio Lula da Silva,Brasil,Completed,2005-10-17,2005-10-18,2,Russia,Europe,Moscow,Bilateral,Working Visit,NA,Vladímir Putin,Jefe de Estado/Gobierno,Visita oficial a Rusia; alianza estrategica y tecnologia. Tramo 4 (final).,https://www.biblioteca.presidencia.gov.br/presidencia/ex-presidentes/luiz-inacio-lula-da-silva/viagens/viagens-1,High,NA,NA,Verificada-URL,NA,NA,NA,NA,NA,NA,NA,NA,NA
BRA-LU-J048,67,Luiz Inácio Lula da Silva,Brasil,Completed,2005-11-04,2005-11-05,2,Argentina,South America,Mar del Plata,Multilateral,Regional Summit,TRUE,IV Cúpula das Américas,NA,IV Cumbre de las Americas; con Kirchner y Chavez enterro el ALCA tal como lo proponia EE.UU.,https://www.biblioteca.presidencia.gov.br/presidencia/ex-presidentes/luiz-inacio-lula-da-silva/viagens/viagens-1,High,Fechas oficiales (4-5/11/2005).,Cooperación Política General,Verificada-URL,NA,NA,NA,NA,NA,NA,NA,NA,NA
BRA-LU-J049,68,Luiz Inácio Lula da Silva,Brasil,Completed,2005-11-30,2005-11-30,1,Argentina,South America,Puerto Iguazú,Bilateral,Working Visit,NA,Néstor Kirchner (20 anos dos acordos de Foz do Iguaçu),Jefe de Estado/Gobierno,Encuentro con Kirchner por los 20 anos de los acuerdos de Foz de Iguazu (cooperacion nuclear).,https://www.biblioteca.presidencia.gov.br/presidencia/ex-presidentes/luiz-inacio-lula-da-silva/viagens/viagens-1,High,Fecha oficial (30/11/2005).,NA,Verificada-URL,NA,NA,NA,NA,NA,NA,NA,NA,NA
BRA-LU-J050,69,Luiz Inácio Lula da Silva,Brasil,Completed,2005-12-08,2005-12-09,2,Uruguay,South America,Montevideo,Multilateral,Regional Summit,NA,Cúpula do MERCOSUL,NA,Cumbre de jefes de Estado del Mercosur y asociados.,https://www.biblioteca.presidencia.gov.br/presidencia/ex-presidentes/luiz-inacio-lula-da-silva/viagens/viagens-1,High,Fechas oficiales (8-9/12/2005).,Comercio/Integración Económica,Verificada-URL,NA,NA,NA,NA,NA,NA,NA,NA,NA
BRA-LU-J051,70,Luiz Inácio Lula da Silva,Brasil,Completed,2005-12-13,2005-12-15,3,Colombia,South America,Bogotá,Bilateral,State Visit,NA,Álvaro Uribe,Jefe de Estado/Gobierno,Visita de Estado a Colombia.,https://www.biblioteca.presidencia.gov.br/presidencia/ex-presidentes/luiz-inacio-lula-da-silva/viagens/viagens-1,High,Fechas oficiales (13-15/12/2005).,NA,Verificada-URL,NA,NA,NA,NA,NA,NA,NA,NA,NA
BRA-LU-J052,71,Luiz Inácio Lula da Silva,Brasil,Completed,2006-01-22,2006-01-22,1,Bolivia,South America,La Paz,Bilateral,Inauguration/Funeral,TRUE,Posse de Evo Morales,Jefe de Estado/Gobierno,Asuncion de Evo Morales.,https://www.biblioteca.presidencia.gov.br/presidencia/ex-presidentes/luiz-inacio-lula-da-silva/viagens/viagens-1,High,Fecha oficial (22/01/2006).,NA,Verificada-URL,NA,NA,NA,NA,NA,NA,NA,NA,NA
BRA-LU-J053,72,Luiz Inácio Lula da Silva,Brasil,Completed,2006-05-11,2006-05-13,3,Austria,Europe,Vienna,Multilateral,Regional Summit,TRUE,IV Cúpula ALC-União Europeia (Viena),NA,Cumbre ALC-UE en Viena; tension regional por la nacionalizacion del gas boliviano (reunion con Evo y Kirchner).,https://ec.europa.eu/commission/presscorner/detail/en/pres_06_137,High,Cumbre 11-13/05/2006.,Cooperación Política General,Verificada-URL,NA,NA,NA,NA,NA,NA,NA,NA,NA
BRA-LU-J054,73,Luiz Inácio Lula da Silva,Brasil,Completed,2006-07-17,2006-07-17,1,Russia,Europe,Saint Petersburg,Multilateral,Global Forum,TRUE,Cúpula do G8 ampliada (convidado),NA,Invitado al segmento ampliado del G8 de San Petersburgo.,https://www.mofa.go.jp/policy/economy/summit/2006/summary.html,High,"Fecha ACOTADA 2026-07-08 (la base tenia 15-17/07/2006, rango completo de la cumbre). El Chair's Summary oficial (MOFA Japon) precisa que los lideres invitados -Brasil, China, India, Mexico y Sudafrica- se sumaron el 17/07. Se consigna el dia confirmado de participacion de Lula.",Cooperación Política General,Verificada-URL,NA,NA,NA,NA,NA,NA,NA,NA,NA
BRA-LU-J055,74,Luiz Inácio Lula da Silva,Brasil,Completed,2006-09-19,2006-09-19,1,United States,North America,New York,Multilateral,Global Forum,NA,61ª AGNU,NA,Apertura de la 61a Asamblea General de la ONU.,https://www.funag.gov.br/loja/download/505-discursos_selecionados_lula.pdf,Medium,NA,Cooperación Política General,Verificada-URL,NA,NA,NA,NA,NA,NA,NA,NA,NA
BRA-LU-J056,75,Luiz Inácio Lula da Silva,Brasil,Completed,2006-11-03,2006-11-05,3,Uruguay,South America,Montevideo,Multilateral,Regional Summit,NA,XVI Cúpula Ibero-Americana,NA,Cumbre Iberoamericana de Montevideo (post-reeleccion).,https://segib.org/?summit=xvi-cumbre-iberoamericana-montevideo-2006,Medium,Verificar asistencia exacta (3-5/11/2006).,Cooperación Política General,Verificada-URL,NA,NA,NA,NA,NA,NA,NA,NA,NA
BRA-LU-J057,76,Luiz Inácio Lula da Silva,Brasil,Completed,2006-11-30,2006-11-30,1,Nigeria,Africa,Abuja,Multilateral,Regional Summit,NA,I Cúpula África-América do Sul (ASA),NA,"Primera cumbre Africa-Sudamerica (ASA) en Abuja, iniciativa Brasil-Nigeria.",https://www.gov.br/mre/pt-br/centrais-de-conteudo/publicacoes/discursos-artigos-e-entrevistas/presidente-da-republica/presidente-da-republica-federativa-do-brasil-discursos/luiz-inacio-lula-da-silva-2003-2007/discurso-da-abertura-da-cupula-africa-america-do-sul-abuja-nigeria-30-de-novembro-de-2006,High,ASA I: 30/11/2006.,Comercio/Integración Económica,Verificada-URL,NA,NA,NA,NA,NA,NA,NA,NA,NA
BRA-LU-J058,77,Luiz Inácio Lula da Silva,Brasil,Completed,2006-12-08,2006-12-09,2,Bolivia,South America,Cochabamba,Multilateral,Regional Summit,NA,II Cúpula da Comunidade Sul-Americana de Nações,NA,Cumbre de la CSN en Cochabamba; camino a UNASUR.,https://www.biblioteca.presidencia.gov.br/presidencia/ex-presidentes/luiz-inacio-lula-da-silva/viagens/viagens-1,High,8-9/12/2006.,Cooperación Política General,Verificada-URL,NA,NA,NA,NA,NA,NA,NA,NA,NA
BRA-LU-J059,78,Luiz Inácio Lula da Silva,Brasil,Completed,2007-01-15,2007-01-15,1,Ecuador,South America,Quito,Bilateral,Inauguration/Funeral,NA,Posse de Rafael Correa,Jefe de Estado/Gobierno,Asuncion de Rafael Correa en Ecuador.,https://www.biblioteca.presidencia.gov.br/presidencia/ex-presidentes/luiz-inacio-lula-da-silva/viagens/viagens-1,High,NA,NA,Verificada-URL,NA,NA,NA,NA,NA,NA,NA,NA,NA
BRA-LU-J060,79,Luiz Inácio Lula da Silva,Brasil,Completed,2007-03-31,2007-03-31,1,United States,North America,Camp David,Bilateral,Working Visit,NA,George W. Bush (acordo do etanol),Jefe de Estado/Gobierno,Reunion en Camp David con Bush; alianza de biocombustibles/etanol.,https://georgewbush-whitehouse.archives.gov/news/releases/2007/03/20070331-3.html,High,Primer presidente brasileno en Camp David.,NA,Verificada-URL,NA,NA,NA,NA,NA,NA,NA,NA,NA
BRA-LU-J061,80,Luiz Inácio Lula da Silva,Brasil,Completed,2007-06-03,2007-06-05,3,India,Asia-Pacific,New Delhi,Bilateral,State Visit,NA,A.P.J. Abdul Kalam / Manmohan Singh,Jefe de Estado/Gobierno,Visita a India; banquete oficial en Nova Delhi (4/6) y seminario empresarial Brasil-India. Tramo 1.,https://www.biblioteca.presidencia.gov.br/presidencia/ex-presidentes/luiz-inacio-lula-da-silva,High,Discursos oficiales fechados 04/06/2007 en Nova Delhi (Biblioteca). Marruecos estaba en agenda y fue POSPUESTO (Itamaraty 30/05/2007).,NA,Verificada-URL,NA,NA,NA,NA,NA,NA,NA,NA,NA
BRA-LU-J061,81,Luiz Inácio Lula da Silva,Brasil,Completed,2007-06-07,2007-06-08,2,Germany,Europe,Heiligendamm,Multilateral,Global Forum,TRUE,Cúpula do G8 ampliada (G8+5),NA,Segmento ampliado del G8 (G8+5) en Heiligendamm. Tramo 2 (final).,https://g7.utoronto.ca/portugues/br-070607.html,High,G8 6-8/06/2007; segmento ampliado 8/6.,Cooperación Política General,Verificada-URL,NA,NA,NA,NA,NA,NA,NA,NA,NA
BRA-LU-J062,82,Luiz Inácio Lula da Silva,Brasil,Completed,2007-07-04,2007-07-04,1,Portugal,Europe,Lisbon,Multilateral,Global Forum,NA,I Cúpula Brasil-União Europeia,NA,"Primera cumbre estrategica Brasil-UE, en Lisboa (presidencia portuguesa de la UE).",https://www.consilium.europa.eu/ueDocs/cms_Data/docs/pressData/en/er/95167.pdf,High,4/07/2007.,Cooperación Política General,Verificada-URL,NA,NA,NA,NA,NA,NA,NA,NA,NA
BRA-LU-J063,83,Luiz Inácio Lula da Silva,Brasil,Completed,2007-09-11,2007-09-11,1,Sweden,Europe,Stockholm,Bilateral,Working Visit,NA,Governo da Suécia,Jefe de Estado/Gobierno,Gira nordica (primera de un presidente brasileno): biocombustibles y tecnologia. Tramo 1.,https://pt.wikipedia.org/wiki/Lista_de_viagens_presidenciais_de_Luiz_In%C3%A1cio_Lula_da_Silva,Medium,Gira nordica sep 2007; fechas estimadas.,NA,Verificada-URL,NA,NA,NA,NA,NA,NA,NA,NA,NA
BRA-LU-J063,84,Luiz Inácio Lula da Silva,Brasil,Completed,2007-09-12,2007-09-12,1,Denmark,Europe,Copenhagen,Bilateral,Working Visit,NA,Governo da Dinamarca,Jefe de Estado/Gobierno,Tramo 2 de la gira nordica.,https://pt.wikipedia.org/wiki/Lista_de_viagens_presidenciais_de_Luiz_In%C3%A1cio_Lula_da_Silva,Medium,Fecha estimada.,NA,Verificada-URL,NA,NA,NA,NA,NA,NA,NA,NA,NA
BRA-LU-J063,85,Luiz Inácio Lula da Silva,Brasil,Completed,2007-09-13,2007-09-13,1,Norway,Europe,Oslo,Bilateral,Working Visit,NA,Governo da Noruega,Jefe de Estado/Gobierno,Tramo 3 (final) de la gira nordica.,https://pt.wikipedia.org/wiki/Lista_de_viagens_presidenciais_de_Luiz_In%C3%A1cio_Lula_da_Silva,Medium,Fecha estimada.,NA,Verificada-URL,NA,NA,NA,NA,NA,NA,NA,NA,NA
BRA-LU-J064,86,Luiz Inácio Lula da Silva,Brasil,Completed,2007-09-25,2007-09-25,1,United States,North America,New York,Multilateral,Global Forum,NA,62ª AGNU,NA,Apertura de la 62a Asamblea General de la ONU.,https://ask.un.org/faq/70473,High,NA,Cooperación Política General,Verificada-URL,NA,NA,NA,NA,NA,NA,NA,NA,NA
BRA-LU-J065,87,Luiz Inácio Lula da Silva,Brasil,Completed,2007-10-15,2007-10-15,1,Burkina Faso,Africa,Ouagadougou,Bilateral,Working Visit,NA,Blaise Compaoré,Jefe de Estado/Gobierno,Gira africana: biocombustibles y cooperacion. Tramo 1.,https://www2.senado.leg.br/bdsf/bitstream/handle/id/331531/noticia.htm?sequence=1&isAllowed=y,Medium,Gira 14-19 oct 2007; fechas de dia estimadas.,NA,Verificada-URL,NA,NA,NA,NA,NA,NA,NA,NA,NA
BRA-LU-J065,88,Luiz Inácio Lula da Silva,Brasil,Completed,2007-10-16,2007-10-16,1,Republic of the Congo,Africa,Brazzaville,Bilateral,Working Visit,NA,Denis Sassou-Nguesso,Jefe de Estado/Gobierno,Tramo 2 de la gira africana.,https://www2.senado.leg.br/bdsf/bitstream/handle/id/331531/noticia.htm?sequence=1&isAllowed=y,Medium,NA,NA,Verificada-URL,NA,NA,NA,NA,NA,NA,NA,NA,NA
BRA-LU-J065,89,Luiz Inácio Lula da Silva,Brasil,Completed,2007-10-17,2007-10-17,1,South Africa,Africa,Pretoria,Multilateral,Global Forum,TRUE,II Cúpula IBSA (Índia-Brasil-África do Sul),NA,Cumbre IBSA en Pretoria. Tramo 3.,https://icwa.in/show_content.php?lang=1&level=3&ls_id=2336&lid=1758,High,NA,Comercio/Integración Económica,Verificada-URL,NA,NA,NA,NA,NA,NA,NA,NA,NA
BRA-LU-J065,90,Luiz Inácio Lula da Silva,Brasil,Completed,2007-10-18,2007-10-18,1,Angola,Africa,Luanda,Bilateral,Working Visit,NA,José Eduardo dos Santos,Jefe de Estado/Gobierno,Tramo 4 (final) de la gira africana.,https://www2.senado.leg.br/bdsf/bitstream/handle/id/331531/noticia.htm?sequence=1&isAllowed=y,Medium,NA,NA,Verificada-URL,NA,NA,NA,NA,NA,NA,NA,NA,NA
BRA-LU-J066,91,Luiz Inácio Lula da Silva,Brasil,Completed,2007-11-08,2007-11-10,3,Chile,South America,Santiago,Multilateral,Regional Summit,TRUE,XVII Cúpula Ibero-Americana,NA,Cumbre Iberoamericana de Santiago (la del 'por que no te callas').,https://segib.org/?summit=xvii-cumbre-iberoamericana-santiago-2007,High,NA,Cooperación Política General,Verificada-URL,NA,NA,NA,NA,NA,NA,NA,NA,NA
BRA-LU-J067,92,Luiz Inácio Lula da Silva,Brasil,Completed,2008-07-08,2008-07-09,2,Japan,Asia-Pacific,Toyako,Multilateral,Global Forum,TRUE,Cúpula do G8 ampliada (Toyako/Hokkaido),NA,Segmento ampliado del G8 en Japon. Tramo 1 de gira asiatica oficial 05-13/07/2008.,https://www.biblioteca.presidencia.gov.br/presidencia/ex-presidentes/luiz-inacio-lula-da-silva/viagens/viagens-1,High,"Fechas oficiales Biblioteca: Japon 8-9, Vietnam 9-10, Timor 11, Indonesia 11-12.",Cooperación Política General,Verificada-URL,NA,NA,NA,NA,NA,NA,NA,NA,NA
BRA-LU-J067,93,Luiz Inácio Lula da Silva,Brasil,Completed,2008-07-09,2008-07-10,2,Vietnam,Asia-Pacific,Hanoi,Bilateral,Working Visit,NA,Nguyen Minh Triet,Jefe de Estado/Gobierno,Visita oficial a Vietnam. Tramo 2.,https://www.biblioteca.presidencia.gov.br/presidencia/ex-presidentes/luiz-inacio-lula-da-silva/viagens/viagens-1,High,NA,NA,Verificada-URL,NA,NA,NA,NA,NA,NA,NA,NA,NA
BRA-LU-J067,94,Luiz Inácio Lula da Silva,Brasil,Completed,2008-07-11,2008-07-11,1,East Timor,Asia-Pacific,Dili,Bilateral,Working Visit,NA,José Ramos-Horta,Jefe de Estado/Gobierno,Visita al Timor Oriental (CPLP). Tramo 3.,https://www.biblioteca.presidencia.gov.br/presidencia/ex-presidentes/luiz-inacio-lula-da-silva/viagens/viagens-1,High,NA,NA,Verificada-URL,NA,NA,NA,NA,NA,NA,NA,NA,NA
BRA-LU-J067,95,Luiz Inácio Lula da Silva,Brasil,Completed,2008-07-11,2008-07-12,2,Indonesia,Asia-Pacific,Jakarta,Bilateral,Working Visit,NA,Susilo Bambang Yudhoyono,Jefe de Estado/Gobierno,Visita oficial a Indonesia. Tramo 4 (final).,https://www.biblioteca.presidencia.gov.br/presidencia/ex-presidentes/luiz-inacio-lula-da-silva/viagens/viagens-1,High,NA,NA,Verificada-URL,NA,NA,NA,NA,NA,NA,NA,NA,NA
BRA-LU-J068,96,Luiz Inácio Lula da Silva,Brasil,Completed,2008-07-18,2008-07-18,1,Bolivia,South America,La Paz,Bilateral,Working Visit,NA,Evo Morales,Jefe de Estado/Gobierno,Visita oficial a Bolivia. Tramo 1.,https://www.biblioteca.presidencia.gov.br/presidencia/ex-presidentes/luiz-inacio-lula-da-silva/viagens/viagens-1,High,"Fechas oficiales: Bolivia 18/07, Colombia 19-20/07.",NA,Verificada-URL,NA,NA,NA,NA,NA,NA,NA,NA,NA
BRA-LU-J068,97,Luiz Inácio Lula da Silva,Brasil,Completed,2008-07-19,2008-07-20,2,Colombia,South America,Bogotá,Bilateral,Working Visit,NA,Álvaro Uribe,Jefe de Estado/Gobierno,Visita oficial a Colombia. Tramo 2 (final).,https://www.biblioteca.presidencia.gov.br/presidencia/ex-presidentes/luiz-inacio-lula-da-silva/viagens/viagens-1,High,NA,NA,Verificada-URL,NA,NA,NA,NA,NA,NA,NA,NA,NA
BRA-LU-J069,98,Luiz Inácio Lula da Silva,Brasil,Completed,2008-07-24,2008-07-25,2,Portugal,Europe,Lisbon,Bilateral,Working Visit,NA,Visita oficial a Lisboa,Jefe de Estado/Gobierno,Visita oficial a Portugal; acuerdo ortografico CPLP en agenda.,https://www.biblioteca.presidencia.gov.br/presidencia/ex-presidentes/luiz-inacio-lula-da-silva/viagens/viagens-1,High,Fechas oficiales (24-25/07/2008).,NA,Verificada-URL,NA,NA,NA,NA,NA,NA,NA,NA,NA
BRA-LU-J070,99,Luiz Inácio Lula da Silva,Brasil,Completed,2008-08-03,2008-08-04,2,Argentina,South America,Buenos Aires,Bilateral,Working Visit,NA,Cristina Fernández de Kirchner,Jefe de Estado/Gobierno,Visita oficial a Argentina. Tramo 1.,https://www.biblioteca.presidencia.gov.br/presidencia/ex-presidentes/luiz-inacio-lula-da-silva/viagens/viagens-1,High,"Fechas oficiales: Argentina 3-4/08, China 5-8/08.",NA,Verificada-URL,NA,NA,NA,NA,NA,NA,NA,NA,NA
BRA-LU-J070,100,Luiz Inácio Lula da Silva,Brasil,Completed,2008-08-05,2008-08-08,4,China,Asia-Pacific,Beijing,Bilateral,Working Visit,TRUE,Hu Jintao (abertura dos JJOO de Pequim),Jefe de Estado/Gobierno,Visita a China y apertura de los JJOO de Beijing (8/8). Tramo 2 (final).,https://www.biblioteca.presidencia.gov.br/presidencia/ex-presidentes/luiz-inacio-lula-da-silva/viagens/viagens-1,High,NA,NA,Verificada-URL,NA,NA,NA,NA,NA,NA,NA,NA,NA
BRA-LU-J071,101,Luiz Inácio Lula da Silva,Brasil,Completed,2008-08-14,2008-08-15,2,Paraguay,South America,Asunción,Multilateral,Inauguration/Funeral,NA,Posse de Fernando Lugo,NA,Asuncion de Fernando Lugo en Paraguay.,https://www.biblioteca.presidencia.gov.br/presidencia/ex-presidentes/luiz-inacio-lula-da-silva/viagens/viagens-1,High,Fechas oficiales (14-15/08/2008).,Cooperación Política General,Verificada-URL,NA,NA,NA,NA,NA,NA,NA,NA,NA
BRA-LU-J072,102,Luiz Inácio Lula da Silva,Brasil,Completed,2008-09-15,2008-09-15,1,Chile,South America,Santiago,Multilateral,Regional Summit,NA,Reunião extraordinária da UNASUL (crise boliviana),NA,Cumbre extraordinaria de UNASUR en Santiago por la crisis de Pando; respaldo a Evo.,https://www.biblioteca.presidencia.gov.br/presidencia/ex-presidentes/luiz-inacio-lula-da-silva/viagens/viagens-1,High,Fecha oficial (15/09/2008).,Cooperación Política General,Verificada-URL,NA,NA,NA,NA,NA,NA,NA,NA,NA
BRA-LU-J073,103,Luiz Inácio Lula da Silva,Brasil,Completed,2008-09-21,2008-09-25,5,United States,North America,New York,Multilateral,Global Forum,TRUE,63ª AGNU,NA,Apertura de la 63a AGNU en plena crisis financiera global.,https://www.biblioteca.presidencia.gov.br/presidencia/ex-presidentes/luiz-inacio-lula-da-silva/viagens/viagens-1,High,Fechas oficiales (21-25/09/2008).,Cooperación Política General,Verificada-URL,NA,NA,NA,NA,NA,NA,NA,NA,NA
BRA-LU-J074,104,Luiz Inácio Lula da Silva,Brasil,Completed,2008-10-12,2008-10-14,3,Spain,Europe,Madrid,Bilateral,Working Visit,NA,Juan Carlos I / José Luis Rodríguez Zapatero,Jefe de Estado/Gobierno,Visita oficial a Espana. Tramo 1 de gira oficial 12-17/10/2008.,https://www.biblioteca.presidencia.gov.br/presidencia/ex-presidentes/luiz-inacio-lula-da-silva/viagens/viagens-1,High,"Fechas oficiales: Espana 12-14, India 14-15, Mozambique 16-17.",NA,Verificada-URL,NA,NA,NA,NA,NA,NA,NA,NA,NA
BRA-LU-J074,105,Luiz Inácio Lula da Silva,Brasil,Completed,2008-10-14,2008-10-15,2,India,Asia-Pacific,New Delhi,Multilateral,Global Forum,TRUE,III Cúpula IBSA,NA,Cumbre IBSA en Nueva Delhi. Tramo 2.,https://www.biblioteca.presidencia.gov.br/presidencia/ex-presidentes/luiz-inacio-lula-da-silva/viagens/viagens-1,High,NA,Comercio/Integración Económica,Verificada-URL,NA,NA,NA,NA,NA,NA,NA,NA,NA
BRA-LU-J074,106,Luiz Inácio Lula da Silva,Brasil,Completed,2008-10-16,2008-10-17,2,Mozambique,Africa,Maputo,Bilateral,Working Visit,NA,Armando Guebuza,Jefe de Estado/Gobierno,Visita oficial a Mozambique. Tramo 3 (final).,https://www.biblioteca.presidencia.gov.br/presidencia/ex-presidentes/luiz-inacio-lula-da-silva/viagens/viagens-1,High,NA,NA,Verificada-URL,NA,NA,NA,NA,NA,NA,NA,NA,NA
BRA-LU-J075,107,Luiz Inácio Lula da Silva,Brasil,Completed,2008-10-29,2008-10-31,3,El Salvador,Central America,San Salvador,Multilateral,Regional Summit,NA,XVIII Cúpula Ibero-Americana,NA,Cumbre Iberoamericana de San Salvador; siguio a Cuba.,https://segib.org/es/cumbres-iberoamericanas/,Medium,Verificar dias exactos; el informe indica gira San Salvador + La Habana (30/10-1/11).,Cooperación Política General,Verificada-URL,NA,NA,NA,NA,NA,NA,NA,NA,NA
BRA-LU-J076,108,Luiz Inácio Lula da Silva,Brasil,Completed,2008-11-14,2008-11-15,2,United States,North America,Washington D.C.,Multilateral,Global Forum,TRUE,I Cúpula do G20 financeiro,NA,Primera cumbre de lideres del G20 (crisis financiera); Brasil protagonista del nuevo foro.,https://www.biblioteca.presidencia.gov.br/presidencia/ex-presidentes/luiz-inacio-lula-da-silva/viagens/viagens-1,High,"14-15/11/2008. Precedida por visita de Estado a Italia (8-13/11, a cargar al completar).",Cooperación Política General,Verificada-URL,NA,NA,NA,NA,NA,NA,NA,NA,NA
BRA-LU-J077,109,Luiz Inácio Lula da Silva,Brasil,Completed,2009-03-14,2009-03-14,1,United States,North America,Washington D.C.,Bilateral,Working Visit,NA,Barack Obama (Casa Branca),Jefe de Estado/Gobierno,Primera reunion con Obama en el Salon Oval; crisis global y agenda bilateral.,https://globalvoices.org/2009/03/15/brazil-lula-and-obama-meet-as-economic-crisis-hits-brazil/,Medium,14/03/2009.,NA,Verificada-URL,NA,NA,NA,NA,NA,NA,NA,NA,NA
BRA-LU-J078,110,Luiz Inácio Lula da Silva,Brasil,Completed,2009-03-30,2009-03-31,2,Qatar,Middle East,Doha,Multilateral,Regional Summit,TRUE,II Cúpula América do Sul-Países Árabes (ASPA),NA,II Cumbre ASPA en Doha (proceso iniciado por Brasil en 2005). Tramo 1.,https://www.biblioteca.presidencia.gov.br/presidencia/ex-presidentes/luiz-inacio-lula-da-silva/viagens/viagens-1,High,"ASPA II: 31/03/2009. Gira previa por Chile (27-28/3, a completar).",Comercio/Integración Económica,Verificada-URL,NA,NA,NA,NA,NA,NA,NA,NA,NA
BRA-LU-J078,111,Luiz Inácio Lula da Silva,Brasil,Completed,2009-04-01,2009-04-02,2,United Kingdom,Europe,London,Multilateral,Global Forum,TRUE,Cúpula do G20 de Londres,NA,G20 de Londres; Gordon Brown y la frase 'este e o cara'. Tramo 2 (final).,https://g20.utoronto.ca/2009/2009communique0402-br.html,High,1-2/04/2009. Incluyo escala en Francia (1/4).,Cooperación Política General,Verificada-URL,NA,NA,NA,NA,NA,NA,NA,NA,NA
BRA-LU-J079,112,Luiz Inácio Lula da Silva,Brasil,Completed,2009-04-17,2009-04-19,3,Trinidad and Tobago,Caribbean,Port of Spain,Multilateral,Regional Summit,TRUE,V Cúpula das Américas,NA,V Cumbre de las Americas; debut regional de Obama.,https://www.biblioteca.presidencia.gov.br/presidencia/ex-presidentes/luiz-inacio-lula-da-silva/viagens/viagens-1,High,17-19/04/2009.,Cooperación Política General,Verificada-URL,NA,NA,NA,NA,NA,NA,NA,NA,NA
BRA-LU-J080,113,Luiz Inácio Lula da Silva,Brasil,Completed,2009-05-16,2009-05-17,2,Saudi Arabia,Middle East,Riyadh,Bilateral,Working Visit,NA,Rei Abdullah,Jefe de Estado/Gobierno,Gira Medio Oriente-Asia: comercio e inversiones. Tramo 1.,https://www.biblioteca.presidencia.gov.br/presidencia/ex-presidentes/luiz-inacio-lula-da-silva/viagens/viagens-1,High,Gira may 2009 (Arabia Saudita-China-Turquia); fechas estimadas.,NA,Verificada-URL,NA,NA,NA,NA,NA,NA,NA,NA,NA
BRA-LU-J080,114,Luiz Inácio Lula da Silva,Brasil,Completed,2009-05-18,2009-05-20,3,China,Asia-Pacific,Beijing,Bilateral,Working Visit,NA,Hu Jintao,Jefe de Estado/Gobierno,Visita a China en plena crisis global; China ya primer socio comercial de Brasil. Tramo 2.,https://www.biblioteca.presidencia.gov.br/presidencia/ex-presidentes/luiz-inacio-lula-da-silva/viagens/viagens-1,High,18-20/05/2009.,NA,Verificada-URL,NA,NA,NA,NA,NA,NA,NA,NA,NA
BRA-LU-J080,115,Luiz Inácio Lula da Silva,Brasil,Completed,2009-05-21,2009-05-22,2,Turkey,Middle East,Ankara,Bilateral,Working Visit,NA,Abdullah Gül / Recep Tayyip Erdoğan,Jefe de Estado/Gobierno,Visita oficial a Turquia; semilla de la mediacion conjunta sobre Iran. Tramo 3 (final).,https://www.biblioteca.presidencia.gov.br/presidencia/ex-presidentes/luiz-inacio-lula-da-silva/viagens/viagens-1,High,Fechas estimadas.,NA,Verificada-URL,NA,NA,NA,NA,NA,NA,NA,NA,NA
BRA-LU-J081,116,Luiz Inácio Lula da Silva,Brasil,Completed,2009-06-15,2009-06-15,1,Switzerland,Europe,Geneva,Multilateral,Global Forum,NA,Conferência da OIT (Pacto Mundial pelo Emprego),NA,Discurso en la Conferencia de la OIT en Ginebra; empleo y crisis. Tramo 1.,https://www.biblioteca.presidencia.gov.br/presidencia/ex-presidentes/luiz-inacio-lula-da-silva/viagens/viagens-1,High,15/06/2009.,Otro,Verificada-URL,NA,NA,NA,NA,NA,NA,NA,NA,NA
BRA-LU-J081,117,Luiz Inácio Lula da Silva,Brasil,Completed,2009-06-16,2009-06-16,1,Russia,Europe,Yekaterinburg,Multilateral,Global Forum,TRUE,I Cúpula dos BRIC,NA,Primera cumbre de los BRIC en Ekaterimburgo; institucionalizacion del bloque. Tramo 2.,https://www.biblioteca.presidencia.gov.br/presidencia/ex-presidentes/luiz-inacio-lula-da-silva/viagens/viagens-1,High,16/06/2009. Informe indica tramo Kazajistan (17/6) a completar.,Cooperación Política General,Verificada-URL,NA,NA,NA,NA,NA,NA,NA,NA,NA
BRA-LU-J082,118,Luiz Inácio Lula da Silva,Brasil,Completed,2009-07-08,2009-07-10,3,Italy,Europe,L'Aquila,Multilateral,Global Forum,TRUE,Cúpula do G8+5 (L'Aquila),NA,"Cumbre del G8+5 en L'Aquila; clima y crisis. Precedida por Francia (Paris 4-7/7, Sarkozy).",https://obamawhitehouse.archives.gov/realitycheck/the-press-office/readout-press-secretary-robert-gibbs-presidents-bilateral-meeting-with-president-lu,High,8-10/07/2009; tramo Francia de la misma gira a completar.,Cooperación Política General,Verificada-URL,NA,NA,NA,NA,NA,NA,NA,NA,NA
BRA-LU-J083,119,Luiz Inácio Lula da Silva,Brasil,Completed,2009-09-23,2009-09-23,1,United States,North America,New York,Multilateral,Global Forum,TRUE,64ª Asamblea General de la ONU,NA,Discurso de apertura del debate general de la 64ª AGNU.,https://www.biblioteca.presidencia.gov.br/presidencia/ex-presidentes/luiz-inacio-lula-da-silva/discursos/2o-mandato/2009/23-09-2009-discurso-do-presidente-da-republica-luiz-inacio-lula-da-silva-durante-a-abertura-do-debate-geral-da-64a-assembleia-geral-das-nacoes-unidas,High,"DESDOBLADO 2026-07-08: la fila original mezclaba la 64ª AGNU (Nueva York, 23-sep) con la Cumbre del G20 de Pittsburgh (24-25 sep), que son ciudades y fechas distintas. Se acota esta fila a Nueva York y se creo un tramo nuevo para Pittsburgh dentro del mismo Journey.",Cooperación Política General,Verificada-URL,NA,NA,NA,NA,NA,NA,NA,NA,NA
BRA-LU-J084,120,Luiz Inácio Lula da Silva,Brasil,Completed,2009-09-26,2009-09-27,2,Venezuela,South America,Isla Margarita,Multilateral,Regional Summit,TRUE,II Cúpula América do Sul-África (ASA),NA,II Cumbre ASA en Isla Margarita; anfitrion Chavez.,https://www.biblioteca.presidencia.gov.br/presidencia/ex-presidentes/luiz-inacio-lula-da-silva/galeria-de-fotos/fotos-de-viagens-internacionais-2009/venezuela/presidente-lula-e-o-presidente-da-libia-muamar-khadafi-durante-a-ii-cupula-america-do-sul-e-africa-em-isla-margarita/view,High,26-27/09/2009.,Comercio/Integración Económica,Verificada-URL,NA,NA,NA,NA,NA,NA,NA,NA,NA
BRA-LU-J085,121,Luiz Inácio Lula da Silva,Brasil,Completed,2009-10-01,2009-10-02,2,Denmark,Europe,Copenhagen,Multilateral,Global Forum,NA,Sessão do COI (eleição olímpica),NA,Defensa de la candidatura de Rio 2016 ante el COI; Rio electa sede olimpica (2/10).,https://www.biblioteca.presidencia.gov.br/presidencia/ex-presidentes/luiz-inacio-lula-da-silva/viagens/viagens-1,High,"Eleccion 2/10/2009. Hito. Informe: la salida oficial siguio a Belgica y Suecia (4-6/10), a completar. Sesion del COI: organismo internacional -> Multilateral por definicion del CODEBOOK; tema deportivo sin categoria -> Otro (doctrina 2026-07-07).",Otro,Verificada-URL,NA,NA,NA,NA,NA,NA,NA,NA,NA
BRA-LU-J086,122,Luiz Inácio Lula da Silva,Brasil,Completed,2009-12-17,2009-12-18,2,Denmark,Europe,Copenhagen,Multilateral,Global Forum,TRUE,COP15 (Conferência do Clima da ONU),NA,Segmento de jefes de Estado de la COP15; Brasil actor central de la negociacion climatica.,"https://www.terra.com.br/noticias/ciencia/em-copenhague-lula-afina-discurso-do-brasil-para-a-cop-15,64d8cb535a8ea310VgnCLD200000bbcceb0aRCRD.html",Medium,17-18/12/2009.,Medio Ambiente/Clima,Verificada-URL,NA,NA,NA,NA,NA,NA,NA,NA,NA
BRA-LU-J087,123,Luiz Inácio Lula da Silva,Brasil,Canceled,2010-01-28,NA,NA,Switzerland,Europe,Davos,Multilateral,Global Forum,NA,Foro Económico Mundial (premio 'Estadista Global'),NA,Objetivo original: recibir el premio 'Estadista Global' del Foro Economico Mundial. CANCELADO por un cuadro de hipertension; lo represento el excanciller Celso Amorim.,https://pt.org.br/ha-nove-anos-lula-recebia-trofeu-de-estadista-global/,Medium,"CORREGIDO 2026-07-08: la base lo daba por REALIZADO y NO OCURRIO. Lula no viajo a Davos: segun Klaus Schwab, 'estava sentado em seu aviao quando o medico vetou a viagem porque estava sofrendo de pressao alta'. Kofi Annan entrego el premio a Celso Amorim el 29-ene-2010. La lista de viajes de la Biblioteca da Presidencia no registra ningun viaje en enero de 2010.",Comercio/Integración Económica,Verificada-URL,NA,NA,NA,NA,NA,NA,NA,NA,NA
BRA-LU-J088,124,Luiz Inácio Lula da Silva,Brasil,Completed,2010-02-22,2010-02-23,2,Mexico,North America,Cancún,Multilateral,Regional Summit,TRUE,Cúpula da Unidade da América Latina e Caribe (criação da CELAC),NA,Cumbre de la Unidad ALC en Cancun; acuerdo para crear la CELAC. Siguio a Cuba (23-24/2).,https://www.biblioteca.presidencia.gov.br/presidencia/ex-presidentes/luiz-inacio-lula-da-silva/viagens/viagens-1,High,"Gira oficial 21-27/02: Cancun, Cuba, Haiti, El Salvador. Tramos Cuba y El Salvador a completar.",Cooperación Política General,Verificada-URL,NA,NA,NA,NA,NA,NA,NA,NA,NA
BRA-LU-J088,125,Luiz Inácio Lula da Silva,Brasil,Completed,2010-02-25,2010-02-25,1,Haiti,Caribbean,Port-au-Prince,Bilateral,Working Visit,NA,René Préval (pós-terremoto),Jefe de Estado/Gobierno,Visita a Haiti tras el terremoto del 12/1; Brasil lideraba la MINUSTAH. Tramo de la gira de Cancun.,https://www.biblioteca.presidencia.gov.br/presidencia/ex-presidentes/luiz-inacio-lula-da-silva/viagens/viagens-1,High,25/02/2010.,NA,Verificada-URL,NA,NA,NA,NA,NA,NA,NA,NA,NA
BRA-LU-J089,126,Luiz Inácio Lula da Silva,Brasil,Completed,2010-03-15,2010-03-16,2,Israel,Middle East,Jerusalem,Bilateral,State Visit,NA,Shimon Peres / Benjamin Netanyahu,Jefe de Estado/Gobierno,PRIMERA visita de un presidente brasileno a Israel; discurso en la Knesset (15/3). Tramo 1.,https://www2.senado.leg.br/bdsf/bitstream/handle/id/45100/noticia.htm?sequence=1&isAllowed=y,Medium,Gira Israel-Palestina-Jordania 14-18/03/2010 (llegada 14/3).,NA,Verificada-URL,NA,NA,NA,NA,NA,NA,NA,NA,NA
BRA-LU-J089,127,Luiz Inácio Lula da Silva,Brasil,Completed,2010-03-17,2010-03-17,1,Palestine,Middle East,Ramallah,Bilateral,Working Visit,NA,Mahmoud Abbas,Jefe de Estado/Gobierno,Visita a la Autoridad Palestina; tumba de Arafat y 'Rua Brasil'. Tramo 2.,https://www2.senado.leg.br/bdsf/bitstream/handle/id/45432/noticia.htm?sequence=1,Medium,NA,NA,Verificada-URL,NA,NA,NA,NA,NA,NA,NA,NA,NA
BRA-LU-J089,128,Luiz Inácio Lula da Silva,Brasil,Completed,2010-03-17,2010-03-18,2,Jordan,Middle East,Amman,Bilateral,Working Visit,NA,Rei Abdullah II,Jefe de Estado/Gobierno,Visita a Jordania (Aman y Petra). Tramo 3 (final).,https://www2.senado.leg.br/bdsf/bitstream/handle/id/45432/noticia.htm?sequence=1,Medium,NA,NA,Verificada-URL,NA,NA,NA,NA,NA,NA,NA,NA,NA
BRA-LU-J090,129,Luiz Inácio Lula da Silva,Brasil,Completed,2010-04-12,2010-04-13,2,United States,North America,Washington D.C.,Multilateral,Global Forum,TRUE,Cúpula de Segurança Nuclear,NA,Cumbre de Seguridad Nuclear convocada por Obama; bilateral con Hatoyama.,https://www.biblioteca.presidencia.gov.br/presidencia/ex-presidentes/luiz-inacio-lula-da-silva/viagens/viagens-1,High,12-13/04/2010.,Seguridad,Verificada-URL,NA,NA,NA,NA,NA,NA,NA,NA,NA
BRA-LU-J091,130,Luiz Inácio Lula da Silva,Brasil,Completed,2010-05-13,2010-05-14,2,Russia,Europe,Moscow,Bilateral,Working Visit,NA,Dmitri Medvédev,Jefe de Estado/Gobierno,Visita a Moscu camino a Teheran; coordinacion sobre el dossier nuclear irani. Tramo 1.,https://www.biblioteca.presidencia.gov.br/presidencia/ex-presidentes/luiz-inacio-lula-da-silva/viagens/viagens-1,High,"Gira oficial 12-20/05: Rusia (12-14), Qatar (14-15), Iran (16-17), Espana (17-19), Portugal (19). Tramos Qatar y Portugal a completar.",NA,Verificada-URL,NA,NA,NA,NA,NA,NA,NA,NA,NA
BRA-LU-J091,131,Luiz Inácio Lula da Silva,Brasil,Completed,2010-05-16,2010-05-17,2,Iran,Middle East,Tehran,Bilateral,Working Visit,TRUE,Mahmoud Ahmadinejad / Recep Tayyip Erdoğan (Declaração de Teerã),Jefe de Estado/Gobierno,Mediacion nuclear Brasil-Turquia-Iran; firma de la Declaracion de Teheran (17/5) sobre canje de uranio. Hito del mandato. Tramo 2.,https://www.biblioteca.presidencia.gov.br/presidencia/ex-presidentes/luiz-inacio-lula-da-silva/viagens/viagens-1,High,16-17/05/2010.,NA,Verificada-URL,NA,NA,NA,NA,NA,NA,NA,NA,NA
BRA-LU-J091,132,Luiz Inácio Lula da Silva,Brasil,Completed,2010-05-18,2010-05-18,1,Spain,Europe,Madrid,Multilateral,Regional Summit,NA,VI Cúpula UE-América Latina e Caribe / Cúpula Mercosul-UE,NA,"Cumbre UE-ALC en Madrid, directo desde Teheran. Tramo 3 (final).",https://www.biblioteca.presidencia.gov.br/presidencia/ex-presidentes/luiz-inacio-lula-da-silva/viagens/viagens-1,High,17-18/05/2010; asistencia 18/5.,Comercio/Integración Económica,Verificada-URL,NA,NA,NA,NA,NA,NA,NA,NA,NA
BRA-LU-J092,133,Luiz Inácio Lula da Silva,Brasil,Completed,2010-05-25,2010-05-25,1,Argentina,South America,Buenos Aires,Bilateral,Working Visit,NA,Bicentenário da Revolução de Maio (CFK),Jefe de Estado/Gobierno,"Bicentenario argentino en Buenos Aires, invitado por Cristina Fernandez.",https://www.biblioteca.presidencia.gov.br/presidencia/ex-presidentes/luiz-inacio-lula-da-silva/viagens/viagens-1,High,25/05/2010.,NA,Verificada-URL,NA,NA,NA,NA,NA,NA,NA,NA,NA
BRA-LU-J093,134,Luiz Inácio Lula da Silva,Brasil,Canceled,2010-06-26,NA,NA,Canada,North America,Toronto,Multilateral,Global Forum,NA,Cúpula do G20 de Toronto,NA,Objetivo original: Cumbre del G20 de Toronto. CANCELADO el 25-jun para monitorear las inundaciones del Nordeste brasileno; lo represento el ministro de Hacienda Guido Mantega.,https://en.wikipedia.org/wiki/2010_G20_Toronto_summit,Medium,"CORREGIDO 2026-07-08: la base lo daba por REALIZADO y NO OCURRIO. Celso Amorim: 'o ministro Mantega o representara na reuniao do G20, porque ele quer acompanhar as medidas que estao sendo tomadas em relacao as enchentes no Nordeste' (40 muertos en Pernambuco y Alagoas). La Biblioteca no registra viaje a Canada en junio de 2010.",Cooperación Política General,Verificada-URL,NA,NA,NA,NA,NA,NA,NA,NA,NA
BRA-LU-J094,135,Luiz Inácio Lula da Silva,Brasil,Completed,2010-07-02,2010-07-04,3,Cape Verde,Africa,Sal,Multilateral,Regional Summit,NA,I Cúpula Brasil-CEDEAO,NA,Ultima gran gira africana del mandato: I cumbre Brasil-CEDEAO en Isla del Sal. Tramo 1.,https://www.biblioteca.presidencia.gov.br/presidencia/ex-presidentes/luiz-inacio-lula-da-silva/viagens/viagens-1,High,"Gira oficial 2-10/07/2010 (Itamaraty Resenha 107): Cabo Verde 2-4, Guinea Ec. 4-5, Kenia 6, Tanzania 6-7, Zambia 7-8, Sudafrica 9-10.",Comercio/Integración Económica,Verificada-URL,NA,NA,NA,NA,NA,NA,NA,NA,NA
BRA-LU-J094,136,Luiz Inácio Lula da Silva,Brasil,Completed,2010-07-04,2010-07-05,2,Equatorial Guinea,Africa,Malabo,Bilateral,Working Visit,NA,Teodoro Obiang,Jefe de Estado/Gobierno,Tramo 2 de la gira africana.,https://www.biblioteca.presidencia.gov.br/presidencia/ex-presidentes/luiz-inacio-lula-da-silva/viagens/viagens-1,High,NA,NA,Verificada-URL,NA,NA,NA,NA,NA,NA,NA,NA,NA
BRA-LU-J094,137,Luiz Inácio Lula da Silva,Brasil,Completed,2010-07-06,2010-07-06,1,Kenya,Africa,Nairobi,Bilateral,Working Visit,NA,Mwai Kibaki,Jefe de Estado/Gobierno,Tramo 3.,https://www.biblioteca.presidencia.gov.br/presidencia/ex-presidentes/luiz-inacio-lula-da-silva/viagens/viagens-1,High,NA,NA,Verificada-URL,NA,NA,NA,NA,NA,NA,NA,NA,NA
BRA-LU-J094,138,Luiz Inácio Lula da Silva,Brasil,Completed,2010-07-06,2010-07-07,2,Tanzania,Africa,Dar es Salaam,Bilateral,Working Visit,NA,Jakaya Kikwete,Jefe de Estado/Gobierno,Tramo 4.,https://www.biblioteca.presidencia.gov.br/presidencia/ex-presidentes/luiz-inacio-lula-da-silva/viagens/viagens-1,High,NA,NA,Verificada-URL,NA,NA,NA,NA,NA,NA,NA,NA,NA
BRA-LU-J094,139,Luiz Inácio Lula da Silva,Brasil,Completed,2010-07-07,2010-07-08,2,Zambia,Africa,Lusaka,Bilateral,Working Visit,NA,Rupiah Banda,Jefe de Estado/Gobierno,Tramo 5.,https://www.biblioteca.presidencia.gov.br/presidencia/ex-presidentes/luiz-inacio-lula-da-silva/viagens/viagens-1,High,NA,NA,Verificada-URL,NA,NA,NA,NA,NA,NA,NA,NA,NA
BRA-LU-J094,140,Luiz Inácio Lula da Silva,Brasil,Completed,2010-07-09,2010-07-10,2,South Africa,Africa,Johannesburg,Bilateral,Working Visit,NA,Jacob Zuma (Copa do Mundo),Jefe de Estado/Gobierno,Cierre de la gira en Sudafrica durante el Mundial 2010; traspaso simbolico hacia Brasil 2014. Tramo 6 (final).,https://www.biblioteca.presidencia.gov.br/presidencia/ex-presidentes/luiz-inacio-lula-da-silva/viagens/viagens-1,High,9-10/07/2010.,NA,Verificada-URL,NA,NA,NA,NA,NA,NA,NA,NA,NA
BRA-LU-J095,141,Luiz Inácio Lula da Silva,Brasil,Completed,2010-11-09,2010-11-10,2,Mozambique,Africa,Maputo,Bilateral,Working Visit,NA,Armando Guebuza (visita de despedida),Jefe de Estado/Gobierno,Visita de despedida a Mozambique camino a Seul. Tramo 1.,https://www.publico.pt/2010/11/10/jornal/lula-despedese-de-africa-com-visita-a-mocambique-20586786,Medium,Gira 9-12/11/2010 (Mozambique + Corea).,NA,Verificada-URL,NA,NA,NA,NA,NA,NA,NA,NA,NA
BRA-LU-J095,142,Luiz Inácio Lula da Silva,Brasil,Completed,2010-11-11,2010-11-12,2,South Korea,Asia-Pacific,Seoul,Multilateral,Global Forum,TRUE,Cúpula do G20 de Seul,NA,Ultima cumbre del G20 de Lula; guerra cambiaria en agenda. Tramo 2 (final).,https://www.voaportugues.com/a/article-11-08-2010-lula-da-silva-mozambique-voanews-106904663/1258893.html,Medium,11-12/11/2010.,Cooperación Política General,Verificada-URL,NA,NA,NA,NA,NA,NA,NA,NA,NA
BRA-LU-J096,143,Luiz Inácio Lula da Silva,Brasil,Completed,2010-11-25,2010-11-26,2,Guyana,South America,Georgetown,Multilateral,Regional Summit,NA,Cúpula da UNASUL,NA,Cumbre de UNASUR en Georgetown.,https://www2.senado.leg.br/bdsf/bitstream/handle/id/47381/noticia.htm?sequence=1,Medium,25-26/11/2010.,Cooperación Política General,Verificada-URL,NA,NA,NA,NA,NA,NA,NA,NA,NA
BRA-LU-J097,144,Luiz Inácio Lula da Silva,Brasil,Completed,2010-12-03,2010-12-04,2,Argentina,South America,Mar del Plata,Multilateral,Regional Summit,TRUE,XX Cúpula Ibero-Americana,NA,Cumbre Iberoamericana de Mar del Plata; ultima gira internacional del mandato (homenaje a Kirchner).,https://segib.org/es/cumbre/xx-cumbre-iberoamericana/,High,3-4/12/2010. NO asistio a la 65a AGNU sep-2010 (delego en Amorim) ni consta COP16.,Cooperación Política General,Verificada-URL,NA,NA,NA,NA,NA,NA,NA,NA,NA
BRA-DR-J098,145,Dilma Rousseff,Brasil,Completed,2011-01-31,2011-01-31,1,Argentina,South America,Buenos Aires,Bilateral,Working Visit,NA,Cristina Fernández de Kirchner,Jefe de Estado/Gobierno,Primer viaje internacional del mandato: relacion estrategica con Argentina.,https://www.gov.br/mre/pt-br/canais_atendimento/imprensa/notas-a-imprensa/atos-assinados-por-ocasiao-da-visita-da-presidenta-dilma-roussef-a-argentina-buenos-aires-31-de-janeiro-de-2011,High,Primer viaje del mandato.,NA,Verificada-URL,NA,NA,NA,NA,NA,NA,NA,NA,NA
BRA-DR-J099,146,Dilma Rousseff,Brasil,Completed,2011-04-11,2011-04-16,6,China,Asia-Pacific,Beijing,Bilateral,State Visit,TRUE,"Hu Jintao + III Cúpula BRICS (Sanya, 14/4)",Jefe de Estado/Gobierno,"Visita de Estado a China (Pekin 12-13/4), III Cumbre BRICS en Sanya (14/4, primera con Sudafrica) y visita a Xian (15-16/4).",https://www.gov.br/mre/pt-br/canais_atendimento/imprensa/notas-a-imprensa/visita-da-presidenta-dilma-rousseff-a-china-pequim-11-a-13-de-abril-de-2011-programa-de-imprensa,High,"Una sola salida: visita de Estado + BRICS en el mismo pais. QA-R4 2026-07-26: End_Date corregido de 2011-04-14 a 2011-04-16 (Duration_Days 4->6). Fuente oficial Itamaraty registra programa de imprensa separado 'Visita da Presidenta Dilma Rousseff a China - Xian, 15 e 16 de abril de 2011'; prensa (VOA/GlobalSecurity) confirma que la gira continuo a Xian tras la Cumbre BRICS de Sanya, como parte de la misma salida a China (Pequim 11-13, Sanya 13-14, Xian 15-16).",NA,Verificada-URL,NA,NA,NA,NA,NA,NA,NA,NA,NA
BRA-DR-J100,147,Dilma Rousseff,Brasil,Completed,2011-09-19,2011-09-21,3,United States,North America,New York,Multilateral,Global Forum,TRUE,66ª AGNU,NA,HITO: primera mujer en abrir el debate de la Asamblea General de la ONU (21/9/2011).,https://www.gov.br/mre/pt-br/centrais-de-conteudo/publicacoes/discursos-artigos-e-entrevistas/presidente-da-republica/presidente-da-republica-federativa-do-brasil-discursos/discurso-na-abertura-do-debate-geral-da-66-assembleia-geral-das-nacoes-unidas-nova-york-eua-21-09-2011,High,Discurso de apertura 21/9/2011.,Cooperación Política General,Verificada-URL,NA,NA,NA,NA,NA,NA,NA,NA,NA
BRA-DR-J101,148,Dilma Rousseff,Brasil,Completed,2011-10-03,2011-10-04,2,Belgium,Europe,Brussels,Multilateral,Global Forum,TRUE,V Cúpula Brasil-União Europeia,NA,Cumbre Brasil-UE en Bruselas. Tramo 1.,https://www.gov.br/mre/pt-br/canais_atendimento/imprensa/notas-a-imprensa/v-cupula-brasil-uniao-europeia-declaracao-conjunta-bruxelas-4-outubro-de-2011,High,Gira Belgica-Bulgaria oct 2011.,Cooperación Política General,Verificada-URL,NA,NA,NA,NA,NA,NA,NA,NA,NA
BRA-DR-J101,149,Dilma Rousseff,Brasil,Completed,2011-10-05,2011-10-06,2,Bulgaria,Europe,Sofia,Bilateral,Working Visit,NA,Governo da Bulgária (terra paterna),Jefe de Estado/Gobierno,"Visita oficial a Bulgaria, tierra de su padre Pedro Rousseff; visito Gabrovo. Tramo 2 (final).",https://www.gov.br/mre/en/contact-us/press-area/press-releases/president-dilma-rousseff-visits-the-republic-of-bulgaria-sofia-october-5-6-2011,High,"Fuerte carga simbolica personal. CORRECCION 2026-07-20: End_Date 2011-10-07 -> 2011-10-06. Fuente oficial MRE ('President Dilma Rousseff visits the Republic of Bulgaria - Sofia, October 5 and 6, 2011') y Wikipedia (lista de viajes) confirman que la presidenta partio hacia Turquia la noche del 6/10/2011; la visita a Bulgaria (Sofia + Gabrovo) fue 5-6 de octubre, no hasta el 7. CORRECCION 2026-07-20: End_Date 2011-10-07 -> 2011-10-06. Fuente oficial MRE ('President Dilma Rousseff visits the Republic of Bulgaria - Sofia, October 5 and 6, 2011') y Wikipedia (lista de viajes) confirman que la presidenta partio hacia Turquia la noche del 6/10/2011; la visita a Bulgaria (Sofia + Gabrovo) fue 5-6 de octubre, no hasta el 7. CORRECCION 2026-07-20: End_Date 2011-10-07 -> 2011-10-06. Fuente oficial MRE ('President Dilma Rousseff visits the Republic of Bulgaria - Sofia, October 5 and 6, 2011') y Wikipedia (lista de viajes) confirman que la presidenta partio hacia Turquia la noche del 6/10/2011; la visita a Bulgaria (Sofia + Gabrovo) fue 5-6 de octubre, no hasta el 7.",NA,Verificada-URL,NA,NA,NA,NA,NA,NA,NA,NA,NA
BRA-DR-J102,150,Dilma Rousseff,Brasil,Completed,2011-10-18,2011-10-18,1,South Africa,Africa,Pretoria,Multilateral,Global Forum,TRUE,V Cúpula IBSA,NA,Cumbre IBSA en Pretoria.,https://www.gov.br/mre/pt-br/centrais-de-conteudo/publicacoes/discursos-artigos-e-entrevistas/presidente-da-republica/presidente-da-republica-federativa-do-brasil-discursos/dilma-vana-rousseff-2011-2016/discurso-da-presidenta-da-republica-dilma-rousseff-durante-reuniao-plenaria-da-v-cupula-do-ibas-pretoria-africa-do-sul-18-10-2011,High,18/10/2011.,Comercio/Integración Económica,Verificada-URL,NA,NA,NA,NA,NA,NA,NA,NA,NA
BRA-DR-J103,151,Dilma Rousseff,Brasil,Completed,2011-11-03,2011-11-04,2,France,Europe,Cannes,Multilateral,Global Forum,TRUE,Cúpula do G20 de Cannes,NA,G20 de Cannes; crisis del euro en agenda.,https://www.gov.br/mre/en/contact-us/press-area/press-releases/president-dilma-rousseff-to-take-part-in-the-6th-g20-summit-meeting-cannes-3-and-4-november-2011,High,3-4/11/2011.,Cooperación Política General,Verificada-URL,NA,NA,NA,NA,NA,NA,NA,NA,NA
BRA-DR-J104,152,Dilma Rousseff,Brasil,Completed,2011-12-02,2011-12-03,2,Venezuela,South America,Caracas,Multilateral,Regional Summit,NA,Cúpula fundacional da CELAC,NA,Cumbre fundacional de la CELAC en Caracas.,https://www.gov.br/mre/pt-br/canais_atendimento/imprensa/notas-a-imprensa/i-cupula-da-comunidade-dos-estados-latinoamericanos-e-caribenhos-celac-caracas-2-e-3-de-dezembro-de-2011-documentos-aprovados,High,2-3/12/2011.,Cooperación Política General,Verificada-URL,NA,NA,NA,NA,NA,NA,NA,NA,NA
BRA-DR-J105,153,Dilma Rousseff,Brasil,Completed,2011-12-20,2011-12-20,1,Uruguay,South America,Montevideo,Multilateral,Regional Summit,NA,Cúpula do MERCOSUL,NA,Cumbre del Mercosur en Montevideo.,https://www.gov.br/mre/pt-br/canais_atendimento/imprensa/notas-a-imprensa/xlii-cupula-de-presidentes-do-mercosul-e-xlii-reuniao-do-conselho-do-mercado-comum-montevideu-19-e-20-de-dezembro-de-2011,High,20/12/2011.,Comercio/Integración Económica,Verificada-URL,NA,NA,NA,NA,NA,NA,NA,NA,NA
BRA-DR-J106,154,Dilma Rousseff,Brasil,Completed,2012-03-05,2012-03-06,2,Germany,Europe,Hannover,Bilateral,Working Visit,NA,Angela Merkel (Feira de Hannover),Jefe de Estado/Gobierno,Apertura de la Feria de Hannover (Brasil pais socio) y reunion con Merkel.,https://www.gov.br/mre/en/contact-us/press-area/press-releases/greeting-words-of-brazilian-president-dilma-rousseff-cebit-hannover-2012,Medium,NA,NA,Verificada-URL,NA,NA,NA,NA,NA,NA,NA,NA,NA
BRA-DR-J107,155,Dilma Rousseff,Brasil,Completed,2012-03-28,2012-03-29,2,India,Asia-Pacific,New Delhi,Multilateral,Global Forum,TRUE,IV Cúpula BRICS,NA,Cumbre BRICS de Nueva Delhi.,https://www.gov.br/mre/pt-br/centrais-de-conteudo/publicacoes/discursos-artigos-e-entrevistas/presidente-da-republica/presidente-da-republica-federativa-do-brasil-discursos/dilma-vana-rousseff-2011-2016/discurso-da-presidenta-da-republica-dilma-rousseff-durante-sessao-ampliada-da-iv-cupula-do-brics,High,28-29/03/2012.,Cooperación Política General,Verificada-URL,NA,NA,NA,NA,NA,NA,NA,NA,NA
BRA-DR-J108,156,Dilma Rousseff,Brasil,Completed,2012-04-09,2012-04-10,2,United States,North America,Washington D.C.,Bilateral,Working Visit,NA,Barack Obama,Jefe de Estado/Gobierno,"Visita oficial (no de Estado) a Obama; luego Boston (Harvard/MIT, programa Ciencia sin Fronteras).",https://www.gov.br/mre/pt-br/canais_atendimento/imprensa/notas-a-imprensa/atos-assinados-por-ocasiao-da-visita-da-presidenta-dilma-rousseff-aos-estados-unidos-da-america-washington-9-de-abril-de-2012,High,9/4 Washington; 10/4 Boston.,NA,Verificada-URL,NA,NA,NA,NA,NA,NA,NA,NA,NA
BRA-DR-J109,157,Dilma Rousseff,Brasil,Completed,2012-04-14,2012-04-15,2,Colombia,South America,Cartagena,Multilateral,Regional Summit,TRUE,VI Cúpula das Américas,NA,VI Cumbre de las Americas en Cartagena.,http://www.itamaraty.gov.br/notas-a-imprensa/3017-visita-da-presidenta-dilma-rousseff-a-colombia-cartagena-das-indias-13-a-15-de-abril-de-2012-programa-de-imprensa,High,14-15/04/2012.,Cooperación Política General,Verificada-URL,NA,NA,NA,NA,NA,NA,NA,NA,NA
BRA-DR-J110,158,Dilma Rousseff,Brasil,Completed,2012-06-18,2012-06-19,2,Mexico,North America,Los Cabos,Multilateral,Global Forum,TRUE,Cúpula do G20 de Los Cabos,NA,G20 de Los Cabos.,https://en.wikipedia.org/wiki/2012_G20_Los_Cabos_summit,Medium,18-19/06/2012.,Cooperación Política General,Verificada-URL,NA,NA,NA,NA,NA,NA,NA,NA,NA
BRA-DR-J111,159,Dilma Rousseff,Brasil,Completed,2012-06-29,2012-06-29,1,Argentina,South America,Mendoza,Multilateral,Regional Summit,NA,Cúpula do MERCOSUL (suspensão do Paraguai),NA,Cumbre del Mercosur en Mendoza: suspension de Paraguay (caso Lugo) e ingreso de Venezuela.,https://www.mendoza.gov.ar/prensa/el-mercosur-suspende-a-paraguay-e-incorpora-a-venezuela/,High,"29/06/2012. QA-R4 2026-07-26: URL original (mercopress, nota del 20/12/2011) correspondia a un anuncio previo en Montevideo sobre el futuro ingreso de Venezuela, NO a la cumbre de Mendoza de junio de 2012 que describe esta fila (fuente de un evento del mismo tipo pero de fecha equivocada). Reemplazada por fuente oficial: Prensa Gobierno de Mendoza, 'El Mercosur suspende a Paraguay e incorpora a Venezuela' (30/06/2012), que confirma fecha (28-29/06/2012), sede (Mendoza) y hechos (suspension de Paraguay, incorporacion de Venezuela, traspaso de la presidencia pro tempore a Dilma Rousseff).",Comercio/Integración Económica,Verificada-URL,NA,NA,NA,NA,NA,NA,NA,NA,NA
BRA-DR-J112,160,Dilma Rousseff,Brasil,Completed,2012-09-23,2012-09-26,4,United States,North America,New York,Multilateral,Global Forum,NA,67ª AGNU,NA,Apertura de la 67a AGNU.,https://www.gov.br/mre/pt-br/canais_atendimento/imprensa/notas-a-imprensa/visita-da-presidenta-dilma-rousseff-a-nova-york-por-ocasiao-da-67-assembleia-geral-da-onu,High,25/09/2012. CORRECCION 2026-07-20: fecha original (dia unico 25/09/2012) reemplazada por el rango completo de la estancia. Fuente oficial MRE ('Visita da Presidenta Dilma Rousseff a Nova York por ocasiao da 67a Assembleia-Geral da ONU') confirma visita de trabalho a Nova York entre 23 e 26 de setembro de 2012; discurso de abertura e reuniao com Ban Ki-moon no dia 25. CORRECCION 2026-07-20: fecha original (dia unico 25/09/2012) reemplazada por el rango completo de la estancia. Fuente oficial MRE ('Visita da Presidenta Dilma Rousseff a Nova York por ocasiao da 67a Assembleia-Geral da ONU') confirma visita de trabalho a Nova York entre 23 e 26 de setembro de 2012; discurso de abertura e reuniao com Ban Ki-moon no dia 25. CORRECCION 2026-07-20: fecha original (dia unico 25/09/2012) reemplazada por el rango completo de la estancia. Fuente oficial MRE ('Visita da Presidenta Dilma Rousseff a Nova York por ocasiao da 67a Assembleia-Geral da ONU') confirma visita de trabalho a Nova York entre 23 e 26 de setembro de 2012; discurso de abertura e reuniao com Ban Ki-moon no dia 25.,Cooperación Política General,Verificada-URL,NA,NA,NA,NA,NA,NA,NA,NA,NA
BRA-DR-J113,161,Dilma Rousseff,Brasil,Completed,2012-10-01,2012-10-02,2,Peru,South America,Lima,Multilateral,Regional Summit,NA,III Cúpula ASPA,NA,III Cumbre America del Sur-Paises Arabes en Lima.,https://www.gov.br/mre/pt-br/canais_atendimento/imprensa/notas-a-imprensa/iii-cupula-america-do-sul-paises-arabes-aspa-lima-peru-2-de-outubro-de-2012,High,1-2/10/2012. Confirmar asistencia exacta.,Comercio/Integración Económica,Verificada-URL,NA,NA,NA,NA,NA,NA,NA,NA,NA
BRA-DR-J114,162,Dilma Rousseff,Brasil,Completed,2013-01-26,2013-01-28,3,Chile,South America,Santiago,Multilateral,Regional Summit,TRUE,I Cúpula CELAC + Cúpula CELAC-UE,NA,Primera cumbre CELAC y cumbre CELAC-UE en Santiago.,https://www.gov.br/mre/pt-br/canais_atendimento/imprensa/notas-a-imprensa/i-cupula-celac-uniao-europeia-santiago-do-chile-26-e-27-de-janeiro-de-2013,High,26-28/01/2013.,Cooperación Política General,Verificada-URL,NA,NA,NA,NA,NA,NA,NA,NA,NA
BRA-DR-J115,163,Dilma Rousseff,Brasil,Completed,2013-03-19,2013-03-19,1,Vatican City,Europe,Vatican City,Multilateral,Inauguration/Funeral,NA,Missa inaugural do Papa Francisco,NA,Inicio del pontificado del Papa Francisco.,https://en.mercopress.com/2013/03/20/the-pope-is-argentine-but-god-is-brazilian-says-rousseff-francis-is-expected-in-rio-next-july,Medium,19/03/2013.,Cooperación Política General,Verificada-URL,NA,NA,NA,NA,NA,NA,NA,NA,NA
BRA-DR-J116,164,Dilma Rousseff,Brasil,Completed,2013-03-26,2013-03-27,2,South Africa,Africa,Durban,Multilateral,Global Forum,TRUE,V Cúpula BRICS,NA,Cumbre BRICS de Durban; creacion del banco de los BRICS en agenda.,http://www.brics.utoronto.ca/docs/130327-rousseff-statement.html,Medium,26-27/03/2013.,Cooperación Política General,Verificada-URL,NA,NA,NA,NA,NA,NA,NA,NA,NA
BRA-DR-J117,165,Dilma Rousseff,Brasil,Completed,2013-05-25,2013-05-25,1,Ethiopia,Africa,Addis Ababa,Multilateral,Regional Summit,NA,50º aniversário da União Africana,NA,Cumbre por los 50 anos de la OUA/Union Africana en Addis Abeba.,https://www.gov.br/mre/pt-br/canais_atendimento/imprensa/notas-a-imprensa/atos-assinados-por-ocasiao-da-visita-da-presidenta-dilma-rousseff-a-republica-federal-democratica-da-etiopia-adis-abeba-24-de-maio-de-2013,High,"25/05/2013. Confirmar dias exactos. NOTA 2026-07-20: fuente oficial MRE ('Atos assinados por ocasiao da visita da Presidenta Dilma Rousseff a Republica Federal Democratica da Etiopia') titula la visita el 24/05/2013, mientras que fuentes secundarias (Forcas Terrestres) datan el anuncio de perdao de dividas africanas el 25/05/2013. Fecha cargada (25/05) se mantiene sin cambios por tratarse de una visita de un solo dia con posible discrepancia menor entre fuentes; no hay evidencia de error claro que amerite correccion. NOTA 2026-07-20: fuente oficial MRE ('Atos assinados por ocasiao da visita da Presidenta Dilma Rousseff a Republica Federal Democratica da Etiopia') titula la visita el 24/05/2013, mientras que fuentes secundarias (Forcas Terrestres) datan el anuncio de perdao de dividas africanas el 25/05/2013. Fecha cargada (25/05) se mantiene sin cambios por tratarse de una visita de un solo dia con posible discrepancia menor entre fuentes; no hay evidencia de error claro que amerite correccion.",Cooperación Política General,Verificada-URL,NA,NA,NA,NA,NA,NA,NA,NA,NA
BRA-DR-J118,166,Dilma Rousseff,Brasil,Completed,2013-09-05,2013-09-06,2,Russia,Europe,Saint Petersburg,Multilateral,Global Forum,TRUE,Cúpula do G20 de São Petersburgo,NA,G20 de San Petersburgo; el espionaje de la NSA ya en agenda.,http://www.itamaraty.gov.br/pt-BR/notas-a-imprensa/3266-comunicado-conjunto-da-presidenta-da-republica-federativa-do-brasil-dilma-rousseff-e-do-presidente-da-federacao-da-russia-vladimir-vladimirovich-putin,High,5-6/09/2013.,Cooperación Política General,Verificada-URL,NA,NA,NA,NA,NA,NA,NA,NA,NA
BRA-DR-J119,167,Dilma Rousseff,Brasil,Completed,2013-09-24,2013-09-24,1,United States,North America,New York,Multilateral,Global Forum,NA,68ª AGNU (discurso contra a espionagem da NSA),NA,Discurso historico de apertura contra el espionaje de la NSA sobre su gobierno y Petrobras.,https://www.gov.br/mre/pt-br/centrais-de-conteudo/publicacoes/discursos-artigos-e-entrevistas/presidente-da-republica/presidente-da-republica-federativa-do-brasil-discursos/dilma-vana-rousseff-2011-2016/discurso-da-presidenta-da-republica-dilma-rousseff-na-abertura-do-debate-geral-da-68-assembleia-geral-das-nacoes-unidas,High,24/09/2013.,Cooperación Política General,Verificada-URL,NA,NA,NA,NA,NA,NA,NA,NA,NA
BRA-DR-J120,168,Dilma Rousseff,Brasil,Canceled,2013-10-23,NA,NA,United States,North America,Washington D.C.,Bilateral,State Visit,NA,Visita de Estado a Barack Obama,Jefe de Estado/Gobierno,Visita de Estado prevista para el 23/10/2013. CANCELADA/postergada (anuncio 17/9/2013) por el espionaje de la NSA (caso Snowden) sobre Dilma y Petrobras.,https://www.npr.org/sections/thetwo-way/2013/09/17/223414386/brazilian-president-postpones-state-visit-over-spying-concerns,Medium,Cancelado emblematico; sin duracion. Unica visita de Estado a EE.UU. ofrecida ese anio a un lider extranjero.,NA,Verificada-URL,NA,NA,NA,NA,NA,NA,NA,NA,NA
BRA-DR-J121,169,Dilma Rousseff,Brasil,Completed,2014-01-27,2014-01-29,3,Cuba,Caribbean,Havana,Multilateral,Regional Summit,TRUE,II Cúpula CELAC + inauguração do porto de Mariel,NA,"Inauguracion del puerto de Mariel (financiado por el BNDES, 27/1) y II Cumbre CELAC (28-29/1).",http://www.itamaraty.gov.br/pt-BR/?option=com_content&view=article&id=5908:discurso-da-presidenta-da-republica-dilma-rousseff-durante-cerimonia-de-inauguracao-do-porto-de-mariel-provincia-de-artemisa-cuba-27-de-janeiro-de-2014&catid=197&Itemid=448&lang=pt-br,High,27-29/01/2014.,Cooperación Política General,Verificada-URL,NA,NA,NA,NA,NA,NA,NA,NA,NA
BRA-DR-J122,170,Dilma Rousseff,Brasil,Completed,2014-06-14,2014-06-15,2,Bolivia,South America,Santa Cruz de la Sierra,Multilateral,Global Forum,NA,Cúpula do G77+China (50 anos),NA,Cumbre extraordinaria del G77+China en Santa Cruz.,Search Query: Dilma G77 China Santa Cruz junho 2014,Low,"14-15/06/2014. Busqueda activa (2026-07-20) no encontro evidencia de que Dilma haya asistido a esta cumbre: las listas de jefes de Estado/gobierno presentes en la Cupula Extraordinaria del G77+China (Santa Cruz de la Sierra, 14-15/06/2014) no mencionan a Brasil. Se conserva la fila por precaucion, con estado No-verificable en vez de eliminarla (mismo criterio que Lagos/Normandia y Pinera/Montevideo en PENDIENTES_VERIFICACION.txt). Si aparece un decreto/registro oficial de la Presidencia (Boletim/Biblioteca da Presidencia) que confirme o desmienta la asistencia, revisar.",Cooperación Política General,No-verificable,NA,NA,NA,NA,NA,NA,NA,NA,NA
BRA-DR-J123,171,Dilma Rousseff,Brasil,Completed,2014-09-24,2014-09-24,1,United States,North America,New York,Multilateral,Global Forum,NA,69ª AGNU,NA,Apertura de la 69a AGNU en plena campana electoral.,https://www.gov.br/mre/pt-br/canais_atendimento/imprensa/notas-a-imprensa/discurso-proferido-pela-presidenta-da-republica-dilma-rousseff-na-abertura-do-debate-de-alto-nivel-da-69-assembleia-geral-das-nacoes-unidas-onu-nova-york-24-de-setembro-de-2014,High,24/09/2014.,Cooperación Política General,Verificada-URL,NA,NA,NA,NA,NA,NA,NA,NA,NA
BRA-DR-J124,172,Dilma Rousseff,Brasil,Completed,2014-11-15,2014-11-16,2,Australia,Asia-Pacific,Brisbane,Multilateral,Global Forum,TRUE,Cúpula do G20 de Brisbane,NA,"G20 de Brisbane, tras la reeleccion.",https://en.wikipedia.org/wiki/2014_G20_Brisbane_summit,Medium,15-16/11/2014.,Cooperación Política General,Verificada-URL,NA,NA,NA,NA,NA,NA,NA,NA,NA
BRA-DR-J125,173,Dilma Rousseff,Brasil,Completed,2014-12-17,2014-12-17,1,Argentina,South America,Paraná,Multilateral,Regional Summit,NA,Cúpula do MERCOSUL,NA,Cumbre del Mercosur en Parana.,https://www.gov.br/casacivil/pt-br/assuntos/noticias/2014/dezembro/dilma-assume-presidencia-do-mercosul,High,17/12/2014.,Comercio/Integración Económica,Verificada-URL,NA,NA,NA,NA,NA,NA,NA,NA,NA
BRA-DR-J126,174,Dilma Rousseff,Brasil,Completed,2015-01-28,2015-01-29,2,Costa Rica,Central America,Belén,Multilateral,Regional Summit,NA,III Cúpula CELAC,NA,III Cumbre CELAC en Costa Rica.,https://www.gov.br/mre/en/contact-us/press-area/press-releases/participation-of-president-dilma-rousseff-in-the-third-summit-of-the-community-of-latin-american-and-caribbean-states-celac-san-jose-costa-rica-january-28-29-2015,High,28-29/01/2015.,Cooperación Política General,Verificada-URL,NA,NA,NA,NA,NA,NA,NA,NA,NA
BRA-DR-J127,175,Dilma Rousseff,Brasil,Completed,2015-04-10,2015-04-11,2,Panama,Central America,Panama City,Multilateral,Regional Summit,TRUE,VII Cúpula das Américas,NA,VII Cumbre de las Americas; historica por el deshielo Cuba-EE.UU. (Obama-Raul Castro).,https://www.gov.br/mre/pt-br/canais_atendimento/imprensa/notas-a-imprensa/vii-cupula-das-americas-cidade-do-panama-10-e-11-de-abril-de-2015,High,10-11/04/2015.,Cooperación Política General,Verificada-URL,NA,NA,NA,NA,NA,NA,NA,NA,NA
BRA-DR-J128,176,Dilma Rousseff,Brasil,Completed,2015-05-26,2015-05-27,2,Mexico,North America,Mexico City,Bilateral,State Visit,NA,Enrique Peña Nieto,Jefe de Estado/Gobierno,Visita de Estado a Mexico; acuerdo de ampliacion comercial (ACE-53).,https://www.gov.br/mre/pt-br/canais_atendimento/imprensa/notas-a-imprensa/visita-de-estado-da-presidenta-dilma-rousseff-ao-mexico-cidade-do-mexico-26-e-27-de-maio-de-2015,High,"25-27/05/2015. CORRECCION 2026-07-20: Start_Date 2015-05-25 -> 2015-05-26. Fuente oficial MRE ('Visita de Estado da Presidenta Dilma Rousseff ao Mexico - Cidade do Mexico, 26 e 27 de maio de 2015') acota la visita de Estado a los dias 26-27; no hay evidencia de actividad oficial el 25.",NA,Verificada-URL,NA,NA,NA,NA,NA,NA,NA,NA,NA
BRA-DR-J129,177,Dilma Rousseff,Brasil,Completed,2015-06-27,2015-07-01,5,United States,North America,Washington D.C.,Bilateral,Working Visit,TRUE,Barack Obama (visita de 'reparação'),Jefe de Estado/Gobierno,"Visita oficial a EE.UU. finalmente realizada tras la cancelacion de 2013: NY (27-28/6), Washington con Obama (29-30/6) y San Francisco/Silicon Valley (1/7).",https://www.gov.br/mre/pt-br/canais_atendimento/imprensa/notas-a-imprensa/comunicado-conjunto-da-presidenta-dilma-rousseff-e-do-presidente-barack-obama-washington-30-de-junho-de-2015,High,"Una salida multi-ciudad en un solo pais (NY, DC, SF).",NA,Verificada-URL,NA,NA,NA,NA,NA,NA,NA,NA,NA
BRA-DR-J130,178,Dilma Rousseff,Brasil,Completed,2015-07-08,2015-07-09,2,Russia,Europe,Ufa,Multilateral,Global Forum,TRUE,VII Cúpula BRICS (Ufá),NA,Cumbre BRICS de Ufa; arranque del Nuevo Banco de Desarrollo.,https://www.gov.br/mre/pt-br/canais_atendimento/imprensa/notas-a-imprensa/vii-cupula-do-brics-declaracao-de-ufa-ufa-russia-9-de-julho-de-2015,High,8-9/07/2015.,Cooperación Política General,Verificada-URL,NA,NA,NA,NA,NA,NA,NA,NA,NA
BRA-DR-J131,179,Dilma Rousseff,Brasil,Completed,2015-09-25,2015-09-28,4,United States,North America,New York,Multilateral,Global Forum,NA,70ª AGNU + Cúpula da Agenda 2030,NA,Cumbre de Desarrollo Sostenible (Agenda 2030/ODS) y apertura de la 70a AGNU (28/9).,https://www.gov.br/mre/pt-br/centrais-de-conteudo/publicacoes/discursos-artigos-e-entrevistas/presidente-da-republica/presidente-da-republica-federativa-do-brasil-discursos/dilma-vana-rousseff-2011-2016/discurso-da-presidenta-da-republica-dilma-roussef-por-ocasiao-da-abertura-da-septuagesima-assembleia-geral-das-nacoes-unidas-nova-york-28-de-setembro-de-2015,High,25-28/09/2015.,Cooperación Política General,Verificada-URL,NA,NA,NA,NA,NA,NA,NA,NA,NA
BRA-DR-J132,180,Dilma Rousseff,Brasil,Completed,2015-10-19,2015-10-19,1,Sweden,Europe,Stockholm,Bilateral,Working Visit,NA,Stefan Löfven,Jefe de Estado/Gobierno,Gira nordica: cooperacion (proyecto Gripen) e inversiones. Tramo 1.,https://www.gov.br/mre/pt-br/canais_atendimento/imprensa/notas-a-imprensa/viagem-da-presidenta-da-republica-a-suecia-e-a-finlandia-18-a-20-de-outubro-de-2015,High,Gira Suecia-Finlandia oct 2015; fechas estimadas.,NA,Verificada-URL,NA,NA,NA,NA,NA,NA,NA,NA,NA
BRA-DR-J132,181,Dilma Rousseff,Brasil,Completed,2015-10-20,2015-10-21,2,Finland,Europe,Helsinki,Bilateral,Working Visit,NA,Sauli Niinistö,Jefe de Estado/Gobierno,Tramo 2 (final) de la gira nordica.,https://www.gov.br/mre/pt-br/canais_atendimento/imprensa/notas-a-imprensa/viagem-da-presidenta-da-republica-a-suecia-e-a-finlandia-18-a-20-de-outubro-de-2015,High,Fechas estimadas.,NA,Verificada-URL,NA,NA,NA,NA,NA,NA,NA,NA,NA
BRA-DR-J133,182,Dilma Rousseff,Brasil,Completed,2015-11-15,2015-11-16,2,Turkey,Middle East,Antalya,Multilateral,Global Forum,TRUE,Cúpula do G20 de Antália,NA,"G20 de Antalya, marcado por los atentados de Paris.",https://agenciabrasil.ebc.com.br/internacional/noticia/2015-11/dilma-defende-acao-internacional-urgente-contra-o-terrorismo-em-reuniao-do-Brics,High,15-16/11/2015.,Cooperación Política General,Verificada-URL,NA,NA,NA,NA,NA,NA,NA,NA,NA
BRA-DR-J134,183,Dilma Rousseff,Brasil,Completed,2015-11-30,2015-11-30,1,France,Europe,Paris,Multilateral,Global Forum,TRUE,COP21 (Conferência do Clima),NA,Segmento de lideres de la COP21 que adopto el Acuerdo de Paris.,https://www.gov.br/mre/pt-br/centrais-de-conteudo/publicacoes/discursos-artigos-e-entrevistas/presidente-da-republica/presidente-da-republica-federativa-do-brasil-discursos/dilma-vana-rousseff-2011-2016/discurso-da-presidenta-da-republica-dilma-rousseff-durante-sessao-de-abertura-da-21-conferencia-das-partes-da-convencao-quadro-das-nacoes-unidas-sobre-a-mudanca-do-clima-cop21-paris-30-de-novembro-de-2015,High,30/11/2015.,Medio Ambiente/Clima,Verificada-URL,NA,NA,NA,NA,NA,NA,NA,NA,NA
BRA-DR-J135,184,Dilma Rousseff,Brasil,Completed,2015-12-21,2015-12-21,1,Paraguay,South America,Asunción,Multilateral,Regional Summit,NA,Cúpula do MERCOSUL,NA,Cumbre del Mercosur en Asuncion; primera con Macri.,http://www.biblioteca.presidencia.gov.br/presidencia/ex-presidentes/dilma-rousseff/discursos/discursos-da-presidenta/discurso-da-presidenta-da-republica-dilma-rousseff-durante-a-xlix-cupula-dos-estados-partes-do-mercosul-e-estados-associados-assuncao-paraguai,High,21/12/2015.,Comercio/Integración Económica,Verificada-URL,NA,NA,NA,NA,NA,NA,NA,NA,NA
BRA-DR-J136,185,Dilma Rousseff,Brasil,Completed,2016-01-27,2016-01-27,1,Ecuador,South America,Quito,Multilateral,Regional Summit,NA,IV Cúpula CELAC,NA,"IV Cumbre CELAC en Quito, en plena crisis politica interna.",https://www.gov.br/mre/en/contact-us/press-area/press-releases/president-dilma-rousseff-to-take-part-in-the-fourth-summit-of-the-community-of-latin-american-and-caribbean-states-celac-quito-ecuador-january-27-2016,High,27/01/2016. Confirmar asistencia/duracion.,Cooperación Política General,Verificada-URL,NA,NA,NA,NA,NA,NA,NA,NA,NA
BRA-DR-J137,186,Dilma Rousseff,Brasil,Completed,2016-04-22,2016-04-22,1,United States,North America,New York,Multilateral,Global Forum,NA,Assinatura do Acordo de Paris (ONU),NA,"Firma del Acuerdo de Paris en la ONU, 5 dias despues de la votacion del impeachment en Diputados (17/4). ULTIMO viaje internacional antes de la suspension (12/5).",https://agenciabrasil.ebc.com.br/politica/noticia/2016-04/presidenta-dilma-discursa-em-sessao-da-onu,High,Ultimo viaje del mandato efectivo.,Medio Ambiente/Clima,Verificada-URL,NA,NA,NA,NA,NA,NA,NA,NA,NA
BRA-MT-J138,187,Michel Temer,Brasil,Completed,2016-09-02,2016-09-05,4,China,Asia-Pacific,Hangzhou,Multilateral,Global Forum,TRUE,Cúpula do G20 de Hangzhou,NA,Debut internacional dias despues de la destitucion de Dilma; busco legitimar su gobierno y atraer inversiones.,https://www.gov.br/mre/pt-br/canais_atendimento/imprensa/notas-a-imprensa/visita-do-presidente-michel-temer-a-china-por-ocasiao-do-seminario-empresarial-de-alto-nivel-brasil-china-e-da-cupula-de-lideres-do-g20-xangai-e-hangzhou-china-2-a-5-de-setembro-de-2016-programa-de-imprensa,High,Primer viaje del mandato efectivo (llegada via Shanghai).,Cooperación Política General,Verificada-URL,NA,NA,NA,NA,NA,NA,NA,NA,NA
BRA-MT-J139,188,Michel Temer,Brasil,Completed,2016-09-20,2016-09-20,1,United States,North America,New York,Multilateral,Global Forum,NA,71ª AGNU,NA,Apertura de la 71a AGNU; defendio la legalidad del impeachment ante criticas regionales.,https://www.gov.br/mre/pt-br/centrais-de-conteudo/publicacoes/discursos-artigos-e-entrevistas/presidente-da-republica/presidente-da-republica-federativa-do-brasil-discursos/michel-miguel-elias-temer-lulia-2016-2018/pronunciamento-do-senhor-do-presidente-da-republica-michel-temer-durante-abertura-do-debate-geral-da-71-assembleia-geral-das-nacoes-unidas-nova-york-20-de-setembro-de-2016,High,20/09/2016.,Cooperación Política General,Verificada-URL,NA,NA,NA,NA,NA,NA,NA,NA,NA
BRA-MT-J140,189,Michel Temer,Brasil,Completed,2016-10-03,2016-10-03,1,Argentina,South America,Buenos Aires,Bilateral,Working Visit,NA,Mauricio Macri,Jefe de Estado/Gobierno,Primera bilateral con Macri; relanzamiento del eje Brasil-Argentina y flexibilizacion del Mercosur.,https://www.gov.br/mre/pt-br/canais_atendimento/imprensa/notas-a-imprensa/visita-do-presidente-da-republica-a-argentina-buenos-aires-3-de-outubro-de-2016,High,Fecha a confirmar.,NA,Verificada-URL,NA,NA,NA,NA,NA,NA,NA,NA,NA
BRA-MT-J141,190,Michel Temer,Brasil,Completed,2016-10-15,2016-10-16,2,India,Asia-Pacific,Goa,Multilateral,Global Forum,TRUE,VIII Cúpula BRICS (Goa),NA,Cumbre BRICS de Goa. Tramo 1.,https://www.gov.br/mre/pt-br/canais_atendimento/imprensa/notas-a-imprensa/viii-cupula-do-brics-goa-india-15-e-16-de-outubro-de-2016,High,15-16/10/2016.,Cooperación Política General,Verificada-URL,NA,NA,NA,NA,NA,NA,NA,NA,NA
BRA-MT-J141,191,Michel Temer,Brasil,Completed,2016-10-18,2016-10-19,2,Japan,Asia-Pacific,Tokyo,Bilateral,Working Visit,NA,Shinzo Abe,Jefe de Estado/Gobierno,Visita oficial a Japon; inversiones e infraestructura. Tramo 2 (final).,https://www.gov.br/mre/pt-br/canais_atendimento/imprensa/notas-a-imprensa/visita-do-presidente-da-republica-ao-japao-toquio-18-e-19-de-outubro-de-2016,High,18-19/10/2016.,NA,Verificada-URL,NA,NA,NA,NA,NA,NA,NA,NA,NA
BRA-MT-J142,192,Michel Temer,Brasil,Completed,2017-01-10,2017-01-10,1,Portugal,Europe,Lisbon,Bilateral,Inauguration/Funeral,NA,Funeral de Mário Soares,Jefe de Estado/Gobierno,Exequias del expresidente portugues Mario Soares.,https://agenciabrasil.ebc.com.br/politica/noticia/2017-01/temer-viaja-para-velorio-de-mario-soares-com-sarney-e-gilmar-mendes,High,"CORRECCION del informe: Portugal fue ene-2017 (funeral), no feb.",NA,Verificada-URL,NA,NA,NA,NA,NA,NA,NA,NA,NA
BRA-MT-J143,193,Michel Temer,Brasil,Completed,2017-06-20,2017-06-21,2,Russia,Europe,Moscow,Bilateral,Working Visit,NA,Vladímir Putin,Jefe de Estado/Gobierno,Visita oficial a Rusia; comercio e inversiones. Tramo 1.,https://www.gov.br/mre/pt-br/centrais-de-conteudo/publicacoes/discursos-artigos-e-entrevistas/presidente-da-republica/presidente-da-republica-federativa-do-brasil-discursos/michel-miguel-elias-temer-lulia-2016-2018/discurso-do-presidente-da-republica-michel-temer-durante-encontro-com-o-presidente-da-duma-de-estado-deputado-vyacheslav-volodin-moscou-russia-20-de-junho-de-2017,High,Gira Rusia-Noruega jun 2017.,NA,Verificada-URL,NA,NA,NA,NA,NA,NA,NA,NA,NA
BRA-MT-J143,194,Michel Temer,Brasil,Completed,2017-06-22,2017-06-23,2,Norway,Europe,Oslo,Bilateral,Working Visit,NA,Erna Solberg,Jefe de Estado/Gobierno,Visita a Noruega en plena tension por el recorte noruego al Fondo Amazonia (deforestacion). Tramo 2 (final).,https://www.biblioteca.presidencia.gov.br/presidencia/ex-presidentes/michel-temer/discursos-do-presidente-da-republica/discurso-do-presidente-da-republica-michel-temer-na-conferencia-de-imprensa-apos-encontro-com-a-primeira-ministra-da-noruega-erna-solberg-oslo-noruega,High,22-23/06/2017.,NA,Verificada-URL,NA,NA,NA,NA,NA,NA,NA,NA,NA
BRA-MT-J144,195,Michel Temer,Brasil,Completed,2017-07-07,2017-07-08,2,Germany,Europe,Hamburg,Multilateral,Global Forum,TRUE,Cúpula do G20 de Hamburgo,NA,"G20 de Hamburgo, semanas despues de la denuncia de Janot; agenda de reformas.",https://agenciabrasil.ebc.com.br/politica/noticia/2017-07/temer-viaja-para-alemanha-onde-participa-da-cupula-do-g20,High,7-8/07/2017.,Cooperación Política General,Verificada-URL,NA,NA,NA,NA,NA,NA,NA,NA,NA
BRA-MT-J145,196,Michel Temer,Brasil,Completed,2017-08-31,2017-09-05,6,China,Asia-Pacific,Beijing,Bilateral,State Visit,TRUE,Xi Jinping + IX Cúpula BRICS (Xiamen),Jefe de Estado/Gobierno,Visita de Estado a China (Pekin 1/9) y cumbre BRICS de Xiamen (4-5/9); inversiones en infraestructura.,http://www.itamaraty.gov.br/pt-BR/notas-a-imprensa/17339-visita-de-estado-a-china-1-de-setembro-de-2017,High,Una salida: visita de Estado + BRICS en el mismo pais.,NA,Verificada-URL,NA,NA,NA,NA,NA,NA,NA,NA,NA
BRA-MT-J146,197,Michel Temer,Brasil,Completed,2017-09-19,2017-09-19,1,United States,North America,New York,Multilateral,Global Forum,TRUE,72ª AGNU,NA,Apertura de la 72a AGNU; cena con Trump y lideres latinoamericanos sobre Venezuela.,https://www.biblioteca.presidencia.gov.br/presidencia/ex-presidentes/michel-temer/discursos-do-presidente-da-republica/discurso-do-presidente-da-republica-michel-temer-na-abertura-do-debate-geral-da-72o-sessao-da-assembleia-geral-da-onu,High,19/09/2017.,Cooperación Política General,Verificada-URL,NA,NA,NA,NA,NA,NA,NA,NA,NA
BRA-MT-J147,198,Michel Temer,Brasil,Completed,2018-01-24,2018-01-24,1,Switzerland,Europe,Davos,Multilateral,Global Forum,NA,Foro Económico Mundial (WEF),NA,"Discurso en Davos vendiendo la agenda de reformas (laboral, techo de gasto); primer presidente brasileno en el WEF desde Lula.",https://agenciabrasil.ebc.com.br/politica/noticia/2018-01/em-davos-temer-defende-reformas-em-andamento-no-pais,High,24/01/2018. En 2017 NO fue (ausencia verificada).,Comercio/Integración Económica,Verificada-URL,NA,NA,NA,NA,NA,NA,NA,NA,NA
BRA-MT-J148,199,Michel Temer,Brasil,Completed,2018-04-13,2018-04-14,2,Peru,South America,Lima,Multilateral,Regional Summit,TRUE,VIII Cúpula das Américas,NA,"VIII Cumbre de las Americas en Lima (sin Trump, que cancelo); crisis venezolana en agenda.",https://www.gov.br/mre/pt-br/centrais-de-conteudo/publicacoes/discursos-artigos-e-entrevistas/presidente-da-republica/presidente-da-republica-federativa-do-brasil-discursos/michel-miguel-elias-temer-lulia-2016-2018/discurso-do-presidente-da-republica-michel-temer-em-sessao-plenaria-da-viii-cupula-das-americas-lima-peru-14-de-abril-de-2018,High,13-14/04/2018. Confirmar duracion exacta de su presencia.,Cooperación Política General,Verificada-URL,NA,NA,NA,NA,NA,NA,NA,NA,NA
BRA-MT-J149,200,Michel Temer,Brasil,Completed,2018-07-26,2018-07-27,2,South Africa,Africa,Johannesburg,Multilateral,Global Forum,TRUE,X Cúpula BRICS,NA,Cumbre BRICS de Johannesburgo; decima cumbre del bloque.,https://www.gov.br/mre/pt-br/canais_atendimento/imprensa/notas-a-imprensa/x-cupula-dos-brics-declaracao-de-joanesburgo-27-de-julho-de-2018-ingles,High,26-27/07/2018.,Cooperación Política General,Verificada-URL,NA,NA,NA,NA,NA,NA,NA,NA,NA
BRA-MT-J150,201,Michel Temer,Brasil,Completed,2018-08-15,2018-08-15,1,Paraguay,South America,Asunción,Bilateral,Inauguration/Funeral,NA,Posse de Mario Abdo Benítez,Jefe de Estado/Gobierno,Asuncion de Mario Abdo Benitez en Paraguay.,https://agenciabrasil.ebc.com.br/politica/noticia/2018-08/temer-participa-da-cerimonia-de-posse-do-presidente-eleito-do-paraguai,High,15/08/2018. Confirmar asistencia.,NA,Verificada-URL,NA,NA,NA,NA,NA,NA,NA,NA,NA
BRA-MT-J151,202,Michel Temer,Brasil,Completed,2018-09-25,2018-09-25,1,United States,North America,New York,Multilateral,Global Forum,NA,73ª AGNU,NA,Ultima apertura de la AGNU de su mandato.,http://www.itamaraty.gov.br/pt-BR/discursos-artigos-e-entrevistas-categoria/presidente-da-republica-federativa-do-brasil-discursos/19533-discurso-do-presidente-michel-temer-na-abertura-do-debate-geral-da-73-sessao-da-assembleia-geral-das-nacoes-unidas-2,High,25/09/2018.,Cooperación Política General,Verificada-URL,NA,NA,NA,NA,NA,NA,NA,NA,NA
BRA-MT-J152,203,Michel Temer,Brasil,Completed,2018-11-30,2018-12-01,2,Argentina,South America,Buenos Aires,Multilateral,Global Forum,TRUE,Cúpula do G20 de Buenos Aires,NA,G20 de Buenos Aires (primero en Sudamerica); firma del acuerdo automotriz con Argentina.,https://www.gov.br/mre/pt-br/canais_atendimento/imprensa/aviso-as-redacoes/briefing-a-imprensa-sobre-a-cupula-de-lideres-do-g20-buenos-aires-30-de-novembro-e-1-de-dezembro-de-2018-21-de-novembro-de-2018,High,30/11-1/12/2018.,Cooperación Política General,Verificada-URL,NA,NA,NA,NA,NA,NA,NA,NA,NA
BRA-MT-J153,204,Michel Temer,Brasil,Completed,2018-12-18,2018-12-18,1,Uruguay,South America,Montevideo,Multilateral,Regional Summit,NA,53ª Cúpula do MERCOSUL,NA,Ultima cumbre del Mercosur y ULTIMO viaje internacional del mandato.,https://agenciabrasil.ebc.com.br/politica/noticia/2018-12/temer-vai-montevideu-para-cupula-do-mercosul,High,18/12/2018. Ultimo viaje del mandato.,Comercio/Integración Económica,Verificada-URL,NA,NA,NA,NA,NA,NA,NA,NA,NA
BRA-JB-J154,205,Jair Bolsonaro,Brasil,Completed,2019-01-22,2019-01-23,2,Switzerland,Europe,Davos,Multilateral,Global Forum,NA,Foro Económico Mundial (WEF),NA,Primer viaje del mandato: discurso breve en Davos presentando el 'nuevo Brasil' liberal.,https://www.gov.br/funag/pt-br/centrais-de-conteudo/politica-externa-brasileira/discurso-do-presidente-da-republica-jair-bolsonaro-durante-a-sessao-plenaria-do-forum-economico-mundial,High,Primer viaje internacional del mandato.,Comercio/Integración Económica,Verificada-URL,NA,NA,NA,NA,NA,NA,NA,NA,NA
BRA-JB-J155,206,Jair Bolsonaro,Brasil,Completed,2019-03-18,2019-03-19,2,United States,North America,Washington D.C.,Bilateral,Working Visit,NA,Donald Trump (Casa Branca),Jefe de Estado/Gobierno,"Primera bilateral con Trump; alineamiento estrategico, designacion de Brasil como aliado extra-OTAN.",https://br.usembassy.gov/pt/declaracao-do-secretario-de-imprensa-sobre-a-visita-do-presidente-jair-bolsonaro-do-brasil/,High,18-19/03/2019.,NA,Verificada-URL,NA,NA,NA,NA,NA,NA,NA,NA,NA
BRA-JB-J156,207,Jair Bolsonaro,Brasil,Completed,2019-03-22,2019-03-23,2,Chile,South America,Santiago,Multilateral,Regional Summit,TRUE,Cúpula do PROSUR + Sebastián Piñera,NA,Cumbre fundacional del PROSUR (reemplazo de UNASUR) y bilateral con Pinera.,http://www.biblioteca.presidencia.gov.br/presidencia/ex-presidentes/bolsonaro/entrevistas/entrevista-coletiva-concedida-pelo-presidente-da-republica-jair-bolsonaro-na-sua-chegada-ao-chile-santiago-chile,High,22/03/2019.,Comercio/Integración Económica,Verificada-URL,NA,NA,NA,NA,NA,NA,NA,NA,NA
BRA-JB-J157,208,Jair Bolsonaro,Brasil,Completed,2019-03-31,2019-04-02,3,Israel,Middle East,Jerusalem,Bilateral,Working Visit,NA,Benjamin Netanyahu,Jefe de Estado/Gobierno,Visita a Israel; Muro de los Lamentos con Netanyahu; abrio oficina comercial en Jerusalen (no mudo la embajada).,https://www.gov.br/mre/pt-br/canais_atendimento/imprensa/notas-a-imprensa/2019/visita-oficial-a-israel-de-sua-excelencia-o-presidente-da-republica-federativa-do-brasil-jair-bolsonaro,High,31/3-2/4/2019.,NA,Verificada-URL,NA,NA,NA,NA,NA,NA,NA,NA,NA
BRA-JB-J158,209,Jair Bolsonaro,Brasil,Completed,2019-06-06,2019-06-06,1,Argentina,South America,Buenos Aires,Bilateral,Working Visit,NA,Mauricio Macri,Jefe de Estado/Gobierno,Primera visita a Argentina; apoyo explicito a la reeleccion de Macri; moneda comun en agenda.,https://agenciabrasil.ebc.com.br/politica/noticia/2019-06/bolsonaro-e-macri-se-reunem-em-buenos-aires-nesta-quinta-feira,High,6/06/2019. UNICA visita a Argentina del mandato (evito al gobierno de A. Fernandez).,NA,Verificada-URL,NA,NA,NA,NA,NA,NA,NA,NA,NA
BRA-JB-J159,210,Jair Bolsonaro,Brasil,Completed,2019-06-28,2019-06-29,2,Japan,Asia-Pacific,Osaka,Multilateral,Global Forum,TRUE,Cúpula do G20 de Osaka,NA,G20 de Osaka; anuncio del acuerdo Mercosur-UE (28/6); bilaterales con Trump y otros.,http://www.biblioteca.presidencia.gov.br/presidencia/ex-presidentes/bolsonaro/entrevistas/entrevista-coletiva-concedida-pelo-presidente-da-republica-jair-bolsonaro-osaka-japao,High,28-29/06/2019.,Cooperación Política General,Verificada-URL,NA,NA,NA,NA,NA,NA,NA,NA,NA
BRA-JB-J160,211,Jair Bolsonaro,Brasil,Completed,2019-07-17,2019-07-17,1,Argentina,South America,Santa Fe,Multilateral,Regional Summit,NA,54ª Cúpula do MERCOSUL,NA,Cumbre del Mercosur en Santa Fe; impulso al acuerdo con la UE y flexibilizacion del bloque.,https://www.gov.br/mre/pt-br/centrais-de-conteudo/publicacoes/discursos-artigos-e-entrevistas/presidente-da-republica/presidente-da-republica-federativa-do-brasil-discursos/jair-messias-bolsonaro-2019-2022/discurso-do-presidente-da-republica-jair-bolsonaro-cupula-mercosul-santa-fe-argentina-17-7-2019,High,17/07/2019. Confirmar asistencia/duracion.,Comercio/Integración Económica,Verificada-URL,NA,NA,NA,NA,NA,NA,NA,NA,NA
BRA-JB-J161,212,Jair Bolsonaro,Brasil,Completed,2019-09-24,2019-09-24,1,United States,North America,New York,Multilateral,Global Forum,NA,74ª AGNU,NA,Apertura de la 74a AGNU; discurso defensivo sobre la Amazonia tras los incendios de agosto y la crisis con Macron.,https://www.gov.br/mre/pt-br/centrais-de-conteudo/publicacoes/discursos-artigos-e-entrevistas/presidente-da-republica/presidente-da-republica-federativa-do-brasil-discursos/jair-messias-bolsonaro-2019-2022/discurso-do-presidente-jair-bolsonaro-na-abertura-da-74-assembleia-geral-das-nacoes-unidas-nova-york-24-de-setembro-de-2019,High,24/09/2019.,Cooperación Política General,Verificada-URL,NA,NA,NA,NA,NA,NA,NA,NA,NA
BRA-JB-J162,213,Jair Bolsonaro,Brasil,Completed,2019-10-22,2019-10-23,2,Japan,Asia-Pacific,Tokyo,Bilateral,Inauguration/Funeral,NA,Entronização do imperador Naruhito,Jefe de Estado/Gobierno,Ceremonia de entronizacion del emperador Naruhito. Tramo 1 de gira Asia-Golfo.,https://agenciabrasil.ebc.com.br/internacional/noticia/2019-10/bolsonaro-chega-ao-japao-para-giro-por-asia-e-oriente-medio,High,Gira Asia-Golfo 22-30/10/2019; fechas de dia estimadas en tramos.,NA,Verificada-URL,NA,NA,NA,NA,NA,NA,NA,NA,NA
BRA-JB-J162,214,Jair Bolsonaro,Brasil,Completed,2019-10-24,2019-10-26,3,China,Asia-Pacific,Beijing,Bilateral,State Visit,NA,Xi Jinping,Jefe de Estado/Gobierno,"Visita a Xi Jinping: giro pragmatico tras las criticas de campana ('China no compra en Brasil, compra Brasil'). Tramo 2.",https://agenciabrasil.ebc.com.br/politica/noticia/2019-10/bolsonaro-chega-pequim-e-reune-se-com-empresarios,High,NA,NA,Verificada-URL,NA,NA,NA,NA,NA,NA,NA,NA,NA
BRA-JB-J162,215,Jair Bolsonaro,Brasil,Completed,2019-10-26,2019-10-27,2,United Arab Emirates,Middle East,Abu Dhabi,Bilateral,Working Visit,NA,Mohammed bin Zayed,Jefe de Estado/Gobierno,Inversiones del Golfo. Tramo 3.,https://agenciabrasil.ebc.com.br/politica/noticia/2019-10/bolsonaro-se-reune-com-empresarios-nos-emirados-arabes-unidos,High,NA,NA,Verificada-URL,NA,NA,NA,NA,NA,NA,NA,NA,NA
BRA-JB-J162,216,Jair Bolsonaro,Brasil,Completed,2019-10-28,2019-10-28,1,Qatar,Middle East,Doha,Bilateral,Working Visit,NA,Emir Tamim bin Hamad Al Thani,Jefe de Estado/Gobierno,Inversiones y comercio. Tramo 4.,https://mofa.gov.qa/en/qatar/latest-articles/latest-news/details/2019/10/28/joint-statement-of-the-state-of-qatar-and-the-federative-republic-of-brazil,High,NA,NA,Verificada-URL,NA,NA,NA,NA,NA,NA,NA,NA,NA
BRA-JB-J162,217,Jair Bolsonaro,Brasil,Completed,2019-10-29,2019-10-30,2,Saudi Arabia,Middle East,Riyadh,Bilateral,Working Visit,NA,Príncipe Mohammed bin Salman (Foro 'Davos do Deserto'),Jefe de Estado/Gobierno,Foro de inversiones Future Investment Initiative; inversiones sauditas. Tramo 5 (final).,https://www.biblioteca.presidencia.gov.br/presidencia/ex-presidentes/bolsonaro/discursos/discurso-do-presidente-da-republica-jair-bolsonaro-durante-sessao-sobre-o-brasil-do-fii-riade-arabia-saudita,High,NA,NA,Verificada-URL,NA,NA,NA,NA,NA,NA,NA,NA,NA
BRA-JB-J163,218,Jair Bolsonaro,Brasil,Completed,2020-01-24,2020-01-27,4,India,Asia-Pacific,New Delhi,Bilateral,State Visit,NA,Narendra Modi (convidado de honra do Dia da República),Jefe de Estado/Gobierno,Invitado de honor del Dia de la Republica de India (26/1); acuerdos de inversion y defensa.,http://www.biblioteca.presidencia.gov.br/presidencia/ex-presidentes/bolsonaro/discursos/discurso-do-presidente-da-republica-jair-bolsonaro-durante-cafe-da-manha-de-trabalho-com-empresarios-indianos-nova-delhi-india,High,24-27/01/2020.,NA,Verificada-URL,NA,NA,NA,NA,NA,NA,NA,NA,NA
BRA-JB-J164,219,Jair Bolsonaro,Brasil,Completed,2020-03-01,2020-03-01,1,Uruguay,South America,Montevideo,Bilateral,Inauguration/Funeral,NA,Posse de Luis Lacalle Pou,Jefe de Estado/Gobierno,Asuncion de Lacalle Pou; primer aliado ideologico en el Cono Sur.,https://agenciabrasil.ebc.com.br/internacional/noticia/2020-03/bolsonaro-vai-montevideu-para-posse-de-novo-presidente-uruguaio,High,1/03/2020.,NA,Verificada-URL,NA,NA,NA,NA,NA,NA,NA,NA,NA
BRA-JB-J165,220,Jair Bolsonaro,Brasil,Completed,2020-03-07,2020-03-10,4,United States,North America,Palm Beach,Bilateral,Working Visit,NA,Donald Trump (jantar em Mar-a-Lago),Jefe de Estado/Gobierno,"Cena con Trump en Mar-a-Lago; la comitiva volvio con COVID (el famoso 'brote de Mar-a-Lago', +20 contagiados).",https://trumpwhitehouse.archives.gov/briefings-statements/remarks-president-trump-president-bolsonaro-brazil-working-dinner-west-palm-beach-fl/,High,7-10/03/2020. ULTIMO viaje pre-parate pandemico (~14 meses sin salir).,NA,Verificada-URL,NA,NA,NA,NA,NA,NA,NA,NA,NA
BRA-JB-J166,221,Jair Bolsonaro,Brasil,Completed,2021-05-24,2021-05-24,1,Ecuador,South America,Quito,Bilateral,Inauguration/Funeral,NA,Posse de Guillermo Lasso,Jefe de Estado/Gobierno,Asuncion de Lasso; primer viaje tras ~14 meses de parate pandemico.,https://agenciabrasil.ebc.com.br/internacional/noticia/2021-05/guillermo-lasso-assume-presidencia-do-equador,High,24/05/2021. Confirmar asistencia/fecha.,NA,Verificada-URL,NA,NA,NA,NA,NA,NA,NA,NA,NA
BRA-JB-J167,222,Jair Bolsonaro,Brasil,Completed,2021-09-19,2021-09-21,3,United States,North America,New York,Multilateral,Global Forum,NA,76ª AGNU,NA,Apertura de la 76a AGNU sin estar vacunado; episodio de la pizza en la vereda por las restricciones de NY.,https://www.gov.br/planalto/pt-br/acompanhe-o-planalto/noticias/2021/09/discurso-do-presidente-da-republica-jair-bolsonaro-na-abertura-da-76deg-assembleia-geral-da-onu,High,19-21/09/2021.,Cooperación Política General,Verificada-URL,NA,NA,NA,NA,NA,NA,NA,NA,NA
BRA-JB-J168,223,Jair Bolsonaro,Brasil,Completed,2021-10-29,2021-11-01,4,Italy,Europe,Rome,Multilateral,Global Forum,FALSE,Cúpula do G20 de Roma + Anguillara Veneta,NA,"G20 de Roma con participacion minima y aislamiento diplomatico; luego visito Anguillara Veneta (pueblo de sus ancestros, ciudadania honoraria) con incidentes.",https://www.gov.br/planalto/pt-br/acompanhe-o-planalto/noticias/2021/10/presidente-jair-bolsonaro-ja-esta-na-italia-para-participar-do-g20,High,29/10-1/11/2021. NO fue a la COP26 de Glasgow (envio delegacion).,Cooperación Política General,Verificada-URL,NA,NA,NA,NA,NA,NA,NA,NA,NA
BRA-JB-J169,224,Jair Bolsonaro,Brasil,Completed,2021-11-13,2021-11-16,4,United Arab Emirates,Middle East,Dubai,Bilateral,Working Visit,NA,Expo 2020 Dubai + governo emiratí,Jefe de Estado/Gobierno,Gira por el Golfo: Expo Dubai e inversiones. Tramo 1.,https://www.gov.br/mre/pt-br/canais_atendimento/imprensa/notas-a-imprensa/comunicado-conjunto-2013-visita-oficial-de-sua-excelencia-o-presidente-da-republica-federativa-do-brasil-jair-bolsonaro-aos-emirados-arabes-unidos-2013-13-a-16-de-novembro-de-2021,High,"Gira Golfo 13-18/11/2021; fechas de dia estimadas. QA-R5 2026-07-26: End_Date corregido de 2021-11-15 a 2021-11-16 y Duration_Days de 3 a 4, segun Comunicado Conjunto oficial MRE (gov.br/mre) que fecha la visita a EAU '13 a 16 de novembro de 2021'; Source_Verification actualizado a la nota oficial con rango de fechas.",NA,Verificada-URL,NA,NA,NA,NA,NA,NA,NA,NA,NA
BRA-JB-J169,225,Jair Bolsonaro,Brasil,Completed,2021-11-16,2021-11-17,2,Bahrain,Middle East,Manama,Bilateral,Working Visit,NA,Rei Hamad bin Isa Al Khalifa,Jefe de Estado/Gobierno,Comercio e inversiones. Tramo 2.,https://www.gov.br/mre/pt-br/canais_atendimento/imprensa/notas-a-imprensa/visita-oficial-de-sua-excelencia-o-presidente-da-republica-federativa-do-brasil-jair-bolsonaro-ao-reino-do-bahrein-2013-16-a-17-de-novembro-de-2021,High,"Fechas estimadas. QA-R5 2026-07-26: Start_Date corregido de 2021-11-15 a 2021-11-16 y End_Date de 2021-11-16 a 2021-11-17, segun nota oficial MRE (gov.br/mre) que fecha la visita oficial a Bahrein '16 a 17 de novembro de 2021' (consistente con prensa: Bolsonaro llego a Bahrein el martes 16/11/2021). Source_Verification actualizado a la nota oficial con rango de fechas.",NA,Verificada-URL,NA,NA,NA,NA,NA,NA,NA,NA,NA
BRA-JB-J169,226,Jair Bolsonaro,Brasil,Completed,2021-11-17,2021-11-17,1,Qatar,Middle East,Doha,Bilateral,Working Visit,NA,Emir Tamim bin Hamad Al Thani,Jefe de Estado/Gobierno,Comercio e inversiones. Tramo 3 (final).,https://agenciabrasil.ebc.com.br/politica/noticia/2021-11/presidente-viaja-para-o-oriente-medio,High,Fecha estimada.,NA,Verificada-URL,NA,NA,NA,NA,NA,NA,NA,NA,NA
BRA-JB-J170,227,Jair Bolsonaro,Brasil,Completed,2022-02-15,2022-02-16,2,Russia,Europe,Moscow,Bilateral,Working Visit,NA,Vladímir Putin,Jefe de Estado/Gobierno,Visita a Putin DIAS ANTES de la invasion a Ucrania; declaro que Brasil era 'solidario con Rusia'. Muy criticado. Tramo 1.,https://www.gov.br/planalto/pt-br/acompanhe-o-planalto/noticias/2022/02/presidente-jair-bolsonaro-ja-esta-em-moscou-para-visita-oficial-a-russia,High,15-16/02/2022; invasion rusa el 24/2.,NA,Verificada-URL,NA,NA,NA,NA,NA,NA,NA,NA,NA
BRA-JB-J170,228,Jair Bolsonaro,Brasil,Completed,2022-02-17,2022-02-17,1,Hungary,Europe,Budapest,Bilateral,Working Visit,NA,Viktor Orbán,Jefe de Estado/Gobierno,Visita a Orban; afinidad ideologica con la derecha europea. Tramo 2 (final).,https://www.gov.br/planalto/pt-br/acompanhe-o-planalto/noticias/2022/02/presidente-jair-bolsonaro-faz-visita-oficial-a-hungria,High,"17-18/02/2022. QA-R5 2026-07-26: End_Date corregido de 2022-02-18 a 2022-02-17 y Duration_Days de 2 a 1. La fuente citada y prensa cruzada (Diario do Grande ABC, 'Bolsonaro retorna ao Brasil apos viagem ao exterior', 17/02/2022; Poder360) confirman que la visita a Hungria fue de UN dia (17/2), con regreso a Brasil ese mismo dia; el comunicado conjunto oficial MRE tambien fecha la visita '17 de Fevereiro de 2022' (fecha unica).",NA,Verificada-URL,NA,NA,NA,NA,NA,NA,NA,NA,NA
BRA-JB-J171,229,Jair Bolsonaro,Brasil,Completed,2022-06-08,2022-06-10,3,United States,North America,Los Angeles,Multilateral,Regional Summit,TRUE,IX Cúpula das Américas (bilateral com Biden),NA,Cumbre de las Americas de Los Angeles tras gestiones de EE.UU.; su UNICA bilateral con Biden (9/6).,https://agenciabrasil.ebc.com.br/politica/noticia/2022-06/presidentes-bolsonaro-e-biden-fazem-reuniao-bilateral-nos-eua,High,8-10/06/2022.,Cooperación Política General,Verificada-URL,NA,NA,NA,NA,NA,NA,NA,NA,NA
BRA-JB-J173,231,Jair Bolsonaro,Brasil,Completed,2022-09-18,2022-09-19,2,United Kingdom,Europe,London,Multilateral,Inauguration/Funeral,NA,Funeral da rainha Elizabeth II,NA,Funeral de Isabel II en plena campana electoral; discurso politico desde el balcon de la embajada brasilena. Tramo 1.,https://agenciabrasil.ebc.com.br/politica/noticia/2022-09/bolsonaro-participa-do-funeral-da-rainha-elizabeth-ii-em-londres,High,18-19/09/2022.,Cooperación Política General,Verificada-URL,NA,NA,NA,NA,NA,NA,NA,NA,NA
BRA-JB-J173,232,Jair Bolsonaro,Brasil,Completed,2022-09-20,2022-09-20,1,United States,North America,New York,Multilateral,Global Forum,NA,77ª AGNU,NA,"Ultimo discurso ante la ONU, con tono de campana electoral. Tramo 2 (final).",https://www.biblioteca.presidencia.gov.br/presidencia/ex-presidentes/bolsonaro/discursos/discurso-do-presidente-da-republica-jair-bolsonaro-na-abertura-do-debate-geral-da-77a-sessao-da-assembleia-geral-das-nacoes-unidas-agnu,High,20/09/2022. NO fue al G20 de Bali (nov 2022) tras perder la eleccion.,Cooperación Política General,Verificada-URL,NA,NA,NA,NA,NA,NA,NA,NA,NA
BRA-JB-J174,233,Jair Bolsonaro,Brasil,Completed,2022-12-30,2023-01-01,3,United States,North America,Orlando,Other,Working Visit,NA,Salida a Florida (sin agenda oficial),NA,"Salio a Orlando el 30/12/2022, dos dias antes del fin del mandato, para no traspasar la banda a Lula. Sin agenda oficial de gobierno.",https://www.cnnbrasil.com.br/politica/governo-gastou-pelo-menos-r-795-mil-com-viagem-de-bolsonaro-a-orlando/,Medium,"CASO ATIPICO: viaje sin agenda oficial iniciado en ejercicio; permanecio en EE.UU. tras el 1/1/2023. Duracion computada hasta el fin del mandato. NOTA 2026-07-20: multiples fuentes cruzadas (CNN Brasil, Al Jazeera, Publico) confirman salida el 30/12/2022 hacia Orlando (avion da FAB), sin agenda oficial, para no traspasar la banda presidencial a Lula el 1/1/2023; permanecio en EE.UU. mas de un mes tras el fin del mandato (dato no cargado, fuera del periodo de observacion). Fuente exclusivamente periodistica: no hay comunicado oficial de Planalto/MRE sobre este viaje (consistente con 'sin agenda oficial').",NA,Verificada-URL,NA,NA,NA,NA,NA,NA,NA,NA,NA
BRA-JB-J175,234,Jair Bolsonaro,Brasil,Canceled,2020-01-21,NA,NA,Switzerland,Europe,Davos,Multilateral,Global Forum,NA,Foro Económico Mundial 2020,NA,Participacion prevista en Davos 2020. CANCELADA por decision del gobierno (razones de seguridad/conveniencia); fue Guedes.,https://www.poder360.com.br/governo/bolsonaro-cancela-ida-a-davos/,Medium,"Cancelado; sin duracion. Motivo exacto a confirmar. NOTA 2026-07-20: segun el vocero de la Presidencia (Otavio do Rego Barros), la cancelacion de Davos 2020 respondio a una combinacion de factores economicos, de seguridad y politicos, SIN que la seguridad fuera el motivo exclusivo o principal (poder360, 8/1/2020). El texto cargado ('razones de seguridad/conveniencia') es consistente con esta fuente.",Comercio/Integración Económica,Verificada-URL,NA,NA,NA,NA,NA,NA,NA,NA,NA
BRA-LU3-J176,235,Luiz Inácio Lula da Silva,Brasil,Completed,2023-01-23,2023-01-24,2,Argentina,South America,Buenos Aires,Multilateral,Regional Summit,TRUE,VII Cúpula da CELAC + Alberto Fernández,NA,Primer viaje del mandato: retorno de Brasil a la CELAC y bilateral con Alberto Fernandez. Tramo 1.,https://www.gov.br/mre/pt-br/canais_atendimento/imprensa/aviso-as-redacoes/visita-oficial-do-presidente-luiz-inacio-lula-da-silva-a-argentina-2013-buenos-aires-23-e-24-de-janeiro-de-2023,High,Primer viaje del 3er mandato.,Cooperación Política General,Verificada-URL,NA,NA,NA,NA,NA,NA,NA,NA,NA
BRA-LU3-J176,236,Luiz Inácio Lula da Silva,Brasil,Completed,2023-01-25,2023-01-25,1,Uruguay,South America,Montevideo,Bilateral,Working Visit,NA,Luis Lacalle Pou,Jefe de Estado/Gobierno,Bilateral con Lacalle Pou; Mercosur y acuerdo UE. Tramo 2 (final).,https://www.gov.br/mre/pt-br/embaixada-montevideu/noticias/visita-del-presidente-lula-a-uruguay-fortalecer-los-lazos-con-el-pais-vecino-25-01-2023-1,High,NA,NA,Verificada-URL,NA,NA,NA,NA,NA,NA,NA,NA,NA
BRA-LU3-J177,237,Luiz Inácio Lula da Silva,Brasil,Completed,2023-02-09,2023-02-11,3,United States,North America,Washington D.C.,Bilateral,Working Visit,NA,Joe Biden (Casa Branca),Jefe de Estado/Gobierno,Bilateral con Biden; defensa de la democracia tras el 8/1 y el 6/1; medio ambiente.,https://www.gov.br/planalto/pt-br/acompanhe-o-planalto/discursos-e-pronunciamentos/2023/pronunciamento-na-chegada-a-casa-branca,High,"10/02/2023. | CORREGIDO 2026-08-16: fecha original solo cubria 10/2; verificacion cruzada (PBS, Yahoo News) confirma llegada 9/2, reunion con Biden 10/2, regreso 11/2. COLT (TripID 1780-BRA-USA-44966) coincide parcialmente (9-10/2); su fila hermana 3531-BRA-USA-44925 (Bolsonaro, dic22-mar23) habia sido emparejada por error con este viaje por un bug del script de conciliacion -no representa una fuente real para este Trip_ID-.",NA,Verificada-URL,NA,NA,NA,NA,NA,NA,NA,NA,NA
BRA-LU3-J178,238,Luiz Inácio Lula da Silva,Brasil,Completed,2023-04-12,2023-04-15,4,China,Asia-Pacific,Beijing,Bilateral,State Visit,TRUE,Xi Jinping + posse de Dilma no Novo Banco de Desenvolvimento (Xangai),Jefe de Estado/Gobierno,Visita de Estado a China; Dilma asume el Banco de los BRICS en Shanghai; propuesta del 'club de la paz' por Ucrania. Tramo 1.,https://www.gov.br/mre/pt-br/canais_atendimento/imprensa/notas-a-imprensa/declaracao-conjunta-entre-a-republica-federativa-do-brasil-e-a-republica-popular-da-china-sobre-o-aprofundamento-da-parceria-estrategica-global-pequim-14-de-abril-de-2023,High,Viaje pospuesto desde marzo por neumonia; 12-15/04/2023.,NA,Verificada-URL,NA,NA,NA,NA,NA,NA,NA,NA,NA
BRA-LU3-J178,239,Luiz Inácio Lula da Silva,Brasil,Completed,2023-04-15,2023-04-16,2,United Arab Emirates,Middle East,Abu Dhabi,Bilateral,Working Visit,NA,Mohammed bin Zayed,Jefe de Estado/Gobierno,Escala oficial de regreso; comercio e inversiones. Tramo 2 (final).,"https://www.em.com.br/app/noticia/politica/2023/04/15/interna_politica,1481771/lula-chega-a-abu-dhabi-para-encontro-com-presidente-dos-emirados-arabes.shtml",Medium,NA,NA,Verificada-URL,NA,NA,NA,NA,NA,NA,NA,NA,NA
BRA-LU3-J179,240,Luiz Inácio Lula da Silva,Brasil,Completed,2023-04-22,2023-04-25,4,Portugal,Europe,Lisbon,Bilateral,State Visit,TRUE,Marcelo Rebelo de Sousa + Prêmio Camões a Chico Buarque,Jefe de Estado/Gobierno,Cumbre Brasil-Portugal; discurso en la Asamblea con protestas de Chega; premio Camoes. Tramo 1.,https://www.gov.br/mre/pt-br/canais_atendimento/imprensa/notas-a-imprensa/lista-e-integra-dos-atos-assinados-no-centro-cultural-de-belem-em-22-de-abril-de-2023-por-ocasiao-da-visita-do-presidente-luiz-inacio-lula-da-silva-a-portugal,High,"Gira Portugal-Espana 22-26/04/2023. CORRECCION 2026-07-20: End_Date 2023-04-24 -> 2023-04-25. La visita de Estado a Portugal fue 22-25/04/2023 (Presidencia de Portugal + MRE), no 22-24.",NA,Verificada-URL,NA,NA,NA,NA,NA,NA,NA,NA,NA
BRA-LU3-J179,241,Luiz Inácio Lula da Silva,Brasil,Completed,2023-04-25,2023-04-26,2,Spain,Europe,Madrid,Bilateral,Working Visit,NA,Pedro Sánchez,Jefe de Estado/Gobierno,Impulso al acuerdo Mercosur-UE con la presidencia espanola en puertas. Tramo 2 (final).,https://www.gov.br/mre/pt-br/canais_atendimento/imprensa/aviso-as-redacoes/visita-do-presidente-luiz-inacio-lula-da-silva-a-madri-2013-25-e-26-de-abril-de-2023-2013-credenciamento-de-imprensa,High,NA,NA,Verificada-URL,NA,NA,NA,NA,NA,NA,NA,NA,NA
BRA-LU3-J180,242,Luiz Inácio Lula da Silva,Brasil,Completed,2023-05-05,2023-05-07,3,United Kingdom,Europe,London,Multilateral,Inauguration/Funeral,TRUE,Coroação de Carlos III,NA,Coronacion del rey Carlos III; bilaterales al margen.,https://agenciabrasil.ebc.com.br/politica/noticia/2023-05/lula-chega-londres-para-coroacao-do-rei-charles-iii,High,5-7/05/2023.,Cooperación Política General,Verificada-URL,NA,NA,NA,NA,NA,NA,NA,NA,NA
BRA-LU3-J181,243,Luiz Inácio Lula da Silva,Brasil,Completed,2023-05-19,2023-05-21,3,Japan,Asia-Pacific,Hiroshima,Multilateral,Global Forum,TRUE,Cúpula do G7 (convidado),NA,Invitado al G7 de Hiroshima; el encuentro previsto con Zelenski no se concreto.,https://www.gov.br/mre/pt-br/canais_atendimento/imprensa/aviso-as-redacoes/cupula-do-g7-2013-hiroshima-19-a-21-de-maio-2013-credenciamento-de-imprensa,High,19-21/05/2023.,Cooperación Política General,Verificada-URL,NA,NA,NA,NA,NA,NA,NA,NA,NA
BRA-LU3-J182,244,Luiz Inácio Lula da Silva,Brasil,Completed,2023-06-21,2023-06-21,1,Vatican City,Europe,Vatican City,Bilateral,Working Visit,TRUE,Papa Francisco (+ Meloni e Mattarella em Roma),Jefe de Estado/Gobierno,Audiencia con el Papa Francisco sobre la paz en Ucrania; en Roma vio a Meloni y Mattarella. Tramo 1.,https://www.gov.br/mre/pt-br/canais_atendimento/imprensa/notas-a-imprensa/visita-do-presidente-lula-a-italia-e-ao-vaticano-20-a-22-de-junho-de-2023,High,Gira Italia-Francia 21-23/06/2023.,NA,Verificada-URL,NA,NA,NA,NA,NA,NA,NA,NA,NA
BRA-LU3-J182,245,Luiz Inácio Lula da Silva,Brasil,Completed,2023-06-22,2023-06-23,2,France,Europe,Paris,Multilateral,Global Forum,TRUE,Cúpula por um Novo Pacto Financeiro Global (Macron),NA,Cumbre por un Nuevo Pacto Financiero Global convocada por Macron. Tramo 2 (final).,https://www.gov.br/mre/pt-br/canais_atendimento/imprensa/notas-a-imprensa/visita-a-franca-do-presidente-lula-a-paris-22-e-23-de-junho-de-202,High,NA,Comercio/Integración Económica,Verificada-URL,NA,NA,NA,NA,NA,NA,NA,NA,NA
BRA-LU3-J183,246,Luiz Inácio Lula da Silva,Brasil,Completed,2023-07-17,2023-07-18,2,Belgium,Europe,Brussels,Multilateral,Regional Summit,TRUE,Cúpula CELAC-União Europeia,NA,Cumbre CELAC-UE en Bruselas tras 8 anos; negociacion del acuerdo Mercosur-UE.,https://www.gov.br/mre/pt-br/canais_atendimento/imprensa/aviso-as-redacoes/participacao-do-presidente-lula-na-iii-cupula-celac-ue-2013-bruxelas-17-e-18-de-julho-de-2023,High,17-18/07/2023.,Cooperación Política General,Verificada-URL,NA,NA,NA,NA,NA,NA,NA,NA,NA
BRA-LU3-J184,247,Luiz Inácio Lula da Silva,Brasil,Completed,2023-08-22,2023-08-24,3,South Africa,Africa,Johannesburg,Multilateral,Global Forum,TRUE,XV Cúpula BRICS (ampliação do bloco),NA,Cumbre BRICS de Johannesburgo; ampliacion del bloque a 6 nuevos miembros.,https://www.gov.br/mre/pt-br/canais_atendimento/imprensa/aviso-as-redacoes/cupula-dos-brics-2023-2013-joanesburgo-22-a-24-de-agosto-de-2023-2013-credenciamento-de-imprensa,High,22-24/08/2023.,Cooperación Política General,Verificada-URL,NA,NA,NA,NA,NA,NA,NA,NA,NA
BRA-LU3-J185,248,Luiz Inácio Lula da Silva,Brasil,Completed,2023-09-08,2023-09-11,4,India,Asia-Pacific,New Delhi,Multilateral,Global Forum,TRUE,Cúpula do G20 de Nova Délhi,NA,G20 de Nueva Delhi; Brasil recibe la presidencia del G20 para 2024.,https://www.gov.br/mre/pt-br/canais_atendimento/imprensa/aviso-as-redacoes/cupula-de-lideres-do-g20-2013-nova-delhi-9-e-10-de-setembro-de-2023-2013-reiteracao-de-prazo-de-credenciamento,High,"8-11/09/2023. NOTA 2026-07-20: la Cupula de Lideres del G20 en si fue el 9-10/09/2023; el rango cargado (8-11/09) incluye dias de viaje/traslado, consistente con el aviso MRE de credenciamiento.",Cooperación Política General,Verificada-URL,NA,NA,NA,NA,NA,NA,NA,NA,NA
BRA-LU3-J186,249,Luiz Inácio Lula da Silva,Brasil,Completed,2023-09-15,2023-09-16,2,Cuba,Caribbean,Havana,Multilateral,Global Forum,TRUE,Cúpula do G77+China,NA,Cumbre del G77+China en La Habana; agenda del Sur Global. Tramo 1.,https://www.gov.br/mre/pt-br/canais_atendimento/imprensa/notas-a-imprensa/visita-do-presidente-luiz-inacio-lula-da-silva-a-cuba-por-ocasiao-da-cupula-do-g-77-china-2013-havana-15-e-16-de-setembro-de-2023,High,Gira Cuba-NY 15-20/09/2023.,Cooperación Política General,Verificada-URL,NA,NA,NA,NA,NA,NA,NA,NA,NA
BRA-LU3-J186,250,Luiz Inácio Lula da Silva,Brasil,Completed,2023-09-18,2023-09-21,4,United States,North America,New York,Multilateral,Global Forum,TRUE,"78ª AGNU (+ Biden, Lançamento parceria trabalhista)",NA,Apertura de la 78a AGNU; lanzamiento con Biden de la alianza por los derechos laborales. Tramo 2 (final).,https://www.gov.br/mre/pt-br/canais_atendimento/imprensa/aviso-as-redacoes/participacao-do-presidente-lula-na-78a-sessao-da-assembleia-geral-das-nacoes-unidas-2013-nova-york-18-a-21-de-setembro-de-2023,High,"CORRECCION 2026-07-20: End_Date 2023-09-20 -> 2023-09-21, segun aviso oficial MRE 'Participacao do Presidente Lula na 78a AGNU - Nova York, 18 a 21 de setembro de 2023'.",Cooperación Política General,Verificada-URL,NA,NA,NA,NA,NA,NA,NA,NA,NA
BRA-LU3-J187,251,Luiz Inácio Lula da Silva,Brasil,Completed,2023-11-28,2023-11-29,2,Saudi Arabia,Middle East,Riyadh,Bilateral,Working Visit,NA,Príncipe Mohammed bin Salman,Jefe de Estado/Gobierno,Visita a Arabia Saudita; inversiones y OPEP+.,https://agenciagov.ebc.com.br/noticias/202311/presidente-lula-chega-a-arabia-saudita-em-busca-de-investimentos-para-o-brasil,High,"21-23/11/2023. Confirmar fechas exactas. CORRECCION 2026-07-20: fechas originales (21-23/11/2023) eran erroneas. Fuentes oficiales (Agencia Gov) confirman llegada a Riad el martes 28/11/2023 y agenda empresarial el miercoles 29/11/2023, previo a Doha y Dubai (COP28).",NA,Verificada-URL,NA,NA,NA,NA,NA,NA,NA,NA,NA
BRA-LU3-J188,252,Luiz Inácio Lula da Silva,Brasil,Completed,2023-11-30,2023-12-02,3,United Arab Emirates,Middle East,Dubai,Multilateral,Global Forum,TRUE,COP28,NA,Cumbre climatica COP28 en Dubai; Brasil anuncio candidatura de Belem para la COP30.,https://www.gov.br/mre/pt-br/canais_atendimento/imprensa/aviso-as-redacoes/viagem-do-presidente-luiz-inacio-lula-da-silva-a-dubai-por-ocasiao-da-cop28-30-de-novembro-a-3-de-dezembro-de-2023-2013-credenciamento-de-imprensa,High,30/11-2/12/2023. Cirugia de cadera fue despues (posterior).,Medio Ambiente/Clima,Verificada-URL,NA,NA,NA,NA,NA,NA,NA,NA,NA
BRA-LU3-J189,253,Luiz Inácio Lula da Silva,Brasil,Completed,2023-12-03,2023-12-04,2,Germany,Europe,Berlin,Bilateral,Working Visit,NA,Consultas intergovernamentais (Olaf Scholz),Jefe de Estado/Gobierno,Consultas intergubernamentales germano-brasilenas; industria e inversiones.,https://www.gov.br/mre/pt-br/canais_atendimento/imprensa/notas-a-imprensa/ii-reuniao-de-consultas-intergovernamentais-de-alto-nivel-brasil-alemanha-2013-berlim-4-de-dezembro-de-2023,High,4-5/12/2023. Verificar (cirugia de cadera a fin de mes). CORRECCION 2026-07-20: Start_Date 2023-12-04 -> 2023-12-03. MRE confirma llegada a Berlin el domingo 3/12 y la II Reuniao de Consultas Intergovernamentais el 4/12/2023.,NA,Verificada-URL,NA,NA,NA,NA,NA,NA,NA,NA,NA
BRA-LU3-J190,254,Luiz Inácio Lula da Silva,Brasil,Completed,2024-02-14,2024-02-15,2,Egypt,Africa,Cairo,Bilateral,Working Visit,NA,Abdel Fattah al-Sisi,Jefe de Estado/Gobierno,"Visita a Egipto; canal de Suez, BRICS y Gaza. Tramo 1.",https://www.gov.br/mre/pt-br/canais_atendimento/imprensa/notas-a-imprensa/atos-assinados-por-ocasiao-da-visita-do-presidente-luiz-inacio-lula-da-silva-ao-egito-15-de-janeiro-de-2024/,High,Gira Egipto-Etiopia 14-18/02/2024.,NA,Verificada-URL,NA,NA,NA,NA,NA,NA,NA,NA,NA
BRA-LU3-J190,255,Luiz Inácio Lula da Silva,Brasil,Completed,2024-02-17,2024-02-18,2,Ethiopia,Africa,Addis Ababa,Multilateral,Regional Summit,TRUE,Cúpula da União Africana,NA,Cumbre de la UA; la comparacion de Gaza con el Holocausto desato crisis con Israel (declarado persona non grata). Tramo 2 (final).,https://www.correiobraziliense.com.br/politica/2024/02/6803363-lula-embarca-para-a-etiopia-e-participa-de-reuniao-com-uniao-africana.html,Medium,Crisis diplomatica con Israel.,Cooperación Política General,Verificada-URL,NA,NA,NA,NA,NA,NA,NA,NA,NA
BRA-LU3-J191,256,Luiz Inácio Lula da Silva,Brasil,Completed,2024-02-28,2024-02-29,2,Guyana,South America,Georgetown,Multilateral,Regional Summit,TRUE,Cúpula da CARICOM,NA,Cumbre de la CARICOM; tension Guyana-Venezuela por el Esequibo. Tramo 1.,https://www.gov.br/mre/pt-br/canais_atendimento/imprensa/aviso-as-redacoes/viagem-do-presidente-lula-a-georgetown-por-ocasiao-da-46a-cupula-do-mercado-comum-e-comunidade-no-caribe-2013-caricom-2013-28-de-fevereiro-credenciamento,High,Gira 28/2-1/3/2024.,Comercio/Integración Económica,Verificada-URL,NA,NA,NA,NA,NA,NA,NA,NA,NA
BRA-LU3-J191,257,Luiz Inácio Lula da Silva,Brasil,Completed,2024-03-01,2024-03-01,1,Saint Vincent and the Grenadines,Caribbean,Kingstown,Multilateral,Regional Summit,NA,VIII Cúpula da CELAC,NA,Cumbre CELAC en Kingstown. Tramo 2 (final).,https://agenciagov.ebc.com.br/noticias/202402/viii-cupula-da-comunidade-de-estados-latino-americanos-e-caribenhos-celac-2013-kingstown-1o-de-marco-de-2024,High,1/03/2024.,Cooperación Política General,Verificada-URL,NA,NA,NA,NA,NA,NA,NA,NA,NA
BRA-LU3-J192,258,Luiz Inácio Lula da Silva,Brasil,Completed,2024-07-08,2024-07-08,1,Paraguay,South America,Asunción,Multilateral,Regional Summit,TRUE,Cúpula do MERCOSUL,NA,"64a Cumbre del Mercosur en Asuncion, Paraguay (ingreso pleno de Bolivia al bloque anunciado en la cumbre).",https://www.gov.br/planalto/en/latest-news/2024/07/lula-to-attend-64th-mercosur-summit-in-paraguay-make-official-visit-to-bolivia,High,"8-9/07/2024. Confirmar sede/fecha. CORRECCION ESTRUCTURAL 2026-07-20: el dato original ubicaba la Cumbre del Mercosur en Santa Cruz de la Sierra, Bolivia. Fuentes oficiales (Planalto, Agencia Brasil) confirman que la 64a Cumbre del Mercosur (evento multilateral, Counterpart_Event) ocurrio en Asuncion, Paraguay, el 8/7/2024; Lula viajo luego a Santa Cruz de la Sierra, Bolivia, el 9/7/2024 para una VISITA BILATERAL SEPARADA con el presidente Luis Arce. Se corrige pais/ciudad/fecha de ESTA fila al evento multilateral (Asuncion). PENDIENTE DE DECISION DEL USUARIO: el tramo bilateral a Bolivia (Santa Cruz de la Sierra, 9/7/2024, reunion con Arce) NO esta representado como fila propia en la base; evaluar si corresponde agregarlo como nueva fila Bilateral/Working Visit.",Comercio/Integración Económica,Verificada-URL,NA,NA,NA,NA,NA,NA,NA,NA,NA
BRA-LU3-J193,259,Luiz Inácio Lula da Silva,Brasil,Completed,2024-08-05,2024-08-06,2,Chile,South America,Santiago,Bilateral,State Visit,NA,Gabriel Boric,Jefe de Estado/Gobierno,Visita de Estado a Chile; integracion regional y democracia.,https://www.gov.br/mre/pt-br/canais_atendimento/imprensa/aviso-as-redacoes/viagem-do-presidente-luiz-inacio-lula-da-silva-a-santiago-chile-5-e-6-de-agosto-de-2024-credenciamento-de-imprensa,High,5-6/08/2024. Confirmar fechas.,NA,Verificada-URL,NA,NA,NA,NA,NA,NA,NA,NA,NA
BRA-LU3-J194,260,Luiz Inácio Lula da Silva,Brasil,Completed,2024-09-22,2024-09-24,3,United States,North America,New York,Multilateral,Global Forum,TRUE,79ª AGNU,NA,Apertura de la 79a AGNU; Cumbre del Futuro.,https://www.gov.br/mre/pt-br/canais_atendimento/imprensa/aviso-as-redacoes/participacao-do-presidente-lula-na-79a-sessao-da-assembleia-geral-das-nacoes-unidas-2013-nova-york-22-a-25-de-setembro-2013-credenciamento-de-imprensa,High,22-24/09/2024.,Cooperación Política General,Verificada-URL,NA,NA,NA,NA,NA,NA,NA,NA,NA
BRA-LU3-J195,261,Luiz Inácio Lula da Silva,Brasil,Canceled,2024-10-22,NA,NA,Russia,Europe,Kazan,Multilateral,Global Forum,NA,XVI Cúpula BRICS (Kazan),NA,Cumbre BRICS de Kazan. CANCELADO tras una caida domestica con traumatismo craneal (19/10/2024); participo por videoconferencia.,https://agenciabrasil.ebc.com.br/internacional/noticia/2024-10/lula-cancela-ida-ao-brics-na-russia-apos-acidente-domestico,High,"Cancelado por salud; sin duracion. Participacion virtual. NOTA 2026-07-20: la caida domestica de Lula (corte occipital, 5 puntos) fue el sabado 19/10/2024; participo por videoconferencia en la sesion plenaria del BRICS Kazan el miercoles 23/10/2024 (fuentes: Agencia Brasil, Planalto).",Cooperación Política General,Verificada-URL,NA,NA,NA,NA,NA,NA,NA,NA,NA
BRA-LU3-J196,262,Luiz Inácio Lula da Silva,Brasil,Completed,2025-03-01,2025-03-01,1,Uruguay,South America,Montevideo,Bilateral,Inauguration/Funeral,NA,Posse de Yamandú Orsi,Jefe de Estado/Gobierno,Asuncion de Yamandu Orsi en Uruguay; regreso de la izquierda al gobierno.,https://www.gov.br/mre/pt-br/canais_atendimento/imprensa/notas-a-imprensa/participacao-do-presidente-luiz-inacio-lula-da-silva-na-cerimonia-de-posse-do-presidente-eleito-do-uruguai-yamandu-orsi,High,1/03/2025. Confirmar.,NA,Verificada-URL,NA,NA,NA,NA,NA,NA,NA,NA,NA
BRA-LU3-J197,263,Luiz Inácio Lula da Silva,Brasil,Completed,2025-03-24,2025-03-27,4,Japan,Asia-Pacific,Tokyo,Bilateral,State Visit,NA,Imperador Naruhito / Shigeru Ishiba,Jefe de Estado/Gobierno,Visita de Estado a Japon; comercio e inversiones. Tramo 1.,https://www.gov.br/mre/pt-br/canais_atendimento/imprensa/notas-a-imprensa/atos-adotados-por-ocasiao-da-visita-do-presidente-luiz-inacio-lula-da-silva-ao-japao-toquio-de-25-a-27-de-marco-de-2025,High,Gira Asia mar 2025; fechas a confirmar (pendiente).,NA,Verificada-URL,NA,NA,NA,NA,NA,NA,NA,NA,NA
BRA-LU3-J197,264,Luiz Inácio Lula da Silva,Brasil,Completed,2025-03-27,2025-03-29,3,Vietnam,Asia-Pacific,Hanoi,Bilateral,State Visit,NA,Governo do Vietnã,Jefe de Estado/Gobierno,Visita de Estado a Vietnam; comercio Sur-Sur. Tramo 2 (final).,https://www.gov.br/mre/pt-br/canais_atendimento/imprensa/notas-a-imprensa/atos-adotados-por-ocasiao-da-visita-de-estado-do-presidente-luiz-inacio-lula-da-silva-a-hanoi-vietna-27-a-29-de-marco-de-2025,High,Fechas estimadas (pendiente de confirmar).,NA,Verificada-URL,NA,NA,NA,NA,NA,NA,NA,NA,NA
BRA-LU3-J198,265,Luiz Inácio Lula da Silva,Brasil,Completed,2025-04-09,2025-04-09,1,Honduras,Central America,Tegucigalpa,Multilateral,Regional Summit,NA,IX Cúpula da CELAC,NA,Cumbre CELAC en Tegucigalpa.,https://www.gov.br/planalto/en/latest-news/2025/04/president-lula-attends-celac-summit-in-honduras-strengthening-regional-integration,High,9/04/2025. Confirmar.,Cooperación Política General,Verificada-URL,NA,NA,NA,NA,NA,NA,NA,NA,NA
BRA-LU3-J199,266,Luiz Inácio Lula da Silva,Brasil,Completed,2025-05-08,2025-05-10,3,Russia,Europe,Moscow,Bilateral,Working Visit,TRUE,Vladímir Putin (desfile dos 80 anos da vitória),Jefe de Estado/Gobierno,Desfile del Dia de la Victoria (80 anos) en Moscu; bilateral con Putin; muy comentado. Tramo 1.,https://www.gov.br/mre/pt-br/canais_atendimento/imprensa/aviso-as-redacoes/viagem-do-presidente-luiz-inacio-lula-da-silva-a-moscou-russia-08-a-10-de-maio-de-2025-medicamentos-ilegais-na-russia-e-risco-de-prisao,High,"Gira Rusia-China 9-13/05/2025. CORRECCION 2026-07-20: Start_Date 2025-05-09 -> 2025-05-08, segun aviso oficial MRE 'Viagem...a Moscou, Russia (08 a 10 de maio de 2025)'.",NA,Verificada-URL,NA,NA,NA,NA,NA,NA,NA,NA,NA
BRA-LU3-J199,267,Luiz Inácio Lula da Silva,Brasil,Completed,2025-05-12,2025-05-13,2,China,Asia-Pacific,Beijing,Multilateral,Regional Summit,TRUE,Fórum CELAC-China + Xi Jinping,NA,Foro CELAC-China en Beijing y bilateral con Xi; inversiones y Franja y la Ruta. Tramo 2 (final).,https://agenciagov.ebc.com.br/noticias/202505/201co-apoio-chines-e-decisivo-para-tirar-do-papel-rodovias-ferrovias-portos-e-linhas-de-transmissao201d-diz-lula-em-pequim,High,NA,Cooperación Política General,Verificada-URL,NA,NA,NA,NA,NA,NA,NA,NA,NA
BRA-LU3-J200,268,Luiz Inácio Lula da Silva,Brasil,Completed,2025-06-05,2025-06-06,2,France,Europe,Paris,Bilateral,State Visit,NA,Emmanuel Macron,Jefe de Estado/Gobierno,Visita de Estado a Francia; acuerdo Mercosur-UE y medio ambiente rumbo a la COP30.,https://www.gov.br/mre/pt-br/canais_atendimento/imprensa/notas-a-imprensa/atos-adotados-por-ocasiao-da-visita-de-estado-do-presidente-luiz-inacio-lula-da-silva-a-franca-paris-5-e-6-de-junho-de-2025,High,5-6/06/2025. Confirmar.,NA,Verificada-URL,NA,NA,NA,NA,NA,NA,NA,NA,NA
BRA-LU3-J201,269,Luiz Inácio Lula da Silva,Brasil,Completed,2025-09-23,2025-09-24,2,United States,North America,New York,Multilateral,Global Forum,TRUE,80ª AGNU (+ encontro breve com Trump),NA,Apertura de la 80a AGNU; contexto de tension con Trump por aranceles del 50%; breve encuentro/saludo.,https://www.gov.br/planalto/pt-br/acompanhe-o-planalto/noticias/2025/09/lula-tem-serie-de-eventos-estrategicos-durante-a-80a-assembleia-geral-da-onu,High,23-24/09/2025.,Cooperación Política General,Verificada-URL,NA,NA,NA,NA,NA,NA,NA,NA,NA
BRA-LU3-J202,270,Luiz Inácio Lula da Silva,Brasil,Completed,2025-10-25,2025-10-27,3,Malaysia,Asia-Pacific,Kuala Lumpur,Multilateral,Global Forum,TRUE,Cúpula da ASEAN (+ reunião com Trump),NA,Cumbre ASEAN en Kuala Lumpur; reunion con Trump que descomprimio la crisis arancelaria.,https://www.gov.br/mre/pt-br/canais_atendimento/imprensa/notas-a-imprensa/atos-celebrados-por-ocasiao-da-visita-de-estado-do-presidente-luiz-inacio-lula-da-silva-a-kuala-lumpur-malasia-24-a-28-de-outubro-de-2025,High,"26-27/10/2025. Confirmar fechas. CORRECCION 2026-07-20: Start_Date 2025-10-26 -> 2025-10-25. MRE confirma recepcion oficial y bilateral con PM Anwar Ibrahim el 25/10 en Putrajaya, previo a la Cupula ASEAN (26-28/10) y conferencia de cierre el 27/10/2025.",Cooperación Política General,Verificada-URL,NA,NA,NA,NA,NA,NA,NA,NA,NA
BRA-LU3-J203,271,Luiz Inácio Lula da Silva,Brasil,Completed,2025-11-09,2025-11-09,1,Colombia,South America,Santa Marta,Multilateral,Regional Summit,TRUE,IV Cúpula CELAC-União Europeia,NA,Cumbre CELAC-UE en Santa Marta.,https://www.gov.br/mre/pt-br/canais_atendimento/imprensa/aviso-as-redacoes/iv-cupula-celac-ue-santa-marta-colombia-9-e-10-de-novembro-2013-credenciamento-de-imprensa,High,"9-10/11/2025. Confirmar. CORRECCION 2026-07-20: End_Date 2025-11-10 -> 2025-11-09. Lula participo solo del primer dia de la IV Cupula CELAC-UE en Santa Marta (9/11) y retorno el mismo dia a Belem para la apertura de la COP30 (fuentes: Agencia Brasil, Diario do Grande ABC).",Cooperación Política General,Verificada-URL,NA,NA,NA,NA,NA,NA,NA,NA,NA
BRA-LU3-J204,272,Luiz Inácio Lula da Silva,Brasil,Completed,2026-04-16,2026-04-18,3,Spain,Europe,Barcelona,Multilateral,Global Forum,TRUE,I Cumbre Brasil-España + IV Foro Democracia Sempre,NA,"Firma de acuerdos bilaterales; defensa de la democracia y del multilateralismo junto a Sanchez, Sheinbaum, Petro, Orsi y Ramaphosa.",https://www.gov.br/mre/pt-br/canais_atendimento/imprensa/notas-a-imprensa/declaracao-conjunta-por-ocasiao-da-i-cupula-espanha-brasil-barcelona-17-de-abril-de-2026,High,Evento primario: Foro Democracia Sempre (multilateral); cumbre bilateral al margen. Llego la noche del 16/4.,Cooperación Política General,Verificada-URL,NA,NA,NA,NA,NA,NA,NA,NA,NA
BRA-LU3-J204,273,Luiz Inácio Lula da Silva,Brasil,Completed,2026-04-19,2026-04-20,2,Germany,Europe,Hannover,Bilateral,State Visit,NA,Friedrich Merz / Hannover Messe 2026,Jefe de Estado/Gobierno,"Visita de Estado; honores del canciller Merz; ~10 acuerdos (defensa, IA, clima, minerales criticos); Brasil pais socio de la feria.",https://www.gov.br/mre/pt-br/canais_atendimento/imprensa/notas-a-imprensa/atos-adotados-por-ocasiao-da-visita-de-estado-do-presidente-luiz-inacio-lula-da-silva-a-hannover-alemanha-19-e-20-de-abril-de-2026-2,High,3a Consulta Intergubernamental Brasil-Alemania.,NA,Verificada-URL,NA,NA,NA,NA,NA,NA,NA,NA,NA
BRA-LU3-J204,274,Luiz Inácio Lula da Silva,Brasil,Completed,2026-04-21,2026-04-21,1,Portugal,Europe,Lisboa,Bilateral,Working Visit,NA,PM Luís Montenegro / presidente António José Seguro,Jefe de Estado/Gobierno,Cierre de gira europea; cooperacion bilateral con foco en la comunidad brasilenia y la CPLP.,https://www.gov.br/planalto/pt-br/acompanhe-o-planalto/noticias/2026/04/presidente-lula-cumpre-agenda-na-espanha-alemanha-e-portugal-entre-17-e-21-de-abril,High,NA,NA,Verificada-URL,NA,NA,NA,NA,NA,NA,NA,NA,NA
BRA-LU3-J205,275,Luiz Inácio Lula da Silva,Brasil,Completed,2026-05-06,2026-05-08,3,United States,North America,Washington DC,Bilateral,Working Visit,NA,Donald Trump,Jefe de Estado/Gobierno,"Reunion de casi tres horas en la Casa Blanca (7/5): tarifaço, Seccion 301/Pix, crimen organizado, minerales criticos, reforma de la ONU.",https://agenciabrasil.ebc.com.br/internacional/noticia/2026-05/lula-deixa-a-casa-branca-apos-reuniao-com-trump,High,HALLAZGO de re-verificacion 2026-07-07 (no estaba en la base): Agencia Brasil + Poder360 + La Nacion.,NA,Verificada-URL,NA,NA,NA,NA,NA,NA,NA,NA,NA
BRA-LU3-J206,276,Luiz Inácio Lula da Silva,Brasil,Completed,2026-06-15,2026-06-15,1,Switzerland,Europe,Geneva,Bilateral,Working Visit,NA,Guy Parmelin,Jefe de Estado/Gobierno,"Bilateral con el presidente suizo sobre comercio y Acuerdo MERCOSUR-EFTA, al llegar a Ginebra rumbo al G7.",https://www.gov.br/planalto/pt-br/acompanhe-o-planalto/notas-oficiais/notas-a-imprensa/lula-tem-reuniao-bilateral-com-o-presidente-da-suica-guy-parmelin,High,"Visita bilateral real (nota oficial Planalto), no escala tecnica. Mismo Journey que el G7 (J206).",NA,Verificada-URL,NA,NA,NA,NA,NA,NA,NA,NA,NA
BRA-LU3-J206,277,Luiz Inácio Lula da Silva,Brasil,Completed,2026-06-15,2026-06-17,3,France,Europe,Évian-les-Bains,Multilateral,Global Forum,TRUE,Cumbre del G7 de Évian (invitado),NA,"Decima participacion en el G7; parcerias internacionales, crecimiento e IA; bilaterales con Macron y la PM japonesa Takaichi.",https://www.gov.br/mre/pt-br/canais_atendimento/imprensa/notas-a-imprensa/participacao-do-presidente-luiz-inacio-lula-da-silva-na-cupula-do-g7-em-evian-les-bains-franca-2013-16-e-17-de-junho-de-2026,High,Tema G7 -> Cooperacion Politica General (doctrina 5.7).,Cooperación Política General,Verificada-URL,NA,NA,NA,NA,NA,NA,NA,NA,NA
BRA-LU3-J207,278,Luiz Inácio Lula da Silva,Brasil,Completed,2026-06-30,2026-06-30,1,Paraguay,South America,Asunción,Multilateral,Regional Summit,TRUE,LXVIII Cúpula do MERCOSUL,NA,Defensa del MERCOSUR como necesidad estrategica; aporte de USD 100 millones al FOCEM; bilateral con Kast.,https://www.gov.br/planalto/pt-br/acompanhe-o-planalto/noticias/2026/06/presidente-lula-participa-da-lxviii-cupula-do-mercosul-no-paraguai-em-30-de-junho,High,Viaje de un dia. Ultimo viaje previsto del semestre: restriccion electoral desde el 4/7.,Comercio/Integración Económica,Verificada-URL,NA,NA,NA,NA,NA,NA,NA,NA,NA
BRA-LU3-J208,279,Luiz Inácio Lula da Silva,Brasil,Completed,2025-11-21,2025-11-23,3,South Africa,Africa,Johannesburg,Multilateral,Global Forum,TRUE,XX Cumbre del G20,NA,"Cumbre del G20; advirtio que el foro esta amenazado; bilaterales al margen (Ramaphosa, IBSA).",https://agenciabrasil.ebc.com.br/en/politica/noticia/2025-11/lula-arrives-south-africa-g20-summit,High,NA,Cooperación Política General,Verificada-URL,NA,NA,NA,NA,NA,NA,NA,NA,NA
BRA-LU3-J208,280,Luiz Inácio Lula da Silva,Brasil,Completed,2025-11-23,2025-11-24,2,Mozambique,Africa,Maputo,Bilateral,State Visit,NA,Daniel Chapo,Jefe de Estado/Gobierno,Visita oficial por 50 anios de relaciones; nueve acuerdos de cooperacion; Doutor Honoris Causa en Maputo.,https://agenciabrasil.ebc.com.br/politica/noticia/2025-11/lula-recebe-titulo-de-doutor-honoris-causa-em-mocambique,High,Viajo directo desde el G20.,NA,Verificada-URL,NA,NA,NA,NA,NA,NA,NA,NA,NA
BRA-LU3-J209,281,Luiz Inácio Lula da Silva,Brasil,Completed,2026-01-27,2026-01-28,2,Panama,Central America,Panama City,Multilateral,Global Forum,TRUE,Foro Económico CAF América Latina y Caribe / José Raúl Mulino,NA,Abrio el Foro Economico de la CAF; visita de Estado y bilateral con Mulino; acuerdos comerciales y de inversion.,https://www.gov.br/planalto/pt-br/acompanhe-o-planalto/noticias/2026/01/201camerica-latina-e-caribe-sao-capazes-de-construir-um-projeto-autonomo-de-insercao-internacional201d-diz-lula-no-panama,High,"Sustituyo a Davos, al que no fue.",Comercio/Integración Económica,Verificada-URL,NA,NA,NA,NA,NA,NA,NA,NA,NA
BRA-LU3-J210,282,Luiz Inácio Lula da Silva,Brasil,Completed,2026-02-18,2026-02-22,5,India,Asia-Pacific,New Delhi,Bilateral,State Visit,TRUE,Narendra Modi / Cumbre sobre Impacto de la IA,Jefe de Estado/Gobierno,Visita de Estado; cumbre global de IA; foro empresarial; 11 acuerdos; meta comercial de USD 20000 millones.,https://www.gov.br/planalto/pt-br/acompanhe-o-planalto/noticias/2026/02/lula-fortalece-parcerias-comerciais-e-economicas-em-viagem-a-india-e-a-coreia-do-sul,High,Escala tecnica en Tunez no computa.,NA,Verificada-URL,NA,NA,NA,NA,NA,NA,NA,NA,NA
BRA-LU3-J210,283,Luiz Inácio Lula da Silva,Brasil,Completed,2026-02-22,2026-02-24,3,South Korea,Asia-Pacific,Seoul,Bilateral,State Visit,NA,Lee Jae-myung,Jefe de Estado/Gobierno,Primera visita de Estado a Corea del Sur; Plan de Accion Trienal 2026-2029; Foro Empresarial Brasil-Corea.,https://agenciabrasil.ebc.com.br/internacional/noticia/2026-02/itamaraty-detalha-viagem-de-lula-india-e-coreia-do-sul,High,NA,NA,Verificada-URL,NA,NA,NA,NA,NA,NA,NA,NA,NA
BRA-LU3-J210,284,Luiz Inácio Lula da Silva,Brasil,Completed,2026-02-24,2026-02-25,2,United Arab Emirates,Middle East,Abu Dhabi,Bilateral,Working Visit,NA,Mohammed bin Zayed Al Nahyan,Jefe de Estado/Gobierno,Reunion con el emir de Abu Dhabi para cerrar el giro asiatico; sin visita de Estado ni firma de acuerdos.,https://www.poder360.com.br/poder-governo/lula-vai-a-abu-dhabi-em-escala-surpresa-para-encerrar-tour-pela-asia/,Medium,FUENTE-DEBIL en fechas: estimadas; la parada era escala tecnica y se incorporo a la agenda oficial. CONFIRMAR con Itamaraty/Planalto.,NA,Verificada-URL,NA,NA,NA,NA,NA,NA,NA,NA,NA
BRA-LU3-J211,285,Luiz Inácio Lula da Silva,Brasil,Completed,2026-03-21,2026-03-21,1,Colombia,South America,Bogotá,Multilateral,Regional Summit,NA,X Cumbre CELAC / I Foro CELAC-África,NA,Cumbre de la CELAC y Foro CELAC-Africa; defensa de la soberania regional; baja adhesion de lideres.,https://www.correiobraziliense.com.br/politica/2026/03/7381003-lula-participa-de-cupula-da-celac-e-forum-com-paises-africanos.html,High,Solo 5 de los 33 jefes de Estado de la CELAC presentes.,Cooperación Política General,Verificada-URL,NA,NA,NA,NA,NA,NA,NA,NA,NA
BRA-LU-J083,286,Luiz Inácio Lula da Silva,Brasil,Completed,2009-09-24,2009-09-25,2,United States,North America,Pittsburgh,Multilateral,Global Forum,NA,Cumbre del G20 de Pittsburgh,NA,Cumbre del G20 de Pittsburgh; agenda de reforma de la gobernanza economica global.,https://2009-2017.state.gov/e/eb/ecosum/pittsburgh2009/resources/165081.htm,High,"Tramo CREADO 2026-07-08 por desdoblamiento de la fila de Nueva York (J083), que mezclaba la 64ª AGNU con la Cumbre del G20 de Pittsburgh. Comparte Journey_ID: fue el mismo viaje fisico a EEUU.",Comercio/Integración Económica,Verificada-URL,NA,NA,NA,NA,NA,NA,NA,NA,NA
BRA-LU3-J192,287,Luiz Inácio Lula da Silva,Brasil,Completed,2024-07-09,2024-07-09,1,Bolivia,South America,Santa Cruz de la Sierra,Bilateral,Working Visit,NA,Luis Arce (Presidente de Bolivia),Jefe de Estado/Gobierno,"Visita de trabajo bilateral a Bolivia; Lula se reunió con el presidente Luis Arce en Santa Cruz de la Sierra, un día después de la cumbre del Mercosur en Asunción.",https://www.gov.br/planalto/en/latest-news/2024/07/lula-to-attend-64th-mercosur-summit-in-paraguay-make-official-visit-to-bolivia,High,"Tramo bilateral CREADO 2026-07-20 tras detectar que el dato original (Trip_ID 258) mezclaba la 64a Cumbre del Mercosur en Asuncion, Paraguay, con esta visita bilateral a Bolivia. Comparte Journey_ID: fue el mismo viaje fisico. Ver nota metodologica en Trip_ID 258.",NA,Verificada-URL,NA,NA,NA,NA,NA,NA,NA,NA,NA
BRA-LU-J212,288,Luiz Inácio Lula da Silva,Brasil,Completed,2007-03-02,2007-03-03,2,Guyana,South America,Georgetown,Multilateral,Regional Summit,NA,XIX Cumbre del Grupo de Río,NA,Participacion en la XIX Cumbre del Grupo de Rio; coordinacion politica regional latinoamericana y caribena.,https://www.infobae.com/2007/03/03/304617-la-cumbre-rio-se-comprometio-fortalecer-la-region/,Medium,"Fecha de la cumbre (2-3/03/2007) segun Infobae 03/03/2007; asistencia de Lula corroborada por Cancilleria Argentina (comunicado sobre apoyo del Grupo de Rio al reclamo argentino por Malvinas en esa cumbre) y por nota retrospectiva del Senado brasileno sobre la gira. FILA AGREGADA 2026-07-21 (fase de completitud, brecha Lula 2do mandato).",Cooperación Política General,Verificada-URL,NA,NA,NA,NA,NA,NA,NA,NA,NA
BRA-LU-J213,289,Luiz Inácio Lula da Silva,Brasil,Completed,2007-04-16,2007-04-17,2,Venezuela,South America,Isla Margarita,Multilateral,Regional Summit,NA,I Cumbre Energética Suramericana (Comunidad Sudamericana de Naciones),NA,"Participacion en la primera Cumbre Energetica Suramericana; discusion sobre etanol, gas, petroleo e integracion energetica regional (creacion anunciada de UNASUR).",https://en.wikipedia.org/wiki/South_American_Energy_Summit,Medium,"Fecha (16-17/04/2007) e Isla Margarita, Venezuela, segun articulo de Wikipedia 'South American Energy Summit' cruzado con cobertura de prensa (Agrolink, 'Cupula sul-americana discute etanol brasileiro'). FILA AGREGADA 2026-07-21 (fase de completitud, brecha Lula 2do mandato).",Energía,Verificada-URL,NA,NA,NA,NA,NA,NA,NA,NA,NA
BRA-LU-J214,290,Luiz Inácio Lula da Silva,Brasil,Completed,2007-06-27,2007-06-27,1,Paraguay,South America,Asunción,Multilateral,Regional Summit,NA,XXXIII Cumbre del Mercosur y Estados Asociados,NA,Participacion en la XXXIII Cumbre de Jefes de Estado del Mercosur en Asuncion; Paraguay asume presidencia pro tempore.,https://www.funag.gov.br/chdd/images/Resenhas/Novas/Resenha_N100_1Sem_2007.pdf,High,"Fecha (27/06/2007) segun Resenha de Politica Externa do Brasil (FUNAG/Itamaraty, cronologia oficial del 1er semestre de 2007). FILA AGREGADA 2026-07-21 (fase de completitud, brecha Lula 2do mandato).",Comercio/Integración Económica,Verificada-URL,NA,NA,NA,NA,NA,NA,NA,NA,NA
BRA-LU-J215,291,Luiz Inácio Lula da Silva,Brasil,Completed,2007-08-06,2007-08-06,1,Mexico,North America,Ciudad de México,Bilateral,Working Visit,NA,Felipe Calderón,Jefe de Estado/Gobierno,"Visita de trabajo a Mexico, primera etapa de gira centroamericana/caribena; 5 acuerdos bilaterales (energia, biocombustibles, agricultura, ciencia).",https://jornaldebrasilia.com.br/noticias/economia/lula-e-calderon-discutem-parceria-de-petrobras-e-pemex/,Medium,"Fecha (06/08/2007) reconstruida por itinerario publicado en Diario do Grande ABC (07/08/2007: 'viagem iniciada na vespera no Mexico'); ciudad (Ciudad de Mexico) segun cobertura de la reunion con Calderon. FILA AGREGADA 2026-07-21 (fase de completitud, brecha Lula 2do mandato).",NA,Verificada-URL,NA,NA,NA,NA,NA,NA,NA,NA,NA
BRA-LU-J215,292,Luiz Inácio Lula da Silva,Brasil,Completed,2007-08-07,2007-08-07,1,Honduras,Central America,Tegucigalpa,Bilateral,Working Visit,NA,Manuel Zelaya,Jefe de Estado/Gobierno,"Primera visita de un presidente brasileno a Honduras; firma de 7 acuerdos (etanol, salud publica, agricultura, recursos hidricos, banco de leche humano).",https://www.dgabc.com.br/Noticia/316373/lula-chega-a-honduras-para-promover-biocombustivel,High,"Fecha confirmada (07/08/2007) por Diario do Grande ABC (nota del mismo dia) y por declaracion a la prensa del MRE del mismo dia ('Declaracao a imprensa por ocasiao da visita a Honduras, 7 de agosto de 2007', gov.br/mre). FILA AGREGADA 2026-07-21 (fase de completitud, brecha Lula 2do mandato).",NA,Verificada-URL,NA,NA,NA,NA,NA,NA,NA,NA,NA
BRA-LU-J215,293,Luiz Inácio Lula da Silva,Brasil,Completed,2007-08-08,2007-08-08,1,Nicaragua,Central America,Managua,Bilateral,Working Visit,NA,Daniel Ortega,Jefe de Estado/Gobierno,"Visita de trabajo a Nicaragua, tercera etapa de la gira centroamericana/caribena; apertura del Seminario Empresarial Brasil-Nicaragua.",https://www.gov.br/mre/pt-br/centrais-de-conteudo/publicacoes/discursos-artigos-e-entrevistas/presidente-da-republica/presidente-da-republica-federativa-do-brasil-discursos/luiz-inacio-lula-da-silva-2003-2011/discurso-em-encontro-com-o-presidente-da-nicaragua-daniel-ortega-managua-8-de-agosto-de-2007,High,"Fecha estimada originalmente (reconstruida solo por itinerario de nota sobre Honduras); ciudad (Managua) no confirmada explicitamente por la fuente original. FILA AGREGADA 2026-07-21 (fase de completitud, brecha Lula 2do mandato). QA-R6 2026-07-26: reemplazada la fuente por el discurso oficial del MRE 'Discurso em encontro com o Presidente da Nicarágua, Daniel Ortega - Managua, 8 de agosto de 2007', que confirma fecha (8/08/2007) y ciudad (Managua) de forma directa; Source_Reliability actualizada de Low a High.",NA,Verificada-URL,NA,NA,NA,NA,NA,NA,NA,NA,NA
BRA-LU-J215,294,Luiz Inácio Lula da Silva,Brasil,Completed,2007-08-08,2007-08-09,2,Jamaica,Caribbean,Kingston,Bilateral,Working Visit,NA,Portia Simpson Miller,Jefe de Estado/Gobierno,"Visita de trabajo a Jamaica por invitacion de la primera ministra Portia Simpson Miller, cuarta etapa de la gira.",https://jis.gov.jm/government/visits/president-of-the-federative-republic-of-brazil-his-excellency-luiz-inacio-lula-da-silva-august-2007/,High,"Fechas (8-9/08/2007) segun Jamaica Information Service (JIS), registro oficial de visitas de Estado del gobierno de Jamaica. FILA AGREGADA 2026-07-21 (fase de completitud, brecha Lula 2do mandato).",NA,Verificada-URL,NA,NA,NA,NA,NA,NA,NA,NA,NA
BRA-LU-J215,295,Luiz Inácio Lula da Silva,Brasil,Completed,2007-08-10,2007-08-10,1,Panama,Central America,Panama City,Bilateral,Working Visit,NA,Martín Torrijos,Jefe de Estado/Gobierno,"Primera visita oficial de Lula a Panama como presidente; cooperacion en infraestructura y biocombustibles, recorrido por el Canal, condecoracion Omar Torrijos Herrera.",https://www.critica.com.pa/nacional/lula-vuelve-panama-tras-15-anos-canal-y-negocios-503557,Medium,"Articulo retrospectivo de Critica (Panama, 27/01/2026) confirma que la primera visita oficial de Lula como presidente fue en 2007 bajo Martin Torrijos, para cooperacion en infraestructura y biocarburantes. Fecha exacta (viernes 10/08/2007) reconstruida por el itinerario de Diario do Grande ABC (07/08/2007: 'Panama (sexta)'). FILA AGREGADA 2026-07-21 (fase de completitud, brecha Lula 2do mandato) - candidata a reverificacion de fecha exacta con fuente adicional.",NA,Verificada-URL,NA,NA,NA,NA,NA,NA,NA,NA,NA
BRA-LU-J216,296,Luiz Inácio Lula da Silva,Brasil,Completed,2007-12-17,2007-12-17,1,Bolivia,South America,La Paz,Bilateral,Working Visit,NA,Evo Morales,Jefe de Estado/Gobierno,"Visita de trabajo a Bolivia, previa a la Cumbre del Mercosur en Montevideo; acuerdos de mecanizacion agricola y retomada de inversiones brasilenas.",https://www.dgabc.com.br/Noticia/341309/lula-elogia-os-companheiros-hugo-chavez-e-evo-morales,Medium,"Fecha (17/12/2007) segun Diario do Grande ABC (20/12/2007), que relata que Lula estuvo en La Paz antes de la Cumbre del Mercosur del martes (18/12) en Montevideo. Mismo viaje fisico (Journey) que el tramo a Uruguay. FILA AGREGADA 2026-07-21 (fase de completitud, brecha Lula 2do mandato).",NA,Verificada-URL,NA,NA,NA,NA,NA,NA,NA,NA,NA
BRA-LU-J216,297,Luiz Inácio Lula da Silva,Brasil,Completed,2007-12-18,2007-12-18,1,Uruguay,South America,Montevideo,Multilateral,Regional Summit,NA,"Cumbre del Mercosur, Montevideo (dic. 2007)",NA,"Participacion en la Cumbre del Mercosur en Montevideo, con presencia de Bachelet, Duarte, Vazquez, Fernandez de Kirchner, Chavez y Morales.",https://www.dgabc.com.br/Noticia/341309/lula-elogia-os-companheiros-hugo-chavez-e-evo-morales,Medium,"Fecha (18/12/2007) segun Diario do Grande ABC (20/12/2007). Segundo tramo del mismo viaje fisico iniciado en La Paz. FILA AGREGADA 2026-07-21 (fase de completitud, brecha Lula 2do mandato).",Comercio/Integración Económica,Verificada-URL,NA,NA,NA,NA,NA,NA,NA,NA,NA
BRA-LU-J217,298,Luiz Inácio Lula da Silva,Brasil,Completed,2009-07-24,2009-07-24,1,Paraguay,South America,Asunción,Multilateral,Regional Summit,NA,XXXVII Cumbre del Mercosur,NA,Participacion en la XXXVII Cumbre del Mercosur en Asuncion; discurso sobre comercio intra-bloque y crisis financiera global.,https://www.gov.br/mre/pt-br/centrais-de-conteudo/publicacoes/discursos-artigos-e-entrevistas/presidente-da-republica/presidente-da-republica-federativa-do-brasil-discursos/luiz-inacio-lula-da-silva-2003-2011/discurso-do-presidente-da-republica-luiz-inacio-lula-da-silva-por-ocasiao-da-37-cupula-do-mercosul-assuncao-24-de-julho-de-2009,High,"Fecha y lugar (24/07/2009, Asuncion) confirmados por discurso oficial publicado en gov.br/mre. FILA AGREGADA 2026-07-21 (fase de completitud, brecha Lula 2do mandato).",Comercio/Integración Económica,Verificada-URL,NA,NA,NA,NA,NA,NA,NA,NA,NA
BRA-LU-J218,299,Luiz Inácio Lula da Silva,Brasil,Completed,2009-08-10,2009-08-10,1,Ecuador,South America,Quito,Multilateral,Regional Summit,NA,III Reunión Ordinaria de UNASUR / reasunción de Rafael Correa,NA,"Participacion en la III Reunion Ordinaria de UNASUR en Quito, coincidente con la reasuncion de Rafael Correa; traspaso de la presidencia pro tempore de Bachelet a Correa.",https://www.presidencia.gob.ec/encuentro-de-distension-y-camaraderia-entre-presidente-correa-y-lula-da-silva/,Medium,"Fecha (10/08/2009) y presencia de Lula confirmadas por la Presidencia de Ecuador (nota 'Encuentro de distension y camaraderia entre Presidente Correa y Lula da Silva') y por la Secretaria de Comunicacion de Ecuador. FILA AGREGADA 2026-07-21 (fase de completitud, brecha Lula 2do mandato).",Cooperación Política General,Verificada-URL,NA,NA,NA,NA,NA,NA,NA,NA,NA
BRA-LU-J219,300,Luiz Inácio Lula da Silva,Brasil,Completed,2009-08-22,2009-08-22,1,Bolivia,South America,Villa Tunari,Bilateral,Working Visit,NA,Evo Morales,Jefe de Estado/Gobierno,"Visita de trabajo a Villa Tunari (Chapare), Bolivia; firma de credito brasileno de USD 332 millones para carretera Villa Tunari-San Ignacio de Moxos.",https://apublica.org/2011/06/alem-de-chavez-americanos-tambem-pediram-que-lula-moderasse-evo-morales/,Medium,"Fecha y lugar (22/08/2009, Villa Tunari) confirmados por reportaje de la Agencia Publica (2011) basado en cable diplomatico de WikiLeaks (09LAPAZ1233) y cruzado con cobertura retrospectiva de El Deber (Bolivia). FILA AGREGADA 2026-07-21 (fase de completitud, brecha Lula 2do mandato).",NA,Verificada-URL,NA,NA,NA,NA,NA,NA,NA,NA,NA
BRA-LU-J220,301,Luiz Inácio Lula da Silva,Brasil,Completed,2009-08-28,2009-08-28,1,Argentina,South America,Bariloche,Multilateral,Regional Summit,NA,Reunión Extraordinaria del Consejo de Jefes de Estado de UNASUR - Bariloche,NA,Participacion en la cumbre extraordinaria de UNASUR en Bariloche sobre las bases militares de EEUU en Colombia.,https://www.gov.br/mre/pt-br/centrais-de-conteudo/publicacoes/discursos-artigos-e-entrevistas/presidente-da-republica/presidente-da-republica-federativa-do-brasil-discursos/luiz-inacio-lula-da-silva-2003-2011/discurso-do-presidente-da-republica-luiz-inacio-lula-da-silva-por-ocasiao-da-reuniao-extraordinaria-do-conselho-de-chefes-de-estado-e-de-governo-da-uniao-de-nacoes-sul-americanas-unasul-bariloche-28-de-agosto-de-2009,High,"Fecha y lugar (28/08/2009, Bariloche) confirmados por discurso oficial publicado en gov.br/mre; contexto cruzado con Global Voices y prensa argentina (diariodecuyo.com.ar). FILA AGREGADA 2026-07-21 (fase de completitud, brecha Lula 2do mandato).",Cooperación Política General,Verificada-URL,NA,NA,NA,NA,NA,NA,NA,NA,NA
BRA-LU-J221,302,Luiz Inácio Lula da Silva,Brasil,Completed,2010-10-28,2010-10-28,1,Argentina,South America,Buenos Aires,Bilateral,Inauguration/Funeral,NA,Funeral de Estado de Néstor Kirchner,Jefe de Estado/Gobierno,Asistencia al velatorio y funeral de Estado del expresidente argentino Nestor Kirchner en la Casa Rosada.,https://en.wikipedia.org/wiki/Death_and_state_funeral_of_N%C3%A9stor_Kirchner,High,"Fecha (28/10/2010) y asistencia de Lula al velatorio en Casa Rosada confirmadas por articulo de Wikipedia (con cobertura de La Nacion, BBC y Al Jazeera). FILA AGREGADA 2026-07-21 (fase de completitud, brecha Lula 2do mandato).",NA,Verificada-URL,NA,NA,NA,NA,NA,NA,NA,NA,NA
BRA-LU-J222,303,Luiz Inácio Lula da Silva,Brasil,Completed,2008-01-14,2008-01-14,1,Guatemala,Central America,Ciudad de Guatemala,Bilateral,Inauguration/Funeral,NA,Asunción de Álvaro Colom,Jefe de Estado/Gobierno,"Asistencia a la asuncion presidencial de Alvaro Colom en Guatemala, primera etapa de la gira que continuo a Cuba.",https://www.cut.org.br/noticias/lula-encontra-fidel-e-formaliza-acordos-comerciais-com-cuba-9f50,Medium,"QA-R7 2026-07-26: DISCREPANCIA GRAVE detectada y corregida. La URL anterior (gazetadopovo.com.br, 'lula-visita-fidel-e-diz-que-cubano-esta-recuperado') describe en realidad la visita de Lula a Cuba de FEBRERO DE 2010 (tras la cumbre del Grupo de Rio en Cancun/Mexico), no la de enero de 2008 -- URL de un anio equivocado para el mismo tipo de evento (Lula-Fidel Castro en Cuba). Reemplazada por nota de CUT (Central Unica dos Trabalhadores, publicada 16/01/2008) que confirma explicitamente: 'Lula chegou ontem a noite a Havana... procedente da Guatemala, onde assistiu a cerimonia de posse de Alvaro Colom', consistente con la fecha 14/01/2008 en Guatemala y el viaje continuo a Cuba (15/01/2008, ver Trip_ID 304).",NA,Verificada-URL,NA,NA,NA,NA,NA,NA,NA,NA,NA
BRA-LU-J222,304,Luiz Inácio Lula da Silva,Brasil,Completed,2008-01-15,2008-01-15,1,Cuba,Caribbean,Havana,Bilateral,State Visit,TRUE,Raúl Castro (presidente interino) y Fidel Castro,Jefe de Estado/Gobierno,"Segunda visita oficial de Lula a Cuba; firma de una docena de acuerdos bilaterales con Raul Castro (linea de credito, mineria, acuicultura) y encuentro privado con Fidel Castro.",https://atarde.com.br/politica/lula-e-recebido-por-fidel-castro-em-cuba-145896,Medium,"QA-R7 2026-07-26: DISCREPANCIA GRAVE detectada y corregida. La URL anterior (cartacapital.com.br, 'lula-encerra-visita-a-cuba-em-encontro-com-raul-castro-e-miguel-dias') describe en realidad una visita de ENERO DE 2021, cuando Lula ya era EX-PRESIDENTE (viaje privado de un mes a Cuba para un documental de Oliver Stone, encuentro con Miguel Diaz-Canel) -- URL de un anio equivocado y fuera del mandato para el mismo tipo de evento (Lula-Raul/Fidel Castro en Cuba). Reemplazada por nota de A TARDE/Reuters (publicada 15/01/2008, 22h45) que confirma fecha, ciudad y hechos: Lula recibido por Raul Castro (presidente interino) en el Palacio de la Revolucion, firma de acuerdos petroleros y de credito, y encuentro privado con Fidel Castro el mismo dia. Evento real de enero de 2008 confirmado; solo la fuente citada originalmente era incorrecta.",NA,Verificada-URL,NA,NA,NA,NA,NA,NA,NA,NA,NA
BRA-LU-J223,305,Luiz Inácio Lula da Silva,Brasil,Completed,2010-03-01,2010-03-01,1,Uruguay,South America,Montevideo,Bilateral,Inauguration/Funeral,NA,Asunción de José Mujica,Jefe de Estado/Gobierno,"Asistencia a la asuncion presidencial de Jose 'Pepe' Mujica en Uruguay, previa al viaje a Chile por el terremoto.",https://www.gazetadopovo.com.br/mundo/lula-se-encontra-com-michelle-bachelet-em-santiago-awv95kopz8mg38o7ghpssevke/,Medium,"Fecha de asuncion de Mujica (01/03/2010) es de conocimiento publico consolidado; articulo de Gazeta do Povo confirma que Lula estuvo en Montevideo antes de viajar a Santiago tras el terremoto. FILA AGREGADA 2026-07-21 (fase de completitud, brecha Lula 2do mandato).",NA,Verificada-URL,NA,NA,NA,NA,NA,NA,NA,NA,NA
BRA-LU-J223,306,Luiz Inácio Lula da Silva,Brasil,Completed,2010-03-01,2010-03-01,1,Chile,South America,Santiago,Bilateral,Working Visit,NA,Michelle Bachelet,Jefe de Estado/Gobierno,Visita de solidaridad a Chile tras el terremoto del 27/02/2010; oferta de hospital de campana de la Marina y equipos de rescate brasilenos.,https://www.diariodecuyo.com.ar/noticias/lula-fue-a-chile-y-ofrecio-colaboracion-927076.html,Medium,"Fecha corregida a 01/03/2010 (mismo dia que la asuncion de Mujica en Montevideo): Gazeta do Povo (publicada 01/03/2010 15h35) cita a Lula 'nesta segunda-feira (1o)' junto a Bachelet, y Diario de Cuyo (publicado 02/03/2010) dice explicitamente que la visita fue 'ayer' (=01/03). QA-R7 2026-07-26: la nota anterior indicaba 02/03/2010 por confundir la fecha de publicacion de Diario de Cuyo con la fecha del evento; corregido Start/End_Date de 2010-03-02 a 2010-03-01. Segundo tramo del mismo viaje fisico iniciado en Montevideo (asuncion de Mujica). FILA AGREGADA 2026-07-21 (fase de completitud, brecha Lula 2do mandato).",NA,Verificada-URL,NA,NA,NA,NA,NA,NA,NA,NA,NA
BRA-LU-J224,307,Luiz Inácio Lula da Silva,Brasil,Completed,2010-08-02,2010-08-03,2,Argentina,South America,San Juan,Multilateral,Regional Summit,NA,"XXXIX Cumbre del Mercosur, San Juan",NA,"Participacion en la XXXIX Cumbre del Mercosur en San Juan, Argentina; Brasil recibe la presidencia pro tempore del bloque.",https://www.diariodecuyo.com.ar/politica/Medios-nacionales-reflejan-la-Cumbre-en-San-Juan-20100801-0011.html,Medium,"Fecha (2-3/08/2010) y sede (San Juan) confirmadas por Diario de Cuyo (cobertura local extensa de la cumbre) y cruzadas con nota sobre reunion bilateral Argentina-Brasil posterior ('cristina y lula a solas en san juan'). FILA AGREGADA 2026-07-21 (fase de completitud, brecha Lula 2do mandato).",Comercio/Integración Económica,Verificada-URL,NA,NA,NA,NA,NA,NA,NA,NA,NA
BRA-LU-J225,308,Luiz Inácio Lula da Silva,Brasil,Completed,2010-08-06,2010-08-06,1,Venezuela,South America,Caracas,Bilateral,Working Visit,NA,"Hugo Chávez (con Néstor Kirchner, secretario general de UNASUR)",Jefe de Estado/Gobierno,"Reunion en Caracas con Chavez y Kirchner (UNASUR) para mediar en la ruptura diplomatica Colombia-Venezuela, previa a la asuncion de Santos en Bogota.",https://diariodecuyo.com.ar/mundo/Chavez-decidio-enviar-a-su-canciller-a-la-asuncion-de-Santos-20100806-0011.html,Medium,"Fecha (viernes 06/08/2010) y motivo confirmados por Diario de Cuyo y BBC ('Venezuela and Colombia agree diplomatic roadmap'). FILA AGREGADA 2026-07-21 (fase de completitud, brecha Lula 2do mandato).",NA,Verificada-URL,NA,NA,NA,NA,NA,NA,NA,NA,NA
BRA-LU-J225,309,Luiz Inácio Lula da Silva,Brasil,Completed,2010-08-07,2010-08-07,1,Colombia,South America,Bogotá,Bilateral,Inauguration/Funeral,NA,Asunción de Juan Manuel Santos,Jefe de Estado/Gobierno,"Asistencia a la asuncion presidencial de Juan Manuel Santos en Bogota, segunda etapa del viaje iniciado en Caracas.",https://en.wikipedia.org/wiki/First_inauguration_of_Juan_Manuel_Santos,Medium,"Fecha (07/08/2010) confirmada por articulo de Wikipedia sobre la asuncion de Santos, que menciona la presencia de Lula intentando mediar en la crisis Colombia-Venezuela. FILA AGREGADA 2026-07-21 (fase de completitud, brecha Lula 2do mandato).",NA,Verificada-URL,NA,NA,NA,NA,NA,NA,NA,NA,NA
BRA-LU-J226,310,Luiz Inácio Lula da Silva,Brasil,Completed,2008-04-10,2008-04-11,2,Netherlands,Europe,La Haya,Bilateral,State Visit,NA,Reina Beatriz / PM Jan Peter Balkenende,Jefe de Estado/Gobierno,"Visita de Estado a los Países Bajos por invitacion de la Reina Beatriz; cena de gala en el Palacio Noordeinde, reunion con el primer ministro sobre etanol y precios de alimentos.",https://www.hola.com/realeza/casa_holanda/2008041116737/casasreales/holandesa/maxima/gala/,Medium,"Fecha (10-11/04/2008) confirmada por Hola.com (cobertura de la cena de gala real) y Jornal de Brasilia ('Lula fara visita oficial a Holanda em abril'). FILA AGREGADA 2026-07-21 (fase de completitud, brecha Lula 2do mandato).",NA,Verificada-URL,NA,NA,NA,NA,NA,NA,NA,NA,NA
BRA-LU-J226,311,Luiz Inácio Lula da Silva,Brasil,Completed,2008-04-11,2008-04-12,2,Czechia,Europe,Praga,Bilateral,Working Visit,NA,Václav Klaus,Jefe de Estado/Gobierno,"Visita de trabajo de dos dias a Praga, segunda etapa de la gira europea; firma de acuerdo de cooperacion economica e industrial con la Republica Checa.",https://deutsch.radio.cz/brasilianischer-praesident-zu-zweitaegigem-arbeitsbesuch-tschechien-8448818,High,"Fecha (llegada viernes 11/04, recepcion de Klaus sabado 12/04/2008) confirmada por Radio Prague International (articulo publicado 12/04/2008). FILA AGREGADA 2026-07-21 (fase de completitud, brecha Lula 2do mandato).",NA,Verificada-URL,NA,NA,NA,NA,NA,NA,NA,NA,NA
BRA-LU-J227,312,Luiz Inácio Lula da Silva,Brasil,Completed,2008-04-20,2008-04-21,2,Ghana,Africa,Accra,Multilateral,Global Forum,NA,XII UNCTAD (Conferencia de la ONU sobre Comercio y Desarrollo) / John Kufuor,NA,Participacion en el segmento de alto nivel de la XII UNCTAD en Accra; encuentro bilateral con el presidente John Kufuor y visita a la Casa do Brasil.,https://digitallibrary.un.org/record/623756,Medium,"Fechas del segmento de alto nivel de UNCTAD XII (20-21/04/2008, Accra) confirmadas por registro oficial de Naciones Unidas. Presencia y agenda bilateral de Lula (recibimiento de Kufuor, visita a la Casa do Brasil) documentada en galeria oficial de la Biblioteca da Presidencia (fotos-de-viagens-internacionais-2008/gana, dominio con fetch bloqueado en este entorno pero titulo confirmado via busqueda) y en galeria fechada de Agencia Brasil (memoria.ebc.com.br, 21/04/2008). FILA AGREGADA 2026-07-21 (fase de completitud, brecha Lula 2do mandato) - candidata a reverificacion con fuente de prensa adicional.",Comercio/Integración Económica,Verificada-URL,NA,NA,NA,NA,NA,NA,NA,NA,NA
BRA-LU-J228,313,Luiz Inácio Lula da Silva,Brasil,Completed,2008-11-10,2008-11-12,3,Italy,Europe,Roma,Bilateral,State Visit,NA,Silvio Berlusconi / Giorgio Napolitano,Jefe de Estado/Gobierno,"Visita de Estado a Italia; agenda economica ante la crisis financiera global, coordinacion previa al G20 de Washington, firma de acuerdos bilaterales.",https://www.gov.br/mre/pt-br/canais_atendimento/imprensa/notas-a-imprensa/2010-e-anteriores/atos-assinados-por-ocasiao-da-visita-do-presidente-luiz-inacio-lula-da-silva-a-italia-roma-10-a-12-de-novembro-de-2008,High,"Fechas (10-12/11/2008) y sede (Roma) confirmadas por nota oficial del MRE con la lista de actos firmados durante la visita. Cruzado con cobertura de prensa (Jornal de Brasilia, Correio Braziliense). FILA AGREGADA 2026-07-21 (fase de completitud, brecha Lula 2do mandato).",NA,Verificada-URL,NA,NA,NA,NA,NA,NA,NA,NA,NA
BRA-LU-J229,314,Luiz Inácio Lula da Silva,Brasil,Completed,2009-06-17,2009-06-17,1,Kazakhstan,Asia-Pacific,Astana,Bilateral,Working Visit,NA,Nursultán Nazarbáyev,Jefe de Estado/Gobierno,"Visita de trabajo a Astana, en retribucion a la visita de Nazarbayev a Brasil en 2007; establecimiento de bases de cooperacion politica bilateral Brasil-Kazajistan.",https://pt.wikipedia.org/wiki/Rela%C3%A7%C3%B5es_entre_Brasil_e_Cazaquist%C3%A3o,Medium,"Fecha (17/06/2009) segun articulo de Wikipedia sobre relaciones Brasil-Kazajistan, cruzado con galeria de fotos de la Biblioteca da Presidencia ('fotos-de-viagens-internacionais-2009/casaquistao', dominio bloqueado para fetch en este entorno pero titulo confirmado via busqueda) y pagina de relaciones bilaterales del Itamaraty. FILA AGREGADA 2026-07-21 (fase de completitud, brecha Lula 2do mandato).",NA,Verificada-URL,NA,NA,NA,NA,NA,NA,NA,NA,NA
BRA-LU-J230,315,Luiz Inácio Lula da Silva,Brasil,Completed,2009-06-01,2009-06-01,1,El Salvador,Central America,San Salvador,Bilateral,Inauguration/Funeral,NA,Asunción de Mauricio Funes,Jefe de Estado/Gobierno,"Asistencia a la asuncion presidencial de Mauricio Funes, primer presidente de izquierda de El Salvador; presencia junto a Correa, Lugo, Bachelet, Ortega y Hillary Clinton.",https://www.gazetadopovo.com.br/mundo/mauricio-funes-assume-presidencia-de-el-salvador-lula-participa-blndhhu967za7bt98v5q54c3y/,Medium,"Fecha (01/06/2009) y participacion de Lula confirmadas por Gazeta do Povo y Jornal do Brasil (JB). FILA AGREGADA 2026-07-21 (fase de completitud, brecha Lula 2do mandato).",NA,Verificada-URL,NA,NA,NA,NA,NA,NA,NA,NA,NA
BRA-LU-J231,316,Luiz Inácio Lula da Silva,Brasil,Completed,2009-11-29,2009-12-01,3,Portugal,Europe,Estoril,Multilateral,Regional Summit,NA,XIX Cumbre Iberoamericana de Jefes de Estado y de Gobierno - Estoril,NA,Participacion en la XIX Cumbre Iberoamericana en Estoril ('Innovacion y Conocimiento'); Lula abandono la reunion horas antes del cierre por desacuerdos sobre la crisis de Honduras.,https://www.segib.org/?summit=xix-cumbre-iberoamericana-estoril-2009,High,"Fechas (29/11-01/12/2009) y sede (Estoril, Portugal) confirmadas por la Secretaria General Iberoamericana (SEGIB), organismo oficial de las cumbres. Episodio de salida anticipada de Lula documentado por El Comercio. FILA AGREGADA 2026-07-21 (fase de completitud, brecha Lula 2do mandato).",Cooperación Política General,Verificada-URL,NA,NA,NA,NA,NA,NA,NA,NA,NA
BRA-DR-J232,317,Dilma Rousseff,Brasil,Completed,2013-03-08,2013-03-08,1,Venezuela,South America,Caracas,Bilateral,Inauguration/Funeral,NA,Funeral de Estado de Hugo Chávez,Jefe de Estado/Gobierno,"Asistencia al funeral de Estado de Hugo Chavez en Fuerte Tiuna, Caracas; Dilma regreso a Brasil el mismo dia al conocer que el velatorio se extenderia una semana mas.",https://www.diariodecuyo.com.ar/mundo/Ante-una-multitud-comenzo-el-Funeral-de-Estado-de-Hugo-Chavez-20130308-0020.html,Medium,"Fecha (08/03/2013, viernes) y asistencia de Dilma Rousseff al funeral de Estado confirmadas por Diario de Cuyo (articulo publicado el mismo dia 08/03/2013), que precisa que ella 'tambien volvio a Brasil al enterarse de que el velatorio se extenderia por una semana mas'. Cruzado con Estado de Minas ('Lula vai acompanhar funeral de Hugo Chavez', 06/03/2013). PRIORITARIO segun instrucciones del usuario: confirma que Dilma SI asistio al funeral. FILA AGREGADA 2026-07-21 (fase de completitud, brecha Dilma Rousseff).",NA,Verificada-URL,NA,NA,NA,NA,NA,NA,NA,NA,NA
BRA-DR-J233,318,Dilma Rousseff,Brasil,Completed,2014-03-10,2014-03-11,2,Chile,South America,Valparaíso,Bilateral,Inauguration/Funeral,TRUE,Asunción de Michelle Bachelet (2do mandato),Jefe de Estado/Gobierno,Asistencia a la asuncion presidencial de Michelle Bachelet en el Congreso chileno (Valparaiso); reunion bilateral previa en el Palacio Cerro Castillo (Viña del Mar).,https://agenciabrasil.ebc.com.br/internacional/noticia/2014-03/dilma-se-reune-com-bachelet-que-volta-presidencia-do-chile,High,"Fechas (10-11/03/2014) confirmadas por Agencia Brasil (agencia publica oficial): Dilma partio el 10/03 y la asuncion/ceremonia en el Congreso Nacional fue el 11/03/2014; reunion bilateral previa con Bachelet en Cerro Castillo. Sideline_Bilaterals=TRUE por la reunion bilateral confirmada antes de la ceremonia. FILA AGREGADA 2026-07-21 (fase de completitud, brecha Dilma Rousseff).",NA,Verificada-URL,NA,NA,NA,NA,NA,NA,NA,NA,NA
BRA-DR-J234,319,Dilma Rousseff,Brasil,Completed,2015-12-10,2015-12-10,1,Argentina,South America,Buenos Aires,Bilateral,Inauguration/Funeral,TRUE,Asunción de Mauricio Macri,Jefe de Estado/Gobierno,"Asistencia a la asuncion presidencial de Mauricio Macri; Dilma llego tarde y no alcanzo la ceremonia en el Congreso (avion demorado 20 min), pero tuvo reunion bilateral con Macri en la Casa Rosada antes de la entrega de la banda presidencial.",https://agenciabrasil.ebc.com.br/internacional/noticia/2015-12/macri-toma-posse-promete-combater-pobreza-e-apela-por-unidade-da,High,"Fecha (10/12/2015) y asistencia personal de Dilma (no delegada) confirmadas por Agencia Brasil (agencia publica oficial), incluyendo el incidente del vuelo demorado y la reunion bilateral en la Casa Rosada. Sideline_Bilaterals=TRUE por reunion bilateral confirmada con Macri. FILA AGREGADA 2026-07-21 (fase de completitud, brecha Dilma Rousseff) - responde a punto de verificacion especifico solicitado (¿fue o no fue?).",NA,Verificada-URL,NA,NA,NA,NA,NA,NA,NA,NA,NA
BRA-LU-J232,320,Luiz Inácio Lula da Silva,Brasil,Completed,2003-05-25,2003-05-25,1,Argentina,South America,Buenos Aires,Bilateral,Inauguration/Funeral,NA,Posse de Néstor Kirchner,Jefe de Estado/Gobierno,Lula viaja a Buenos Aires para a posse do Presidente Néstor Kirchner.,https://funag.gov.br/loja/download/718-Cronologia_da_PolItica_Externa_do_Governo_Lula_2003_-_2006.pdf,High,"Hallazgo Tanda 3 (completitud Lula 1). Fecha segun FUNAG Cronologia da Politica Externa do Governo Lula 2003-2006, DIA 25 de maio 2003 (p.27).",NA,Verificada-URL,NA,NA,NA,NA,NA,NA,NA,NA,NA
BRA-LU-J233,321,Luiz Inácio Lula da Silva,Brasil,Completed,2003-06-17,2003-06-18,2,Paraguay,South America,Asunción,Multilateral,Regional Summit,NA,XXIV Cúpula do Mercosul,NA,Lula participa da XXIV Cúpula do Mercosul em Assunção; Brasil apresenta proposta 'Objetivo 2006' para a uniao aduaneira.,https://funag.gov.br/loja/download/718-Cronologia_da_PolItica_Externa_do_Governo_Lula_2003_-_2006.pdf,High,"Hallazgo Tanda 3 (completitud Lula 1). Fecha segun FUNAG Cronologia, DIAS 17-18 de junho 2003 (p.30).",Comercio/Integración Económica,Verificada-URL,NA,NA,NA,NA,NA,NA,NA,NA,NA
BRA-LU-J234,322,Luiz Inácio Lula da Silva,Brasil,Completed,2003-06-27,2003-06-28,2,Colombia,South America,El Carmen de Viboral,Multilateral,Regional Summit,NA,XIV Conselho Presidencial Andino (Comunidade Andina),NA,Primeira vez que um presidente brasileiro e convidado a uma cupula da Comunidade Andina (CAN); visita bilateral combinada.,https://funag.gov.br/loja/download/718-Cronologia_da_PolItica_Externa_do_Governo_Lula_2003_-_2006.pdf,High,"Hallazgo Tanda 3 (completitud Lula 1). Fecha segun FUNAG Cronologia, DIAS 27-28 de junho 2003 (p.30-31). Tema_Foro asignado por analogia con bloques de integracion economica regional (CAN); no listado explicitamente en CODEBOOK 5.7, revisar.",Comercio/Integración Económica,Verificada-URL,NA,NA,NA,NA,NA,NA,NA,NA,NA
BRA-LU-J235,323,Luiz Inácio Lula da Silva,Brasil,Completed,2003-07-10,2003-07-12,3,Portugal,Europe,Lisbon,Bilateral,Working Visit,NA,Jorge Sampaio / Seminário Empresarial Brasil-Portugal / sede da CPLP,Jefe de Estado/Gobierno,"Lula abre Seminario Empresarial em Lisboa, visita a sede da CPLP e assina acordo sobre legalizacao de brasileiros em situacao irregular.",https://funag.gov.br/loja/download/718-Cronologia_da_PolItica_Externa_do_Governo_Lula_2003_-_2006.pdf,High,"Hallazgo Tanda 3 (completitud Lula 1). Fecha segun FUNAG Cronologia, DIAS 10-12 de julho 2003 (p.33).",NA,Verificada-URL,NA,NA,NA,NA,NA,NA,NA,NA,NA
BRA-LU-J236,324,Luiz Inácio Lula da Silva,Brasil,Completed,2003-07-13,2003-07-14,2,United Kingdom,Europe,London,Multilateral,Global Forum,NA,Cúpula da Governança Progressista (convite de Tony Blair),NA,"Lula participa, a convite do Primeiro-Ministro Tony Blair, da Cupula da Governanca Progressista em Londres.",https://funag.gov.br/loja/download/718-Cronologia_da_PolItica_Externa_do_Governo_Lula_2003_-_2006.pdf,High,"Hallazgo Tanda 3 (completitud Lula 1). Fecha segun FUNAG Cronologia, DIAS 13-14 de julho 2003 (p.33). Mismo Journey que tramo Espana (viagem continua).",Cooperación Política General,Verificada-URL,NA,NA,NA,NA,NA,NA,NA,NA,NA
BRA-LU-J236,325,Luiz Inácio Lula da Silva,Brasil,Completed,2003-07-14,2003-07-16,3,Spain,Europe,Madrid,Bilateral,State Visit,NA,José María Aznar / Rey Juan Carlos I,Jefe de Estado/Gobierno,"Lula, em visita a Espanha, reune-se em Madri com o Presidente do Governo Aznar e com o Rei Juan Carlos I.",https://funag.gov.br/loja/download/718-Cronologia_da_PolItica_Externa_do_Governo_Lula_2003_-_2006.pdf,High,"Hallazgo Tanda 3 (completitud Lula 1). Fecha segun FUNAG Cronologia, DIAS 14-16 de julho 2003 (p.34). Mismo Journey que tramo Reino Unido (viagem continua).",NA,Verificada-URL,NA,NA,NA,NA,NA,NA,NA,NA,NA
BRA-LU-J237,326,Luiz Inácio Lula da Silva,Brasil,Completed,2003-08-14,2003-08-15,2,Paraguay,South America,Asunción,Bilateral,Inauguration/Funeral,NA,Posse de Nicanor Duarte Frutos,Jefe de Estado/Gobierno,"Lula visita o Paraguai para a posse do Presidente Nicanor Duarte Frutos e participa de Cupula Extraordinaria do Mercosul, Chile e Bolivia.",https://funag.gov.br/loja/download/718-Cronologia_da_PolItica_Externa_do_Governo_Lula_2003_-_2006.pdf,High,"Hallazgo Tanda 3 (completitud Lula 1). Fecha segun FUNAG Cronologia, DIAS 14-15 de agosto 2003 (p.35-36). Clasificado Bilateral/Inauguration siguiendo convencion ya usada en la base para posses presidenciales (ver Ecuador ene-2003, Bolivia ene-2006), aunque incluyo cumbre extraordinaria del Mercosur.",NA,Verificada-URL,NA,NA,NA,NA,NA,NA,NA,NA,NA
BRA-LU-J238,327,Luiz Inácio Lula da Silva,Brasil,Completed,2003-08-24,2003-08-25,2,Peru,South America,Lima,Bilateral,Working Visit,NA,Alejandro Toledo / IV Foro Empresarial Brasil-Peru,Jefe de Estado/Gobierno,"Lula visita o Peru; e assinado o Acordo de Livre Comercio Mercosul-Peru (ACE-58), tornando o Peru Estado associado ao bloco.",https://funag.gov.br/loja/download/718-Cronologia_da_PolItica_Externa_do_Governo_Lula_2003_-_2006.pdf,High,"Hallazgo Tanda 3 (completitud Lula 1). Fecha segun FUNAG Cronologia, DIAS 24-25 de agosto 2003 (p.37); ciudad (Lima) confirmada por prensa (Diario de Cuiaba, 'Peru assina acordo de livre comercio').",NA,Verificada-URL,NA,NA,NA,NA,NA,NA,NA,NA,NA
BRA-LU-J239,328,Luiz Inácio Lula da Silva,Brasil,Completed,2003-08-26,2003-08-26,1,Venezuela,South America,Ciudad Guayana,Bilateral,Working Visit,NA,Hugo Chávez / obras da ponte sobre o rio Orinoco,Jefe de Estado/Gobierno,"Lula visita a Venezuela e vistoria as obras da ponte mista sobre o rio Orinoco, em Ciudad Guayana.",https://funag.gov.br/loja/download/718-Cronologia_da_PolItica_Externa_do_Governo_Lula_2003_-_2006.pdf,High,"Hallazgo Tanda 3 (completitud Lula 1). Fecha segun FUNAG Cronologia, DIA 26 de agosto 2003 (p.37).",NA,Verificada-URL,NA,NA,NA,NA,NA,NA,NA,NA,NA
BRA-LU-J240,329,Luiz Inácio Lula da Silva,Brasil,Completed,2003-09-25,2003-09-26,2,Mexico,North America,Mexico City,Bilateral,Working Visit,NA,Vicente Fox,Jefe de Estado/Gobierno,Lula assina acordo para eliminar bitributacao sobre pessoas fisicas e juridicas com o Mexico; segue no dia seguinte para Cuba.,https://anba.com.br/lula-fecha-acordo-com-vicente-fox-do-mexico-presidente-brasileiro-segue-hoje-para-cuba/,Medium,"Hallazgo Tanda 3 (completitud Lula 1). Fecha y ciudad (Cidade do Mexico) confirmadas por Agencia Brasil/ANBA (26/09/2003) y galeria oficial de fotos da Presidencia (biblioteca.presidencia.gov.br, fotos-de-viagens-internacionais-2003/mexico, Los Pinos). Tramo previo a Cuba (26-27/09/2003, ya cargado como BRA-LU-J031).",NA,Verificada-URL,NA,NA,NA,NA,NA,NA,NA,NA,NA
BRA-LU-J241,330,Luiz Inácio Lula da Silva,Brasil,Completed,2003-10-16,2003-10-17,2,Argentina,South America,Buenos Aires,Bilateral,State Visit,NA,Néstor Kirchner,Jefe de Estado/Gobierno,"Lula realiza visita de Estado a Argentina e assina com Kirchner o 'Consenso de Buenos Aires', 22 pontos de posicoes comuns bilaterais.",https://funag.gov.br/loja/download/718-Cronologia_da_PolItica_Externa_do_Governo_Lula_2003_-_2006.pdf,High,"Hallazgo Tanda 3 (completitud Lula 1). Fecha segun FUNAG Cronologia da Politica Externa do Governo Lula 2003-2006, DIAS 16-17 de outubro 2003 (p.40-41).",NA,Verificada-URL,NA,NA,NA,NA,NA,NA,NA,NA,NA
BRA-LU-J242,331,Luiz Inácio Lula da Silva,Brasil,Completed,2003-10-23,2003-10-24,2,Spain,Europe,Oviedo,Other,Working Visit,NA,Entrega do Prêmio Príncipe de Astúrias,NA,"Lula visita a Espanha e recebe, em Oviedo, o Premio Principe de Asturias.",https://funag.gov.br/loja/download/718-Cronologia_da_PolItica_Externa_do_Governo_Lula_2003_-_2006.pdf,High,"Hallazgo Tanda 3 (completitud Lula 1). Fecha segun FUNAG Cronologia, DIAS 23-24 de outubro 2003 (p.41). Clasificado 'Other' por analogia con precedente ya cargado (FHC, 'Premio em Nova York', BRA-FHC-J024): premio personal, no agenda intergubernamental explicita en la fuente.",NA,Verificada-URL,NA,NA,NA,NA,NA,NA,NA,NA,NA
BRA-LU-J039,332,Luiz Inácio Lula da Silva,Brasil,Completed,2004-05-21,2004-05-21,1,Ukraine,Europe,Kiev,Bilateral,Working Visit,NA,Leonid Kutchma,Jefe de Estado/Gobierno,"Lula visita a Ucrania e encontra-se, em Kiev, com o Presidente Leonid Kutchma, antes de seguir para a China.",https://funag.gov.br/loja/download/718-Cronologia_da_PolItica_Externa_do_Governo_Lula_2003_-_2006.pdf,High,"Hallazgo Tanda 3 (completitud Lula 1). Fecha segun FUNAG Cronologia, DIA 21 de maio 2004 (p.62), inmediatamente antes de 'DIAS 22-26' viagem a China. Agregado como tramo del mismo Journey ya cargado BRA-LU-J039 (China Beijing, Trip_ID 52), que en la base actual figura con Start_Date 2004-05-21 para China; posible leve discrepancia de fecha entre fuentes, no corregida (no se edito la fila existente).",NA,Verificada-URL,NA,NA,NA,NA,NA,NA,NA,NA,NA
BRA-LU-J244,333,Luiz Inácio Lula da Silva,Brasil,Completed,2004-07-07,2004-07-08,2,Argentina,South America,Puerto Iguazú,Multilateral,Regional Summit,NA,XXVI Cúpula do Mercosul,NA,"Brasil assume a lideranca rotativa do Mercosul, sucedendo a Argentina; Lula anuncia negociacoes de acordo de livre comercio Mercosul-Mexico.",https://funag.gov.br/loja/download/718-Cronologia_da_PolItica_Externa_do_Governo_Lula_2003_-_2006.pdf,High,"Hallazgo Tanda 3 (completitud Lula 1). Fecha segun FUNAG Cronologia, DIAS 7-8 de julho 2004 (p.65-66).",Comercio/Integración Económica,Verificada-URL,NA,NA,NA,NA,NA,NA,NA,NA,NA
BRA-LU-J245,334,Luiz Inácio Lula da Silva,Brasil,Completed,2004-07-09,2004-07-09,1,Bolivia,South America,Santa Cruz de la Sierra,Bilateral,Working Visit,NA,Carlos Mesa,Jefe de Estado/Gobierno,"Lula visita a Bolivia e se encontra, em Santa Cruz de la Sierra, com o Presidente Carlos Mesa, apos a Cupula do Mercosul em Puerto Iguacu.",https://funag.gov.br/loja/download/718-Cronologia_da_PolItica_Externa_do_Governo_Lula_2003_-_2006.pdf,High,"Hallazgo Tanda 3 (completitud Lula 1). Fecha segun FUNAG Cronologia, DIA 9 de julho 2004 (p.66).",NA,Verificada-URL,NA,NA,NA,NA,NA,NA,NA,NA,NA
BRA-LU-J246,335,Luiz Inácio Lula da Silva,Brasil,Completed,2004-08-13,2004-08-13,1,Paraguay,South America,Asunción,Multilateral,Regional Summit,NA,Instalação do Tribunal Permanente de Revisão do Mercosul,NA,"Lula visita o Paraguai para a cerimonia de instalacao, em Assuncao, do Tribunal Permanente de Revisao do Mercosul.",https://funag.gov.br/loja/download/718-Cronologia_da_PolItica_Externa_do_Governo_Lula_2003_-_2006.pdf,High,"Hallazgo Tanda 3 (completitud Lula 1). Fecha segun FUNAG Cronologia, DIA 13 de agosto 2004 (p.67-68).",Comercio/Integración Económica,Verificada-URL,NA,NA,NA,NA,NA,NA,NA,NA,NA
BRA-LU-J247,336,Luiz Inácio Lula da Silva,Brasil,Completed,2004-08-16,2004-08-17,2,Dominican Republic,Caribbean,Santo Domingo,Bilateral,Inauguration/Funeral,NA,Posse de Leonel Fernández Reyna,Jefe de Estado/Gobierno,Lula visita a Republica Dominicana para a posse do Presidente Leonel Fernandez e se reune com mandatarios centro-americanos e caribenhos.,https://funag.gov.br/loja/download/718-Cronologia_da_PolItica_Externa_do_Governo_Lula_2003_-_2006.pdf,High,"Hallazgo Tanda 3 (completitud Lula 1). Fecha segun FUNAG Cronologia, DIAS 16-17 de agosto 2004 (p.68). Mismo Journey que tramo Haiti (viagem continua).",NA,Verificada-URL,NA,NA,NA,NA,NA,NA,NA,NA,NA
BRA-LU-J247,337,Luiz Inácio Lula da Silva,Brasil,Completed,2004-08-18,2004-08-18,1,Haiti,Caribbean,Port-au-Prince,Bilateral,Working Visit,NA,Tropas brasileiras da MINUSTAH,Jefe de Estado/Gobierno,"Lula visita o Haiti, encontra-se com as tropas brasileiras da Minustah em Porto Principe e assiste ao 'jogo da paz' Brasil-Haiti.",https://funag.gov.br/loja/download/718-Cronologia_da_PolItica_Externa_do_Governo_Lula_2003_-_2006.pdf,High,"Hallazgo Tanda 3 (completitud Lula 1). Fecha segun FUNAG Cronologia, DIA 18 de agosto 2004 (p.68). Mismo Journey que tramo Republica Dominicana (viagem continua). | Counterpart_Type-QA 2026-07-27: Counterpart_Event nombra tropas brasilenas de la MINUSTAH (mision de la ONU), no un funcionario del gobierno haitiano; no se confirma en la fuente un encuentro con el jefe de Estado/gobierno de Haiti (gobierno interino Alexandre/Latortue) en este tramo. Se mantiene default 'Jefe de Estado/Gobierno' por falta de categoria mejor ajustada en la taxonomia cerrada (no es Ex-mandatario/Opositor, ni Premio, ni Movimiento, ni claramente Otro actor no estatal); revisar si hubo agenda bilateral formal con autoridades haitianas.",NA,Verificada-URL,NA,NA,NA,NA,NA,NA,NA,NA,NA
BRA-LU-J248,338,Luiz Inácio Lula da Silva,Brasil,Completed,2004-08-23,2004-08-24,2,Chile,South America,Santiago,Bilateral,Working Visit,NA,Ricardo Lagos,Jefe de Estado/Gobierno,Primeira visita oficial de Lula ao Chile; encontro com o Presidente Lagos sobre convergencia dos mecanismos de integracao na America do Sul.,https://funag.gov.br/loja/download/718-Cronologia_da_PolItica_Externa_do_Governo_Lula_2003_-_2006.pdf,High,"Hallazgo Tanda 3 (completitud Lula 1). Fecha segun FUNAG Cronologia, DIAS 23-24 de agosto 2004 (p.69); jantar oficial confirmado 23/08/2004 por CNN Chile ('Reaparece Ricardo Lagos: se reunio com Lula da Silva'). Mismo Journey que tramo Ecuador (viagem continua).",NA,Verificada-URL,NA,NA,NA,NA,NA,NA,NA,NA,NA
BRA-LU-J248,339,Luiz Inácio Lula da Silva,Brasil,Completed,2004-08-24,2004-08-25,2,Ecuador,South America,Quito,Bilateral,Working Visit,NA,Lucio Gutiérrez,Jefe de Estado/Gobierno,Lula discute agenda bilateral com Gutierrez; assinatura de memorandos de entendimento sobre energia e telecomunicacoes.,https://funag.gov.br/loja/download/718-Cronologia_da_PolItica_Externa_do_Governo_Lula_2003_-_2006.pdf,High,"Hallazgo Tanda 3 (completitud Lula 1). Fecha segun FUNAG Cronologia, DIAS 24-25 de agosto 2004 (p.69); ciudad (Quito) y detalle de acordos confirmados por La Nacion (CR), 'Presidente Lula da Silva concluye fructifera visita a Ecuador'. Mismo Journey que tramo Chile (viagem continua).",NA,Verificada-URL,NA,NA,NA,NA,NA,NA,NA,NA,NA
BRA-LU-J249,340,Luiz Inácio Lula da Silva,Brasil,Completed,2005-01-19,2005-01-19,1,Colombia,South America,Leticia,Bilateral,Working Visit,NA,Álvaro Uribe,Jefe de Estado/Gobierno,"Lula visita a Colombia para encontro de fronteira com o Presidente Alvaro Uribe, em Leticia (Amazonia).",https://funag.gov.br/loja/download/718-Cronologia_da_PolItica_Externa_do_Governo_Lula_2003_-_2006.pdf,High,"Hallazgo Tanda 3 (completitud Lula 1). Fecha segun FUNAG Cronologia, DIA 19 de janeiro 2005 (p.86-87).",NA,Verificada-URL,NA,NA,NA,NA,NA,NA,NA,NA,NA
BRA-LU-J250,341,Luiz Inácio Lula da Silva,Brasil,Completed,2005-01-28,2005-01-29,2,Switzerland,Europe,Davos,Multilateral,Global Forum,NA,Fórum Econômico Mundial,NA,Lula participa do Forum Economico Mundial em Davos; assinado programa de co-financiamento Brasil-Banco Mundial para o Haiti.,https://funag.gov.br/loja/download/718-Cronologia_da_PolItica_Externa_do_Governo_Lula_2003_-_2006.pdf,High,"Hallazgo Tanda 3 (completitud Lula 1). Fecha segun FUNAG Cronologia, DIAS 28-29 de janeiro 2005 (p.87).",Comercio/Integración Económica,Verificada-URL,NA,NA,NA,NA,NA,NA,NA,NA,NA
BRA-LU-J251,342,Luiz Inácio Lula da Silva,Brasil,Completed,2005-04-10,2005-04-10,1,Cameroon,Africa,Yaoundé,Bilateral,Working Visit,NA,Paul Biya,Jefe de Estado/Gobierno,Primeiro tramo da gira africana de abril de 2005; jantar oferecido pelo Presidente Paul Biya em Iaundê.,https://www.funag.gov.br/chdd/images/Resenhas/Novas/Resenha_N96_1Sem_2005.pdf,High,"Hallazgo Tanda 3 (completitud Lula 1). Fecha segun Resenha de Politica Externa do Brasil no.96 (Itamaraty/FUNAG), 1o semestre 2005, indice de discursos (p.95): 'Discurso no jantar oferecido pelo Presidente da Republica de Camerun, Paul Biya, em Iaunde, no dia 10 de abril de 2005'. Confirma gira de 5 paises (Camaroes, Nigeria, Gana, Guine-Bissau, Senegal) citada tambien en Vargem, A.A. 'A Politica Externa Brasileira para a Africa no Governo Lula', ponto-e-virgula 4, PUC-SP.",NA,Verificada-URL,NA,NA,NA,NA,NA,NA,NA,NA,NA
BRA-LU-J251,343,Luiz Inácio Lula da Silva,Brasil,Completed,2005-04-11,2005-04-12,2,Nigeria,Africa,Abuja,Bilateral,Working Visit,NA,Olusegun Obasanjo,Jefe de Estado/Gobierno,Reuniao ampliada com o Presidente Obasanjo em Abuja; Nigeria inspirada na aproximacao brasileira com a Africa (ASPA 2004).,https://www.funag.gov.br/chdd/images/Resenhas/Novas/Resenha_N96_1Sem_2005.pdf,High,Hallazgo Tanda 3 (completitud Lula 1). Fecha segun Resenha Itamaraty/FUNAG no.96 (p.97-100): discursos em Abuja 11 e 12 de abril de 2005 (reuniao ampliada e assinatura de atos).,NA,Verificada-URL,NA,NA,NA,NA,NA,NA,NA,NA,NA
BRA-LU-J251,344,Luiz Inácio Lula da Silva,Brasil,Completed,2005-04-12,2005-04-13,2,Ghana,Africa,Accra,Bilateral,Working Visit,NA,John Agyekum Kufuor,Jefe de Estado/Gobierno,Visita presidencial a Gana; jantar com a familia ganense-brasileira Tabom e lancamento da Camara de Comercio Brasil-Gana.,https://www.funag.gov.br/chdd/images/Resenhas/Novas/Resenha_N96_1Sem_2005.pdf,High,Hallazgo Tanda 3 (completitud Lula 1). Fecha segun Resenha Itamaraty/FUNAG no.96 (p.103-106): eventos em Acra 12 e 13 de abril de 2005.,NA,Verificada-URL,NA,NA,NA,NA,NA,NA,NA,NA,NA
BRA-LU-J251,345,Luiz Inácio Lula da Silva,Brasil,Completed,2005-04-13,2005-04-13,1,Guinea-Bissau,Africa,Bissau,Bilateral,Working Visit,NA,Reunião ampliada em Guiné-Bissau,Jefe de Estado/Gobierno,"Escala bilateral em Bissau, Guine-Bissau, no marco da gira africana de abril de 2005.",https://www.funag.gov.br/chdd/images/Resenhas/Novas/Resenha_N96_1Sem_2005.pdf,High,"Hallazgo Tanda 3 (completitud Lula 1). Fecha segun Resenha Itamaraty/FUNAG no.96 (p.109): 'Reuniao Ampliada em Guine Bissau, Bissau, no dia 13 de abril de 2005'.",NA,Verificada-URL,NA,NA,NA,NA,NA,NA,NA,NA,NA
BRA-LU-J251,346,Luiz Inácio Lula da Silva,Brasil,Completed,2005-04-13,2005-04-14,2,Senegal,Africa,Dakar,Bilateral,Working Visit,NA,Abdoulaye Wade,Jefe de Estado/Gobierno,"Ultimo tramo da gira africana; encontro com o Presidente Wade e visita a Ilha de Goree, onde Lula pede perdao pela escravidao.",https://www.funag.gov.br/chdd/images/Resenhas/Novas/Resenha_N96_1Sem_2005.pdf,High,"Hallazgo Tanda 3 (completitud Lula 1). Fecha segun Resenha Itamaraty/FUNAG no.96 (p.113-117): encontro com Wade em Dacar 13/04, discurso a comunidade brasileira e visita a Ilha de Goree 14/04/2005; comunicado conjunto Brasil-Senegal datado 15/04 (posible dia de divulgacao, no necesariamente de presencia fisica).",NA,Verificada-URL,NA,NA,NA,NA,NA,NA,NA,NA,NA
BRA-LU-J252,347,Luiz Inácio Lula da Silva,Brasil,Completed,2005-09-14,2005-09-14,1,United States,North America,New York,Multilateral,Global Forum,NA,Cúpula Mundial das Nações Unidas 2005 / Reunião de Cúpula do Conselho de Segurança da ONU,NA,"Lula discursa na reuniao de cupula dos paises membros do Conselho de Seguranca da ONU, no marco da Cupula Mundial 2005 (abertura da 60a Assembleia Geral).",https://www.biblioteca.presidencia.gov.br/presidencia/ex-presidentes/luiz-inacio-lula-da-silva/discursos/1o-mandato/2005/14-09-2005-discurso-do-presidente-da-republica-luiz-inacio-lula-da-silva-na-reuniao-de-cupula-dos-paises-membros-do-conselho-de-seguranca-das-nacoes-unidas,High,"Hallazgo Tanda 3 (completitud Lula 1). Discurso oficial (Biblioteca da Presidencia) confirma presencia y fecha 14/09/2005. La Cupula Mundial 2005 se desarrollo formalmente 14-16/09/2005 en Nova York, pero solo el dia 14 esta confirmado por fuente primaria para la presencia de Lula; End_Date conservador = Start_Date (no se extendio sin confirmacion directa). Tema_Foro 'Cooperacion Politica General' por doctrina CODEBOOK 5.7 (Cumbre Mundial 2005 listada explicitamente).",Cooperación Política General,Verificada-URL,NA,NA,NA,NA,NA,NA,NA,NA,NA
BRA-LU-J046,348,Luiz Inácio Lula da Silva,Brasil,Completed,2005-05-26,2005-05-28,3,Japan,Asia-Pacific,Tokyo,Bilateral,State Visit,NA,Imperador Akihito / Primeiro-Ministro Junichiro Koizumi,Jefe de Estado/Gobierno,Visita oficial ao Japao apos a Coreia do Sul; audiencia com o Imperador e a Imperatriz (almoco na Corte) e reuniao/jantar com o Premie Koizumi.,http://www.biblioteca.presidencia.gov.br/presidencia/ex-presidentes/luiz-inacio-lula-da-silva/galeria-de-fotos/fotos-de-viagens-internacionais-2005/japao,High,"Hallazgo Tanda 3 (completitud Lula 1). Tramo Japao de la gira Coreia do Sul (24-26/05/2005, ya cargado BRA-LU-J046 Trip_ID 62) + Japao (26-28/05/2005). Fechas confirmadas por galeria oficial de fotos da Biblioteca da Presidencia y corroboradas por prensa (Baguete, 'TI e foco de visita de Lula a Coreia e Japao', 20/05/2005).",NA,Verificada-URL,NA,NA,NA,NA,NA,NA,NA,NA,NA
BRA-FHC-J025,349,Fernando Henrique Cardoso,Brasil,Completed,2000-03-01,2000-03-01,1,Uruguay,South America,Montevideo,Bilateral,Inauguration/Funeral,NA,Posse de Jorge Batlle,Jefe de Estado/Gobierno,"Asuncao de Jorge Batlle como presidente do Uruguai; FHC entre os cinco presidentes convidados (De la Rua, Cardoso, Gonzalez Macchi, Banzer, Chavez).",https://www.lanacion.com.ar/el-mundo/jorge-batlle-asume-la-presidencia-de-uruguay-nid7337/,High,"La Nacion (01/03/2000) nomina explicitamente a Fernando Henrique Cardoso entre los 'presidentes invitados' a la posse de Batlle en Montevideo. NUEVA FILA (Tanda 4, 2026-07-22).",NA,Verificada-URL,NA,NA,NA,NA,NA,NA,NA,NA,NA
BRA-FHC-J017,350,Fernando Henrique Cardoso,Brasil,Completed,2001-11-10,2001-11-10,1,United States,North America,New York,Multilateral,Global Forum,NA,56º Período de Sessões da Assembleia Geral da ONU,NA,Discurso de abertura do debate geral da 56a AGNU (adiado por causa do 11-S); primeiro chefe de Estado a falar na sessao. Tramo 2 da gira (apos Washington).,https://fundacaofhc.org.br/files/discurso_de_fhc_na_onu.pdf,High,"Discurso oficial disponivel na Fundacao FHC confirma que foi 'o primeiro chefe de Estado a falar' na sessao; corroborado por Folha 'FHC cobra na reuniao da ONU ordem internacional mais solidaria' (10/11/2001, ja citada em Trip_ID 17) e pelo modulo Uruguay (URU-JB-J005, mesmo evento, 56o periodo AGNU, 8-10 nov 2001, debate adiado pelo 11-S). Tramo agregado como continuacao do viagem a Washington (Trip_ID 17, mesmo Journey_ID). NUEVA FILA (Tanda 4, 2026-07-22).",Cooperación Política General,Verificada-URL,NA,NA,NA,NA,NA,NA,NA,NA,NA
BRA-FHC-J026,351,Fernando Henrique Cardoso,Brasil,Completed,2000-11-17,2000-11-18,2,Panama,Central America,Panama City,Multilateral,Regional Summit,NA,X Cúpula Ibero-americana de Chefes de Estado e de Governo,NA,Cumbre Iberoamericana em Panama (tema infancia e adolescencia); declaracao final condena o terrorismo da ETA.,https://unlegadoreal.es/viajes/panama-2000/,Medium,"Lista de asistentes de la X Cumbre Iberoamericana (unlegadoreal.es, que reproduce cobertura de El Pais 19/11/2000) nombra explicitamente a 'Fernando Henrique Cardoso (presidente de Brasil)'. Fechas oficiales de la cumbre (17-18 nov 2000) confirmadas por es.wikipedia.org/wiki/X_Cumbre_Iberoamericana. NUEVA FILA (Tanda 4, 2026-07-22).",Cooperación Política General,Verificada-URL,NA,NA,NA,NA,NA,NA,NA,NA,NA
BRA-FHC-J027,352,Fernando Henrique Cardoso,Brasil,Completed,2001-06-21,2001-06-22,2,Paraguay,South America,Asuncion,Multilateral,Regional Summit,NA,XX Cúpula do MERCOSUL,NA,Cumbre semestral do MERCOSUL em Assuncao; comunicado conjunto pelos 10 anos do Tratado de Assuncao.,https://www.cancilleria.gob.ar/es/actualidad/comunicados/comunicado-de-los-presidentes-de-los-estados-partes-del-mercosur-sobre-los,Medium,"Comunicado oficial da Chancelaria argentina (10 anos do Tratado de Assuncao) documenta a XX Cumbre do Mercosul em Assuncao, 21-22 jun 2001, com os presidentes da Argentina (De la Rua), Brasil (Cardoso), Paraguai (Gonzalez Macchi) e Uruguai (Batlle); pagina nao renderizavel diretamente neste ambiente, dados corroborados por multiplas buscas independentes com o mesmo resultado. Fechas consistentes com o ciclo semestral do bloco (cf. XXIV Cumbre Assuncao jun-2003, CADAL). NUEVA FILA (Tanda 4, 2026-07-22).",Comercio/Integración Económica,Verificada-URL,NA,NA,NA,NA,NA,NA,NA,NA,NA
BRA-FHC-J028,353,Fernando Henrique Cardoso,Brasil,Completed,2001-11-23,2001-11-24,2,Peru,South America,Lima,Multilateral,Regional Summit,NA,XI Cúpula Ibero-americana de Chefes de Estado e de Governo,NA,Cumbre Iberoamericana em Lima ('Unidos para construir o amanha'); Brasil liderou o pedido de abertura de mercados do norte.,https://segib.org/es/xi-cumbre-iberoamericana-unidos-para-construir-el-manana/,High,"Fuente oficial SEGIB (Secretaria General Iberoamericana) lista explicitamente a 'Fernando Henrique Cardoso, presidente de Brasil' entre los jefes de Estado y de Gobierno asistentes a la XI Cumbre Iberoamericana de Lima, 23-24 nov 2001. NUEVA FILA (Tanda 4, 2026-07-22).",Cooperación Política General,Verificada-URL,NA,NA,NA,NA,NA,NA,NA,NA,NA
BRA-FHC-J029,354,Fernando Henrique Cardoso,Brasil,Completed,2001-06-26,2001-06-27,2,Bolivia,South America,Yacuiba,Bilateral,Working Visit,NA,Hugo Banzer,Jefe de Estado/Gobierno,"Visita oficial a Bolivia; inauguracao do campo de gas natural San Alberto (gasoduto Brasil-Bolivia), com o Presidente Banzer.",https://fundacaofhc.org.br/files/artigo/1044.pdf,High,"Discurso oficial (Fundacao FHC) datado 'Yacuiba, Bolivia, 27 de junho de 2001', que menciona explicitamente 'nestes dois dias' (confirma visita de 26-27/06/2001). Busquedas independientes sugieren tambien un discurso ante el Congreso boliviano en La Paz el 26/06, previo al tramo Yacuiba/San Alberto, pero esa escala especifica no fue confirmada con fuente primaria en esta sesion (se documenta solo el tramo Yacuiba, con fuente directa). NUEVA FILA (Tanda 4, 2026-07-22).",NA,Verificada-URL,NA,NA,NA,NA,NA,NA,NA,NA,NA
BRA-FHC-J030,355,Fernando Henrique Cardoso,Brasil,Completed,2000-06-29,2000-06-30,2,Argentina,South America,Buenos Aires,Multilateral,Regional Summit,NA,"Reunião de Cúpula de Chefes de Estado do MERCOSUL, Bolívia e Chile (relançamento do Mercosul)",NA,Participação na cúpula de relançamento do Mercosul com Bolívia e Chile; discurso de FHC em 30/06/2000.,https://www.gov.br/mre/pt-br/centrais-de-conteudo/publicacoes/discursos-artigos-e-entrevistas/presidente-da-republica/presidente-da-republica-federativa-do-brasil-discursos/fernando-henrique-cardoso-1995-2003/discurso-na-reuniao-de-cupula-de-chefes-de-estado-do-mercosul-bolivia-e-chile-buenos-aires-30-de-junho-de-2000,High,"Tanda 5 (2026-07-22). Confirma presenca fisica de Cardoso: discurso oficial publicado pelo Itamaraty (MRE), proferido na cupula em Buenos Aires. Data de inicio (29/06) reconstruida a partir da aprovacao das Decisoes de relancamento do Mercosul nesse dia (Wikipedia 'Cronologia do Mercado Comum do Sul'); discurso confirmado em 30/06.",Comercio/Integración Económica,Verificada-URL,NA,NA,NA,NA,NA,NA,NA,NA,NA
BRA-FHC-J031,356,Fernando Henrique Cardoso,Brasil,Completed,2001-12-21,2001-12-21,1,Uruguay,South America,Montevideo,Multilateral,Regional Summit,NA,"Foro Político do MERCOSUL, Bolívia e Chile em apoio à Argentina (cúpula formal suspensa pela ausência do governo argentino, em meio à crise que levou à renúncia de De la Rúa)",NA,"Reunião de chefes de Estado do Mercosul (Brasil, Uruguai, Paraguai, Chile e Bolívia associados) em solidariedade à Argentina, sem a presença do país por sua crise institucional.",https://www.cooperativa.cl/noticias/mundo/con-un-irrestricto-apoyo-a-argentina-concluyo-la-suspendida-cumbre-del/2001-12-21/122700.html,Medium,"Tanda 5 (2026-07-22). Fonte de imprensa (Cooperativa.cl, Chile) datada de 21/12/2001 confirma explicitamente que os presidentes presentes na cupula incluiam o Brasil, junto a Uruguai e Paraguai, mais Chile e Bolivia como associados; Argentina esteve ausente (renuncia de De la Rua em 20/12). Data unica (21/12) por falta de fonte que discrimine dia de chegada/partida de Cardoso.",Comercio/Integración Económica,Verificada-URL,NA,NA,NA,NA,NA,NA,NA,NA,NA
BRA-FHC-J032,357,Fernando Henrique Cardoso,Brasil,Completed,2002-02-18,2002-02-18,1,Argentina,South America,Olivos,Multilateral,Regional Summit,NA,III Reunião Extraordinária do Conselho do Mercado Comum / assinatura do Protocolo de Olivos para a Solução de Controvérsias no MERCOSUL,NA,"Assinatura pessoal do Protocolo de Olivos junto a Duhalde, González Macchi e Batlle, criando o Tribunal Permanente de Revisão do Mercosul.",https://servicios.infoleg.gob.ar/infolegInternet/anexos/75000-79999/78846/norma.htm,High,"Tanda 5 (2026-07-22). NOVO ACHADO (nao estava entre os 3 candidatos originais). Fonte primaria: texto oficial do Protocolo de Olivos (Ley 25.663, Argentina/Infoleg), com bloco de assinaturas nominal: 'Por la Republica Federativa del Brasil: Fernando Henrique CARDOSO, Celso LAFER', assinado em Olivos, Provincia de Buenos Aires, 18/02/2002. Confirma presenca fisica.",Comercio/Integración Económica,Verificada-URL,NA,NA,NA,NA,NA,NA,NA,NA,NA
BRA-FHC-J033,358,Fernando Henrique Cardoso,Brasil,Completed,2002-07-04,2002-07-05,2,Argentina,South America,Buenos Aires,Multilateral,Regional Summit,NA,"XXII Cúpula de Chefes de Estado do MERCOSUL (Brasil assume a Presidência Pro Tempore, sucedendo a Argentina de Duhalde)",NA,Participação na cúpula ordinária do Mercosul em Buenos Aires; Brasil assume a Presidência Pro Tempore do bloco a partir de 1/7/2002.,https://portal.stf.jus.br/textos/verTexto.asp?servico=bibliotecaConsultaProdutoBibliotecaPastaMinistro&pagina=ExercicionaPresidenciadaRepublica,High,"Tanda 5 (2026-07-22). Fonte primaria: registro oficial do STF de 'Exercicio na Presidencia da Republica', que lista a ausencia do titular do Executivo do pais nos dias 4 e 5 de julho de 2002 para participar da XXII Cupula do MERCOSUL em Buenos Aires (Min. Marco Aurelio exerceu a presidencia). Corroborado por comunicado oficial da Cancilleria argentina (24/09/2002, 'LOS PRESIDENTES DUHALDE Y CARDOSO CONSOLIDAN EL MERCOSUR'), que refere acordos 'comprometidos en julio pasado, en ocasion de la Cumbre del Mercosur en Buenos Aires', e pela tabela sourced de presidencias pro tempore do Mercosul (Cardoso assume PPT em 01/07/2002, sucedendo Duhalde).",Comercio/Integración Económica,Verificada-URL,NA,NA,NA,NA,NA,NA,NA,NA,NA
BRA-LU-J253,359,Luiz Inácio Lula da Silva,Brasil,Completed,2006-02-08,2006-02-09,2,Algeria,Africa,Argel,Bilateral,State Visit,NA,Abdelaziz Bouteflika,Jefe de Estado/Gobierno,"Visita de Estado à Argélia, início da gira africana; almoço oferecido pelo Presidente Bouteflika em 9/2/2006.",https://www.funag.gov.br/chdd/images/Resenhas/Novas/Resenha_N98_1Sem_2006.pdf,High,"Tanda 5 (2026-07-22). Confirma e detalha gira africana mencionada em paper academico da PUCSP (Vargem, 2008, revistas.pucsp.br/pontoevirgula), que so citava o mes/ano sem datas por pais. Fonte primaria: Resenha de Politica Externa do Brasil n.98 (1o semestre 2006, Itamaraty/FUNAG), que registra discurso do almoco oferecido por Bouteflika em Argel em 9/2/2006 e Comunicado Conjunto da Visita de Estado (9/2/2006). Data de chegada (8/2) conforme lista de viagens presidenciais (en.wikipedia.org/wiki/List_of_international_presidential_trips_made_by_Luiz_In%C3%A1cio_Lula_da_Silva, trip #47: Algiers 8-9 February).",NA,Verificada-URL,NA,NA,NA,NA,NA,NA,NA,NA,NA
BRA-LU-J253,360,Luiz Inácio Lula da Silva,Brasil,Completed,2006-02-10,2006-02-10,1,Benin,Africa,Cotonou,Bilateral,State Visit,NA,Mathieu Kérékou,Jefe de Estado/Gobierno,Primeira visita de um presidente brasileiro ao Benin; Lula formaliza abertura da embaixada brasileira em Cotonou (inaugurada em março de 2006).,https://www.funag.gov.br/chdd/images/Resenhas/Novas/Resenha_N98_1Sem_2006.pdf,High,"Tanda 5 (2026-07-22). Fonte primaria: Resenha de Politica Externa do Brasil n.98 (Itamaraty/FUNAG), que registra discurso do Presidente Lula na visita a casa do Sr. Chacha de Souza, em Ouidah, Benim, em 10/2/2006, e Comunicado Conjunto da Visita de Estado ao Benin datado de 10/2/2006. Corroborado por pt.wikipedia.org/wiki/Embaixada_do_Benim_em_Bras%C3%ADlia ('Em fevereiro de 2006, o presidente ... Lula ... visitou o Benim na companhia do ministro Celso Amorim'). Cidade principal registrada como Cotonou (capital administrativa/sede diplomatica); evento presidencial documentado especificamente ocorreu em Ouidah.",NA,Verificada-URL,NA,NA,NA,NA,NA,NA,NA,NA,NA
BRA-LU-J253,361,Luiz Inácio Lula da Silva,Brasil,Completed,2006-02-11,2006-02-11,1,Botswana,Africa,Gaborone,Bilateral,State Visit,NA,Festus Mogae,Jefe de Estado/Gobierno,Visita de Estado a Botsuana; almoço oferecido pelo Presidente Festus Mogae em Gaborone.,https://www.funag.gov.br/chdd/images/Resenhas/Novas/Resenha_N98_1Sem_2006.pdf,High,"Tanda 5 (2026-07-22). Fonte primaria: Resenha de Politica Externa do Brasil n.98 (Itamaraty/FUNAG), discurso do almoco oferecido por Festus Mogae em Gaborone em 11/2/2006, e Comunicado Conjunto da Visita de Estado a Botsuana datado de 11/2/2006. Corroborado pela lista de viagens presidenciais em ingles (en.wikipedia.org, trip #47: Botswana - Gaborone - 11 February - Met with President Festus Mogae).",NA,Verificada-URL,NA,NA,NA,NA,NA,NA,NA,NA,NA
BRA-LU-J253,362,Luiz Inácio Lula da Silva,Brasil,Completed,2006-02-11,2006-02-12,2,South Africa,Africa,Johannesburgo,Bilateral,Working Visit,NA,Thabo Mbeki,Jefe de Estado/Gobierno,Encontro com o Presidente Thabo Mbeki; encerramento da gira africana com artigo de Lula publicado na imprensa sul-africana.,https://www.funag.gov.br/chdd/images/Resenhas/Novas/Resenha_N98_1Sem_2006.pdf,Medium,"Tanda 5 (2026-07-22). Etapa com evidencia mais indireta que as demais desta gira: nao consta Comunicado Conjunto/discurso especifico na Resenha Itamaraty n.98 (que documenta Argelia, Benin e Botsuana com atos formais), mas a mesma Resenha lista artigo do Presidente Lula publicado no jornal sul-africano 'The Sunday Times' (Pretoria, 12.2.2006), indicando presenca/atuacao diplomatica no pais nessa janela. Data e cidade (Joanesburgo, 11-12 fev) conforme lista de viagens presidenciais em ingles (en.wikipedia.org/wiki/List_of_international_presidential_trips_made_by_Luiz_In%C3%A1cio_Lula_da_Silva, trip #47). NOTA: biografia oficial Itamaraty sobre relacoes Brasil-Africa do Sul nao lista visita de Chefe de Estado em fev/2006 (lista apenas nov/2003, out/2007, jun/2010), o que sugere etapa de menor formalidade (sem status de 'visita de Estado'). Mantida como Working Visit por essa razao.",NA,Verificada-URL,NA,NA,NA,NA,NA,NA,NA,NA,NA
BRA-LU3-J212,363,Luiz Inácio Lula da Silva,Brasil,Completed,2025-07-02,2025-07-03,2,Argentina,South America,Buenos Aires,Multilateral,Regional Summit,TRUE,LXVI Cumbre del MERCOSUR,NA,"Cumbre semestral MERCOSUR; Brasil asume presidencia pro tempore de Milei. Tras la cumbre, bilateral con ex-presidenta CFK (ver tramo separado).",https://www.gov.br/planalto/pt-br/acompanhe-o-planalto/noticias/2025/06/presidente-lula-participa-da-66a-cupula-do-mercosul-em-buenos-aires,High,"Fila agregada 2026-07-27 al detectar brecha de completitud (faltaba todo el tramo jul-2025 en el modulo Brasil, ya cargado en el modulo Uruguay como Trip 137).",Comercio/Integración Económica,Verificada-URL,NA,NA,NA,NA,NA,NA,NA,NA,NA
BRA-LU3-J212,364,Luiz Inácio Lula da Silva,Brasil,Completed,2025-07-03,2025-07-03,1,Argentina,South America,Buenos Aires,Bilateral,Working Visit,NA,"Cristina Fernández de Kirchner (ex-presidenta, prisión domiciliaria)",Ex-mandatario/Opositor,"Visita personal/política a la ex-presidenta CFK en su prisión domiciliaria, tras la Cumbre del MERCOSUR; mensaje de solidaridad ideológica.",https://www.infobae.com/america/america-latina/2025/07/03/lula-visito-a-la-ex-presidenta-argentina-cristina-fernandez-de-kirchner-en-su-casa-donde-cumple-prision-domiciliaria/,High,"Fila agregada 2026-07-27: caso motivador de la columna Counterpart_Type (ver CODEBOOK 5.8), identificado como brecha durante la revision de esa columna. Visita autorizada por el Tribunal Oral Federal 2; duro aprox. 45 min (12:45-13:30), sin apariciones publicas conjuntas.",NA,Verificada-URL,NA,NA,NA,NA,NA,NA,NA,NA,NA
